target_gene,n_pseudobulk_samples,ss_target,ss_guide_within_target,ss_batch_within_target,perturbation_quality
MED9,6,969650.8162360704,1.0131821349966407e-27,55430.592919756884,0.9459256675375618
MED30,35,4118134.0120411636,1.5417903885833876e-26,424257.82724758313,0.906600345752203
SUPT5H,42,4856191.177885455,8.267715592732575e-27,510086.13809912594,0.9049459973714502
SUPT6H,35,4650224.039714583,5.419264026068255e-27,491476.26599894854,0.9044136692578498
PNPT1,7,1035837.3029112421,5.7577596372680855e-27,111827.61318160951,0.9025607460735846
EIF2B3,4,169418.4168923481,0.0,18399.454228903247,0.9020356576343849
MED12,46,3959247.1593750124,2.0856804720451777e-26,491480.5051496585,0.8895729996991071
PDCD11,4,243971.2455186531,0.0,33476.68841919155,0.8793406462104304
HSPA9,46,6124509.434286711,2.903802857935936e-26,873914.0701992672,0.8751270097273922
POLRMT,19,3412710.8644467774,1.0395162434630167e-26,488367.7123296206,0.8748121313841424
MED14,4,126016.8467250627,0.0,20759.042376979967,0.8585664000812306
PHB2,46,3687841.6034870576,3.0146290531064406e-26,655436.3245590592,0.8490917838053444
INTS2,42,3342229.5799624883,1.6984090119527194e-26,630351.0805614642,0.841324535754467
PPRC1,6,306758.9829398355,3.812046045826169e-27,59733.65812367136,0.8370126670201802
MED19,48,2973345.3040402145,4.319374470148481e-26,599335.1604380938,0.8322449582611608
TMX2,6,212869.37737003266,2.6264132787883034e-27,43720.18935246344,0.8296104167019884
POLR3B,5,142822.52677683352,3.1222759294572908e-27,30014.92229730456,0.8263401684178424
MED7,36,2681985.3626344316,1.7460569280345845e-26,564272.5978790929,0.826177523553972
SEC61G,4,115860.66346701242,0.0,24719.47683783013,0.8241609605437374
TEFM,20,2209640.107038166,1.1412703783027072e-26,479927.72471261304,0.8215595386563636
PHB,33,3488047.4350580815,1.5350699603151925e-26,807031.5072990251,0.8121032190257877
TOMM40,5,359040.0646267011,3.8554405777270765e-27,85567.74696993869,0.8075433117950522
RPS10,4,147973.8891861534,0.0,37114.27166178613,0.7994778731834846
MED1,25,1847479.6570230024,2.586142182997053e-26,465059.23245588696,0.7988966868528278
MED22,36,2547203.688677185,2.3510645992000545e-26,666235.223701731,0.7926721988909646
MYBL2,4,919257.6247559125,0.0,240816.72482093354,0.7924126803521042
SSBP1,4,435160.4111587907,0.0,117903.89623684942,0.7868170217093658
MED17,14,961189.2759331324,4.9094655066008954e-27,261257.5805871508,0.786283077097662
MED6,31,1851090.5302776457,3.030405104441797e-26,507530.3195832577,0.7848190311667987
MVD,6,465831.45006044785,7.355711984453843e-27,128046.3582934724,0.7843893870215749
RPS13,12,936624.3340802091,5.071164933862903e-27,262418.1451560192,0.7811435793974743
PUF60,4,103030.00910907758,0.0,30404.399481960194,0.7721397366465913
TIMM23B,44,2358878.9281717096,2.7617875306468275e-26,707413.7942907448,0.7692934568482293
MCM2,7,731238.7608040038,1.8745564965217076e-26,221824.70325997865,0.7672508582858792
POLD1,19,4575178.6912973495,5.78509386368425e-26,1392953.1288599153,0.7666014808595145
POLR2G,11,532931.3312378284,1.3366145325894814e-26,163137.6147148688,0.7656300921576307
DTYMK,5,389477.8827339953,9.526135311138091e-27,120554.22585068748,0.7636340461285461
TOP1,4,156172.03842835114,0.0,51178.553903674314,0.7531786462335089
RPS18,7,470384.32687465136,3.603571306301261e-27,154345.8767487853,0.752939947750919
TAF8,4,158306.93284495216,0.0,52097.97631992024,0.7523918214327571
DNAJC19,46,2534755.456191978,3.0099322184332854e-26,835882.9906784373,0.7520104858904277
INTS8,41,1757300.0660873982,2.0751588691867457e-26,584092.3217311845,0.7505363369377959
TWISTNB,15,986382.6420395599,5.694548997565757e-27,350833.2535252665,0.737639034437982
TBCE,6,463806.5891694472,8.796658170315392e-27,170143.95678384183,0.7316132025282955
CMTR1,7,309097.57479328825,5.014255917822609e-27,116512.18714906601,0.7262464408303522
PRELID3B,33,1813028.3048408038,2.883534916687876e-26,688811.6932739265,0.7246779595046116
RPS6,15,1033228.9553245674,8.062688651847724e-27,392635.3803640496,0.7246334237159894
AQR,4,370524.6655951774,0.0,143741.20061208084,0.720492433860756
AHCY,6,173189.30117431073,8.25348615797225e-27,69639.36899272022,0.7132160343965216
DNAJA3,9,729515.1953613097,6.345303192589473e-27,293964.0503585971,0.7127796664290684
ATL2,4,85525.56705766146,0.0,34497.59472512268,0.7125755211518603
POLR1B,14,528647.7823388858,9.727819909969768e-27,214414.67916863976,0.7114446089314819
CENPC,4,100143.40109884882,0.0,40770.604031010786,0.7106703198632488
CTR9,24,1122821.513716554,9.336288380814457e-27,457888.9557370569,0.7103271189850909
RPL36,22,1214315.5452687892,3.55214917847726e-26,496431.29085923854,0.7098160403541516
RPL23A,4,313793.5726503563,0.0,131308.90900084694,0.7049917391749235
LETM1,7,207245.2193216666,6.195461147888712e-27,88556.01442875924,0.7006232418101543
PAF1,31,2061048.364471667,1.8461209486337839e-26,894329.3332707621,0.6973891580917296
TAF2,9,461399.7417877631,1.2630977095741594e-26,204868.99052552858,0.6925129747358526
RAD51,27,3915500.5567080667,6.332105523859063e-26,1760301.637135912,0.689858529769563
MT2A,4,115141.2265757606,0.0,51977.23042463889,0.6889797132071735
RPL36A,4,188365.1437685101,0.0,86136.66803768385,0.6862072877737552
RPS10-NUDT3,11,358147.9789958061,9.244787337437635e-27,163983.8161913507,0.6859340540014977
CRKL,4,231033.00696187041,0.0,106433.48013513212,0.6846102229269998
RPL14,23,1281307.1405324356,2.2653997163840364e-26,592311.6766558017,0.6838675662188902
MRPL22,4,58741.420593689996,0.0,27525.298795006704,0.6809279524009201
TAF6,5,160287.33560393378,2.663802884703116e-27,75132.4896414738,0.6808574232728539
NCBP2,48,1480771.1502606825,4.7314785759931685e-26,706571.5838279676,0.6769726239896472
NOL6,6,276707.22316009406,2.4323990363224113e-27,132064.1631946734,0.676924149773887
LONP1,7,436804.89416457067,9.455979859308694e-27,210637.13051597888,0.6746625605282449
RPL17,11,906644.7937177124,9.840007905630599e-27,437600.9483711171,0.6744635785930576
RPL23,44,2251030.827978445,4.180182602794324e-26,1086900.8078534252,0.6743789488718661
WDR33,4,91962.74973056589,0.0,45233.784224787436,0.6702993660211019
NFATC2IP,5,233620.43336880227,9.091923128856165e-27,116553.60906304028,0.6671552001581439
MED10,47,1584160.1738334121,3.671721120904684e-26,792261.2683198275,0.6666158391493171
FASTKD5,15,816370.9351514861,1.718231664246082e-26,410427.28647396446,0.6654484174828951
GTF2A1,5,148507.10093039088,4.112169434689263e-27,77091.5090437183,0.6582802125750434
PNO1,11,339282.9632533239,5.8685099665574094e-27,177731.56216789767,0.6562348765286693
PSMC4,20,895991.2147454014,1.5167309038879326e-26,472769.3780828079,0.6546003877084556
MED11,27,1063854.327847907,2.355750019758098e-26,567080.7018445835,0.652297184424627
OR1D2,6,99815.07582949288,6.621822139300559e-27,53437.081815564314,0.6513126951247997
HEATR1,27,1099278.324587575,2.2787162625762075e-26,594529.4307456058,0.6489982827899741
WDR18,4,81767.83526483501,0.0,44229.65789867706,0.648963985011365
MCM3,6,118237.03748651237,9.832539207303022e-27,64514.23908852531,0.6469833738095079
RPL26L1,8,499565.8445048103,0.0,273713.80178971833,0.646035165801499
POLR1C,6,153468.51599060162,5.33706409321514e-27,84818.12520051606,0.6440500198561793
GINS2,12,745021.4670389338,1.421227655744984e-26,413660.4113545189,0.6429905230518739
RPL31,35,1919116.1655746086,1.71600081316283e-26,1076834.8887744641,0.6405699328060528
POLR2I,25,904296.4621976367,1.1140330880238327e-26,507884.3415503541,0.6403545918465918
CCDC144A,4,92630.18752737073,0.0,52444.44644730886,0.6385002325322966
SPTSSA,5,183088.85441720003,9.980432901254238e-27,104185.37839210415,0.6373312796861126
RPL6,31,1695200.8815678933,2.9826194216476016e-26,973462.2473142508,0.6352247547550084
MRPL33,12,455907.5686358208,2.0597971789255755e-26,263432.6250093401,0.6337857562575084
INO80B,7,139750.31375166724,7.862275275571456e-27,81349.0288876001,0.6320702363175978
EIF2S1,22,1115884.515256985,1.6820369620143967e-26,651285.660612577,0.6314527771542419
DDX47,33,1124297.9425795642,4.380566375974512e-26,662432.6044503276,0.6292487384001472
UQCRFS1,6,570911.5438984081,1.1461568028192409e-26,337864.43689817376,0.6282203270799248
ADAT3,4,115465.06975319676,0.0,69861.33910647754,0.6230362443413273
RPL18,34,1328621.2972243193,2.868522667254894e-26,808814.472746575,0.621595893495509
POLA2,26,2781199.74374367,5.032581416058842e-26,1713171.3475614,0.6188184480636798
TRMT6,4,68687.74611110444,0.0,42690.79131260243,0.6167054057264383
MAX,16,762786.1667539808,0.0,475827.87459508853,0.6158384624181816
RPL19,29,1276573.7354090875,2.435890177335939e-26,817926.5765053247,0.6094884436862534
RFC1,13,1212911.9225416773,1.6401432526290823e-26,789818.2181242773,0.6056292347696709
POLR2C,20,695727.8179036116,9.183778095789735e-27,454289.84775663126,0.6049714179861607
PRPF40A,7,216706.8798579343,4.339317546730037e-27,141838.30898421828,0.6044060458815367
RPS4X,12,536401.1863139175,8.353416946185069e-27,351473.7679910998,0.6041404633761571
U2AF2,4,54967.337472235275,0.0,36024.871341305814,0.6040883960172122
GPN3,37,1275695.7413665173,3.301410987440095e-26,852676.8724562803,0.5993761304207085
RPS19,44,1592815.3554055905,2.9241343264716736e-26,1073718.0375941554,0.5973356116923536
RFC3,25,2725627.045162272,5.177975972773373e-26,1840517.6620803617,0.5969208642991521
DDX18,7,264716.70711536094,6.503873719170679e-27,179762.62060502797,0.5955658466120786
RPS3,32,1204899.7639409783,0.0,819436.9251370541,0.5952071957406156
GAB2,48,1043161.4331263304,4.579985909669642e-26,709462.2482554958,0.5951998961373542
PRIM2,12,1233360.6851786608,2.4449248390084797e-26,840434.3685530451,0.5947360530922671
BRCA1,4,155091.39797284073,0.0,107006.4807582391,0.5917308401109538
TSR2,46,1516781.980360197,3.004625109235985e-26,1047563.8519954567,0.5914888550608847
IFITM2,9,128290.44042049411,1.7975200489799995e-26,88955.11330378892,0.5905319497738204
SUGT1,6,185964.72951188096,1.0364955185783896e-26,129373.89329791228,0.5897302647384607
RACGAP1,15,6097715.104669263,7.582770297557692e-26,4248072.656372377,0.5893910879972788
RNF20,8,410399.82794978283,0.0,288543.2625395497,0.5871720223494311
NUP85,4,44185.15676094804,0.0,31262.02072223688,0.5856436017211603
PRIM1,15,904876.9635047559,2.0262192567771305e-26,645159.1868495622,0.583777974015582
TSEN2,16,595577.5758669609,0.0,424866.726944452,0.5836453535250213
FBL,6,174997.85379348943,5.74893888098876e-27,125023.61091481944,0.5832844458766586
DONSON,47,1881431.9940104808,1.157747441199114e-25,1348512.6195022261,0.5824966738251096
POLR2B,38,1136247.3323628244,4.5178788363986475e-26,814939.0071595821,0.582336658138425
UTP15,12,385077.63657506986,7.194769254278843e-27,276806.12478627684,0.5817904276470711
CHMP3,5,437500.84698439715,8.835087592226947e-27,317374.45703424345,0.5795670419410007
CYP4F11,6,184058.0547642131,9.466371042365606e-27,133967.449322755,0.5787524975163001
MRPS25,4,62362.231979365846,0.0,45552.379027165945,0.5778849721803772
POLR3H,4,27634.57783643902,0.0,20297.781062669284,0.5765328156414415
DMAP1,4,435006.26125676587,0.0,319617.99511259166,0.5764541194973837
TFDP1,14,979874.8329659147,2.873684906597746e-26,720873.0026961257,0.5761435131178541
GINS1,17,1718381.5591972847,3.056670419390278e-26,1266075.1520936312,0.5757770091609086
AAMP,6,108265.36087496084,8.370847132784712e-27,79999.4067730876,0.5750696863119791
RPL24,46,1700428.7651318721,7.864988107804141e-26,1257364.7080036069,0.5748977339277487
STARD7,6,188044.23752490975,4.403187861344935e-27,139602.5037028788,0.5739237229103905
MEPCE,4,54072.35764949185,0.0,41792.880144765135,0.5640455173703348
RPS7,32,1136033.1385144095,0.0,887742.6366582199,0.5613433822319102
CASP8AP2,25,1828288.7045603837,3.3698011811938927e-26,1431836.3308979906,0.5608032467083969
RPAP2,44,1362277.1751507823,4.042919861799052e-26,1078889.5719461371,0.5580434752238156
RPL15,13,540978.2255625242,6.729107818322355e-27,429182.47892043367,0.5576171278250605
NEDD1,6,305222.4697277777,1.0115160675697663e-26,243817.59638716592,0.555920211593225
CEBPZ,4,107554.73826117796,0.0,87809.44797992043,0.550534569977145
EIF3A,42,1354468.2264903958,4.317055659480246e-26,1106040.6298035837,0.5504829714494492
RPP30,4,49323.77046456661,0.0,40442.7133918857,0.5494675556574257
CDK1,37,2801000.905557931,6.924028211259599e-26,2302451.8744247505,0.5488442876446946
CTDP1,5,82563.42715116672,4.037108368629575e-27,68388.44048010484,0.5469520082576487
OR4N2,4,131038.02208039259,0.0,108745.29824111558,0.5464851429394386
SFPQ,32,753359.5219988597,0.0,627234.8160544515,0.5456776847724324
SPDYE2,6,95752.57343477127,14763.786048817814,65684.79146643156,0.5434276275637464
RFC5,7,475337.7690242516,1.861262740490576e-26,400959.4222250476,0.5424389964625848
CNOT1,32,1730505.85042656,0.0,1465168.6160534315,0.5415150599906684
NACA,40,969252.1471472532,1.2959924519365507e-26,821414.5738215107,0.5412800359761423
RPL26,22,846658.0217124171,2.0374925076175608e-26,738148.7770305541,0.5342342185709733
ATF5,4,115376.45765812913,0.0,101094.09057211067,0.5329891692028876
XPO1,20,659248.8877949227,2.528814957869657e-26,579510.0134046439,0.5321849854370623
POLE,14,831417.9231817002,3.065711576435519e-26,733065.8516384866,0.531432755368306
CDK9,6,76958.358212984,8.247621637093927e-27,68723.88480266406,0.5282617608016766
DOHH,11,262188.4199565159,7.16380374419358e-27,235733.10835373861,0.526565743895987
RPL38,14,618358.0235463879,1.0312411409616683e-26,557923.2995136067,0.525688890424429
SRRT,34,979248.0161616122,2.5596469833978456e-26,887066.4760560419,0.5246961432518362
TRAPPC1,4,77070.3758822343,0.0,69903.65860085246,0.5243808959405226
SMC4,32,3722045.2150313132,371434.8076845013,3022827.6217676965,0.5230303973601542
RPL4,39,1118845.425937219,3.3702948667029825e-26,1025201.2954112615,0.5218381739524457
WDR43,5,119479.5409306954,2.843699012649772e-27,109687.65477336083,0.5213640659328477
RPL34,36,1256922.8478892976,3.163838623791204e-26,1163345.8490011257,0.5193319442193342
RPL9,28,847796.9235357472,2.4349329935275138e-26,785132.7018632862,0.5191876675815554
HDAC7,12,1140652.5098615473,2.948144658022058e-26,1060253.8879783945,0.5182648889480396
RPS24,29,917504.3024517421,4.3238417519958263e-26,864701.663816174,0.5148138429662372
WDR75,12,286956.34134045837,1.1130141846932566e-26,271626.7917366205,0.5137218156941041
PPAN,5,69646.68856290952,4.360585963567001e-27,67229.5051219304,0.508829816843624
COX5B,6,57369.134055235925,7.963027811806176e-27,56152.45161963447,0.5053588153670002
MRPL55,14,436097.5010207854,2.799965399230082e-26,427414.32929147204,0.5050278244168198
RPS23,6,199257.1082119403,5.39933164721074e-27,195405.48973137216,0.5048796345291394
RPL8,40,1135309.1453748657,2.0188842089015333e-26,1115064.5519527134,0.5044980514672281
EIF3D,21,960241.8751852056,2.6533756327041044e-26,947113.2073886992,0.5034415898529995
EXOSC2,23,455126.50027482584,1.6773012777802381e-26,452256.5608955987,0.5015814375989812
PSMD13,6,105856.08193996995,5.238883322311146e-27,105267.09890821073,0.5013948800633664
TRMT10C,5,204630.66608439453,6.0055217179549185e-27,203649.11431377166,0.5012020577772253
NKAP,5,91661.39559101508,4.591765494072257e-27,91695.5308139981,0.4999069159162615
GTF2H4,5,141614.54151121716,4.6244306140800256e-27,141677.10009890058,0.49988958624524205
KIF23,4,290037.3625037556,0.0,291315.47688681213,0.49890074125689626
ELP3,7,148562.7672818186,1.2057009507532532e-26,149697.37109920548,0.49809796269869383
MRPS21,6,89930.62628438752,5.4958773417093105e-27,90819.28738544331,0.49754173851867206
RPS11,31,809085.2322540836,1.890348970481905e-26,820273.5403538698,0.49656665300243297
RPUSD4,5,87351.12982248716,4.275124728955462e-27,88894.07417690428,0.4956227337839433
MCM10,20,1456672.048898896,3.1301946696834814e-26,1486500.3316354908,0.49493263069912696
UBA1,25,1255498.638354704,4.697752989200817e-26,1281612.9809559234,0.4948535290283532
PSMC1,39,1389427.4555341937,4.290083533006577e-26,1418840.296050603,0.4947631701963228
IARS2,23,586671.0726193605,1.4686621526631246e-26,599877.6039001296,0.4944348969654124
RNMT,4,130753.94796491537,0.0,134241.82509517932,0.49341899478246964
CDC73,13,394602.918574146,9.107573566186796e-27,406594.21318846144,0.49251663907736726
ESPL1,4,392660.4163789668,0.0,407364.35571893275,0.4908103224720105
HSPA5,45,1033704.2531196539,3.320071662076653e-26,1075890.4451453616,0.49000135143011053
TBP,10,147204.51258141987,7.083755211490147e-27,154271.11944412216,0.48827997006719337
RPL30,39,1052059.924910016,5.552217988832223e-26,1110160.430510929,0.4865646196847494
RPL27A,18,873832.6624619628,1.5231894336147116e-26,927171.6223564311,0.4851918842325667
ANKRD11,30,1594523.9454661347,5.954748998992725e-26,1701185.6630549526,0.4838180953028988
RPS27,11,253875.24783162295,1.5702621276551404e-26,272853.50556521345,0.48198479045314974
SLU7,26,762673.4992580628,1.1159553094178897e-26,821342.935389363,0.48148079942606187
TRA2B,23,613216.6585356689,2.261586462546023e-26,662027.1983530951,0.4808622721239723
BCR,47,1016360.6193670566,4.7376821920978307e-26,1097712.3497306877,0.4807594790830823
SRP19,6,166759.09015329066,9.32068725753155e-27,182194.20661027936,0.47788369303264294
RPS15A,39,711643.6328710256,2.668449753411174e-26,783597.2755016554,0.47593911381513115
RNF103,6,79297.92774979917,9.38270213754315e-27,87378.3638387825,0.4757600915764048
DDX56,16,441846.0912667408,0.0,487367.25170707575,0.47550553875246193
LARS2,11,318821.35818494903,1.9936305169915803e-26,352969.9255544555,0.4745839457908529
RPL35A,7,163045.18476074556,8.29531394299743e-27,181401.10442253764,0.4733544528737473
N6AMT1,6,124841.08438465928,5.0313301855469085e-27,139750.8586900547,0.47182496539362634
SGPP1,11,249792.04503972147,1.1118154163818362e-26,280331.46902209637,0.47119593531290355
DDX51,6,77981.64476830007,5.9279481892146925e-27,88410.02602065813,0.4686631512175125
RBM14,26,1048762.1669180114,4.556909033057061e-26,1195199.9528187294,0.46737070902117145
NBPF3,5,47682.4330808863,5.297721412978318e-27,54417.4840442791,0.46701735342676026
HMGA1,4,127447.18890714225,0.0,146092.0394315417,0.4659192382795746
LSG1,4,66226.1840488198,0.0,76152.6249617752,0.4651407362446165
NSMCE2,5,154913.27283952996,7.267659915856271e-27,179122.63964308955,0.46376232929023875
CSH2,4,55002.33670367951,0.0,64016.22103007605,0.46213244178878143
POLR1A,6,102308.79345503263,6.78501983351697e-27,119507.49072778992,0.46123211301614353
RPL7,35,1177662.2244714424,3.8427638461447454e-26,1378813.3072784718,0.4606585159316309
SMU1,9,372887.32480856444,6.630707831708909e-27,440801.465399147,0.45826774228188266
TRRAP,43,1363121.8880042243,2.4861034965251522e-26,1612615.7305373035,0.4580786556955648
RBMX,10,373159.6612351553,1.5664197683787818e-26,442392.1393290703,0.4575548248155313
RPL21,29,630435.3105624856,2.084985150905412e-26,751214.1822415253,0.4562917830071638
CLSPN,7,289904.36045597744,1.2906611644913672e-26,346120.92447998223,0.4558063450027265
EIF3E,26,1646860.202033203,5.0466149344139133e-26,1967301.1909574207,0.4556686940508956
TICRR,13,706107.5435583565,1.95142230313271e-26,847447.7928255787,0.45451071295722023
TACC3,5,91165.99504273673,6.720353275380037e-27,111251.84087141897,0.45038518780232256
U2SURP,38,947585.979068025,5.457339297707896e-26,1176414.525383914,0.44613265254969087
GSPT1,5,54352.44907265194,5.218460748341333e-27,67531.06858025295,0.4459376470199582
MRPS35,21,368215.59461908403,2.1552032534019253e-26,460389.0213015726,0.44438033236148744
TUBGCP2,25,842971.1740268432,3.560793463226056e-26,1057853.1789792285,0.44347662775559493
YARS2,18,356513.8147525117,3.942920355439204e-26,455264.323121417,0.43917641793881274
SKP2,19,591074.4165660482,2.3333186023002012e-26,757724.5268175962,0.43822277550370714
POLR3D,6,108723.8352195993,5.9608063415696684e-27,141509.4392817354,0.4344899192014505
MRPL39,11,247933.69023784483,2.0689724382416516e-26,323595.76253381604,0.433807372543056
RPL5,20,563300.6338434683,2.4914597150388895e-26,740513.0633749757,0.43204073944399707
CSNK1A1,13,154222.36514312692,2.1314257607477543e-26,203180.59417403725,0.43150836086465627
DDX10,6,98280.33684660953,3.842831434134092e-27,129938.11712325842,0.4306414978150086
SRCAP,16,157470.50063470175,0.0,208683.37191020066,0.4300664623324194
DHX15,40,935177.1773399243,6.918195994337148e-26,1246541.5546078703,0.4286424109788969
FBXO5,39,1334479.783093711,4.382564278066826e-26,1779826.885444702,0.42849979951396394
LTV1,41,697971.1393523217,4.769234624994719e-26,931298.4147372271,0.42839512811147723
CTU2,4,186938.70863367274,0.0,249568.0465388131,0.42826074606750086
PPIH,4,66350.35789010902,0.0,88627.96703953641,0.42812669397626857
NOP10,9,124693.73951154632,8.918496703544375e-27,166966.87023906107,0.42753027094803514
ZNF236,4,69739.78965039132,0.0,93481.44860275924,0.4272715389049267
SEC61A1,7,81705.77220041321,14764.988300507552,94993.33635126744,0.4267420030372102
HARS,36,639843.9238438826,2.3395683120288448e-26,861654.2098119194,0.4261370090990457
TPX2,41,1440396.005464069,5.627725444532279e-26,1940716.5646394899,0.42601243691213503
RPS9,32,626096.137533627,0.0,844780.3357400628,0.42566194300473226
ATP6AP2,12,301150.47858324467,1.2074555230726855e-26,409762.6726152933,0.4236107857556595
POLR2E,11,151410.77966971422,6.91210800093166e-27,206164.87815106136,0.4234370443236505
MTBP,19,688653.0686947601,2.682480550009429e-26,947819.674740136,0.42081548345822284
RNF40,20,582754.9816470795,2.296606727694866e-26,802314.0576180845,0.42074074658130756
CHCHD4,13,199895.2117663469,7.447465831762847e-27,277401.2852461162,0.41880720478266414
DTL,9,329187.60032127163,2.3230195985544078e-26,457561.35288088897,0.4184150471143806
RNASEH2C,4,31922.090217293124,0.0,44400.65920333899,0.4182513137906391
BNIP1,4,85118.37642466303,0.0,118643.66181963986,0.41773422153644413
SNRPD1,10,170154.33008131076,7.773575417284526e-27,237600.47554174392,0.41729570745662387
MRPL19,18,796024.2383813645,3.1480308788946946e-26,1111799.2861955184,0.4172420709394003
DHX36,29,934581.0570161745,2.0187308633168902e-26,1310817.9438635183,0.41622048315245014
AP2S1,4,57101.006090736904,0.0,80446.15666160804,0.4151376513199901
WDR5,4,124424.65939956487,0.0,175637.56725403637,0.41466285439254424
ABCB7,19,539069.5434488843,2.985463358149305e-26,763472.6178818102,0.41385957357277686
NIFK,25,493494.65219661535,2.1486952537509977e-26,699674.3760520831,0.4135999514846221
USP9X,6,68902.82399460062,4.7201849122668515e-27,97954.97281314625,0.4129433883991066
ILF3,5,22951.7128605783,5.6372909951954506e-27,32846.906877801164,0.4113311936422619
METTL14,5,74081.30645915683,5.6645704784105075e-27,106296.2772526165,0.410701290785289
MRPL53,12,450831.1710617116,2.0432475989665632e-26,650226.9245127054,0.40945266455401247
SRRM1,15,203678.7126610183,2.590393789065579e-26,294046.36510646634,0.40921930953249674
RPL10A,31,624687.0204100972,2.8329013514943586e-26,902976.472792112,0.4089166385069925
HJURP,6,181315.70469886228,1.0768316640979596e-26,264176.287239769,0.4070010414998423
MRPL35,16,514945.9691881989,0.0,751011.4568191473,0.40676404957176715
PSMC2,43,768711.1877410844,3.577131057033036e-26,1125742.9732867656,0.40576922026132023
NDUFB6,16,302828.08627648477,0.0,445972.7192857527,0.40441741518841734
PSMD6,47,923023.4632466037,3.822818586564221e-26,1360776.13858387,0.4041613206810252
YJEFN3,4,165440.4501526056,41012.16587607522,203191.30958925566,0.4038640385135536
C1QBP,25,548758.6449500152,4.577646769594958e-26,810380.2770090083,0.40375463912037074
KAT8,19,541049.2010546136,42641.01033689181,766008.3709077941,0.400866688422315
RUVBL1,21,302910.4203558021,1.6652149844872164e-26,454328.1876816715,0.40001977862810173
POLR2F,42,637678.9343513076,2.2446646704162994e-26,956861.6121689553,0.39991390356482487
NOL11,31,503504.69087496167,3.260501986349243e-26,757234.6058984819,0.3993725682728855
KANSL2,12,158676.56444656043,1.2362792817166713e-26,238933.60677875395,0.3990757176999955
RANGAP1,6,154739.38572868166,8.134254242527667e-27,233027.60702632295,0.39905249446140373
CCDC78,8,126443.016294158,0.0,191193.1133332659,0.3980750440526751
DDX24,35,644200.0181994338,2.9743162025905204e-26,974501.3356830062,0.3979733609626792
TOE1,7,88477.99220754128,8.121448371495991e-27,133959.65922498459,0.3977653586869494
NDUFAB1,10,100867.41159113354,7.721996199108707e-27,153050.58405790318,0.3972440446109681
RPL37A,41,834214.5463197716,3.147249904248526e-26,1267555.1474019538,0.3969105410605571
GTF2H1,46,713955.7727362701,3.9236509195329574e-26,1084926.1096048171,0.3968886338479985
KRR1,45,661159.5714963054,8.11178406552832e-26,1009555.4637705595,0.3957344954345836
BARD1,7,129439.62419256118,1.5194282550291946e-26,197654.72300957,0.39572565316322234
GFM1,33,765147.8979280673,6.432159635670482e-26,1170546.355714744,0.3952834475217996
RPL11,43,821883.2169506142,3.8531321786987055e-26,1257829.319188035,0.3951907788547471
MRPS34,10,172170.71448858734,7.480687303857373e-27,263739.6341681123,0.39496817411916973
EIF4E,43,671648.6126050346,5.485968324371743e-26,1035770.6944054242,0.3933706324201243
POLA1,27,1216597.976659226,5.325779552166466e-26,1885634.5534273991,0.39216853181062294
NOP16,10,226316.69581019517,7.404439137913386e-27,350995.8786032306,0.3920176102870141
OXA1L,39,483487.2240975142,4.540541055710759e-26,750706.5144343048,0.3917433778854399
ACTR10,5,128983.52077684185,8.112249346984728e-27,200320.97105846388,0.39168466867239116
SNW1,8,140827.33073551138,9372.01529588921,209706.7691699451,0.39128907453191514
RPL13,38,658483.9388082718,5.1256944914800345e-26,1036208.1346314728,0.3885566877478432
RPS14,14,192639.60691482094,1.6115868014850742e-26,304669.927308781,0.38736359079777
TTI1,11,124297.76885049314,1.9306266955169933e-26,196885.0163554348,0.38700009644289934
RPL32,23,353390.4067381233,2.1358142294775824e-26,560719.8759896375,0.38659493653608706
TMA16,12,200895.72201973986,1.9583442188407497e-26,321229.7810498917,0.38476519694719463
MARS2,4,34145.40575950724,0.0,54905.650785537866,0.3834362789647005
SRSF1,15,394948.5740132832,3.3540267379693366e-26,637265.2617328867,0.3826228251705051
WDTC1,5,36865.20154482092,3.176916343464756e-27,59736.90529611579,0.3816190220936123
RRP12,22,447524.59577674954,1.4511477803851562e-26,730380.949642587,0.37993249757341957
PTBP1,15,524592.1033650095,3.3983882385298025e-26,856974.880341873,0.3797080485793576
FXN,11,153571.9643685038,1.9900920094064483e-26,251533.47060332706,0.37909134539057093
SSRP1,45,564146.828908975,1.9222733483297483e-26,926332.6178044156,0.37850024041120284
TRMT112,19,200343.7597913021,2.0370050082706017e-26,329202.3648898268,0.3783310847793305
QRSL1,6,95327.61416959694,8.82969035852732e-27,157298.7627459,0.3773462428330825
VARS,22,318352.9769301604,2.7342205533638985e-26,526613.6745027534,0.37676395440020044
PSMD7,41,851722.0801698741,4.4723345261346626e-26,1411295.041024829,0.37636572529342105
COG4,5,68410.29328297611,7.42252183379116e-27,113546.21881131247,0.3759705684373988
EXOC4,4,12757.782399750064,0.0,21178.68560863567,0.37593135492466695
RPA3,23,906192.3786659985,2.631674947168838e-26,1506301.278500564,0.3756247714782835
MRPS26,7,120875.74942868398,7.901453398851173e-27,201132.57641682966,0.37538082008064355
TEX10,14,191516.35395741832,1.7895196724716288e-26,318858.0127536302,0.3752468118483044
U2AF1,8,99161.26229994465,0.0,165096.255744492,0.37524481056871967
TRPM7,6,47185.3776406981,8.767677681298091e-27,78886.01099246216,0.3742750686914147
CHMP6,48,788789.0763100534,4.952250729652214e-26,1322869.313728482,0.3735400953255791
RPS28,38,470328.93029433704,5.475316941076025e-26,790511.2017490263,0.3730282042435506
EIF5,4,24394.724133041305,0.0,41026.58657729003,0.37288650851180344
HBS1L,8,169127.84129094056,0.0,284510.24771746073,0.37282548663546716
MRPS10,8,104564.81020978626,0.0,176950.4330171401,0.371435695670297
RGP1,8,82000.83579106137,0.0,138902.2807576082,0.37120723814231416
LSM6,47,731667.8751872396,6.125025155331281e-26,1242284.3865558198,0.3706613829359555
SUGP1,10,201975.11895349258,1.0134979253160325e-26,344026.64366125816,0.36991660610444344
SMAGP,4,40342.720539078146,0.0,69249.50562798898,0.3681166260604831
COX7B,4,14648.684569649356,0.0,25197.977441767292,0.3676263915269062
HIRA,29,492062.0215495969,18152.65939430231,828887.4156096512,0.36745668819130206
OGFOD1,4,43443.43687395298,0.0,75553.554353733,0.36508012871375345
CIAPIN1,8,160555.34449057066,0.0,279258.59481070377,0.3650528783731649
RPLP0,18,533867.7221382741,2.3722989041086632e-26,929021.2615005546,0.364940694823142
HAUS4,20,502110.1002412635,3.5303424499639574e-26,874505.4999506538,0.3647424162353406
MRPL4,7,115609.41022594296,5.268671916916679e-27,201439.88710389144,0.36464174877407646
MRPL51,5,69500.11866360983,8.066722597178148e-27,121121.37752743336,0.36459748796618385
SAP130,5,97978.86073270619,5.4202727096080635e-27,170936.88614142535,0.36434779990242105
DNTTIP2,31,643240.1888799656,2.649548745670424e-26,1128942.170773904,0.36296501055658786
PSMA3,41,745047.8230445433,6.100211550864424e-26,1308002.688290378,0.36289795060137275
ADSL,5,86185.80038506712,9.304879596894478e-27,152477.14537005278,0.361119318763031
NFRKB,23,286522.49919105286,1.4980541920976348e-26,509567.98648081993,0.3599119752690397
COQ5,5,76284.16475917504,8.38119118294787e-27,135787.65567732955,0.35970910516145127
WDR83OS,4,44967.74314069038,0.0,80075.17685654508,0.3596184665368064
MRPS2,6,100679.66912604657,5.21472742623075e-27,179567.83761024757,0.35925268452355447
SNRPE,16,193268.6004576489,0.0,346245.225688948,0.3582273355959072
MASTL,4,83262.44930502462,0.0,149400.3607169543,0.3578674619169221
RPS12,44,832182.934637164,8.456834955198121e-26,1493291.674110296,0.35785509396956683
PRPF3,9,88966.07972489088,8.97592201225142e-27,159845.13550798115,0.35756458824263243
QARS,46,532822.4820982296,4.3288171128447606e-26,958204.0874003858,0.357352774925668
SDAD1,23,340969.9441039647,1.8926972021645252e-26,617892.6615143387,0.3555983329687751
MRPS23,7,99024.19113649416,6.4302891016148855e-27,179950.98214892845,0.3549570019808946
MFAP1,16,314317.9784528682,0.0,574048.9316617635,0.35381549546043956
RIOK1,33,390272.15375980735,2.992407193536107e-26,715891.7375633221,0.3528158501838153
GGPS1,12,154123.59239215738,1.3101872016357483e-26,284145.6119083043,0.3516642074775935
SETDB1,6,59449.41580378823,4.875363146540747e-27,110135.13157722338,0.35055915601921633
THOC3,7,135653.70965389544,1.0645514497362611e-26,251501.25385843188,0.35038607906050034
CDC6,20,504404.6730507583,3.5003878746117523e-26,948866.9594681711,0.3470821708509391
RPL10,34,575024.6907031895,2.4681849166434033e-26,1084605.1837352645,0.34647766924402507
EIF3H,41,711636.9970826055,4.250452097493974e-26,1342919.8346423008,0.3463700716836095
ORC1,48,1065892.9221221588,4.9997425077872276e-26,2022113.0352086578,0.3451719125061164
MRPL36,12,189873.85269987307,9.727503544164163e-27,360215.54333770386,0.34516908354819964
NUDC,5,59430.47277824426,2.5401225525694844e-27,115079.02542524897,0.34055723837417246
DMRTA2,6,69895.21117782968,9.418671575556507e-27,135454.7679442896,0.3403711628149901
RPS3A,11,136606.55502292333,1.6691941163246453e-26,266708.8703497893,0.33870897671886024
RPS17,23,343366.2804439004,2.883855946759453e-26,670531.1088226112,0.33865979346519814
EIF2B2,37,439066.8403925927,3.0145867198783964e-26,859290.4049382837,0.3381710557487588
CWC15,14,310947.013538939,1.8324663211673024e-26,612862.513518662,0.33659212687417
KIF14,4,152115.32488767337,0.0,300000.2051041265,0.33645233308051226
DHODH,10,180507.94085078486,23461.347252358784,332563.76618064725,0.3364339613553576
EIF2B4,39,496900.8321208657,3.037251402423611e-26,980978.2139983601,0.33622564270444294
C14orf178,6,108035.71909488823,2.7367003249520937e-27,213957.55998583254,0.3355216587232079
EIF6,9,76534.87577229613,1.2922983860159028e-26,152739.83032947298,0.33381299260427044
NLE1,45,769745.1814262591,4.437303913310123e-26,1537119.4691532482,0.3336759186252611
GNL2,40,617130.3947043356,5.951500004608746e-26,1237011.2752564726,0.33283885730122237
CPSF3,47,566139.026118324,3.611989072325509e-26,1145555.9933746436,0.330747603791021
MRPL2,9,201274.22842415265,1.2574938365647814e-26,408841.68774191744,0.32989506271029145
CNOT3,39,785648.8592443957,4.550954246203359e-26,1598550.125865115,0.3295231917097345
RNGTT,4,38358.42229477184,0.0,78242.09669935223,0.32897299793927043
PSMB5,30,405570.97044686845,3.3825438231246814e-26,828271.4197661724,0.32870565451786815
KCNA10,11,173176.25851494132,1.855887178124851e-26,356274.25197818875,0.3270867721964136
GTF2A2,17,225281.22904319488,1.6520519244863823e-26,463747.46413424786,0.3269547861705363
BDP1,37,450532.2124783902,3.4645080672698966e-26,934825.3561226727,0.32521005600982755
SPCS2,6,99550.6858023779,9.287876601417651e-27,208503.10062402632,0.3231600784954517
WAC,11,156671.60873277066,1.992412911908954e-26,328744.1396444433,0.3227575727745487
LSM2,41,546848.7056041956,6.782633476988406e-26,1147975.154627289,0.32265813482794914
RSL24D1,12,177791.12173386983,1.3793457566452543e-26,373431.11400152365,0.3225398218863144
NUS1,9,134757.16175076997,6.870800856223732e-27,283821.70282209275,0.32193971830919466
SAE1,6,201371.71966048906,1.016038445585975e-26,426231.17617219675,0.3208584934798855
PHF12,7,80143.54489221824,4.933018789590823e-27,169680.9926778268,0.3207993324904998
METTL17,5,43820.98383709205,4.5151672927682916e-27,93015.87677315381,0.32024254021661536
THOC7,8,203318.70494572225,0.0,432158.37076901086,0.3199465609629519
NVL,6,56482.890194921325,7.488416949460619e-27,120165.90979091778,0.3197468094855398
WDR12,25,348215.7107325409,4.815849650036873e-26,741441.7139166115,0.3195643904731427
RARS2,13,171786.5637532557,2.57508950508837e-26,365801.61715221364,0.31955048465521046
ZBTB11,8,98821.39060784325,0.0,210436.37239447676,0.3195437671425629
GTF3C4,6,85374.13453319085,1.0774866175015597e-26,182618.3012839464,0.3185691949583431
E4F1,8,57122.45115103676,0.0,122204.14189003332,0.31853865164300726
EIF4G1,46,527700.8810788039,6.037077414810511e-26,1129989.0028345766,0.3183351036884158
AKIRIN2,17,150312.14731327677,2.4436463902312416e-26,322237.2400392432,0.31808769905598144
PI4KA,5,136023.83786130865,5.2238976582039866e-27,292539.1780539901,0.31739518532834016
SNRNP48,16,277842.52920327894,0.0,603721.3963010174,0.31517003040288866
ABCE1,27,514432.7239579547,2.900618977490346e-26,1120437.308109313,0.31466276454248937
MRPS6,14,167256.75956592034,1.517513703289765e-26,365015.6387428377,0.31423151021424717
PSMB1,8,122212.24208995982,0.0,267701.5236761753,0.3134340277774677
SKA3,7,142196.53484264176,9.944128073202462e-27,311613.07428268885,0.31333962962289486
MAK16,23,315901.01811316074,1.6991889717461095e-26,693397.2846500084,0.31299073549248463
COPS8,23,246097.64842413916,3.041914719786494e-26,541317.24664045,0.3125387263647744
BCAS2,29,488841.3305249387,2.6193697926446144e-26,1087328.7648314487,0.31014503571989605
WDR3,42,576411.5999718523,3.7270521108316285e-26,1284049.9420165413,0.3098218302087581
ATP6V1B2,45,631861.0488272652,6.807380301735973e-26,1408958.817733821,0.30961137686884244
MYBBP1A,5,69003.01680118078,7.445951744159251e-27,154589.573182901,0.3086104812601049
NARS,18,222354.90154191607,1.3417678923823935e-26,498280.0765696871,0.3085541339175469
SNRPF,8,134130.94488541933,0.0,300755.4441573194,0.3084275531838674
DDX52,4,63152.1309472807,0.0,141680.3071081705,0.30831118130900964
PMPCB,47,626335.4046426268,31660.881486186143,1375969.0794982607,0.3079380874558436
PPP4C,13,132725.98562436373,1.0438352788928319e-26,299747.2296564273,0.30689989792359507
POLR2A,44,511186.9482272185,3.3411647804122654e-26,1158982.6014946348,0.30606889480912314
WDHD1,13,106855.43050961706,1.2685690503934284e-26,243854.8412543645,0.3046829223796668
PSMA4,41,678625.9641944002,5.852095073475437e-26,1552131.9402458367,0.30421318370927725
TGS1,12,184698.43285363092,1.530245240533186e-26,424550.42816447554,0.3031576169793476
UPF2,12,142193.28897415174,1.4848499125748935e-26,331078.1674852794,0.30044763324183393
MYO1H,5,30207.411020659354,5.53750692292147e-27,70538.21790622588,0.2998384281523715
CLASRP,6,69959.26128489223,6.759626126211901e-27,163759.75818718583,0.2993306297575415
USP39,13,337835.46094078815,79788.58917361923,712916.8237210074,0.2988264013796024
HNRNPC,38,439631.5070203082,2.7403767200790487e-26,1033433.99165537,0.2984466796727964
DAP3,14,240946.2911701909,1.4277366146285352e-26,566853.2713317978,0.29827484731968734
RPLP2,22,269418.0066606829,1.9774542096127495e-26,634307.7221090103,0.29811921701893007
MRPL3,15,164700.8596930723,2.0520222021274351e-26,390711.8644686855,0.2965377862771199
NAA50,4,31837.603627951194,0.0,75530.3370770814,0.2965280270711096
ZNF317,8,64882.745470294525,0.0,154127.39239676186,0.2962545300513882
TULP1,6,26162.778197084055,9.928081901560678e-27,62158.175225679304,0.29622391044457413
MRPL18,20,420995.0460309328,3.014022597586237e-26,1004246.6674652786,0.29538501577967735
CHTF18,4,13693.123311392887,0.0,32807.82975246822,0.29446973468667886
NDUFA2,17,170939.02239443708,2.5111332763315977e-26,410080.8684079764,0.29420511259668397
MRPL54,11,155292.44304408474,1.2062073131120895e-26,373368.26146052254,0.2937468998941482
ARFRP1,10,120481.67848767777,1.8978922099141578e-26,290033.74875056476,0.29348879601973216
YRDC,5,34281.593714848015,7.629945442136988e-27,82685.12611589057,0.2930884422890253
SART1,36,359471.2025353665,4.0352023355476886e-26,868633.1389796728,0.2927041216155203
MFN2,5,63564.70057823753,7.161150308438321e-27,154107.64545888884,0.292020101475802
CCT3,28,473845.8854936628,2.825596638926708e-26,1150311.361655952,0.29174877391044446
HSPA8,27,240719.24963405405,2.0905043213252098e-26,585739.1201824362,0.2912660315697501
EIF3M,29,458888.88247493136,5.670601843153341e-26,1118381.5100821662,0.2909386270358964
SNRNP35,13,170143.35874679015,2.0874171972570262e-26,415632.07268455456,0.29045833883992733
POLR3K,6,44177.62517055092,3.398795911355721e-27,108336.80375028827,0.28966193876305824
TIMM13,18,183787.29207425952,1.6697347131269387e-26,452396.007395451,0.2888904695037658
MZF1,6,47140.44017081193,9.640261796547456e-27,116258.76508947305,0.28849858905812964
NELFB,11,87530.15310064924,1.067389327878526e-26,216551.5868055207,0.2878507375275421
RIOK2,14,207193.51298490076,1.2102170740253706e-26,513301.59028695343,0.2875710217099468
NDUFB10,14,226308.93013167212,1.2879448042667912e-26,561664.2626059478,0.28720384426457096
GTF2H2C,8,73743.52126583384,0.0,183292.84651397238,0.2868991726844166
MRPL38,9,112913.54937657817,9.672083805948332e-27,280713.3846760126,0.28685422568541075
MRPL50,14,220901.68829033946,2.181956394923531e-26,549560.8759814621,0.28671307151584124
RBBP8,6,112255.21131187055,4.700430079072996e-27,280990.83903212124,0.2854579498349071
DDX23,12,79045.94210150556,1.1631184084566191e-26,198217.14429591742,0.2850936384232656
DBF4,8,160363.17097080624,0.0,404038.28907457757,0.28412961752067645
CSNK2B,7,60672.63289527118,5.729877760309359e-27,152902.18650665888,0.2840813962300037
TVP23C,5,106876.98877389354,6.881871284239926e-27,269382.4403294144,0.28405132338769584
PRPF18,28,343017.3372140002,2.3896501986876199e-26,867152.2159233526,0.28344568438755635
PMPCA,7,117365.44333717896,1.1745938327528762e-26,297964.7864805584,0.2825834358088583
RPS20,26,311546.90372907376,3.468945866118973e-26,792334.3279133656,0.28222864453047214
HECTD1,6,52362.6168078686,7.124419586429136e-27,133174.69402428105,0.28222149266375635
LRRC37A3,7,77809.18205744201,1.294775088590961e-26,198031.57203396942,0.28208008027579806
PDRG1,5,46280.58021976376,3.3990363765488124e-27,118175.80457910823,0.28141552714030715
RPL12,29,362860.2905413958,3.578966424936613e-26,933902.3399388996,0.2798201320830779
H3F3A,26,285115.51851776184,2.4170889493778484e-26,734109.2610031284,0.27973762436563493
PSMC6,9,160244.36886907782,7.063193739853977e-27,413168.64325607195,0.27945715475689936
CENPE,11,330688.44769225037,1.4613805351786055e-26,854366.3812495644,0.27904906981184663
PHF5A,25,376946.99481169815,1.7383849572108314e-26,975666.8294093879,0.2786804245689018
CDC23,16,414536.80294349807,0.0,1075858.7888828858,0.27813877417304345
UQCRQ,13,194420.0660337562,2.075542250165082e-26,504941.8505729398,0.27799635841923215
FAF2,8,128321.88840466371,0.0,334799.58941436734,0.27708040881404916
CCT8,4,21130.63317263542,0.0,55328.139872734464,0.2763663649179501
MRPL14,19,217166.08189262406,3.1820198495128523e-26,570017.3339477803,0.2758773591041365
MRPS24,8,133642.06404176497,0.0,350825.0954151101,0.27585371151181437
NOP56,4,49858.90183792375,0.0,131413.03917111634,0.27505030045128315
MRPL9,4,34507.645396865926,0.0,91121.62622698935,0.2746783846696553
NEDD8,20,259148.98089069698,2.642365958855663e-26,685784.3425440609,0.27425107620155775
WDR36,30,364605.2711823343,4.183437547674446e-26,965537.2930837626,0.2741099194758153
DR1,6,76125.28142197519,7.872324592306593e-27,201613.28741389263,0.2740897014809712
C1QTNF4,18,142176.75137099158,2.6922739228529183e-26,378602.0958125674,0.27300792292141335
GMPS,5,67682.6768364698,8.945947846500318e-27,181473.88817249142,0.27164717427387675
SRPRB,15,90516.4915470558,1.1699616510622359e-26,244127.17841440497,0.27048619075173347
SDC1,14,118559.7710552327,1.4798570205588776e-26,320443.3437351472,0.2700658994454833
ZNF335,7,50707.885357153726,9.36273743473151e-27,137172.96652930387,0.269893844146492
POTEI,6,46915.177703400805,8.614967431957607e-27,127022.45220839916,0.2697241403553129
PRC1,18,280545.98205699015,3.3896046388653345e-26,761188.3484935395,0.2693066493342202
MRPS18A,6,125727.50464114163,5.4695693733916936e-27,341880.8438535062,0.2688735242770814
SLC25A10,34,299397.1884294902,2.1614599079130456e-26,814477.4719671161,0.2687889392536202
PPME1,23,358573.2913787787,3.171885187685423e-26,976358.3721027056,0.2686079753652889
SRBD1,11,400161.18064740184,2.0179710792597516e-26,1090508.2956073626,0.26844393544086487
BUB1B,8,76680.53334286693,0.0,209294.26073227322,0.2681373845931297
UXS1,7,66235.15986531891,9.458013115138394e-27,180872.61393976887,0.2680415870589466
BRIX1,7,71085.77312594649,8.470369106398947e-27,195754.20149330504,0.26639851554242316
SOD2,20,221005.8355143857,3.073510563782215e-26,609922.6594696998,0.26597455358492494
CSE1L,44,506564.5469834537,4.333522536042643e-26,1399654.6106700937,0.26574307835989186
PTMA,8,100731.04799376903,0.0,278340.0083086863,0.2657313089960558
CCDC86,31,360910.25706608675,4.113437130625833e-26,999324.8165010461,0.2653293273195947
UXT,25,288002.38963644026,4.265557083199933e-26,797587.6450987724,0.26529571976652055
GUK1,7,67864.5061463188,9.151710663206292e-27,188347.65448903764,0.26487621031737135
AATF,38,430624.9624226444,4.793349751881427e-26,1204410.6639874312,0.26337344304119853
PIAS4,22,188857.09474449023,2.569362130194153e-26,529447.3768762447,0.2629206725086446
LCE1E,5,23553.2300407508,1.013562225616862e-26,66127.30459169809,0.2626348085153876
ERAL1,6,48957.01646092433,6.198659283529891e-27,137510.15766191587,0.26255032120920435
PPIL2,4,15516.271587812334,0.0,43664.17002280882,0.26218580269985037
NISCH,5,49917.3091248991,5.339529700026308e-27,140547.37398830208,0.26208170621968346
PSMD4,38,356009.09675586596,5.75031102379976e-26,1002437.5565818135,0.26207072311684665
RPS5,9,150854.5123309563,1.179581244246728e-26,426004.7668445485,0.2615100732132975
SMC1A,16,171298.922743312,0.0,484043.6662626704,0.26138835719976117
NUDCD3,7,29953.79533274856,8.772735150117719e-27,84819.51060790475,0.26098224745950066
RARS,43,359777.46256187826,3.7603079685692474e-26,1020910.3053723746,0.2605784384547474
GET3,7,78137.62719135008,5.573973917025885e-27,221806.91778953403,0.2605069120237873
RRM2,46,597875.8628397121,7.41575189486694e-26,1713009.5458832711,0.258721553471621
CCDC59,6,71615.64442280319,8.58316886005419e-27,205300.37295984064,0.25861864221398345
LSM7,8,110310.5131990774,0.0,316327.64959558833,0.2585575384923269
TARDBP,10,67423.34821199265,1.033395220591086e-26,194217.31686051536,0.2576944535487545
FCF1,23,327380.0650784891,3.2453111073502804e-26,944467.6047023595,0.257405090921698
SFSWAP,15,145419.9353945902,2.489159688710553e-26,421748.2290323464,0.2563965055082414
ACTR8,27,183370.121912512,1.9869028791795492e-26,531822.4878817208,0.25639264080940266
POP1,4,45491.0770097976,0.0,133196.53675594134,0.2545843892091861
NELFCD,18,213281.73419200006,1.145961283748738e-26,633958.7273397176,0.25173695529886536
FEN1,9,42387.019437684285,1.30426186052507e-26,126140.39232210873,0.2515140949182779
FAM229A,6,74312.23665802152,9.994418125002368e-27,221274.78699732604,0.25140561225945113
YEATS2,26,314469.7708297961,3.3740612025861496e-26,936796.4255704747,0.2513212390253045
TFB2M,12,102205.61186114026,1.371528555859322e-26,305120.5016782853,0.25091838815104023
STAT5A,20,262341.7506219327,3.7626138101362096e-26,787768.3418676362,0.24982309235785063
PGD,5,56294.88421678844,7.930365283779124e-27,169645.6117501313,0.2491580093947862
LSM10,8,59299.24277619604,0.0,179163.80420674031,0.2486726707825691
ZNF658,5,30747.61922080303,5.641401062104457e-27,93176.84915198962,0.24811580492971963
MZT1,42,516440.97438496636,6.51070579435176e-26,1570311.3219015729,0.24748551867128368
SHQ1,4,52666.73070526136,0.0,161033.80527871498,0.24645109317465827
HSPD1,7,59718.022012250265,6.040520560186504e-27,182999.50901737929,0.24603917878910952
HINFP,12,148706.99294614213,7.512157886881991e-27,457232.4601053054,0.2454155975440604
GTF2E1,16,116052.00695772648,0.0,357781.53158282186,0.24492147034415826
EXOSC8,6,74373.31474277962,5.799898780681012e-27,229693.7713054586,0.24459508495102555
UFM1,6,34687.765992595756,5.54974167215303e-27,107771.57924863078,0.24349238678486784
DDX46,11,109253.46154439676,1.3868640786643375e-26,339668.08485354134,0.24336871870157703
NAA10,11,75107.97585215446,1.1347287572125083e-26,237028.40273937187,0.2406255118069517
DHX37,23,336873.27492076793,3.29187341854059e-26,1063150.5160739666,0.24061967881375446
RPSA,22,203623.16595695514,2.7286034346877365e-26,645361.393135449,0.23984319122910294
TNPO3,4,31623.277145320964,0.0,100277.11874947556,0.23975119203238496
SNRPA1,11,89176.27565966266,1.1612526816962077e-26,283693.7939302852,0.23916179638052326
YEATS4,27,236981.5056645242,2.5684728950970843e-26,754140.5741356661,0.23910425415232353
RPA2,24,330165.2737609949,4.2650227862419097e-26,1053688.2504128597,0.23858397438276566
OIP5,6,26009.347428321067,6.053205446706487e-27,83249.11902107374,0.23805338179781066
POLG2,8,222179.88301325744,0.0,713102.4034082954,0.23755382330967825
DLD,35,375679.67075338785,3.796475577860366e-26,1208061.2776193002,0.23721030332606036
NAA15,5,35233.990351012064,5.98975379246248e-27,113742.58437636659,0.2365069167114957
KIAA1143,20,126759.95709134373,2.570604536373982e-26,410422.5101445845,0.23597188073465417
CYCS,13,181062.62509663013,1.5288053034701092e-26,589098.4487002144,0.23509708716386174
SLC25A3,5,50479.63255997582,7.216798725289728e-27,164597.29956673726,0.234705005603463
RMI1,19,158344.9125071462,3.2293902652568915e-26,517637.14709793805,0.2342442528721146
RBM10,9,76436.00092512375,1.1663017111891294e-26,250891.90003803035,0.23351507983344147
SON,46,336050.7984203701,3.532453314819171e-26,1107868.567597633,0.2327351556667051
CNN2,20,267201.93742697063,1.9437426300025572e-26,882065.2620911757,0.2324976624574342
SLC39A7,8,63079.23222269009,0.0,208619.2390884811,0.23216631259749201
NUP93,12,101710.78048458669,1.789590193764054e-26,337493.58644596755,0.2315796202014287
BCL2L1,5,19345.73783064414,4.196852933048423e-27,64380.40394811887,0.23105970751361138
UFL1,7,34629.39116672408,1.0894992136946423e-26,115246.44673351348,0.23105386199591813
ZMAT5,4,29714.147128464534,0.0,98952.21162888593,0.23093951997586176
MARS,4,25157.842466160026,0.0,83912.47066329664,0.23065710315051471
NSRP1,27,218953.49581135923,2.1821639472922158e-26,731492.2035678746,0.230369284593917
CWF19L2,16,150976.91265221857,0.0,504885.8487640032,0.2301958908693187
EIF2S2,7,38109.39934534289,6.927598481052038e-27,127447.01297042552,0.2301898115106301
FAM32A,42,290572.73538722657,4.8220909119047507e-26,973735.9822567996,0.22982736046358507
PSMD12,30,294348.8320133278,2.80570387606411e-26,990387.9052592148,0.22911217798458966
PRPF8,9,59593.540758821095,7.481004468408027e-27,201694.3508571681,0.22807616682982312
TARS,7,42499.4639444745,9.691640144930263e-27,143968.93679282206,0.22791778004440164
POP4,10,114117.80624050519,1.296687757063234e-26,386931.4329117779,0.22775766795610589
GIT2,6,62140.805083754734,6.227391494097059e-27,210867.19671464403,0.22761532509820814
SMN2,42,308843.00773517555,2.8539031752415067e-26,1048883.0199984983,0.22747078676152255
MRPL24,19,198689.2874104888,1.9032791309663696e-26,675170.3923790315,0.22736978488164772
NUP54,34,236625.2712009913,3.4661942538417743e-26,807087.9306860212,0.2267148396448158
HIST2H3D,14,214037.50652609536,2.624313089900077e-26,730417.1631789522,0.22662549446967012
C12orf45,4,53563.749040757175,0.0,184069.86882861808,0.22540476183887673
KIF11,47,286789.34822390846,7.861549966783526e-26,988157.1292236234,0.22494226486908409
EXOSC7,4,27695.79905804116,0.0,95881.06009266741,0.22411800436087032
SSBP3,5,128367.98674131383,6.551948439558161e-27,445140.88273472345,0.22382912204756647
RNF8,11,117689.939290017,1.4175876808416592e-26,408560.37729576684,0.2236387049675673
POLR3F,13,89011.23308521636,1.2476415119132124e-26,309618.99372052366,0.22329273371583333
FNBP4,14,103600.99861388112,1.34088157477912e-26,362902.4200521422,0.22207982721783784
CCNK,25,225279.53376633083,57775.12882416483,732119.2684544614,0.22191225254813435
SNRNP25,4,22142.52910791857,0.0,77643.89376286996,0.22189921705671817
H2AFX,8,77454.67417869369,0.0,272138.3445647979,0.2215566960034887
ZNF559,4,81736.5735746174,0.0,287421.38453637774,0.22141354880406391
ZCRB1,9,129085.9979592026,9.440883245358043e-27,454274.5759592028,0.22127994885245342
METTL3,7,73358.973407033,7.691214819314435e-27,259273.26530908316,0.2205407800824771
ACTB,14,153338.89234056044,3.0345685501591614e-26,542475.0213361045,0.22037342071865337
IMP4,12,193579.7307185195,1.374764633151535e-26,688214.9190071139,0.2195292643006521
CCT7,10,91939.41461671834,9.06804376180954e-27,327161.15470929607,0.21937315610086783
FARSA,6,38975.36465877343,6.860186006400903e-27,138826.5270358565,0.21920669283830002
GFER,22,165436.43410337696,3.4602281242424985e-26,591862.6928850069,0.21845586269362566
RFT1,7,33585.49303263169,1.1011297522739815e-26,120555.4989634684,0.21788813344007438
MCM7,12,108106.47478656616,1.1706001446459984e-26,393480.2266491323,0.21552898925974617
DNLZ,12,56918.19218539684,1.665332333218617e-26,207345.48604882913,0.21538409124445884
ZNHIT6,8,43739.43745563365,0.0,159704.0906264681,0.21499547254205179
SNRNP70,9,122873.60982065789,7.382954428023715e-27,449041.14913709,0.2148460201387032
RNF14,25,171801.29929740774,2.948473282509895e-26,629152.6745377888,0.2144958448420875
TCERG1,4,38609.10815049098,0.0,141412.14575659766,0.21446972128311945
RPL37,46,338022.74785569124,5.976821819328491e-26,1238819.255376418,0.21436691004097683
NIP7,35,353519.1510616521,3.220564636124411e-26,1296185.8707222503,0.21429234099037628
SCFD1,10,54726.72905588556,1.1181125387615508e-26,201300.5668872965,0.21375349395570145
NBPF12,9,39623.95696923573,1.247020739198214e-26,145761.06811013055,0.21373871461447377
DERL2,7,56549.11006789202,5.424819655153485e-27,208837.94261188846,0.2130816462102427
CEP192,20,209525.96636736474,3.959602715598873e-26,774649.7960036641,0.21289486530595395
SRP14,8,37478.99142565398,0.0,139048.65870087396,0.21231230007758298
KIF18B,5,24044.572634984557,3.617697295008004e-27,89258.76148799434,0.21221416669774865
HIST2H2BF,8,99265.29841819125,0.0,369183.8069869839,0.2119019916418323
UPF1,6,43917.25340283163,4.658658777102176e-27,163718.04795922304,0.21151149691185175
URB2,18,106802.95960156716,1.8330150947380998e-26,404524.101552256,0.2088740606854709
UTP23,11,126954.44560772192,1.547106603103663e-26,481856.88150524005,0.2085283895911584
PAXBP1,8,88120.28464097543,0.0,336007.1080557887,0.20776843504653866
ZNF574,24,361393.77026623895,66325.37347004267,1314638.807951443,0.20741648977248162
C19orf25,16,169360.3540809764,0.0,650895.1043869354,0.2064726937597109
NRDE2,46,406981.7368921032,8.249539781082723e-26,1565786.2323138344,0.20629985038530313
TIMM9,22,195121.0581295274,4.4674090806458235e-26,751589.2812228495,0.20610428556532434
SBNO1,17,113447.41299942478,1.4507413847628739e-26,437777.233546778,0.20580976142893823
IK,24,180439.55700958762,30124.883038151875,666846.3781289433,0.20565002536047236
RPUSD3,16,94995.23238140378,0.0,367321.3648418456,0.2054765780678457
KRTAP4-7,14,79950.63791278776,1.6037390753901905e-26,309548.1551899993,0.20526543169978223
WDR61,4,25198.71969194586,0.0,98314.00455080545,0.20401719617503064
ALG1L,23,214716.47693424788,2.3105788929331964e-26,837819.4264979063,0.20399919492920973
PLA2G10,19,115134.8223061611,3.02208952940428e-26,449264.7458784476,0.20399523457555482
EIF2B5,47,362801.5029726416,6.858262175003054e-26,1419251.1486021501,0.20358629844748727
RPS29,44,444454.72513983276,288219.38738844707,1454878.00825454,0.20317446195557792
MOG,4,11340.129560143127,0.0,44519.99465608983,0.20300938673615918
SNRNP200,14,88570.08259019905,1.2252532710664512e-26,348108.5800779339,0.20282667820092357
MYCBP,25,135821.53001853693,2.0006738052591492e-26,535904.2239698295,0.20219788985623618
SERBP1,5,65015.49886289653,7.993958428873908e-27,257327.0784413166,0.20169690087678888
PCF11,48,303913.80679894355,4.3031100147388586e-26,1204163.3576491722,0.20152404264417165
SMC2,7,98906.38943741958,1.0414020732471543e-26,397645.55366387445,0.19918639089333537
DOLK,7,30472.288587751325,6.546699402441999e-27,122608.63057134257,0.1990600053562658
SPCS3,5,31320.848738669778,8.928847755265346e-27,126141.53829014415,0.1989100338796363
XPO5,22,111102.6282141074,2.0779508779768893e-26,447680.2746747804,0.19882968437242934
DENR,31,202823.8375809201,4.795980436189138e-26,819457.7742592675,0.19840309679034646
DDX59,10,85197.85807592572,1.5442562827364233e-26,346083.27644332347,0.1975459885832848
ZNF407,4,29563.900894226863,0.0,120306.11870952304,0.19726360864162548
NCAPH2,6,34959.325511242045,3.727963523474036e-27,142293.44145811102,0.1972286588749641
SNF8,8,48143.6883089816,0.0,197109.65520979345,0.19630186328243074
MRPS28,14,141225.39342552167,1.2701829215451692e-26,582912.833245992,0.19502546368068605
INTS9,23,145776.24215064076,2.1673347381800454e-26,603173.046903606,0.19464100477980706
NUMA1,34,199611.83537576062,1.6616780630680947e-26,827218.505063396,0.19439612126224307
NSUN4,8,38246.35353107578,0.0,158549.8280256538,0.1943449981017577
OSTC,24,122719.9297045542,3.4611507587279035e-26,510727.18541443674,0.19373350477964002
TADA3,10,56951.02932908834,1.1631801093137537e-26,237082.49297387555,0.19368889942558182
ANLN,6,46439.20824654417,8.036914236340895e-27,193854.61769465974,0.19326009756866208
GTF3C3,6,54427.471668247905,6.414204756723261e-27,228454.45613409864,0.19240349530662532
HSF1,6,21738.215279566815,7.24476270326632e-27,91331.45198952493,0.19225505659119496
POLR2D,20,274583.3473015259,276137.36753314576,893860.2777973705,0.19007819478590263
ATP6AP1,8,81891.19788755765,0.0,349159.07970143325,0.18998061744816092
PPA1,8,81570.91788130849,0.0,349884.91603237746,0.18905971705467078
GRPEL1,7,128470.04969308844,4.750956988157227e-27,551333.4450437691,0.18898115512456642
SRF,4,17273.021788801354,0.0,74150.81467423913,0.1889334604305765
HAPLN2,7,124298.83161624728,1.3171348484193014e-26,536095.3300113586,0.18821915582945292
DYNC1I2,40,404148.8935081384,4.827514965038641e-26,1743312.6634289678,0.18819843000336184
CENPJ,32,345495.5160560883,0.0,1497678.907102126,0.187445914892902
PDCD5,19,116905.87152214881,2.5880788080105384e-26,507001.14284989773,0.18737707515568308
HIST1H2AE,6,38909.28568442534,3.860576011744651e-27,168781.54307232858,0.1873423391747145
PTPN23,11,70589.05555644719,1.672943239121954e-26,306425.4475019768,0.18723167141797822
WBP11,25,233909.27971247287,15386.94197764499,1000031.2612209924,0.18722815507702675
TRAPPC5,4,17152.610883461108,0.0,74821.53428086438,0.18649383316165014
MRPS22,13,179794.9091274316,9.798396242545057e-27,784492.5798187498,0.18645363668870155
ACTR1B,18,106843.15631979531,2.0322208943582152e-26,467080.52317659766,0.18616265565753992
ARGLU1,45,281673.45237330574,6.703495741968035e-26,1239380.2338562238,0.18518311018431782
GRWD1,19,116777.46610169996,2.1033140819074273e-26,517421.0891247872,0.18413392010960353
HTATSF1,4,26576.667508691433,0.0,118039.8826879609,0.18377334732817216
SCAP,8,48603.06465450663,0.0,217057.56111423855,0.18295170582341053
WDR74,5,53013.20408259527,34365.37535386297,202502.78846227363,0.18287896344243515
PAFAH1B1,5,35524.50639435358,6.773586913118923e-27,158942.97464773172,0.1826758191343344
SF3A2,25,209039.11953799595,47219.79590534709,891616.1438625015,0.1821096449855861
ABCG1,11,43560.71122695765,9.26945160607146e-27,195835.17254579123,0.18196098671566335
SART3,14,74812.67412616158,8.291692975455492e-27,336666.41822752065,0.18181403506610533
ZBTB17,15,113697.385536008,1.9865999505680633e-26,515115.9637849913,0.18081261420225872
NUP205,48,277483.56832908967,8.721792127131755e-26,1259165.8990231869,0.1805770113643469
FOXL2,14,73757.03487011227,1.1423520642170566e-26,335052.6773466791,0.1804189887519086
PLEKHN1,4,12381.3685500309,0.0,56317.573794781536,0.1802264798763068
CHMP5,5,38542.88522720194,6.038706733121525e-27,175382.20131264356,0.18017001115024897
PCID2,25,181393.61219254532,14416.056628140279,811454.2638002137,0.18008548337530503
MST1,7,54014.2682252493,5.7212014871798215e-27,247027.79431805972,0.17942432286344906
UBL5,23,177836.8971869208,3.071267763849785e-26,815851.5646104023,0.17896645077800366
DPAGT1,6,14082.895579816835,5.98534286560474e-27,65115.693199346344,0.177817506560445
SRSF7,8,75136.97554055977,0.0,347878.6572845728,0.1776222193935327
YTHDC1,28,174591.45113234117,2.767318979830115e-26,811582.8501874594,0.17703914094971326
HUS1,19,135184.16678370791,2.4528635390119397e-26,630626.0691838353,0.17652436652653639
RAC3,24,209259.32865396526,2.8951478146738495e-26,977851.7588263047,0.1762761133822223
ERCC2,5,68389.4817418356,6.088591997207349e-27,320207.1279914643,0.17599093772015253
BOP1,19,69991.40674852672,1.9477995712268854e-26,330587.4741726318,0.1747256535031919
CPOX,4,15598.752472934448,0.0,73698.06890792135,0.17468429706366503
THOC6,7,47424.22761749881,5.1897940528667695e-27,224265.6751553748,0.1745527792291359
KLHL11,5,14515.347619934855,6.4494457871674054e-27,68655.09373197044,0.1745253167350462
CD2BP2,6,24325.886776934327,6.490288964238727e-27,115102.19383816386,0.17446906440667276
PRPF4B,18,169574.9741077054,1.4848744457125016e-26,805634.6515128973,0.17388566483825618
COPG1,19,138910.8047788089,16760.713636094515,646158.5218050802,0.17324220571818244
MIOS,13,89875.69134525627,1.990661596672336e-26,429873.86435303395,0.17292115088873355
RABGGTB,16,82528.16305626105,0.0,396704.6356470239,0.1722089207574418
C12orf60,7,47271.35891930738,6.167896423443577e-27,227406.68744124006,0.1720973319333214
SNRNP40,20,90830.26952162976,4.073074770414372e-26,437236.09288009483,0.1720054068744696
RPL3,48,201308.61185086836,4.5273802689605954e-26,974961.8767607166,0.17114142860838386
MEX3A,18,109805.91107467056,2.686287357933941e-26,532294.2745174005,0.17101055806956378
FTSJ3,20,115080.92603110819,2.8067763238141233e-26,557956.6199458188,0.17098737911280418
MRPS7,6,63635.32794620123,8.782588361329043e-27,308632.13507083326,0.17093980610196213
POLR1E,21,103736.48044045456,1.461789842345758e-26,504136.4517074056,0.1706548769558002
ORC3,17,69758.10235072757,2.458829644389382e-26,339858.43898465927,0.17030098961167406
GPKOW,5,20507.47178658359,8.33027511300756e-27,100256.70012816426,0.16981420450645424
HMGCR,12,77760.41524658097,1.785235140140179e-26,380484.3529587391,0.1696918778824766
USP10,5,24962.038184845052,4.4397749932397046e-27,122168.09184542914,0.1696595943992488
SLC35G6,13,45756.22082308882,1.532439343830328e-26,224074.67584237223,0.1695736899982133
TSEN34,31,234377.70858494914,2.4966317085878932e-26,1152127.2525164366,0.16904209877386128
DNM1,8,29402.003319457155,0.0,146243.92417973216,0.16739359538861417
DDX5,11,66596.27768403829,8.411697959883218e-27,332199.96507576446,0.16699324252197031
HNRNPR,8,23877.611868789823,0.0,119648.72492374813,0.16636397474077552
EMC3,13,65871.3774476571,2.1510645278352394e-26,330538.4581914025,0.16616988663125534
SURF6,9,65988.49383528875,1.3999969347211683e-26,332565.0451776266,0.165569960810586
THOC2,19,120582.45568949085,2.679858500859175e-26,615262.1494489636,0.1638694567405334
TUBE1,8,32215.49048313147,0.0,165040.1653745116,0.16331846274857126
MOCS3,5,10935.611115489355,5.3843313973941346e-27,56028.33220425526,0.16330596098967998
OR2T5,7,59285.73022040671,1.527647523038522e-26,303762.3052521757,0.1632999615140019
MRPL45,13,63928.88538186361,1.2661600836078494e-26,327782.1892194456,0.163204181671227
MVK,7,56956.37358657704,1.221678048229749e-26,292945.59966484585,0.16277808626603804
SDHAF2,6,17430.06503657443,8.866153259915966e-27,89675.40111267188,0.16273739952997798
USF2,16,102242.11959663495,0.0,529029.227695174,0.16196223705583918
XRCC2,12,75577.06620877016,1.449238912091829e-26,391185.639695544,0.1619175337977053
STRIP1,4,10571.567916410422,0.0,54766.720169412576,0.16179744260401313
DDX41,34,231663.11620549826,4.85225649137055e-26,1205567.97412192,0.16118710328811675
PGAM1,14,63285.486329992025,1.7015223982647303e-26,329872.7640911262,0.16096695481324863
PDCD7,4,16491.300774626347,0.0,86031.83794466032,0.16085442740667868
MAGOH,25,151874.77802221174,4.3137824897631983e-26,793466.832003817,0.1606559749528322
HAUS3,12,74998.98715061594,1.5566335066880986e-26,393138.2892237286,0.16020725316187645
GRSF1,14,63376.848529091076,2.154739271084618e-26,333355.7317752423,0.15974702274382085
PCNA,8,59057.55188595267,0.0,312781.3392210895,0.1588256454566277
KANSL3,16,91887.12237794834,0.0,489057.8843754186,0.1581683658690226
ALG14,15,67486.87717793431,2.489171914433593e-26,359454.6687574765,0.15807053171663918
MRPL1,10,57336.74041355971,1.1927481464636121e-26,306627.5585130383,0.1575339685311361
PSMA1,18,90309.16493949307,2.164673372423569e-26,485377.1893380754,0.15687216531790554
CDC16,14,182052.59806598158,2.2031747530581628e-26,980634.5773334309,0.1565791744485716
GMPPB,10,45807.78088609402,1.2629541896224412e-26,247052.66955137847,0.15641504620260857
NAA38,43,282232.8438298391,4.253218301983609e-26,1523290.9143676213,0.15631632790675956
CUL2,4,34869.85796871496,0.0,188959.68942299427,0.15578755519570228
MED8,6,85826.1143016955,3.2444366948400926e-27,466550.32825272094,0.155376130641633
ATRIP,13,59604.99679321574,1.6016886985971897e-26,324671.7418444601,0.1551095624588812
LST1,5,24293.25161227738,33553.84835602448,99310.63185230971,0.15457878738035635
KRTAP4-2,7,19921.480242788333,6.60528128194848e-27,109223.13428630389,0.15425715052407896
COX17,15,79113.86442709222,1.6167286232620094e-26,434392.78525990125,0.15406590055905967
FBLIM1,6,22975.746791713867,6.569954582930526e-27,126307.43071769495,0.15390713927070437
NUP98,46,246434.02534777112,3.7239775434288765e-26,1356228.6899077974,0.15376536996960932
EXOC1,20,126795.43008239241,3.2210165519059605e-26,697940.8182627377,0.15374058110918862
COPS4,29,97273.90223847402,4.502384089327243e-26,537756.5888945847,0.1531798922992063
XAB2,10,57268.8406697338,6.920219431105356e-27,318818.08523454383,0.15227554250133643
UBE2N,15,99151.38831095595,1.0343245024929997e-26,552312.7643507938,0.1521977654577671
USP5,7,32903.92952085115,8512.080411395551,174782.60685149967,0.1521930621497151
UBA2,14,113838.27351937056,1.474462311604381e-26,634971.2069610035,0.152025684085011
TAMM41,6,38456.72604693412,6.365018223231144e-27,215152.15659216695,0.151637930212642
SRP68,15,53139.062797643695,1.346214889500579e-26,298108.449052676,0.15128665970533148
GBF1,13,84823.317573599,1.7780034910158174e-26,477758.5237248507,0.15077507190389428
OR7A17,4,30758.89908733393,0.0,173368.53433890274,0.15068478827687284
MRPL20,8,72749.25676315968,0.0,410717.6997774734,0.15047410330522856
LRR1,10,47579.605366796866,1.4987009834258308e-26,270226.39986057935,0.14971273224606232
EEF2,23,156753.28397510218,201282.42899763706,690540.7839885417,0.14949151008950218
UBC,4,27637.356967262553,0.0,157334.2903370519,0.14941401760775644
PABPN1,11,57628.32113409672,1.3493443310610368e-26,328201.1652845937,0.14936214872794926
INO80,11,58787.25416638944,8.235656722538732e-27,335188.9808490431,0.1492152290964623
ARPC2,12,44551.188119333514,10503.176587629076,246253.15246802574,0.1478595308110412
CENPN,8,17467.58174175558,0.0,100713.68201347123,0.14780330812787607
COPS6,30,148442.5154186495,2.3576544870589386e-26,856817.8182491724,0.14766574433215507
BRF1,11,72864.89776138161,1.5960409623687185e-26,422359.94430028414,0.1471349810684748
CCT4,33,314634.82058805716,2.2278115473060564e-26,1823950.7758877145,0.1471228559224151
KCMF1,8,36604.57555986445,0.0,212375.55275082862,0.14701806047021934
URM1,9,82835.03940677241,1.4455836874101453e-26,480726.80160189,0.1469848264717752
PSMB6,4,50529.19670106601,89122.87196327437,204648.37535061265,0.1467590227646396
VPS13D,12,66733.71969410646,1.468457487847336e-26,390564.76671367284,0.14593033145226528
ANKRD49,12,40249.265838518426,8.805032251136712e-27,235914.24953766284,0.14574432753614155
EGLN2,33,176347.6446404982,33158.432653751384,1002871.4208436041,0.14545605218783642
TKT,6,18877.282333494004,30148.498200915703,80847.16549737644,0.14535192209217943
CCT6A,8,77463.28343000967,0.0,455894.5452741077,0.1452369858678549
NDUFA6,18,142030.51716643243,2.5014997978522777e-26,840790.1195688827,0.14451316126025024
RPL36AL,11,47067.60063185284,1.8704574006132258e-26,279612.77479312266,0.14407844539367579
CTBP2,6,59744.095227698206,3.896878477150398e-27,355417.5922143298,0.1439056084288623
PDCD6IP,27,128244.69048484518,2.50241331432795e-26,763653.4581485016,0.1437884927571093
CS,23,117150.79776771419,3.814963361048963e-26,698467.3659179417,0.14363436591250903
DCTN3,20,129982.46894140789,2.900230878122277e-26,775889.5920760994,0.14348877124591636
USP36,15,45540.117159384674,1.330845074030157e-26,271862.66836850427,0.14347737082283182
VPS18,11,31506.140493214843,1.8187131070424688e-26,188850.8267454437,0.1429777369330555
POP7,21,84490.24708057035,3.2812663299745297e-26,508363.69148560835,0.1425144400405108
COPB2,5,16319.667237964815,6.753228938049326e-27,98658.55932261379,0.14193702343605438
SNAPC1,4,53212.23622364359,0.0,322051.9266694215,0.14179940821795683
E2F6,9,41135.83792438738,1.2542807600252919e-26,249554.87371899365,0.14151067191597358
RAD21,6,34730.52160929034,6.743622001461199e-27,210863.62240494607,0.1414142904289978
MOK,7,28188.43801146798,1.015925825170216e-26,171406.1452199796,0.14122847201109157
RAD51D,11,38555.40097878983,1.2990851033582367e-26,234503.30745823294,0.141198210448879
VPS37C,12,105951.68394608457,1.345517111138797e-26,645725.0538640819,0.1409537885324879
SNUPN,6,34557.432494409884,6.3602044255328135e-27,211131.7027117013,0.14065511063571978
ARPC4,23,93903.06852490437,3.158628063567049e-26,573840.3105635503,0.14062747975590967
SDE2,13,63787.67836061503,1.4215110018222985e-26,392629.353120267,0.13975744540831603
GLRX5,4,24170.904485548435,0.0,149548.44733661105,0.13913766216611692
VHL,12,51020.353207875756,1.689033530178985e-26,318349.2295854313,0.13812819350754685
AARS2,14,61870.35954686139,1.0515641052042471e-26,386966.1915663722,0.13784608092501938
DDX11,7,11628.382417654251,8.037468318361187e-27,72880.46727244924,0.13759958229577
REV3L,4,11322.60056423508,0.0,71207.29071263317,0.13719393530097398
TRNP1,11,65685.92174399144,1.533467725100629e-26,415660.00698938716,0.13646302549361625
ZNF207,20,105019.26408210146,104381.92072678794,561968.5067812854,0.13614647454660134
TRNT1,19,52868.80633913539,1.9876114208112977e-26,335866.6610790812,0.1360020136322089
BRIP1,5,30751.41595004258,3.944935123717101e-27,196130.61316821713,0.13553923186227215
EEF1G,11,47401.264740814484,7.857857221042919e-27,302555.9392584819,0.13544874687280273
CCT2,17,105563.3999408466,1.475161552920183e-26,676965.4522238633,0.1349003294240545
NDUFA8,5,18856.433026369017,7.330283887262203e-27,120959.60010658203,0.13486602790710303
MMS19,6,28155.362371433526,7.904121422848353e-27,180829.2194728913,0.13472459127346917
ERVW-1,9,51778.829141948314,8.201360922875269e-27,332624.2107620746,0.13469932275997704
BANP,5,28248.211528648804,5.375547991660112e-27,181795.58435242352,0.13448724543448576
UQCC2,6,24708.610795303633,6.334060070982501e-27,159221.53459990467,0.13433692852366622
LSM11,7,49415.94388252149,1.0816707426647361e-26,319079.81771914,0.13410179717599957
VPS29,14,44470.29213860452,1.1963346407408291e-26,289989.12161826185,0.13296169971442928
EIF4G2,29,161262.16740485388,168891.98580669807,892221.177380794,0.1319252469916163
GUCD1,30,117995.72787707282,4.141498736983747e-26,777691.1769408915,0.1317376945474644
STIL,10,37078.67444222226,9.43931194812891e-27,244548.08414795538,0.13165891844879354
COPE,6,12232.849414301962,8.046765817390089e-27,80816.99825329975,0.13146555014255246
MRPS31,5,51958.44173226676,5.164303107193027e-27,344095.27505368524,0.13119039041955968
HNRNPM,14,148909.60227386758,299204.615164778,687383.5626589351,0.13114037286895516
NBAS,5,14062.755352232401,4.5124513945089654e-27,93218.84486462688,0.13108263974256457
BRCA2,10,32000.508534757697,1.5285777933380008e-26,212377.1833050344,0.1309469301139665
RAN,15,87752.88724474463,2.2616167853919e-26,584666.0310071404,0.13050329915297357
SNRPD3,12,71062.83783261076,1.3116355396731442e-26,474342.38993783446,0.13029364995841275
COX7C,12,47292.965588351355,1.7205942323808378e-26,316745.24607527023,0.129912091843949
GPR61,6,20468.046813302273,8.910322156086909e-27,137574.7593932398,0.12950951267312422
BUB1,46,215862.89804634763,3.2258544511137856e-26,1455188.106689689,0.1291779230164467
COASY,28,122869.65044934693,2.880976417611781e-26,831859.9268688875,0.1286957619920803
TRAPPC11,5,18608.28736933513,5.6925002952047115e-27,126300.55870008431,0.12841374335712202
TXNL4B,7,14326.726208220283,9.289537158850664e-27,97656.17499440785,0.12793673011111495
COPZ1,6,29254.91695583686,47005.09887310976,152494.79952276184,0.127887655220974
NANOG,4,9486.776377120925,0.0,65039.13650041376,0.1272950039902248
METTL23,5,9747.487014910734,3.371279103818326e-27,66879.76030480016,0.12720654017808336
PPARGC1B,11,31619.137269568644,1.029362778704314e-26,217300.0864659993,0.1270256945006317
LIMS1,33,121341.1556213623,3.1446493620542595e-26,835088.8484928773,0.12686883002351823
NUP160,35,138576.24609542452,6.62694428159287e-26,955637.9613291472,0.12664453189799868
UBE2D3,9,30045.41432792306,7.717015865579356e-27,207684.28251515602,0.12638477534321457
PPP4R2,16,83661.91608124241,0.0,580210.9963361084,0.12602098160114034
ANAPC1,7,34228.7116976115,5.672636424340668e-27,237449.2440504456,0.1259900222797384
DPH1,29,157896.7521167331,100543.89674523612,996121.3114805976,0.1258580740592663
ZMAT2,41,183681.17588526176,22107.603210609996,1254360.3560168224,0.12579617483462419
GOLGA6L1,22,102208.8394905369,3.695163236523186e-26,713954.2513597893,0.12523090131906087
SMC5,4,7994.627834278961,0.0,56225.11463046108,0.12448863118173395
RPF1,8,90481.4472260183,0.0,636516.8741990076,0.12445894929806862
MAD2L1,11,25107.51847209459,1.3628592144114158e-26,177257.15723523294,0.12407065800558324
TEAD3,30,95332.75233197057,5.090153994801564e-26,674292.3738622164,0.12386907480969742
MAD2L2,24,119279.67913658202,3.416826820833004e-26,844325.6418897782,0.12378478671073986
MMGT1,18,63516.50329256419,1.7566352931542292e-26,453315.2651148057,0.1228958960636106
EIF1AX,8,43899.76456192528,0.0,313729.59171955386,0.12275212812052576
SNX15,69,260110.4173172944,53843.77791231348,1810307.2146089,0.1224474615565646
SRSF10,6,18364.49908134164,5.97981577567738e-27,131632.2569332352,0.12243264167364365
PRPF6,27,122550.81057485101,3.6552717149435464e-26,878794.5462176268,0.12238615752651746
ICE1,44,163558.80345502013,4.9931662606287095e-26,1192145.234915229,0.12064491867387317
PIK3C3,4,14757.680136968214,0.0,108946.76915506095,0.11929789285209742
SLC39A9,48,150412.12631134014,6.592982385708077e-26,1110885.4700378191,0.1192518932460585
NDUFB4,15,68087.37157682607,2.0345875720462987e-26,503815.10674581415,0.11905416422835366
DHX33,7,27868.706984508266,7.497424838780312e-27,206693.18187081112,0.11881174354670218
LSM5,10,32335.903367573836,1.2556033940997887e-26,241827.2659590386,0.11794400920807804
ZNF763,13,33916.687240086336,1.0553877890157138e-26,253882.988624172,0.11784824683431282
CHMP7,25,127349.4146209775,2.1864636800068373e-26,954198.3655993748,0.11774737736970954
PRELID1,7,13404.66619400906,6.085962725901255e-27,100873.67677569916,0.11729839482851302
SF3B2,48,152608.9967513662,3.13869132922507e-26,1152180.9782595376,0.11696058344569278
ZRSR2,4,26097.383987699835,0.0,197146.04700738896,0.11690101639888324
PDCD6,20,76691.65304116285,2.9315814353872047e-26,583386.3933040863,0.11618573510479974
HMGN2,5,14587.788542529066,3.870228262655721e-27,110970.95837475163,0.11618297331479137
WDR25,13,34997.64580552076,1.3630095595735963e-26,266677.9852044431,0.11601084810315636
NAA35,17,88255.68936446475,2.3659088775250438e-26,673901.8558960296,0.1157971733184118
PCBP2,7,30386.47307042622,37098.10140387498,195519.2569232505,0.11553623728201355
SP2,7,21403.72724347361,9.794321574519432e-27,163882.04293195345,0.11551738281471231
BRD4,5,13474.474215466735,8.225336881460885e-27,103288.75735872105,0.11539997680610155
CBLN1,24,80193.77872977924,2.6299056616461634e-26,615111.9426798389,0.1153359971886892
TOP3A,10,27190.758164287385,7.956292096116275e-27,209087.2554855072,0.11507951054891148
KPNB1,40,139148.26989855323,3.365246617453739e-26,1071619.8546534895,0.11492561381233504
COA5,12,43516.613174285565,1.1293841418430716e-26,335472.6508945578,0.1148228124118597
SSX4,4,32351.65399088174,0.0,249509.510526171,0.11477868562103541
SCAF1,13,52188.018805368716,1.6173237883495027e-26,406614.685970905,0.11374828060531421
DDX55,12,33114.84379726623,1.2495966788495439e-26,258834.85096853122,0.11342654022581189
GLI4,9,25710.643451158463,1.6726220031018993e-26,201510.93815825228,0.11315229508152326
PARN,10,48659.460990760854,1.352472919394406e-26,382400.96095178754,0.11288315631363201
SNRPG,43,169377.2089885785,6.518314246468984e-26,1332010.1697889965,0.11281379568175463
PSMB7,44,169818.7277984672,1.171985897811649e-25,1335890.8564486813,0.11278318845488135
TBCC,12,23479.661220013608,1.1801269967537556e-26,184890.6929449413,0.11268235020336004
CDK11A,32,123532.35357474662,0.0,974769.1365778744,0.11247581350142798
ATP6V1E1,16,81960.16743304032,0.0,646735.9427888499,0.11247509940472056
TUBGCP6,12,57642.81499243999,1.575112890168253e-26,460182.6630828344,0.11131707000338185
BTF3L4,8,26689.561624591282,0.0,213897.64114002138,0.11093508431827936
SIN3A,24,108598.8914834472,73519.41491577783,797120.8290790583,0.110901298313006
NAA25,16,53758.81999479509,0.0,432304.6258039992,0.11060041741350887
LAMTOR4,8,22899.55480115895,0.0,184980.27128625318,0.11015765806697295
ERCC3,12,53366.15307847793,1.7135712008445356e-26,432293.0882458014,0.10988394441534953
SARS2,12,39543.82853570051,1.0130534253993839e-26,320938.5186630382,0.10969699027702866
ANAPC2,29,153558.16607299307,3.554851022474126e-26,1247533.0606754748,0.10959897766925404
C9orf78,18,110039.42688735262,2.5133874110508963e-26,894847.5409483656,0.109504282978563
PHAX,34,135265.9390784499,69701.8576880066,1030904.2123712612,0.1094497958351096
TMSB10,22,66085.67421778315,2.966932768737984e-26,538486.3954326257,0.10930983671805564
OTX1,5,37064.859722565205,4.157972817850817e-27,302356.0183821665,0.10920029412901486
COQ4,13,37512.42160605038,1.0955434628932969e-26,307504.03559715766,0.10872647035488016
CLTC,14,71594.03304805535,1.3706598781550672e-26,587288.6026228482,0.10865976605250056
RAB4A,36,111453.63782379511,4.8863162910406233e-26,914529.0363826932,0.10863111105652459
RSL1D1,8,78390.2856351973,132841.20727397193,510911.7160897497,0.10855227143085222
HSPA14,5,33519.422352770714,5.279776570351138e-27,275989.93006044434,0.10829857673580123
ALG2,28,122167.02723305792,3.255805176545489e-26,1009299.8593237592,0.10797225149454097
CSTF1,7,32470.458157298825,9.400296610982494e-27,269658.0644757199,0.10747233619097646
RAC1,19,74164.03592642598,3.858313509535301e-26,616922.0814467303,0.10731518701073928
POLR3C,15,36098.3612700846,1.607133691978254e-26,301266.21755818365,0.10700104141181958
KAT5,5,16283.474417314339,6.92299970116566e-27,136029.04203164842,0.10690831454268988
CCNL1,15,43386.62241609159,1.177069292552855e-26,362641.5604052684,0.1068561845008192
WBP1L,23,62867.853900763905,2.895408175517013e-26,525574.1050448057,0.10683781627913982
JAZF1,21,97216.42959680468,2.217946007454287e-26,814332.1823940072,0.10664974782253805
INTS1,21,59139.44572387287,1.7358723796302315e-26,497135.37137515796,0.10631336150049836
SF3B1,12,47958.199003793234,1.3535878541821417e-26,404533.31964819663,0.10598695672056954
RNF123,6,41374.57746871716,6.144406519096691e-27,349121.94442313694,0.10595376693310375
FDXR,10,40770.71888506836,1.7786870969143864e-26,344828.20968691405,0.10573348592035159
DDN,30,121696.4478445203,2.2466116973182862e-26,1030866.2644903245,0.10558770168608822
ACTR1A,8,24140.613904458743,0.0,204543.36676907662,0.10556320487931946
UBE2M,14,46952.716045550835,1.7915287780855947e-26,398845.07416494837,0.10532289992595174
GPS1,46,138980.2412428016,6.345269637307436e-26,1190346.4182894381,0.10454935229517298
PFDN6,7,19323.93043292439,1.3029659594510902e-26,165639.96746959374,0.10447406576124772
RCC1,15,52034.39617584988,1.4173212258148802e-26,446190.22415377834,0.10443963235181679
BET1,10,37533.64021542932,7.194669384579725e-27,322767.3297392861,0.10417302018406098
RPA1,45,194308.52118351654,6.258643340069605e-26,1684774.1002771878,0.10340605514858674
CYP2A13,9,27231.149606852727,1.4757047502578753e-26,236831.20528698975,0.10312393683605567
GSDMA,4,29482.811809211817,0.0,257022.94280090887,0.10290478056656231
WDR4,41,174402.82943768252,7.313682264158526e-26,1522274.0986799153,0.10279082985537864
ATR,11,42099.10703826525,1.1382588546117422e-26,368346.7689320133,0.10256920462105885
KIF4A,5,14919.753867640327,4.401284907744786e-27,130722.05973554833,0.10244141773934677
NDUFS5,6,23866.633279009893,18494.98586966494,190627.43983981456,0.10243671261914922
PPIA,13,63555.582027389166,1.0327403919470053e-26,557433.4388380637,0.10234574185999898
NAA20,14,34817.56342747725,1.2524234081687683e-26,306223.66103114997,0.10209194939042063
DRAP1,26,112545.3294033381,3.67076422147312e-26,989936.3517905053,0.10208362762224422
MIS18A,4,10511.983903747125,0.0,92760.00298408672,0.10178930628268477
TSR1,4,40106.39059101754,157597.64961204323,196403.319630378,0.10176513985419523
DNMT1,11,38912.78062623506,6.371549195023029e-27,346726.468384875,0.10090461675262209
HNRNPH1,11,53038.68943843562,9.097317616610104e-27,473643.6986792444,0.10070336626973912
ZNF674,9,32557.674329315785,1.1793956054643301e-26,291127.51330514334,0.10058438128495237
EXOC3,28,93635.60011372404,4.031927681391475e-26,837637.0150386374,0.10054585369548821
DHX16,39,140880.55608483506,5.093589314586658e-26,1262173.8161043816,0.10040990490269884
WDR54,23,110509.35801894323,3.722048462966643e-26,991767.0524936081,0.10025557742595353
RBMX2,24,90487.42661457378,1.9616839859943738e-26,819305.6897864952,0.09945934408969931
CEP97,9,37854.43586097957,1.1213099900709071e-26,343727.8848399417,0.09920385145581556
TRAPPC3,12,25979.292858569614,1.6751843932425757e-26,236561.34414632517,0.09895341595474706
TREX2,32,146265.07137297807,0.0,1337366.747178355,0.09858582806332375
ZNF253,4,13166.626266485328,0.0,120892.49111040002,0.09821507499165093
ADRM1,4,11185.495632281487,0.0,102743.97127614146,0.09817912727769053
ATP6V1D,9,24420.639943788352,8.11376907797458e-27,224497.19366703415,0.09810723317626763
ANAPC15,47,133244.67149771773,5.0242064708067035e-26,1226048.2932820611,0.09802498427504545
HS6ST1,11,25044.547359234584,1.0325875730927944e-26,230796.75679339195,0.09789094627306084
SS18L2,9,44421.45032668872,1.1643625848797596e-26,409442.13258194836,0.09787401324866987
SOD1,13,45421.14545324082,2.0754914435775916e-26,419474.2579237099,0.09770185965123863
METAP2,13,48907.881409780035,9.35729361778434e-27,451776.9266909182,0.09768197600264242
HAUS7,13,46743.56181363316,1.418242259724276e-26,432338.0692063642,0.09756909634400496
ARL4D,7,16348.816096759394,6.970250245971058e-27,151288.33034722073,0.09752502022111628
WNK1,6,18099.207700734005,6.691140619119056e-27,167602.70848265546,0.09746376382492562
USP7,34,123203.16130479387,5.00139918512552e-26,1145069.8546212255,0.09714246046214117
CPAMD8,23,99346.5244033184,3.5996567096407995e-26,928238.0392385122,0.0966796582183246
NPB,21,45864.92757310154,1.6389523029792571e-26,431660.9911150349,0.09604699091329343
LPA,7,24806.445143264653,8.81744724049964e-27,233548.76897687523,0.09601681633461906
SNAPC3,24,85439.66449655821,2.3795439196510885e-26,806230.8042634949,0.09581977590372555
GABPA,6,27104.510307616085,6.2602180632071246e-27,256068.35227953785,0.09571718864576564
SPC24,5,27537.31018574932,2.7341266469895117e-27,261127.32750806358,0.09539550949416324
PELO,18,44825.935343043704,20543.166831140563,405178.06391836604,0.0952634264388005
ALYREF,35,157141.40968833544,5.616778517073323e-26,1492689.2605183262,0.09524699263146293
NOMO3,16,53978.6075712532,0.0,513167.59914286213,0.09517582403308307
NPEPPS,12,34177.75403417432,1.2470134853636346e-26,327435.7642856819,0.0945145916916282
ALG13,10,34883.018476377474,1.7728687968300333e-26,334782.1281801308,0.09436382843198
GTF2H2,12,21930.749641000242,1.1483502439313592e-26,212157.7564654026,0.0936857174483903
NCOA4,8,21119.556206841175,0.0,205993.74134979877,0.09299127983280747
GTF3C1,12,28983.859465418936,1.3720609910288926e-26,282738.86505377817,0.09297961677360482
PSMG1,4,10136.916497562253,0.0,99076.91485442912,0.09281714936720256
MCMBP,8,19295.97058728575,0.0,191263.31188571622,0.09164150998548301
PPP6C,5,12339.426136255564,6.736715831742806e-27,122512.41177499466,0.09150358146676864
CADM4,40,145681.76440996575,5.003093942625692e-26,1449355.2056028876,0.09133441239847362
SLC39A10,11,29732.439865515094,8.052031220127216e-27,297332.4598094502,0.0909068502766973
ARPC3,9,26886.338988846455,6.719901344149013e-27,269655.5179805225,0.09066625286434238
SF3B3,45,107694.91916854156,3.7119233788045585e-26,1083313.6649984783,0.09042329383701492
NUBP1,10,26793.28694033854,1.0018109642459517e-26,269558.0212563587,0.09041055733270133
SRP9,15,49872.77348700413,2.6000453037899264e-26,501811.53531177103,0.09040092801550939
MKRN1,11,26800.3987883898,1.0024913038574022e-26,270760.0036496651,0.09006708745115713
CUL3,5,15446.484265701532,6.492570141591008e-27,156163.27003340278,0.09000936064962453
UBQLN4,9,27869.498211904567,6.238956133658829e-27,285977.68816937227,0.08879957960829812
PFN1,32,129458.98015878862,0.0,1329773.29490933,0.088717185310848
VPS54,38,126699.4815847626,5.446104594822192e-26,1303308.2654731744,0.08860055607770728
ACOT12,17,47637.317784173894,2.0085517691527648e-26,490277.3737812567,0.0885592428151396
AHCTF1,38,115924.9485162046,4.677747651681033e-26,1208540.9534224707,0.08752580821183881
PSMD1,36,148370.6878771451,4.9184309841488957e-26,1548753.4247334416,0.08742477157366832
AAAS,23,79429.94080759988,5.289741433622741e-26,831487.7888628619,0.08719771085840523
BCAR1,20,63767.028927089326,8837.291592792864,658910.9441111219,0.0871711528251637
EMC7,17,37409.554195163706,2.507916839642275e-26,393001.1493737051,0.08691594768664462
CA5A,17,47406.71919710339,1.4435628718695701e-26,498181.3171768846,0.08689105338924107
SPC25,19,96948.40206499377,1.8703318480306858e-26,1024773.8674329036,0.08642816916560779
RPE,5,18439.306132626036,5.5655829466874025e-27,195220.28517807508,0.08630226248917526
TIMM8A,14,25312.328154983406,1.6584467778432775e-26,268349.01106018823,0.0861956436711492
DYNC1H1,37,138406.4459752966,3.062221236825583e-26,1468710.3446245654,0.08612096319623162
ARHGAP11B,23,126817.52531608389,1.829895125990841e-26,1346537.993874613,0.08607394730210385
CDC37,16,53033.560389176135,0.0,566028.2995718447,0.08566762680633465
RNF113A,16,70302.5104266351,0.0,755375.311521711,0.08514520864898947
MTG2,8,16087.208889698644,0.0,173794.9172096287,0.08472208111511995
VARS2,7,26236.945247146832,9.34429987972708e-27,284678.1716743275,0.0843862000244051
SIGLEC14,4,10443.794035719719,0.0,113687.85821192029,0.08413481853028566
HMGB1,10,25577.301681404984,10532.783356963128,269473.95416819956,0.08369973035180454
C19orf53,11,26782.594952739288,1.5992344071042455e-26,293349.90183266916,0.08366096919767638
EARS2,18,43456.696068227786,2.5478080391402645e-26,476129.0368583705,0.08363720039704574
BAP1,19,61174.96490624569,2.7509628532111656e-26,670342.6160551052,0.08362747047835863
GEMIN5,11,29813.832287967904,1.562784948122996e-26,329189.03363037383,0.0830462236330707
DCUN1D5,16,51741.151505208545,0.0,572034.4811432401,0.08294833718579889
HSD17B12,10,25055.253672703373,9.701412312780254e-27,278404.25312650955,0.08256539377189932
RRP1,4,13891.570928167459,0.0,154603.92826455735,0.08244475962101698
ISCA2,25,72025.82834363973,3.101189838853663e-26,801962.7587283781,0.08241049071926235
MOB4,7,29053.796094214573,7.571328551975445e-27,324612.8965186916,0.08215021855624502
MSRB1,20,62128.20173796651,2.8562649688686946e-26,694701.3898529882,0.08209008002364827
OLFML3,16,75316.28783118009,0.0,842596.2185799193,0.08205170678592834
EIF2B1,16,29607.269257081745,0.0,331738.404068614,0.08193613883511341
RTCB,14,45911.76317041738,1.66865409039088e-26,515549.14445098606,0.08177196764227077
GTF3C6,25,71703.06223293989,4.3407839991278926e-26,808197.7632440706,0.08148993631648015
CHEK1,36,95589.49860082308,3.0402332628942474e-26,1081785.6634463044,0.0811886488539639
BANF1,10,31519.990422242296,1.2550016203164075e-26,358595.0484529047,0.08079665555351738
KLC2,7,14302.740468135395,7.317778549000446e-27,162775.23832769296,0.08077085906106096
SEC16A,13,31042.5435959161,1.0911963478970962e-26,353470.99394497124,0.08073199137394527
RBM4,12,34961.78446600351,1.1268991643896367e-26,399233.10673144663,0.0805209484837182
GOLT1B,35,81018.19276262459,3.9355264626255693e-26,930963.0157058474,0.08005898932178511
DPH2,11,25494.403546824145,7.792352046403121e-27,293811.82648852724,0.07984311344004025
CEP85,6,22202.501910523522,5.9511029287308615e-27,256694.8573067445,0.07960814678502287
CUL1,22,52368.57766306175,2.2663985264094284e-26,609986.2895805486,0.07906423014749414
HIST1H2BM,11,56671.90547763344,9.94937118314416e-27,662508.3688692981,0.07880069504005192
CDC27,45,130408.57024026071,3.8101479409686466e-26,1532279.8887360455,0.07843235426109316
BUB3,43,115073.97664512241,6.187295592213988e-26,1353841.6043477762,0.0783394077468627
TAF1C,8,23170.534385423274,0.0,274551.57950807456,0.07782604416718576
C1D,11,19132.5773497798,6.530606728580774e-27,227007.56933436354,0.07773042149979488
AP2M1,19,33469.13848105067,1.3690698311803677e-26,398043.713869608,0.07756232125816909
NASP,19,43667.69516959756,1.8943285606584118e-26,522375.00316644827,0.07714558512628866
MANF,7,12755.635391566266,4.6237068021465076e-27,153704.59815645468,0.07662872458896607
IGBP1,36,133332.80466189157,4.4594495167598194e-26,1607749.9923960252,0.07658039289527037
NUBP2,12,29435.549609393827,1.3857512019315406e-26,355051.28914644406,0.07655801614599972
EIF5A,10,35374.20071189409,9.329860563369226e-27,427242.372208092,0.07646548520433658
NOLC1,8,17663.179955449665,0.0,213564.95809578456,0.07638854035807682
DNM1L,13,44559.17415843014,1.6494105029837593e-26,541661.7011118744,0.07601089629891472
CHTOP,12,54250.103589059545,1.6520900573092292e-26,659901.9472215371,0.07596436014919104
DHX8,7,19114.225637792682,6.548586521458847e-27,233417.5985094765,0.07569036378815298
HIST1H2BB,10,43768.691658436845,1.5736225971112194e-26,535247.1899303419,0.0755915218393296
BRK1,15,58747.8638747739,1.6644258692331402e-26,721236.6588655546,0.07531926873160812
PTCD1,14,47533.67986145816,139002.69544535293,444757.2901786227,0.07529567055754804
CMPK1,13,30557.194025760524,1.1831930933672293e-26,379111.6263472374,0.07458999197922511
ASF1B,34,79543.85650186261,2.622235892319809e-26,992416.1184551925,0.07420412922138188
UBTF,20,39177.532536108076,2.5063139766573715e-26,490539.6653436157,0.07395933659115148
SRSF6,20,44528.86633398678,2.4885841934789155e-26,559381.3052617252,0.07373425457684898
SF3B4,26,82099.88471153207,5.495512722337422e-26,1031873.4059393711,0.07370004774850614
ATP6V0B,9,21394.90098094051,6.86075848506452e-27,269979.23665373214,0.07342759091325264
PSME1,5,13117.499102607366,5.8900708941033026e-27,165875.57955845553,0.0732849515787499
ANAPC13,7,14634.356036581838,9.739043548731851e-27,186452.73453190745,0.07277620853337399
PPP2CA,15,23318.841581178764,1.5391020369974988e-26,298529.01548667793,0.0724529962499093
UBE2L3,19,43678.373082129845,1.876084229779644e-26,559487.6001430448,0.07241518093034698
CBX1,9,21534.681734574184,8.498671061732701e-27,275890.95696086437,0.07240358238458898
PTPMT1,17,29925.317916854903,2.6533526208724505e-26,385886.131681789,0.0719684798139635
ELP5,16,54379.62705668976,0.0,702070.0308562164,0.07188796569321834
SPATA5L1,15,29127.369417841506,9.340604026125013e-27,377119.1729419836,0.07169875034171366
OR2A1,18,41104.05973019803,2.2654112708646666e-26,535290.6376464523,0.07131234884233886
BUD13,15,63504.89614464827,2.328215256454842e-26,831673.6166210457,0.07094104163475401
TRAPPC8,11,45487.842239516656,8.32394378048744e-27,597706.8120165076,0.07072173554074686
TMEM127,10,21796.428743316,8.95979157538532e-27,287881.41803920036,0.07038420400353472
HAUS5,14,33569.78741626373,2.0385549253453627e-26,445357.6271115229,0.0700936851764122
IPO9,19,30703.705259729333,3.8577188413500787e-26,407998.4929336463,0.0699875801538506
UQCRC1,23,85167.88892862512,86419.54152078627,1051657.450708581,0.0696245618849436
PRKRIP1,8,19559.570045413453,0.0,262052.4908581764,0.06945572566265082
LTBP3,6,14764.895864123111,3.1231405436069908e-27,198556.6265833301,0.06921428130984815
CWC25,11,21666.521584349946,1.5184650568193814e-26,291592.30826280144,0.06916491897426069
ZNF284,23,51953.08907567574,1.8879245846863092e-26,700037.7216974669,0.06908739885034144
SRRM2,10,20029.73964150839,1.453485568379965e-26,270174.06878085673,0.06901956163289537
ACTR2,22,48572.32126521676,2.3281580973417516e-26,658327.4604058744,0.06871175027157761
METTL1,18,41219.385276749636,2.1385308475067052e-26,560183.8026144993,0.0685386877001445
RTTN,8,14132.311331666468,0.0,193018.16455534898,0.06822244202506467
NUF2,46,84016.78995888069,5.039305975307055e-26,1151764.6376220512,0.0679867718382411
TWF1,9,19160.269389646935,1.2399933665623193e-26,264084.9500674042,0.06764551728842941
ZNF718,25,92759.4083202896,94478.07834625232,1194784.7325863698,0.06711860853469716
SLC4A5,13,46161.51192389069,109295.58787487564,533095.5421048111,0.06704136926447955
GAR1,10,27672.977068408778,7.445038760680234e-27,386768.5979050177,0.06677172064647022
DYNLRB1,15,34025.16830099551,30423.849852802476,445558.73621990613,0.06671500189791985
FOLR3,26,83144.6319752754,66358.23134474487,1097804.696497517,0.06665928649341166
SRP72,24,52977.641344659096,3.0824287994179303e-26,742371.8218264052,0.06660926271759439
PNISR,8,16449.591423601873,34604.86493259507,197632.2952025404,0.06614582932342755
DDB1,7,17778.362718297147,16642.21615354157,236153.02356659554,0.06570619808465017
TTK,22,88791.07876357455,1.7602593898260053e-26,1262972.6762911861,0.06568535251189478
DDX19B,19,25548.0688505656,9459.443557236733,354082.7241456205,0.06566103811000613
ESPN,44,67134.08303688985,12790.58169068995,942570.9284520267,0.06565708789817484
CCDC115,21,48273.11645827329,2.1884340227601176e-26,688411.4909432739,0.06552752151092646
SLC16A5,16,41716.66490205158,0.0,596212.9637303388,0.06539383504021411
EFTUD2,7,15270.40082935377,9.095692677938276e-27,218656.99450730393,0.06527837753836956
DCAF6,7,8310.140067987668,7.71212790276449e-27,119156.74238632337,0.06519450313665855
CCDC137,19,45751.28566021314,2.2356403641276556e-26,656848.8586244647,0.06511710256876313
PPP1CA,18,29713.965508528774,47228.39539197334,380711.2728527662,0.06492675533861982
METAP1,4,14711.146865623523,0.0,212060.5726931037,0.0648720523628334
UROD,18,31426.01724882073,2.3140882801300782e-26,459503.301383676,0.06401332341763405
NAGLU,26,46424.40899014508,3.847560186840162e-26,689917.4751728603,0.06304735611083075
GLRX3,9,22001.654003409996,1.192471783858945e-26,327087.45126809104,0.06302589703078358
DRG1,22,42415.16977925869,2.4185066792383043e-26,633340.257347501,0.06276704274444897
PSMG2,11,27371.032783558952,1.3159516444278737e-26,409309.93436227343,0.06267970175677069
CDIPT,25,45146.95223714978,2.147234992096748e-26,675656.6602082943,0.06263419252850491
DNAJA1,26,34332.068460614304,2.780925537043009e-26,516143.0581884122,0.0623680649652747
EDC4,9,20700.934489148454,1.1753783591502292e-26,311595.60049900855,0.06229657041078154
KLF7,16,32557.12869710346,0.0,492016.576128905,0.06206397384692027
RAD17,5,13966.45877006885,6.53621211857611e-27,212277.2989233482,0.061731907710774504
GEMIN7,9,22599.00377698782,1.4190488468187457e-26,344335.29005241266,0.06158869355366065
RINT1,9,14929.962382992235,8.836146303736362e-27,228334.8018964464,0.061373304215328786
RHPN1,23,59700.01124644389,3.4420742485536414e-26,918420.1865021049,0.06103545493065397
C9orf16,21,42869.11945381934,1.7460267953368651e-26,660841.2149357778,0.06091870100359445
VPS33A,16,36187.95254590523,0.0,558044.8657038823,0.06089860982853612
CRNKL1,27,45013.991239517025,2.0382806644316505e-26,697222.1104452711,0.06064645890618981
WTAP,12,19671.637893964842,1.2158475320949953e-26,306109.4209985752,0.06038300065951224
PSME2,8,15215.362565895248,0.0,236885.01336713793,0.06035438269214239
COG2,37,54126.25136786708,4.451792078553647e-26,846899.1316209324,0.06007183858497349
DICER1,13,25776.42353610823,1.5601110220303694e-26,404300.17894432385,0.059934493965597725
CDAN1,8,16956.67144865269,0.0,268103.80292599124,0.05948447074555554
C16orf86,16,32109.55233480344,0.0,507705.02321250347,0.059482558992128405
SACM1L,19,34246.726778825774,2.5404067567297282e-26,541500.9380144303,0.0594821809500927
VCP,23,38088.97564992665,2.851023524357518e-26,606659.0170727775,0.05907575685358994
NUP107,41,65048.800809794324,6.018959664556938e-26,1036245.2610809095,0.059065787295827614
LENG8,5,20645.08159281307,4.6648716858679075e-27,330733.5683584107,0.05875451338799012
GNPNAT1,4,6378.298409160729,0.0,102946.87489591134,0.05834244955973751
NDC80,23,56257.79679417352,1.9017448111551225e-26,916405.1152327058,0.05783894512533736
POLR3E,23,30020.40722657289,1.8136163053986008e-26,493956.76436255884,0.05729334950896088
ACIN1,7,17030.19450735732,8.046330012115701e-27,284256.9068107733,0.05652480452316161
CEP152,13,24845.9685613274,1.886351259028357e-26,415260.7247299793,0.0564544210303156
TUT1,14,42765.04677868964,1.329117522331587e-26,726105.1725857845,0.055620631026700444
PTK2,13,22081.735422291276,1.590142822469631e-26,376397.0561671027,0.055415083282638146
ELOVL1,17,23504.28045422313,1.427585546404542e-26,401234.2089668866,0.05533823997504417
SMC6,6,34571.82215481439,9.23298630602461e-27,590669.5371277663,0.05529356246439465
PPP1R15B,9,14929.16654293827,1.368312785793122e-26,255910.38544212488,0.05512181080465536
CYS1,15,26709.934959032,1.4715005167429254e-26,460698.3093381557,0.05479992444023195
SBDS,5,8972.911062649908,3.865715086572293e-27,154831.27861977188,0.05477827569640492
SNRPB,30,61065.03840691041,3.291901900357934e-26,1054504.0495266074,0.05473891224435718
MBTPS2,22,39735.90071188085,2.16359645778788e-26,689566.2185203767,0.05448482825431957
RGPD6,19,32742.215626977624,2.3394472907565955e-26,574811.5632222521,0.05389188046693545
GAK,12,15621.780577910355,1.7661657726975385e-26,277785.4174446134,0.05324266304029504
RTEL1,9,12619.323358841293,8.466882523389315e-27,226468.66806967498,0.0527810839994207
TRAPPC4,18,29549.175453280077,2.535493158717847e-26,532188.7405816178,0.05260313503823434
TLCD1,13,20455.307866742118,1.484341842919125e-26,369023.31418766006,0.05251971920524288
BGLAP,23,55844.74829321896,3.583334167560395e-26,1007660.7902604972,0.05251006813670517
ACTR3,8,17398.676692977897,0.0,314798.5797246595,0.052374534578047006
PPP1CB,14,21689.482561996265,2.154950495903646e-26,393432.18844122346,0.05224849502455399
ZFP69B,8,11977.652473380986,0.0,218048.86148629268,0.05207074726820756
SRSF11,48,72397.54626576904,49374.40302339466,1285207.2669875713,0.05145601685386186
SMARCB1,6,21736.474821802793,68095.51544271025,335424.57376535813,0.05111379026303745
HMGCS1,23,34870.42807915262,1.514356232287437e-26,653178.8080545664,0.05068013486229018
BRF2,11,26043.550507933644,9.030360538099149e-27,489270.5262057078,0.05053917927882643
TSSK3,21,26251.57191129561,2.0942964704819123e-26,495610.70906955,0.05030363923208918
MIS18BP1,4,11555.97866558456,0.0,218815.37258133755,0.05016239477276997
DPM2,10,13130.46053016085,9.131649221119833e-27,253113.61532930343,0.04931738100753724
KDM2A,7,16726.548146812544,6.616561556807576e-27,322564.8464131439,0.04929847445292864
LIN54,26,34392.233180527495,20263.49737691754,665792.3755940283,0.047737280293851686
GON4L,13,17161.993552681204,22552.96336276206,322248.91166386,0.047413554341878064
RHOQ,13,18069.935963450775,1.3328616995403244e-26,364847.91375791084,0.047190111342680294
DCLRE1B,6,16712.97533896401,7.050811173894241e-27,338371.1425604026,0.04706765100572757
ZNF468,21,29489.34390117441,2.459327309933417e-26,600232.7381176971,0.046829140573620025
GTF3C5,11,24509.00821481322,1.62444943009429e-26,499409.7929420569,0.04678016547735001
DHFR,5,9523.943198895524,4.4711178371552045e-27,195992.44501900527,0.0463415267341
ATP2A2,17,22167.521363896565,1.7984038249918793e-26,459673.6912312597,0.04600586414039629
CACNB3,24,33029.89008300366,10529.704438020693,681515.2389124167,0.04555376708718117
PYROXD1,4,12617.32160056919,0.0,265054.75347602204,0.04543964889911566
HIST1H2BL,24,33761.541818597936,2.683615373017269e-26,723388.6378681611,0.04459028436414747
SLC1A5,43,57964.33593312787,23525.55730880305,1227644.538350061,0.044276840127594454
TMEM240,15,25517.47200434991,2.585484927465193e-26,551623.4598076771,0.04421358908686947
C1orf109,15,20436.89248439122,1.694588781575597e-26,446157.9158432584,0.043800085469532575
NSF,13,14947.822800828619,1.711262896483495e-26,327001.2939627868,0.04371358798145935
GAPDH,5,11687.276238041643,43854.31305099371,212805.5807707683,0.0435528209052364
TTC4,4,18350.528441715345,0.0,405173.1937693602,0.04332821865541175
COG6,19,25795.118100984182,1.4731172911754613e-26,575370.019510888,0.04290853957941616
KIN,12,12271.35278762177,1.1763351306861459e-26,275055.72150654014,0.04270865464999136
ZNF492,13,18822.351963723388,9.737114991533309e-27,425510.6620654293,0.04236091258005972
INTS6,8,13397.191966728938,0.0,303173.61224613024,0.042319733179566346
PSTK,35,38520.849713111376,13315.03295367505,865560.8241030345,0.041989304549331065
ABCF1,25,37278.35662919424,56882.0641860881,795635.725379239,0.0418953900717892
ZNF687,22,26100.378595933093,2.4509886111502565e-26,601545.6926246425,0.041584548669564694
NCL,19,26197.375293251684,29266.995346030802,579900.747329778,0.04123200117908799
TMEM258,20,28220.9638651447,2.3143895919100014e-26,661688.1077517162,0.04090533814696256
PNKP,13,16561.80549464502,1.1759923418613481e-26,388815.12976035406,0.04085532267450528
NDUFB3,9,17226.443102213572,1.0939992454017329e-26,411099.550144121,0.04021806608478807
DSN1,28,43069.36497909015,2.3873387955844441e-26,1030550.5025353308,0.04011602829109497
SEPHS2,11,12979.47518083292,7.872266852708007e-27,311031.97584013344,0.040058692802165924
TUBD1,17,26121.943599309718,2.712727698004998e-26,627880.1745286891,0.039941680424645395
TBCA,10,16788.291778232444,5.1037118284542425e-27,404482.61571852246,0.039851533726813944
CKAP5,26,36970.78035560297,8282.903547739748,888848.1913649322,0.039578959570105696
RNPS1,5,11471.723920384076,4.463270105966065e-27,279031.01612096414,0.039489210734298986
NDUFB8,19,28818.43740329674,1.4293792247306082e-26,716835.1162702442,0.038648561736639844
NXF1,26,32763.09931032088,5.555736117253058e-26,815855.0762170225,0.038607586138443735
SPRTN,10,27400.10369041718,8.515409288920462e-27,690252.8221325872,0.0381801602201994
LTB4R2,18,28125.17088139405,1.787714834560471e-26,710109.0177781377,0.03809789808361906
PSMG3,39,42519.00941558533,17201.84925072612,1063052.3276853196,0.03786963380711622
HAUS8,6,7662.6082665507965,4.376031205917022e-27,194995.28896756005,0.03781055843927432
DNAJC8,35,34662.86623604913,4.531773888254003e-26,882959.0016484756,0.03777467326052344
LCE1C,13,20134.061784732814,9.773791993060035e-27,528134.4076548836,0.0367229977775519
VPS41,35,42272.14654666337,2.8642851141212815e-26,1113358.5372219356,0.036579287085741534
PC,21,21238.639542373196,1.7275464423286733e-26,574269.9660437827,0.03566470634201519
UBE2H,15,21963.1215117181,2.0506957827178798e-26,598321.1363270591,0.035408155590217635
WDR26,23,35456.100845171015,2.649799599011768e-26,966921.5923292631,0.0353719970891261
ZNF506,16,21103.336993655237,0.0,605579.382422028,0.03367467514236218
CHORDC1,31,30374.47761829353,3.912568320783384e-26,873365.7200890436,0.03360974502998688
PRODH,35,44105.825686409094,10603.209563473758,1262865.4480179783,0.03347501507240592
VEZT,19,22777.728553431913,1.3685425296805408e-26,660283.8306457923,0.033346523818636495
FAM72D,7,15941.481969379241,6.2064036249530435e-27,464345.3296656573,0.03319158799116258
COPA,26,35461.24223852468,3.909585957738688e-26,1033298.4553114108,0.03317980863220924
DCTN1,15,12687.633215406195,1.2837405716785039e-26,377672.63387717365,0.03250236841445016
YARS,18,13730.350705297313,1.370381332454833e-26,409229.28767809924,0.03246255542910995
ELP2,16,15097.134775396942,0.0,454090.97847274935,0.032177146754381436
DCTN5,10,14544.068611915965,9.79604353210371e-27,437774.4025479141,0.03215448746681121
PMF1,31,38170.23402251003,3.778915629168546e-26,1218935.3933058956,0.03036358536046745
PPP1R12A,14,13614.949744673584,9.986305715439103e-27,438812.68792192504,0.03009309911943679
FGFR1OP,6,12011.90942973623,7.327414115225028e-27,387654.5772635507,0.03005483279100767
PXN,12,18943.56026597882,1.2700222732944114e-26,636296.9232060324,0.028910851426029144
SLC7A5,42,34085.76985560571,4.594151302154312e-26,1185216.064100291,0.027955153438109746
KRT8,30,27634.950798641283,113255.09546443536,905394.0529166602,0.02641247326639721
JMJD6,19,17955.79633739633,1.6091885354931953e-26,670688.3952117107,0.026074127332730002
PPP2R1A,53,37036.24692016846,164925.58392654665,1237142.6696514406,0.025735620246721564
CIAO1,27,23454.369508358563,2.4907986225218273e-26,888996.2324991142,0.025704810163702952
SF3A1,31,30247.86570758863,249638.96161579344,997951.274441513,0.023671125212037094
UNC45A,12,15288.814973628621,1.758455903285245e-26,649119.7261835464,0.0230111656105454
C6orf15,15,12456.872927047494,2.2625512665824404e-26,533719.356387258,0.02280742415810812
TMED2,6,11502.315906417267,6.643468468416337e-27,497726.20120912185,0.022587729319580703
ZW10,16,15974.680043764944,0.0,726166.7395821438,0.02152511586244209
GARS,27,18508.146105360163,3.0810591228683927e-26,856879.5918724198,0.021142797988141292
XRCC1,28,17866.503674580734,3.0547124088064745e-26,828645.6923706534,0.021106020395276173
CCNB1,13,14356.79780256181,1.1957676451596427e-26,719761.7138779025,0.019556512435162262
CDC20,7,11054.902185489995,5.2243078867847984e-27,559168.0223201269,0.0193869830734613
ANKLE2,8,8834.478794356766,0.0,464145.2326466261,0.018678346196798992
ARCN1,41,24440.66133100636,3.8844363934573257e-26,1299321.3200992604,0.018463033138781712
KATNB1,16,11308.796028201672,0.0,614352.8973265975,0.018074937539429473
CRCP,10,8920.055094675856,6.521587189172243e-27,533461.2195552171,0.016446097075223976
