target_gene,n_pseudobulk,median_log_expr_target_when_perturbed,median_log_expr_target_in_controls,log_fold_change_on_target,abs_log_fc,batch_drift_log_std,snr
BUB1,46,0.16025641560554504,1.2000000476837158,-1.0397436618804932,1.0397436618804932,0.33989669582796317,3.0589990271831113
TIMM9,22,0.0,0.8333333134651184,-0.8333333134651184,0.8333333134651184,0.19697207811390743,4.230717985232446
SMG5,1,0.0,0.25,-0.25,0.25,0.07420044164016712,3.3692521833275295
RPL3,48,34.65912628173828,43.45000076293945,-8.790874481201172,8.790874481201172,7.829884053888975,1.1227336727719344
PSTK,35,0.0,0.20000000298023224,-0.20000000298023224,0.20000000298023224,0.10528634139582006,1.8995816582546041
RNF8,11,0.0,0.8571428656578064,-0.8571428656578064,0.8571428656578064,0.1899512829261058,4.512435254208045
MED1,25,0.0,1.0,-1.0,1.0,0.24442714786508205,4.091198578940078
RPL10A,31,9.333333015441895,28.816665649414062,-19.483333587646484,19.483333587646484,4.677337111384976,4.1654755951249784
LIN54,26,0.0,0.1666666716337204,-0.1666666716337204,0.1666666716337204,0.07555180356891326,2.205991965257299
NUP98,46,0.3229166865348816,0.5,-0.1770833134651184,0.1770833134651184,0.15113871946414878,1.171660803353067
ANAPC15,47,0.8999999761581421,1.0,-0.10000002384185791,0.10000002384185791,0.2539615544883019,0.3937604809647051
RRM2,46,1.1124999523162842,1.399999976158142,-0.2875000238418579,0.2875000238418579,0.30035670510943313,0.9571952913024167
RPS20,26,5.449999809265137,13.071428298950195,-7.621428489685059,7.621428489685059,3.847656960377218,1.980797292526272
WTAP,12,0.18333333730697632,1.1428571939468384,-0.9595238566398621,0.9595238566398621,0.22037689797621024,4.354012899952167
CIAO1,27,0.1666666716337204,1.1428571939468384,-0.9761905074119568,0.9761905074119568,0.1916819298582409,5.092762307505471
POP7,21,0.1111111119389534,2.0,-1.8888888359069824,1.8888888359069824,0.4317653628245801,4.3748039989822205
MRPL2,9,0.0,1.0,-1.0,1.0,0.22678935199514688,4.409378091178634
MED10,47,0.1111111119389534,1.1666666269302368,-1.0555554628372192,1.0555554628372192,0.25295638134187415,4.172875407363695
TRA2B,23,0.375,2.200000047683716,-1.8250000476837158,1.8250000476837158,0.4426973290262458,4.122455519887536
PSMC4,20,0.5714285969734192,1.6666666269302368,-1.0952379703521729,1.0952379703521729,0.3252335938115666,3.3675425638432985
NAA38,43,0.8888888955116272,1.0,-0.1111111044883728,0.1111111044883728,0.29676335601520554,0.37440978556220295
CHORDC1,31,0.09090909361839294,1.125,-1.0340908765792847,1.0340908765792847,0.24919378948700213,4.149745781016836
PPP4C,13,0.2222222238779068,2.0,-1.7777777910232544,1.7777777910232544,0.3986705688667097,4.459265192504419
TUBGCP2,25,0.0,0.5,-0.5,0.5,0.1181466439276164,4.232028802327466
RPL5,20,14.871429443359375,39.20000076293945,-24.328571319580078,24.328571319580078,6.669086569997403,3.6479615407945665
RPL13,38,19.40909194946289,50.79999923706055,-31.390907287597656,31.390907287597656,8.528289768887001,3.680797456263541
KIF11,47,0.5833333134651184,1.0,-0.4166666865348816,0.4166666865348816,0.2539235365677397,1.640914001777565
ASF1B,34,0.0,0.4000000059604645,-0.4000000059604645,0.4000000059604645,0.14073672278598823,2.842186446026073
CNOT3,39,0.09090909361839294,0.4285714328289032,-0.33766233921051025,0.33766233921051025,0.11150462760383688,3.0282361052331006
WDR36,30,0.14835165441036224,1.0,-0.8516483306884766,0.8516483306884766,0.2858816029639696,2.979024609694147
RPL31,35,1.0,5.400000095367432,-4.400000095367432,4.400000095367432,0.9730928297298768,4.521665313872304
MED12,46,0.0,0.20000000298023224,-0.20000000298023224,0.20000000298023224,0.07717624965956851,2.5914708717053565
CKAP5,26,0.612500011920929,2.0,-1.3875000476837158,1.3875000476837158,0.44000340591539744,3.153384789822514
ELP5,16,0.0,0.4000000059604645,-0.4000000059604645,0.4000000059604645,0.12160683102048478,3.2892889536204106
TUBD1,17,0.0,0.20000000298023224,-0.20000000298023224,0.20000000298023224,0.08212888203463582,2.435196949300822
EIF4E,43,0.125,2.0,-1.875,1.875,0.3429459628407126,5.46733364192095
FBXO5,39,0.3333333432674408,0.8333333134651184,-0.4999999701976776,0.4999999701976776,0.21070386933658766,2.372998520492073
SFSWAP,15,0.20000000298023224,1.0,-0.800000011920929,0.800000011920929,0.21556398121681317,3.711195197848443
SUPT5H,42,0.09545454382896423,1.0,-0.9045454263687134,0.9045454263687134,0.17403102171135043,5.1976102735810015
EIF4G1,46,0.8541666269302368,3.845238208770752,-2.9910717010498047,2.9910717010498047,0.7363132865775996,4.062226983506398
RPA1,45,0.3333333432674408,0.625,-0.2916666567325592,0.2916666567325592,0.18307970208015562,1.5931130180934108
BRF1,11,0.0,0.0,0.0,0.0,0.04244251164195379,0.0
NUP205,48,0.7071428298950195,1.0,-0.29285717010498047,0.29285717010498047,0.23349446526013126,1.2542360255893623
PRPF40A,7,0.800000011920929,4.599999904632568,-3.799999952316284,3.799999952316284,0.8738791948836018,4.3484270761503065
HSPA9,46,0.8444444537162781,7.333333492279053,-6.488889217376709,6.488889217376709,1.1923201135477053,5.442237486096963
SLU7,26,0.0555555559694767,0.5714285969734192,-0.5158730149269104,0.5158730149269104,0.13706994235217837,3.7635750484337454
NOP16,10,0.0,1.4285714626312256,-1.4285714626312256,1.4285714626312256,0.35789459855924305,3.991598276090638
PMPCA,7,0.2222222238779068,1.399999976158142,-1.1777777671813965,1.1777777671813965,0.2677072633643277,4.399498737464352
NSUN4,8,0.0,0.4000000059604645,-0.4000000059604645,0.4000000059604645,0.16744045687693776,2.3889089496121536
POLA1,27,0.1428571492433548,0.4000000059604645,-0.2571428418159485,0.2571428418159485,0.13739331593791757,1.8715818892684768
MRPS28,14,0.0,0.800000011920929,-0.800000011920929,0.800000011920929,0.1903031034780802,4.203820102245867
SLC7A5,42,0.1111111119389534,0.5,-0.3888888955116272,0.3888888955116272,0.12832569299536686,3.03048350205027
RPS27,11,4.599999904632568,30.0,-25.399999618530273,25.399999618530273,6.132226157868534,4.142051999490984
U2SURP,38,0.3095238208770752,4.199999809265137,-3.8904759883880615,3.8904759883880615,0.6922150761955923,5.620328308609055
GFER,22,0.1428571492433548,0.6666666865348816,-0.523809552192688,0.523809552192688,0.17970305247739585,2.9148617398058723
C1QBP,25,1.2000000476837158,9.73214340209961,-8.532143592834473,8.532143592834473,1.7303626128279752,4.930841391036631
ZMAT2,41,0.1666666716337204,1.1666666269302368,-0.9999999403953552,0.9999999403953552,0.2794021114623444,3.5790708064499626
RSL24D1,12,0.612500011920929,2.7142856121063232,-2.101785659790039,2.101785659790039,0.5230677131046246,4.01819039319989
PMPCB,47,0.1428571492433548,0.800000011920929,-0.6571428775787354,0.6571428775787354,0.17883417528365933,3.674593385388462
RPS13,12,2.200000047683716,26.0,-23.799999237060547,23.799999237060547,4.161062254452254,5.71969314123936
SNRNP200,14,0.9375,2.4642858505249023,-1.5267858505249023,1.5267858505249023,0.4523218359759616,3.375441398336654
BCAS2,29,0.1666666716337204,1.2000000476837158,-1.033333420753479,1.033333420753479,0.2512838911804857,4.112215136032269
RAD51,27,0.0,0.20000000298023224,-0.20000000298023224,0.20000000298023224,0.08585781874011662,2.3294326121376674
SLC39A9,48,0.0,0.1666666716337204,-0.1666666716337204,0.1666666716337204,0.06515626653217735,2.557953064290635
SLC1A5,43,0.2857142984867096,1.6666666269302368,-1.3809523582458496,1.3809523582458496,0.29669755372467915,4.654411001741208
PCF11,48,0.25,0.6000000238418579,-0.3500000238418579,0.3500000238418579,0.12819148647133444,2.730290703978405
SAE1,6,0.0,1.399999976158142,-1.399999976158142,1.399999976158142,0.2372674305930434,5.900514759479971
PSMA3,41,1.3333333730697632,3.4000000953674316,-2.066666603088379,2.066666603088379,0.5965601524428316,3.4643054763642263
MAK16,23,0.10000000149011612,1.0,-0.8999999761581421,0.8999999761581421,0.21668782442529932,4.153440455388424
GRPEL1,7,0.20000000298023224,1.0,-0.800000011920929,0.800000011920929,0.22864451279419742,3.498881307687483
SACM1L,19,0.0,0.4000000059604645,-0.4000000059604645,0.4000000059604645,0.11484403635506481,3.4829845645948843
EIF3A,42,1.6124999523162842,6.166666507720947,-4.554166793823242,4.554166793823242,0.9530535582979315,4.778500383500563
RPL37,46,13.418182373046875,38.33333206176758,-24.915149688720703,24.915149688720703,7.18949579624458,3.4654933245437167
RSL1D1,8,1.100000023841858,6.612500190734863,-5.512500286102295,5.512500286102295,0.9921113253217331,5.556332384689429
PHF5A,25,0.1111111119389534,0.5714285969734192,-0.4603174924850464,0.4603174924850464,0.1285043329007001,3.582116509960409
NUF2,46,0.2142857164144516,0.6666666865348816,-0.4523809552192688,0.4523809552192688,0.17184964143240247,2.632423038236097
NIP7,35,0.20000000298023224,1.6666666269302368,-1.466666579246521,1.466666579246521,0.2733999497134502,5.364545899820868
BUB3,43,0.5454545617103577,2.142857074737549,-1.597402572631836,1.597402572631836,0.4066298110148548,3.9283951381849875
PSMC2,43,0.5714285969734192,1.600000023841858,-1.028571367263794,1.028571367263794,0.2522548182354535,4.077509299757875
CSE1L,44,0.16025641560554504,1.7071428298950195,-1.5468864440917969,1.5468864440917969,0.2394629157391265,6.459816290623437
ACTR2,22,0.21111111342906952,2.8333332538604736,-2.6222221851348877,2.6222221851348877,0.5011088581001543,5.232839417519928
RNF14,25,0.0,0.375,-0.375,0.375,0.09400538758875657,3.9891330658675095
RPS24,29,6.599999904632568,35.400001525878906,-28.80000114440918,28.80000114440918,6.184683950980088,4.656664976363948
RPS19,44,5.662393093109131,53.81666564941406,-48.154273986816406,48.154273986816406,9.737301185687045,4.94534091824117
SUPT6H,35,0.125,1.0,-0.875,0.875,0.24821253718499392,3.5252046891888407
ARGLU1,45,0.5454545617103577,3.2857143878936768,-2.740259885787964,2.740259885787964,0.5883677846857712,4.657392802788227
TRNT1,19,0.125,0.8333333134651184,-0.7083333134651184,0.7083333134651184,0.1978705279215919,3.579781794213448
PDCD6IP,27,0.1818181872367859,1.625,-1.4431817531585693,1.4431817531585693,0.41269201132037514,3.496994643877948
KRR1,45,0.10000000149011612,1.3693182468414307,-1.2693182229995728,1.2693182229995728,0.23809747182467808,5.331086522137577
INTS8,41,0.0,0.38749998807907104,-0.38749998807907104,0.38749998807907104,0.10338206097892198,3.748232376196063
DYNC1I2,40,0.3333333432674408,1.0,-0.6666666269302368,0.6666666269302368,0.1812510358966235,3.6781396786635194
HSPA5,45,2.222222328186035,4.9375,-2.715277671813965,2.715277671813965,1.4784772959739028,1.8365366037125086
PSME2,8,0.0714285746216774,2.0,-1.9285714626312256,1.9285714626312256,0.4478303676110286,4.306477635537039
MFAP1,16,0.1428571492433548,0.800000011920929,-0.6571428775787354,0.6571428775787354,0.15585156609017684,4.216466308708812
SRP72,24,0.1547619104385376,3.5,-3.345238208770752,3.345238208770752,0.517382718743149,6.465693745815797
NELFCD,18,0.1180555522441864,1.2000000476837158,-1.081944465637207,1.081944465637207,0.2716258492676053,3.983216135557398
PSMB7,44,1.8333332538604736,4.0,-2.1666667461395264,2.1666667461395264,0.8313519223726443,2.606196831729153
SRSF11,48,2.894444465637207,3.799999952316284,-0.9055554866790771,0.9055554866790771,0.6255201371637812,1.4476839878968977
TSR2,46,0.0625,0.4000000059604645,-0.3375000059604645,0.3375000059604645,0.11637459532567522,2.9001175472702445
DNMT1,11,0.1428571492433548,2.5999999046325684,-2.4571428298950195,2.4571428298950195,0.4254107439681967,5.775930356095363
NCBP2,48,0.2857142984867096,1.0,-0.7142857313156128,0.7142857313156128,0.20548968768078646,3.476017406893939
SNAPC3,24,0.0,0.1666666716337204,-0.1666666716337204,0.1666666716337204,0.08593527248211626,1.9394442679914108
COG2,37,0.0,0.375,-0.375,0.375,0.09922022681627195,3.779471303713051
ABCB7,19,0.0,0.4000000059604645,-0.4000000059604645,0.4000000059604645,0.12357727851807566,3.236841033863328
SFPQ,32,3.6875,9.166666984558105,-5.4791669845581055,5.4791669845581055,1.427056334640325,3.839488919643157
MRPL18,20,0.38749998807907104,2.3333332538604736,-1.9458332061767578,1.9458332061767578,0.4484164846180342,4.3393436078386785
CDK11A,32,0.1428571492433548,0.20000000298023224,-0.05714285373687744,0.05714285373687744,0.0908775643184904,0.628789450569054
VHL,12,0.125,0.6000000238418579,-0.4750000238418579,0.4750000238418579,0.1564211833750467,3.03667325353858
RPS3,32,2.7166666984558105,61.16666793823242,-58.45000076293945,58.45000076293945,10.213589640617519,5.722767686934946
DONSON,47,0.0625,0.5,-0.4375,0.4375,0.1411311927909227,3.099952543079046
KANSL3,16,0.0,0.20000000298023224,-0.20000000298023224,0.20000000298023224,0.07136791579919947,2.8023797632391503
DNM1L,13,0.1666666716337204,1.0,-0.8333333134651184,0.8333333134651184,0.22731484391988607,3.665987223248892
DNAJA1,26,1.0625,6.845238208770752,-5.782738208770752,5.782738208770752,1.066894789957995,5.420157885482246
WDR33,4,0.10000000149011612,1.125,-1.024999976158142,1.024999976158142,0.23674445821546963,4.3295627018447576
DSN1,28,0.0,0.4000000059604645,-0.4000000059604645,0.4000000059604645,0.09521164630805737,4.201166784431645
GTF3C5,11,0.0,0.75,-0.75,0.75,0.17515558595608677,4.281907401959949
RPF1,8,0.0,0.8333333134651184,-0.8333333134651184,0.8333333134651184,0.20611768290654167,4.042997678384393
GEMIN7,9,0.0,0.6000000238418579,-0.6000000238418579,0.6000000238418579,0.15842561353753296,3.787266531239979
PPP1R12A,14,0.41428571939468384,1.2000000476837158,-0.785714328289032,0.785714328289032,0.2564922305950225,3.0633065433065774
DPH2,11,0.0,0.4000000059604645,-0.4000000059604645,0.4000000059604645,0.10905296440760123,3.6679425280490916
CRNKL1,27,0.20000000298023224,0.4000000059604645,-0.20000000298023224,0.20000000298023224,0.11548120300629738,1.7318836119963688
RPS29,44,8.071428298950195,17.9375,-9.866071701049805,9.866071701049805,3.6359022682532833,2.713513998215784
HUS1,19,0.0,0.1428571492433548,-0.1428571492433548,0.1428571492433548,0.06355570590159562,2.2477470309989624
GARS,27,0.7777777910232544,2.200000047683716,-1.4222222566604614,1.4222222566604614,0.3469313385958431,4.099434379196502
CNOT1,32,0.20000000298023224,1.2000000476837158,-1.0,1.0,0.20151833229960922,4.962327687950697
TUBGCP6,12,0.0,0.0,0.0,0.0,0.04359865601978508,0.0
KIAA1143,20,0.0555555559694767,0.800000011920929,-0.7444444298744202,0.7444444298744202,0.184679689330447,4.031003260690932
SART1,36,0.22499999403953552,0.4285714328289032,-0.20357143878936768,0.20357143878936768,0.12034949523933486,1.6915022234578736
VCP,23,1.7142857313156128,2.200000047683716,-0.485714316368103,0.485714316368103,0.37320742635471815,1.3014594085447049
MRPS23,7,0.0,2.4365079402923584,-2.4365079402923584,2.4365079402923584,0.5443311094956114,4.4761504492184505
NUP54,34,0.0,0.8333333134651184,-0.8333333134651184,0.8333333134651184,0.17206123761905923,4.843236774282101
POLR2B,38,0.375,1.5714285373687744,-1.1964285373687744,1.1964285373687744,0.3201000244526274,3.7376708715179667
PPP2CA,15,0.2857142984867096,1.7999999523162842,-1.514285683631897,1.514285683631897,0.28911645446050876,5.237632311372778
CEP85,6,0.0,0.4000000059604645,-0.4000000059604645,0.4000000059604645,0.09737081558355065,4.108007143241373
SSRP1,45,0.6666666865348816,3.5999999046325684,-2.933333158493042,2.933333158493042,0.5876298679815882,4.991804056129002
SOD1,13,0.20000000298023224,6.0,-5.800000190734863,5.800000190734863,1.194587480682265,4.855232692897726
NDUFB4,15,0.10000000149011612,2.25,-2.1500000953674316,2.1500000953674316,0.43132632494805945,4.984625261688667
SON,46,2.0205881595611572,4.400000095367432,-2.3794119358062744,2.3794119358062744,0.6436909401461418,3.6965130117662666
TCERG1,4,0.18333333730697632,1.7999999523162842,-1.616666555404663,1.616666555404663,0.2641521863972191,6.120208874491764
SDE2,13,0.1666666716337204,0.6000000238418579,-0.4333333373069763,0.4333333373069763,0.18052924841780174,2.4003497555371527
PSMD7,41,1.5,3.5,-2.0,2.0,0.6554714331285536,3.051238999774613
UTP15,12,0.1339285671710968,0.4285714328289032,-0.2946428656578064,0.2946428656578064,0.1257873931075955,2.3423878846568984
METTL1,18,0.0,0.20000000298023224,-0.20000000298023224,0.20000000298023224,0.07808039943149696,2.561462344409498
BDP1,37,0.20000000298023224,1.399999976158142,-1.1999999284744263,1.1999999284744263,0.2901887468054801,4.135239362947497
MZT1,42,0.1818181872367859,2.0,-1.8181817531585693,1.8181817531585693,0.3341026546730974,5.441985353087267
NRDE2,46,0.0,0.1666666716337204,-0.1666666716337204,0.1666666716337204,0.07244302169390353,2.3006587485809735
COPA,26,0.7571429014205933,1.0,-0.24285709857940674,0.24285709857940674,0.22384540357031385,1.0849322555024945
SRPRB,15,0.0,0.8571428656578064,-0.8571428656578064,0.8571428656578064,0.16564188171632324,5.174674766891029
RPL17,11,2.142857074737549,28.866071701049805,-26.723215103149414,26.723215103149414,4.989935456220683,5.355422998474865
SETD2,3,0.4000000059604645,1.625,-1.225000023841858,1.225000023841858,0.4419694667367228,2.7716847339854342
RFT1,7,0.0,0.20000000298023224,-0.20000000298023224,0.20000000298023224,0.07222150329356268,2.7692583767923153
LSM6,47,0.0833333358168602,1.0,-0.9166666865348816,0.9166666865348816,0.2474866197538219,3.7039040229597124
SLC25A10,34,0.20000000298023224,0.20000000298023224,0.0,0.0,0.09646490104978236,0.0
RTCB,14,0.0833333358168602,1.25,-1.1666666269302368,1.1666666269302368,0.23146416329964478,5.040376921847354
CS,23,0.0833333358168602,1.0,-0.9166666865348816,0.9166666865348816,0.21157931227935525,4.332496767569486
RPS11,31,6.199999809265137,27.66666603088379,-21.46666717529297,21.46666717529297,5.558557001401553,3.8619136531082243
RPL21,29,10.800000190734863,33.0,-22.200000762939453,22.200000762939453,6.354655991448349,3.49350158258994
PHAX,34,0.1339285671710968,0.6666666865348816,-0.5327380895614624,0.5327380895614624,0.16138313607621282,3.3010765716554054
LSM2,41,0.6666666865348816,3.4772727489471436,-2.810606002807617,2.810606002807617,0.5501327786745137,5.108959349012928
NXF1,26,0.20000000298023224,0.20000000298023224,0.0,0.0,0.07955203151949433,0.0
SNRPG,43,1.6363636255264282,6.857142925262451,-5.2207794189453125,5.2207794189453125,1.3925733596473908,3.7490157217047795
RPS28,38,6.449999809265137,29.514286041259766,-23.064285278320312,23.064285278320312,6.0689212303324815,3.8003929204163938
PRPF6,27,0.3333333432674408,0.8452380895614624,-0.5119047164916992,0.5119047164916992,0.16742451958177473,3.057525371853738
TRRAP,43,0.09090909361839294,0.3333333432674408,-0.24242424964904785,0.24242424964904785,0.08177849999926766,2.964400785673726
CNN2,20,0.0,0.4000000059604645,-0.4000000059604645,0.4000000059604645,0.11453058151776985,3.4925170261045344
STAT5A,20,0.0714285746216774,0.800000011920929,-0.7285714149475098,0.7285714149475098,0.13544531426753592,5.379081726728561
FOXL2,14,0.0,0.4000000059604645,-0.4000000059604645,0.4000000059604645,0.14031320579616596,2.850765212659651
MKRN1,11,0.375,0.5714285969734192,-0.1964285969734192,0.1964285969734192,0.12451806823321264,1.5775107963088837
UBE2N,15,0.5714285969734192,3.0,-2.4285714626312256,2.4285714626312256,0.584014085591858,4.158412481044932
AAAS,23,0.0,0.4000000059604645,-0.4000000059604645,0.4000000059604645,0.10406645806848107,3.8436977041848004
STARD7,6,0.10000000149011612,1.7999999523162842,-1.6999999284744263,1.6999999284744263,0.32083905588791317,5.298606566989557
IARS2,23,0.1666666716337204,1.6363636255264282,-1.4696969985961914,1.4696969985961914,0.35996898537547317,4.082843406809598
MED7,36,0.0,0.20000000298023224,-0.20000000298023224,0.20000000298023224,0.06001201504014449,3.3326660144046834
UBE2H,15,0.0,0.3333333432674408,-0.3333333432674408,0.3333333432674408,0.1308829722142636,2.546804505033346
CDK1,37,0.6000000238418579,1.9375,-1.337499976158142,1.337499976158142,0.44268832394911667,3.021312973033995
GTF2H1,46,0.02777777798473835,0.4000000059604645,-0.3722222149372101,0.3722222149372101,0.11274761219278572,3.301375591890603
GAB2,48,0.0,0.1666666716337204,-0.1666666716337204,0.1666666716337204,0.06370668786097577,2.616156595637644
MAGOH,25,0.699999988079071,2.4000000953674316,-1.7000000476837158,1.7000000476837158,0.5489508632786316,3.096816420927723
CHEK1,36,0.5,1.2000000476837158,-0.7000000476837158,0.7000000476837158,0.24228289377226148,2.889184773984475
RTTN,8,0.1666666716337204,0.1428571492433548,0.0238095223903656,0.0238095223903656,0.060140655972375175,0.39589728454744816
NSRP1,27,0.20000000298023224,0.800000011920929,-0.6000000238418579,0.6000000238418579,0.1950865596870638,3.075557971827026
DNTTIP2,31,0.1428571492433548,1.399999976158142,-1.2571427822113037,1.2571427822113037,0.28002474314676296,4.4893989298382335
EIF2B2,37,0.0,0.20000000298023224,-0.20000000298023224,0.20000000298023224,0.09500038452155858,2.10525466804659
RARS2,13,0.0,0.625,-0.625,0.625,0.1489256530066261,4.196724925370594
COPS4,29,0.0,0.800000011920929,-0.800000011920929,0.800000011920929,0.16737817172651553,4.779595831815358
BCR,47,0.1428571492433548,0.20000000298023224,-0.05714285373687744,0.05714285373687744,0.09341683807543257,0.6116975795170408
NOL11,31,0.2857142984867096,1.7999999523162842,-1.514285683631897,1.514285683631897,0.3185434489551817,4.753780649386242
SNRNP40,20,0.20000000298023224,2.4000000953674316,-2.200000047683716,2.200000047683716,0.5154904770944689,4.2677801927280665
EIF3H,41,0.4615384638309479,4.599999904632568,-4.138461589813232,4.138461589813232,0.75661778325933,5.469685859068393
MYCBP,25,0.20000000298023224,1.7999999523162842,-1.5999999046325684,1.5999999046325684,0.32632924309538025,4.903023368227275
SUGP1,10,0.0,0.1666666716337204,-0.1666666716337204,0.1666666716337204,0.05877060977540786,2.8358846755314913
PRPF4,3,0.20000000298023224,0.875,-0.675000011920929,0.675000011920929,0.18453351505159438,3.6578721850727405
SF3A2,25,0.20000000298023224,0.800000011920929,-0.6000000238418579,0.6000000238418579,0.1784088045909374,3.3630628556564863
CDIPT,25,0.0,0.20000000298023224,-0.20000000298023224,0.20000000298023224,0.08022854870162553,2.4928782362004758
FBL,6,0.17142857611179352,4.0,-3.828571319580078,3.828571319580078,0.715533455067626,5.35065312804729
ZNF468,21,0.0,0.1111111119389534,-0.1111111119389534,0.1111111119389534,0.03647568123577749,3.0461696169767243
CDC27,45,0.5,1.0,-0.5,0.5,0.2024964435835406,2.469179167552754
HNRNPR,8,0.800000011920929,5.599999904632568,-4.799999713897705,4.799999713897705,0.8616028529768147,5.571011861571529
DHFR,5,1.7142857313156128,2.0,-0.2857142686843872,0.2857142686843872,0.3516686252019974,0.8124531112784764
ACTR1B,18,0.0,0.1666666716337204,-0.1666666716337204,0.1666666716337204,0.08056484805488175,2.0687269405657545
WDR61,4,0.0833333358168602,0.8571428656578064,-0.773809552192688,0.773809552192688,0.23639436739806532,3.2733840518698454
MRPL1,10,0.1547619104385376,1.0,-0.8452380895614624,0.8452380895614624,0.22882227235885907,3.693862843193368
ANKRD11,30,0.6333333253860474,2.0,-1.3666666746139526,1.3666666746139526,0.35003625239391206,3.9043575208775207
UQCRC1,23,2.1666667461395264,2.4000000953674316,-0.23333334922790527,0.23333334922790527,0.4770578081291245,0.4891091713663961
CCDC86,31,0.0,0.7749999761581421,-0.7749999761581421,0.7749999761581421,0.1678259335462408,4.617879726821884
LIMS1,33,1.5555555820465088,2.0,-0.4444444179534912,0.4444444179534912,0.3805143125465695,1.1680097260443985
NACA,40,3.368055582046509,23.5,-20.13194465637207,20.13194465637207,4.2991550073412155,4.682767804834872
GTF2H4,5,0.0,0.3333333432674408,-0.3333333432674408,0.3333333432674408,0.11187867280559964,2.979418104526863
SRP9,15,0.6000000238418579,5.666666507720947,-5.066666603088379,5.066666603088379,0.8756813087545342,5.785970937640096
TSEN34,31,0.2857142984867096,0.5555555820465088,-0.2698412835597992,0.2698412835597992,0.16589775334408977,1.626551765291959
ICE1,44,0.3333333432674408,1.0,-0.6666666269302368,0.6666666269302368,0.22058047362381167,3.0223283864518375
POLE,14,0.0,0.6000000238418579,-0.6000000238418579,0.6000000238418579,0.1435422508990537,4.179954125589188
NKAP,5,0.0,0.800000011920929,-0.800000011920929,0.800000011920929,0.18884107535408018,4.236366534245346
RPA3,23,0.20000000298023224,1.5,-1.2999999523162842,1.2999999523162842,0.29814751919104016,4.360257485433913
MAD2L1,11,0.5,2.5999999046325684,-2.0999999046325684,2.0999999046325684,0.4515446705912938,4.650702447407112
RBM14,26,0.1180555522441864,0.6000000238418579,-0.4819444715976715,0.4819444715976715,0.17067753002423866,2.8237136518745523
THAP1,3,0.0,0.20000000298023224,-0.20000000298023224,0.20000000298023224,0.08028804646678321,2.491030879210348
LSM5,10,1.2999999523162842,4.5,-3.200000047683716,3.200000047683716,0.8221049146034535,3.892447290899912
TRMT10C,5,0.20000000298023224,2.5999999046325684,-2.3999998569488525,2.3999998569488525,0.49666646710551915,4.832216418667462
EIF2B5,47,0.1111111119389534,0.7888889312744141,-0.6777778267860413,0.6777778267860413,0.1715677141211231,3.9504975062356125
LTV1,41,0.1818181872367859,1.2000000476837158,-1.0181818008422852,1.0181818008422852,0.2786022326118594,3.654607471365051
YRDC,5,1.0,2.211111068725586,-1.211111068725586,1.211111068725586,0.45710492223071014,2.6495253273914945
PSMB4,3,1.1666666269302368,2.5999999046325684,-1.4333332777023315,1.4333332777023315,0.5299301200518929,2.704759030420792
JMJD6,19,0.0,0.4000000059604645,-0.4000000059604645,0.4000000059604645,0.10026306001438136,3.9895052664769057
VPS29,14,0.1666666716337204,2.0,-1.8333333730697632,1.8333333730697632,0.35064754546056104,5.228422091652619
ELP2,16,0.0,0.6000000238418579,-0.6000000238418579,0.6000000238418579,0.16708865694623434,3.5909081729882204
C9orf16,21,0.20000000298023224,4.0,-3.799999952316284,3.799999952316284,0.8384765163823,4.532029076630322
COPG1,19,0.3333333432674408,0.375,-0.041666656732559204,0.041666656732559204,0.10209877856275565,0.40810142216293543
KPNB1,40,2.816666603088379,5.833333492279053,-3.016666889190674,3.016666889190674,0.8429890569965817,3.5785362385824024
SDAD1,23,0.1428571492433548,1.1666666269302368,-1.0238094329833984,1.0238094329833984,0.2406843970120447,4.2537424348789985
DDX55,12,0.0,0.625,-0.625,0.625,0.15687311516539565,3.9841116136505943
RPL7,35,8.181818008422852,34.81666564941406,-26.63484764099121,26.63484764099121,5.9854160062471085,4.449957632550827
TIMM23B,44,0.0,0.1428571492433548,-0.1428571492433548,0.1428571492433548,0.0668068668029089,2.1383602626479488
SF3A1,31,0.8333333134651184,1.2000000476837158,-0.3666667342185974,0.3666667342185974,0.23880672009448253,1.5354121277388164
RAB4A,36,0.0416666679084301,0.800000011920929,-0.7583333253860474,0.7583333253860474,0.15188543203552618,4.992798290284169
LSG1,4,0.10000000149011612,0.6000000238418579,-0.5,0.5,0.1486712502539991,3.3631250100188788
ABCE1,27,0.800000011920929,3.0,-2.200000047683716,2.200000047683716,0.5073627611520364,4.33614805053551
CHMP6,48,0.0,0.1428571492433548,-0.1428571492433548,0.1428571492433548,0.06498322553839811,2.1983696263113557
BRIX1,7,0.800000011920929,2.875,-2.075000047683716,2.075000047683716,0.45098917500670543,4.600997457761296
MRPL39,11,0.1666666716337204,1.0,-0.8333333134651184,0.8333333134651184,0.19189512791334393,4.342649667694718
MED19,48,0.0,0.20000000298023224,-0.20000000298023224,0.20000000298023224,0.07812679340686432,2.5599412731389535
MED6,31,0.0,0.5,-0.5,0.5,0.12749467921089047,3.921732287925083
WDR4,41,0.0,0.6666666865348816,-0.6666666865348816,0.6666666865348816,0.1448179285064575,4.603481719496869
PTCD1,14,0.0,0.1666666716337204,-0.1666666716337204,0.1666666716337204,0.05938192845001708,2.806690115731202
POP4,10,0.0,0.5555555820465088,-0.5555555820465088,0.5555555820465088,0.1273795633834597,4.3614184826029
HARS,36,0.05000000074505806,0.800000011920929,-0.75,0.75,0.18134691145630139,4.135719731740373
RPL24,46,3.507692337036133,27.399999618530273,-23.89230728149414,23.89230728149414,5.122563250863379,4.664131238880696
DR1,6,0.0,1.0,-1.0,1.0,0.19085777796451645,5.239503522805951
SRSF1,15,0.4000000059604645,2.0,-1.600000023841858,1.600000023841858,0.3377109078722967,4.737780114721341
DYNC1H1,37,0.4000000059604645,1.5634920597076416,-1.1634920835494995,1.1634920835494995,0.35295668741859804,3.29641603353339
TBCA,10,0.18333333730697632,4.199999809265137,-4.016666412353516,4.016666412353516,0.8404530435080958,4.779168144347167
EIF4G2,29,1.8333333730697632,5.0,-3.1666665077209473,3.1666665077209473,0.8753179756531686,3.617732750613236
ARCN1,41,0.5,1.2000000476837158,-0.7000000476837158,0.7000000476837158,0.21126631156649603,3.313353854163308
NASP,19,2.0,8.5,-6.5,6.5,1.407495516025391,4.618131941446797
ZNF574,24,0.20000000298023224,0.1666666716337204,0.03333333134651184,0.03333333134651184,0.06388065877738036,0.52180631797609
RARS,43,0.1818181872367859,1.5,-1.3181817531585693,1.3181817531585693,0.31629823391550876,4.1675280220207895
EIF2S2,7,1.7999999523162842,5.599999904632568,-3.799999952316284,3.799999952316284,0.9298436050703076,4.086708701974627
CCT6A,8,3.4000000953674316,8.600000381469727,-5.200000286102295,5.200000286102295,1.4318076923472765,3.63177283785752
TARS,7,0.4285714328289032,3.5,-3.0714285373687744,3.0714285373687744,0.7012253163124221,4.380087920271746
HNRNPC,38,3.383333206176758,12.133333206176758,-8.75,8.75,1.869470180230145,4.680470484382272
DRAP1,26,0.1666666716337204,2.0,-1.8333333730697632,1.8333333730697632,0.4130751805979768,4.4382559378556445
ALG2,28,0.05000000074505806,0.20000000298023224,-0.15000000596046448,0.15000000596046448,0.08556901212235417,1.752971107647955
YEATS4,27,0.0,0.7142857313156128,-0.7142857313156128,0.7142857313156128,0.15086335325028985,4.734653684454282
METTL17,5,0.0,0.6000000238418579,-0.6000000238418579,0.6000000238418579,0.14455713474340648,4.150608165462584
LAMTOR4,8,0.0,2.4285714626312256,-2.4285714626312256,2.4285714626312256,0.48637432529689095,4.993214765497306
DNAJC19,46,0.2857142984867096,1.399999976158142,-1.1142857074737549,1.1142857074737549,0.3119177954300626,3.5723697839599446
WAC,11,0.4000000059604645,1.5,-1.100000023841858,1.100000023841858,0.28369600642556303,3.877389878346698
RPS7,32,8.483333587646484,43.46428680419922,-34.980953216552734,34.980953216552734,7.907454976133851,4.423794169189918
DNAJC8,35,0.0,3.105555534362793,-3.105555534362793,3.105555534362793,0.5828785946432798,5.327962911836528
PMF1,31,0.0,1.25,-1.25,1.25,0.2833769460531221,4.411085719604283
INTS9,23,0.0,0.20000000298023224,-0.20000000298023224,0.20000000298023224,0.07161482518233782,2.792717883078178
QARS,46,0.0,0.8999999761581421,-0.8999999761581421,0.8999999761581421,0.22831857822224758,3.9418604616663
MED17,14,0.0,0.4000000059604645,-0.4000000059604645,0.4000000059604645,0.11199231830231365,3.571673593546825
NAGLU,26,0.0,0.1666666716337204,-0.1666666716337204,0.1666666716337204,0.059564401616103164,2.7980919326261184
XPO1,20,1.0,3.4000000953674316,-2.4000000953674316,2.4000000953674316,0.6968946296798348,3.443849318325257
KRT8,30,0.4642857313156128,1.0,-0.5357142686843872,0.5357142686843872,0.2620914006426831,2.0439978853588645
WBP11,25,0.4000000059604645,1.0,-0.6000000238418579,0.6000000238418579,0.21429307456616312,2.7999039402302643
MCM10,20,0.16233766078948975,1.0,-0.8376623392105103,0.8376623392105103,0.25364905319446546,3.302446150147064
PSMD1,36,1.4642857313156128,2.5999999046325684,-1.1357141733169556,1.1357141733169556,0.4594710083868838,2.4717863642893034
ACIN1,7,2.0,2.1666667461395264,-0.16666674613952637,0.16666674613952637,0.37768682511693896,0.4412829229293958
HAUS3,12,0.0,0.2857142984867096,-0.2857142984867096,0.2857142984867096,0.0940790979031858,3.0369583133198224
VPS54,38,0.0,0.1428571492433548,-0.1428571492433548,0.1428571492433548,0.0631975174890238,2.260486723519897
WDR12,25,0.25,1.399999976158142,-1.149999976158142,1.149999976158142,0.2973238591985997,3.867836167799742
HSF1,6,0.675000011920929,0.7142857313156128,-0.03928571939468384,0.03928571939468384,0.18982431591689589,0.20695830881794366
LRR1,10,0.1666666716337204,0.5714285969734192,-0.4047619104385376,0.4047619104385376,0.14781860108793193,2.7382339398392723
OXA1L,39,0.1111111119389534,1.1666666269302368,-1.0555554628372192,1.0555554628372192,0.2504952322169914,4.213874465773643
CCDC59,6,0.30000001192092896,1.25,-0.949999988079071,0.949999988079071,0.29581036409336775,3.2115169155439696
DCTN3,20,0.1339285671710968,1.0,-0.8660714626312256,0.8660714626312256,0.24152404613329428,3.5858601927911185
CWF19L2,16,0.0,0.3333333432674408,-0.3333333432674408,0.3333333432674408,0.09391031805156946,3.5494858305601276
NIFK,25,0.1666666716337204,2.4000000953674316,-2.2333333492279053,2.2333333492279053,0.4127984885039562,5.410226566773152
METTL3,7,0.0,0.6306818127632141,-0.6306818127632141,0.6306818127632141,0.13328220580695468,4.731928084058652
EIF3M,29,0.75,4.666666507720947,-3.9166665077209473,3.9166665077209473,0.7777617850840488,5.035817628012789
SART3,14,0.1180555522441864,0.8333333134651184,-0.7152777910232544,0.7152777910232544,0.1706781570789021,4.190798654408903
WDR54,23,0.0,0.1666666716337204,-0.1666666716337204,0.1666666716337204,0.0837685759687636,1.9896085101872643
RPL32,23,20.0,56.733333587646484,-36.733333587646484,36.733333587646484,9.794091862044146,3.7505604506327135
RUVBL1,21,0.3333333432674408,2.625,-2.2916667461395264,2.2916667461395264,0.409033345050392,5.6026404054104635
TEX10,14,0.0,0.6000000238418579,-0.6000000238418579,0.6000000238418579,0.1151808185120059,5.209200903354553
RPL30,39,7.800000190734863,32.20000076293945,-24.400001525878906,24.400001525878906,5.927546989608274,4.116374204819488
RCL1,3,0.0,0.20000000298023224,-0.20000000298023224,0.20000000298023224,0.054068696709359765,3.698998036799553
SPTSSA,5,0.0,1.2857142686843872,-1.2857142686843872,1.2857142686843872,0.25153418405917766,5.111489213656547
RPL34,36,9.279220581054688,29.799999237060547,-20.52077865600586,20.52077865600586,6.118035010762486,3.3541453456717587
CASP8AP2,25,0.0,0.7142857313156128,-0.7142857313156128,0.7142857313156128,0.21128478320148034,3.3806775882883753
KIF4A,5,0.0,0.625,-0.625,0.625,0.19122179787143845,3.2684558296026363
RPS17,23,7.199999809265137,18.485713958740234,-11.285714149475098,11.285714149475098,4.419366247635016,2.553695149279503
PRIM2,12,0.0,0.4000000059604645,-0.4000000059604645,0.4000000059604645,0.11022754667104324,3.628857014791425
RPL26L1,8,0.18333333730697632,1.5,-1.316666603088379,1.316666603088379,0.3069260919960295,4.289849046477976
RPL36,22,3.4625000953674316,25.05555534362793,-21.593055725097656,21.593055725097656,5.077375331701834,4.252798801435091
GTF3C6,25,0.1428571492433548,2.8333332538604736,-2.690476179122925,2.690476179122925,0.5591227946717541,4.811959384883299
RBMX2,24,0.0,0.4000000059604645,-0.4000000059604645,0.4000000059604645,0.12364341197453237,3.2351097367230133
EIF3D,21,0.4000000059604645,2.200000047683716,-1.8000000715255737,1.8000000715255737,0.3901027403192789,4.614169257186881
CCT4,33,1.2000000476837158,5.800000190734863,-4.600000381469727,4.600000381469727,0.9074547603199409,5.069123644078859
ENO1,2,0.7333333492279053,17.399999618530273,-16.66666603088379,16.66666603088379,2.5912995097106166,6.431779100959672
RNPS1,5,1.0,3.4000000953674316,-2.4000000953674316,2.4000000953674316,0.5213804370891113,4.603164838264228
PHB2,46,0.8321678638458252,3.799999952316284,-2.967832088470459,2.967832088470459,0.7550001324398693,3.93090273889035
RIOK1,33,0.125,0.800000011920929,-0.675000011920929,0.675000011920929,0.16478669826289674,4.0962044815295116
EGLN2,33,0.6000000238418579,0.800000011920929,-0.19999998807907104,0.19999998807907104,0.21221385007358737,0.9424455001863401
RPL4,39,5.818181991577148,22.33333396911621,-16.515151977539062,16.515151977539062,3.4666140431148555,4.764058465158616
THOC6,7,0.0,0.6000000238418579,-0.6000000238418579,0.6000000238418579,0.16183442712553736,3.7074931119348853
ORC1,48,0.1026315838098526,0.6000000238418579,-0.4973684549331665,0.4973684549331665,0.15794172909634116,3.149062997973019
SF3B2,48,1.683333396911621,2.9375,-1.254166603088379,1.254166603088379,0.5040817779192077,2.48802209884562
RTEL1,9,0.0,0.1111111119389534,-0.1111111119389534,0.1111111119389534,0.05105603546160413,2.17625812373373
INTS1,21,0.1666666716337204,0.5,-0.3333333134651184,0.3333333134651184,0.13577240273243987,2.455088860156672
MRPS22,13,0.0,1.399999976158142,-1.399999976158142,1.399999976158142,0.28048035810396504,4.991436782319021
ZNF317,8,0.0,0.1666666716337204,-0.1666666716337204,0.1666666716337204,0.05649127006508905,2.950308453707761
UXT,25,0.0,1.0,-1.0,1.0,0.21819920648236332,4.582968087378577
SRBD1,11,0.0,0.20000000298023224,-0.20000000298023224,0.20000000298023224,0.08691031593334843,2.3012228276055557
ACTR8,27,0.0,0.25,-0.25,0.25,0.09114964139735629,2.7427425513409758
EXOSC2,23,0.0,0.6000000238418579,-0.6000000238418579,0.6000000238418579,0.11151421796293529,5.380480039247407
RNF123,6,0.0,0.20000000298023224,-0.20000000298023224,0.20000000298023224,0.08892220245504102,2.2491570997845227
MRPS10,8,0.3333333432674408,1.2000000476837158,-0.8666666746139526,0.8666666746139526,0.2541559982076845,3.409979228213032
ALG13,10,0.0,0.4000000059604645,-0.4000000059604645,0.4000000059604645,0.09975783766842128,4.009710066992421
CPSF3,47,0.07692307978868484,0.7142857313156128,-0.6373626589775085,0.6373626589775085,0.18619567102974457,3.4230799000460674
PCID2,25,0.20000000298023224,1.0,-0.800000011920929,0.800000011920929,0.19421142934916502,4.1192221003772165
DDX10,6,0.0,1.1428571939468384,-1.1428571939468384,1.1428571939468384,0.2301923928159483,4.964791320713264
AATF,38,0.1547619104385376,1.5277777910232544,-1.3730158805847168,1.3730158805847168,0.268541948952238,5.11285438249693
UROD,18,0.1547619104385376,2.142857074737549,-1.9880951642990112,1.9880951642990112,0.4275795939807068,4.649649310412877
ERCC3,12,0.0,0.25,-0.25,0.25,0.08323992574051607,3.0033664467616816
CCNK,25,0.4000000059604645,0.5,-0.09999999403953552,0.09999999403953552,0.15572869792971206,0.6421423627690664
POLR1A,6,0.0,0.6000000238418579,-0.6000000238418579,0.6000000238418579,0.1400462544403532,4.284298971361656
HECTD1,6,0.48750001192092896,2.0,-1.5125000476837158,1.5125000476837158,0.40472225569580256,3.737130900012925
SRF,4,0.0,0.1428571492433548,-0.1428571492433548,0.1428571492433548,0.05080575129140308,2.8118302674824904
POLR2I,25,0.20000000298023224,1.4285714626312256,-1.2285714149475098,1.2285714149475098,0.3124471242581201,3.9320938474458713
RPF2,1,0.20000000298023224,1.1111111640930176,-0.9111111760139465,0.9111111760139465,0.26215815553400457,3.4754256420444114
RPS15A,39,10.727272987365723,34.733333587646484,-24.006061553955078,24.006061553955078,6.4258588942354695,3.7358525839231413
SF3B3,45,0.7142857313156128,1.2000000476837158,-0.485714316368103,0.485714316368103,0.2414290868977161,2.0118301510781955
AARS2,14,0.0,0.20000000298023224,-0.20000000298023224,0.20000000298023224,0.06888055927433111,2.9035769321165175
NLE1,45,0.0,0.4000000059604645,-0.4000000059604645,0.4000000059604645,0.0971395982983566,4.117785259229671
DHX36,29,0.0,2.0,-2.0,2.0,0.3328028729501587,6.009563506080443
YTHDC1,28,0.41428571939468384,1.1428571939468384,-0.7285714745521545,0.7285714745521545,0.23694167752736703,3.074897933344815
TRAPPC4,18,0.29285717010498047,2.0,-1.7071428298950195,1.7071428298950195,0.4281914596584123,3.986868003525536
NUP85,4,0.0,0.375,-0.375,0.375,0.10613559793473272,3.533216067907804
SARS2,12,0.0833333358168602,0.2857142984867096,-0.2023809552192688,0.2023809552192688,0.09172598399417807,2.206364504436541
WDHD1,13,0.0,0.4285714328289032,-0.4285714328289032,0.4285714328289032,0.1019400448713629,4.204151895064526
PAF1,31,0.0,0.3333333432674408,-0.3333333432674408,0.3333333432674408,0.08945783881047736,3.726150192088036
MBTPS1,1,0.0,0.3333333432674408,-0.3333333432674408,0.3333333432674408,0.09926447947036258,3.358032450741498
USP7,34,0.8333333134651184,1.585714340209961,-0.7523810267448425,0.7523810267448425,0.3721509025138028,2.021709531436478
POLRMT,19,0.0,0.5,-0.5,0.5,0.18387553474902124,2.7192307050661695
DCUN1D5,16,0.4000000059604645,2.8333332538604736,-2.433333158493042,2.433333158493042,0.536770876511275,4.533280893159503
PSMD6,47,0.8125,1.8333333730697632,-1.0208333730697632,1.0208333730697632,0.362171426524895,2.818646912222914
DHX16,39,0.0,0.5,-0.5,0.5,0.1451262884189734,3.4452751837525213
SEC61G,4,0.4285714626312256,3.5999999046325684,-3.1714284420013428,3.1714284420013428,0.7639724539831377,4.151234020894871
DDX23,12,0.20000000298023224,1.1666666269302368,-0.9666666388511658,0.9666666388511658,0.2466606865871988,3.9190138170211912
RANGAP1,6,0.0,0.6000000238418579,-0.6000000238418579,0.6000000238418579,0.1737595684456375,3.453047387313086
BOP1,19,1.2857142686843872,1.3875000476837158,-0.10178577899932861,0.10178577899932861,0.3919300991951063,0.25970390946845534
TARDBP,10,0.2428571581840515,1.399999976158142,-1.1571428775787354,1.1571428775787354,0.26449255349239503,4.374954463933544
DDX56,16,0.1547619104385376,1.0,-0.8452380895614624,0.8452380895614624,0.1751994027926823,4.824434764550271
FCF1,23,0.0,0.1666666716337204,-0.1666666716337204,0.1666666716337204,0.06468273406307912,2.5766794500551837
NAA10,11,0.3333333432674408,2.4000000953674316,-2.066666841506958,2.066666841506958,0.6318111863240063,3.271019706902003
IGBP1,36,0.125,0.7142857313156128,-0.5892857313156128,0.5892857313156128,0.16680518929826077,3.532778169520396
SRP54,2,0.0,1.1666666269302368,-1.1666666269302368,1.1666666269302368,0.23288962868621826,5.009525900795413
CHMP7,25,0.0,0.20000000298023224,-0.20000000298023224,0.20000000298023224,0.08860624562312139,2.257177262999203
SMU1,9,0.20000000298023224,1.1666666269302368,-0.9666666388511658,0.9666666388511658,0.21731558719240965,4.448215847468346
TUBE1,8,0.0,0.20000000298023224,-0.20000000298023224,0.20000000298023224,0.08379791031041325,2.3866943965472487
AP2M1,19,1.8333333730697632,3.0,-1.1666666269302368,1.1666666269302368,0.5769301663572601,2.022197303872279
DNAJA3,9,0.0,0.6000000238418579,-0.6000000238418579,0.6000000238418579,0.1508156371232495,3.9783674643202027
ACTB,14,14.85714340209961,29.5,-14.64285659790039,14.64285659790039,5.3612433892032945,2.7312426493057216
TMX2,6,0.0,1.7142857313156128,-1.7142857313156128,1.7142857313156128,0.3336670435981789,5.137713670577711
EXOC1,20,0.0,0.4000000059604645,-0.4000000059604645,0.4000000059604645,0.10801964632485747,3.7030301391425358
EIF5,4,1.100000023841858,5.0,-3.9000000953674316,3.9000000953674316,0.8638183682982726,4.514838117011166
SNW1,8,0.6499999761581421,1.1666666269302368,-0.5166666507720947,0.5166666507720947,0.20849095559976819,2.4781250068416356
PHB,33,0.8333333134651184,6.714285850524902,-5.88095235824585,5.88095235824585,1.1110678673990069,5.293063124949397
BCAR1,20,0.0,0.1428571492433548,-0.1428571492433548,0.1428571492433548,0.05385041087265426,2.6528516111266844
TRAPPC11,5,0.0,0.20000000298023224,-0.20000000298023224,0.20000000298023224,0.07449105905124116,2.6848860189067194
GUCD1,30,0.1180555522441864,0.20000000298023224,-0.08194445073604584,0.08194445073604584,0.07512543882143212,1.0907683472015655
MAX,16,0.0,0.6000000238418579,-0.6000000238418579,0.6000000238418579,0.1639012480561982,3.6607410313076496
CHCHD2,1,1.600000023841858,20.0,-18.399999618530273,18.399999618530273,3.6185043096614145,5.084973802408425
RPS21,2,9.399999618530273,22.799999237060547,-13.399999618530273,13.399999618530273,4.652215090950753,2.8803482548765333
ATP6V1E1,16,0.0555555559694767,1.4285714626312256,-1.3730158805847168,1.3730158805847168,0.2948045946995381,4.657376123951123
SOD2,20,0.0,1.0,-1.0,1.0,0.22162981115727765,4.512028389945966
MED22,36,0.0,0.20000000298023224,-0.20000000298023224,0.20000000298023224,0.08221456655543222,2.4326589722441043
RFC3,25,0.0,1.0,-1.0,1.0,0.20934673103175103,4.776764342445514
CDC7,3,0.0,0.3333333432674408,-0.3333333432674408,0.3333333432674408,0.09525145971592455,3.499509028644447
DICER1,13,0.0,0.6000000238418579,-0.6000000238418579,0.6000000238418579,0.17040787896608794,3.5209640979174504
MRPS26,7,0.0,1.7999999523162842,-1.7999999523162842,1.7999999523162842,0.38837231834036445,4.634727727270169
PFN1,32,1.2589285373687744,12.0,-10.741071701049805,10.741071701049805,2.312800748828446,4.644183770041892
COPS6,30,0.0,1.2000000476837158,-1.2000000476837158,1.2000000476837158,0.2332711871406997,5.144227465005889
TIMM13,18,1.3250000476837158,7.599999904632568,-6.274999618530273,6.274999618530273,1.4447987731441163,4.343165107259094
PSMG3,39,0.09090909361839294,1.7777777910232544,-1.686868667602539,1.686868667602539,0.36284839766959387,4.6489627029814935
PSMG2,11,0.20000000298023224,1.0,-0.800000011920929,0.800000011920929,0.2294563992588229,3.4865012024290616
PRMT5,3,0.0,1.3333333730697632,-1.3333333730697632,1.3333333730697632,0.2424637111701438,5.4991048624762024
NDUFA6,18,0.0,1.7999999523162842,-1.7999999523162842,1.7999999523162842,0.3601836264002709,4.9974508011531595
TGS1,12,0.0,0.800000011920929,-0.800000011920929,0.800000011920929,0.17842378927328365,4.483707106430775
RPUSD4,5,0.0,0.4000000059604645,-0.4000000059604645,0.4000000059604645,0.10142332840448805,3.94386589607095
SPATA5L1,15,0.0,0.1666666716337204,-0.1666666716337204,0.1666666716337204,0.053442791189036526,3.1185996824939615
AKIRIN2,17,0.0,0.7888889312744141,-0.7888889312744141,0.7888889312744141,0.2092077754206991,3.7708394426929175
EIF2S1,22,0.2428571581840515,2.0,-1.7571427822113037,1.7571427822113037,0.327490347254365,5.365479614721327
CDC16,14,0.0,1.3333333730697632,-1.3333333730697632,1.3333333730697632,0.2631405239260427,5.06700128576359
MNAT1,2,0.0,0.5,-0.5,0.5,0.1249505918352871,4.001581686456612
VPS13D,12,0.0,0.20000000298023224,-0.20000000298023224,0.20000000298023224,0.08578237439651161,2.331481314049117
RRP1,4,0.0833333358168602,1.6124999523162842,-1.529166579246521,1.529166579246521,0.31433143264241364,4.864822351336766
POLR3E,23,0.1666666716337204,0.6000000238418579,-0.4333333373069763,0.4333333373069763,0.13855562240592306,3.1275045341534398
ZNF335,7,0.0,0.09545454382896423,-0.09545454382896423,0.09545454382896423,0.05141239052220046,1.8566447282342544
GPN3,37,0.1428571492433548,1.0,-0.8571428656578064,0.8571428656578064,0.22464566312468998,3.8155326647995325
VARS2,7,0.0,0.1666666716337204,-0.1666666716337204,0.1666666716337204,0.06287108304925362,2.6509273190530633
ATF5,4,0.0,0.20000000298023224,-0.20000000298023224,0.20000000298023224,0.11128989093510283,1.7971084462366802
TPX2,41,0.8333333134651184,3.6458334922790527,-2.812500238418579,2.812500238418579,0.7642386640091833,3.6801334071011924
POLR1B,14,0.0,0.5,-0.5,0.5,0.14053722439015012,3.5577762558618145
AAMP,6,0.2666666805744171,1.100000023841858,-0.8333333730697632,0.8333333730697632,0.23149299497263903,3.599821122743942
CUL2,4,0.20000000298023224,0.75,-0.550000011920929,0.550000011920929,0.2072484451791478,2.653819725622081
POLR2F,42,0.8452380895614624,3.200000047683716,-2.354762077331543,2.354762077331543,0.6512517880645099,3.6157475810235957
PPP1CA,18,3.549999952316284,3.3333332538604736,0.21666669845581055,0.21666669845581055,0.5685600562704278,0.38107970489006
USP36,15,0.125,0.4000000059604645,-0.2750000059604645,0.2750000059604645,0.13684224571263653,2.0096133655826867
COX5B,6,1.1428570747375488,7.333333492279053,-6.190476417541504,6.190476417541504,1.4133023830610696,4.380149988945437
NARS,18,0.0625,0.8333333134651184,-0.7708333134651184,0.7708333134651184,0.20138890930936276,3.827585720130228
MRPL3,15,0.4000000059604645,3.1666667461395264,-2.7666666507720947,2.7666666507720947,0.5265637875993083,5.254190880435943
RPL8,40,15.592308044433594,46.266666412353516,-30.674358367919922,30.674358367919922,8.376105407540624,3.662126594097682
SNX15,69,0.1428571492433548,0.20000000298023224,-0.05714285373687744,0.05714285373687744,0.08161803537029327,0.7001253274184528
FASTKD5,15,0.0,0.20000000298023224,-0.20000000298023224,0.20000000298023224,0.07775458245818108,2.572195704192723
FAM32A,42,0.18333333730697632,0.800000011920929,-0.6166666746139526,0.6166666746139526,0.15396223970193118,4.00531114517307
PPARGC1B,11,0.1428571492433548,0.3333333432674408,-0.190476194024086,0.190476194024086,0.11163601722100831,1.7062252735781145
NUP107,41,0.4000000059604645,1.2000000476837158,-0.8000000715255737,0.8000000715255737,0.2507973111736767,3.18982714679734
C19orf25,16,0.22499999403953552,1.3333333730697632,-1.1083333492279053,1.1083333492279053,0.30706038419456866,3.6094963931446475
POLR3D,6,0.17142857611179352,0.800000011920929,-0.6285714507102966,0.6285714507102966,0.15956266476745473,3.9393391406841403
CMTR1,7,0.0,0.20000000298023224,-0.20000000298023224,0.20000000298023224,0.09504177706528374,2.104337788663749
SRRT,34,0.1428571492433548,1.3875000476837158,-1.2446428537368774,1.2446428537368774,0.24347034338394133,5.112092242684908
SNRPF,8,0.7000000476837158,4.800000190734863,-4.100000381469727,4.100000381469727,1.0544361533065538,3.888334413243267
CCNB1,13,0.1666666716337204,2.5999999046325684,-2.433333158493042,2.433333158493042,0.46858052872911354,5.192988204381305
NDUFB8,19,0.0,2.5999999046325684,-2.5999999046325684,2.5999999046325684,0.4510319462658732,5.76455820071762
E2F6,9,0.0,0.5,-0.5,0.5,0.1632093104412858,3.0635507168561555
GPS1,46,0.1339285671710968,0.6666666865348816,-0.5327380895614624,0.5327380895614624,0.18153986693201396,2.9345515041110555
RPL26,22,4.800000190734863,25.837499618530273,-21.037498474121094,21.037498474121094,4.651754786492314,4.522486553936467
GFM1,33,0.0,0.875,-0.875,0.875,0.22327402653902786,3.9189511362489435
CDC6,20,0.18333333730697632,1.0,-0.8166666626930237,0.8166666626930237,0.2114634596546569,3.8619753220094393
UBL5,23,0.6666666865348816,4.800000190734863,-4.133333683013916,4.133333683013916,0.940457213026778,4.39502576593692
MCM3AP,2,0.0833333358168602,0.6666666865348816,-0.5833333730697632,0.5833333730697632,0.16511696552903338,3.532849402850688
DDX24,35,0.2222222238779068,1.5,-1.2777777910232544,1.2777777910232544,0.24146904667092858,5.291683586942703
PTPMT1,17,0.0,0.4365079402923584,-0.4365079402923584,0.4365079402923584,0.15186381691425196,2.874338003362758
ATR,11,0.0,0.6000000238418579,-0.6000000238418579,0.6000000238418579,0.15878421486459293,3.7787132956101614
POLR2C,20,0.20000000298023224,0.875,-0.675000011920929,0.675000011920929,0.2146856293696438,3.1441322546965633
MRPL24,19,0.0,0.4285714328289032,-0.4285714328289032,0.4285714328289032,0.09842852928171356,4.35413833729328
MRPS27,2,0.0,0.8999999761581421,-0.8999999761581421,0.8999999761581421,0.2170783441469788,4.145968496741308
UBE2D3,9,0.5714285969734192,3.4285714626312256,-2.857142925262451,2.857142925262451,0.5726359469797951,4.989457857704596
MED30,35,0.0,0.20000000298023224,-0.20000000298023224,0.20000000298023224,0.08437251660842872,2.3704401743571135
GOLT1B,35,0.0,0.20000000298023224,-0.20000000298023224,0.20000000298023224,0.08042815295822134,2.4866914833183213
OIP5,6,0.0,0.20000000298023224,-0.20000000298023224,0.20000000298023224,0.07494959693400725,2.668460020623343
MYBBP1A,5,0.0,0.5,-0.5,0.5,0.14062619069195006,3.5555254504139944
RPL19,29,12.0,59.916664123535156,-47.916664123535156,47.916664123535156,10.498252215109275,4.564251566996326
NEDD8,20,0.2428571581840515,6.472222328186035,-6.229365348815918,6.229365348815918,1.2811790666582172,4.862212871667016
HEATR1,27,0.0,1.5,-1.5,1.5,0.3899541465568863,3.846606102908001
KAT5,5,0.1666666716337204,0.3333333432674408,-0.1666666716337204,0.1666666716337204,0.1186194026881844,1.4050540456002647
PRPF4B,18,0.3095238208770752,1.7999999523162842,-1.490476131439209,1.490476131439209,0.31123417813891696,4.788921770583777
POLR1E,21,0.0,0.3166666626930237,-0.3166666626930237,0.3166666626930237,0.10436874702855642,3.0341138675007784
USP39,13,0.20000000298023224,0.8571428656578064,-0.6571428775787354,0.6571428775787354,0.16262076709816614,4.040953005602603
RAC3,24,0.0,1.0,-1.0,1.0,0.21289711028743724,4.69710461851679
SRSF6,20,0.0,0.6000000238418579,-0.6000000238418579,0.6000000238418579,0.16062707661945824,3.735360416620907
SURF6,9,0.20000000298023224,1.1666666269302368,-0.9666666388511658,0.9666666388511658,0.1943580520053106,4.973638235604218
TRAPPC8,11,0.0,0.3333333432674408,-0.3333333432674408,0.3333333432674408,0.10630160685380709,3.135731934192327
CRCP,10,0.18333333730697632,0.7142857313156128,-0.5309523940086365,0.5309523940086365,0.17024863792318004,3.1186880581577046
VEZT,19,0.0,0.3333333432674408,-0.3333333432674408,0.3333333432674408,0.1194883170601995,2.78967309498136
EIF2B3,4,0.0714285746216774,1.5,-1.4285714626312256,1.4285714626312256,0.3057271822666153,4.672700189888291
RBM4,12,0.36666667461395264,1.7999999523162842,-1.4333332777023315,1.4333332777023315,0.3303273272940922,4.339130187755333
GTF2H2C,8,0.0,0.20000000298023224,-0.20000000298023224,0.20000000298023224,0.07298264715906137,2.7403774837646546
KAT8,19,0.0,0.4000000059604645,-0.4000000059604645,0.4000000059604645,0.11334210336520138,3.5291387232476015
NUMA1,34,0.3166666626930237,0.625,-0.3083333373069763,0.3083333373069763,0.18098843234913772,1.7036079781727846
KANSL2,12,0.0,0.375,-0.375,0.375,0.114439677275649,3.2768355252937633
EXOC3,28,1.2000000476837158,1.100000023841858,0.10000002384185791,0.10000002384185791,0.21210983862372995,0.47145396220517577
RPAP2,44,0.0,0.6000000238418579,-0.6000000238418579,0.6000000238418579,0.15337703823897855,3.911928608942043
EIF5A,10,3.9761905670166016,11.399999618530273,-7.423809051513672,7.423809051513672,1.73869607815892,4.269756597929774
COPS8,23,0.0,1.0,-1.0,1.0,0.24297654694755424,4.115623555288432
BRCA2,10,0.0,0.800000011920929,-0.800000011920929,0.800000011920929,0.20258515543244388,3.9489567249546336
SUGT1,6,0.0,2.5,-2.5,2.5,0.42247172135611677,5.917555835394387
PAFAH1B1,5,0.4000000059604645,1.0,-0.6000000238418579,0.6000000238418579,0.22500286507208653,2.6666328166515996
RPS14,14,15.678571701049805,54.0,-38.32142639160156,38.32142639160156,9.515415554815485,4.0272992987897585
NFRKB,23,0.0,0.2678571343421936,-0.2678571343421936,0.2678571343421936,0.09843797157393132,2.721075313310585
COQ5,5,0.0,0.29285717010498047,-0.29285717010498047,0.29285717010498047,0.07678558768116568,3.8139601316981757
HMGCR,12,0.0,1.1666666269302368,-1.1666666269302368,1.1666666269302368,0.2981110992335243,3.913529653642089
PXN,12,0.0,0.125,-0.125,0.125,0.052668748667385065,2.373323900087374
MRPL54,11,0.20000000298023224,1.600000023841858,-1.399999976158142,1.399999976158142,0.3971738215848479,3.5249049662228593
C19orf53,11,0.3333333432674408,3.1339285373687744,-2.800595283508301,2.800595283508301,0.6417725272750225,4.3638441417859966
NAA20,14,0.1458333432674408,1.399999976158142,-1.254166603088379,1.254166603088379,0.25526607299754867,4.913173883081685
RIOK2,14,0.0,0.800000011920929,-0.800000011920929,0.800000011920929,0.21109218871249757,3.789813430806336
PPIA,13,2.0,18.600000381469727,-16.600000381469727,16.600000381469727,2.967700174538793,5.593557099833886
TTI1,11,0.0,0.4000000059604645,-0.4000000059604645,0.4000000059604645,0.11399922685422538,3.508795778693814
CCDC174,3,0.0,0.4000000059604645,-0.4000000059604645,0.4000000059604645,0.1367066459905149,2.925973372122798
RPL6,31,5.55555534362793,34.79999923706055,-29.244443893432617,29.244443893432617,6.108672612770991,4.78736474308563
BUB1B,8,0.0,0.4000000059604645,-0.4000000059604645,0.4000000059604645,0.13252898295924964,3.0182077688127853
SRRM1,15,1.0,3.4000000953674316,-2.4000000953674316,2.4000000953674316,0.5307209419082942,4.522150730924311
POLR3F,13,0.0,0.20000000298023224,-0.20000000298023224,0.20000000298023224,0.08299344865025557,2.4098288025486982
NDUFB3,9,0.4000000059604645,3.0,-2.5999999046325684,2.5999999046325684,0.6287695673472701,4.135060027796456
MED11,27,0.0,0.20000000298023224,-0.20000000298023224,0.20000000298023224,0.10201266187524935,1.960540969167249
ISCA2,25,0.0,0.4000000059604645,-0.4000000059604645,0.4000000059604645,0.11530994347456851,3.4689116472308745
ANAPC13,7,0.0,0.8090909123420715,-0.8090909123420715,0.8090909123420715,0.18808849788900997,4.3016501350311795
TWF1,9,0.0,0.20000000298023224,-0.20000000298023224,0.20000000298023224,0.08010441344244637,2.4967413702358456
MRPL50,14,0.0714285746216774,1.0,-0.9285714030265808,0.9285714030265808,0.2342207514991035,3.9645138062420355
NUBP2,12,0.20000000298023224,1.0,-0.800000011920929,0.800000011920929,0.21875598049114486,3.6570429303225955
PPP2R1A,53,0.4444444477558136,1.0,-0.5555555820465088,0.5555555820465088,0.2459902515208208,2.258445522177476
SS18L2,9,0.1428571492433548,1.600000023841858,-1.4571428298950195,1.4571428298950195,0.31317609066506363,4.652790788724062
C9orf78,18,0.6000000238418579,4.0,-3.4000000953674316,3.4000000953674316,0.616443132835707,5.515512971532432
DCTN1,15,0.0,0.625,-0.625,0.625,0.15030510874826042,4.158208627803767
POLR2D,20,0.20000000298023224,0.8452380895614624,-0.6452381014823914,0.6452381014823914,0.16826011868618357,3.834765519723683
RPL9,28,11.422222137451172,35.69047546386719,-24.268253326416016,24.268253326416016,6.36042600132503,3.8155075338287645
IPO9,19,0.0,1.0,-1.0,1.0,0.20687712986257906,4.833787092194597
RPLP2,22,4.0,23.83333396911621,-19.83333396911621,19.83333396911621,4.325392876593325,4.585325434007031
GTF3C1,12,0.0,0.6000000238418579,-0.6000000238418579,0.6000000238418579,0.1596925680921079,3.7572194561727397
PRPF8,9,0.4000000059604645,1.600000023841858,-1.2000000476837158,1.2000000476837158,0.31825818080927243,3.770523807533666
TRMT112,19,0.4285714328289032,2.5999999046325684,-2.1714284420013428,2.1714284420013428,0.5118798500976847,4.242066652139087
FNBP4,14,0.0714285746216774,1.600000023841858,-1.5285714864730835,1.5285714864730835,0.28032118804722955,5.452928824686431
CENPE,11,0.0,1.0,-1.0,1.0,0.3141066057961594,3.1836325042108586
UBE2L3,19,1.1666666269302368,14.133928298950195,-12.96726131439209,12.96726131439209,2.3463512931533352,5.526564309543342
TOP3A,10,0.0,0.20000000298023224,-0.20000000298023224,0.20000000298023224,0.08098859910759772,2.469483423395452
CSNK1A1,13,0.20000000298023224,2.4000000953674316,-2.200000047683716,2.200000047683716,0.43377399676669604,5.071765629296075
TFDP1,14,0.17142857611179352,1.7142857313156128,-1.5428571701049805,1.5428571701049805,0.2781550936809126,5.546751453255351
WBP1L,23,0.0,0.0,0.0,0.0,0.052920739650592435,0.0
RPL10,34,18.299999237060547,50.400001525878906,-32.10000228881836,32.10000228881836,9.365580387050109,3.4274439983669764
SNF8,8,0.18333333730697632,2.0,-1.816666603088379,1.816666603088379,0.4270708316304948,4.253782905642626
DPM2,10,0.1547619104385376,1.211111068725586,-1.0563491582870483,1.0563491582870483,0.25298975622879044,4.1754621769418305
GNL2,40,0.2142857164144516,2.125,-1.9107142686843872,1.9107142686843872,0.38360668509178514,4.980920153222076
CHMP5,5,0.25,0.800000011920929,-0.550000011920929,0.550000011920929,0.20440217067483643,2.690773831339935
DRG1,22,0.0,1.0,-1.0,1.0,0.19989514489947607,5.002622752558014
TSEN2,16,0.0,0.4000000059604645,-0.4000000059604645,0.4000000059604645,0.10698806334777736,3.73873489662316
NDUFB10,14,0.34285715222358704,5.599999904632568,-5.257142543792725,5.257142543792725,1.0906045574061358,4.8203929720376095
UBA1,25,0.0,0.4285714328289032,-0.4285714328289032,0.4285714328289032,0.12452656232889824,3.4416065521584454
RPS9,32,9.25694465637207,33.82857131958008,-24.571626663208008,24.571626663208008,6.541505801047881,3.756264598782728
NPEPPS,12,1.0,1.2000000476837158,-0.20000004768371582,0.20000004768371582,0.2607429638131313,0.767039097657306
TMSB10,22,0.1458333432674408,2.4000000953674316,-2.254166841506958,2.254166841506958,0.5988084254809855,3.7644207155173652
AP2S1,4,0.5,3.5999999046325684,-3.0999999046325684,3.0999999046325684,0.7067301402555862,4.3863983266816176
CNOT2,3,0.20000000298023224,0.800000011920929,-0.6000000238418579,0.6000000238418579,0.1802999965262582,3.3277872179796533
NUP160,35,0.20000000298023224,0.8333333134651184,-0.6333333253860474,0.6333333253860474,0.18629475360175404,3.3996304949088176
EIF2B1,16,0.0,1.2000000476837158,-1.2000000476837158,1.2000000476837158,0.31572621607666296,3.800761503417056
PIAS4,22,0.1666666716337204,0.20000000298023224,-0.03333333134651184,0.03333333134651184,0.07681926264013673,0.43391891826225043
SMAGP,4,0.5,1.0,-0.5,0.5,0.20935900102729516,2.3882421942527925
HSPA8,27,7.285714149475098,17.0,-9.714285850524902,9.714285850524902,3.0531816309505526,3.181692747018308
MRPL55,14,0.0,1.6666666269302368,-1.6666666269302368,1.6666666269302368,0.37087828434571407,4.49383718939083
CDC23,16,0.0555555559694767,0.5,-0.4444444477558136,0.4444444477558136,0.12069559061706925,3.682358613794782
DTL,9,0.6000000238418579,1.0,-0.3999999761581421,0.3999999761581421,0.23607189064025913,1.694399003088795
BTF3L4,8,0.0,1.4365079402923584,-1.4365079402923584,1.4365079402923584,0.3044593348537595,4.718225969265663
RPL23,44,2.2750000953674316,19.94444465637207,-17.669445037841797,17.669445037841797,4.1913052231621535,4.215738080871854
PPME1,23,0.0,0.800000011920929,-0.800000011920929,0.800000011920929,0.1767169719754608,4.527012900787018
NCL,19,17.799999237060547,26.799999237060547,-9.0,9.0,4.147408684050994,2.170029694592148
SERBP1,5,6.199999809265137,16.600000381469727,-10.40000057220459,10.40000057220459,2.3234843998174504,4.476036324161113
EEF2,23,3.799999952316284,20.200000762939453,-16.400001525878906,16.400001525878906,3.02129671728756,5.428133368046814
MFN2,5,0.5,0.4000000059604645,0.09999999403953552,0.09999999403953552,0.11572612572997776,0.8641090627440876
NDUFAB1,10,0.8999999761581421,6.166666507720947,-5.266666412353516,5.266666412353516,1.1065467668591182,4.759551579824055
CCT3,28,1.1547619104385376,10.625,-9.470237731933594,9.470237731933594,1.5278674463763606,6.198337267014971
NSA2,3,0.3333333432674408,2.5,-2.1666667461395264,2.1666667461395264,0.4242323432766696,5.107264404700284
SRRM2,10,1.25,5.800000190734863,-4.550000190734863,4.550000190734863,0.9439777324952863,4.820029153344021
HTATSF1,4,0.3142857253551483,1.0,-0.6857142448425293,0.6857142448425293,0.22117374330438913,3.100341996286688
CTR9,24,0.0,0.5714285969734192,-0.5714285969734192,0.5714285969734192,0.1507026689616376,3.7917616251300785
LARS2,11,0.0,0.38749998807907104,-0.38749998807907104,0.38749998807907104,0.10647315478423859,3.6394149197919075
PSMD9,2,0.18333333730697632,1.4285714626312256,-1.2452380657196045,1.2452380657196045,0.2814111235443543,4.424978124659446
DLD,35,0.13333334028720856,1.600000023841858,-1.4666666984558105,1.4666666984558105,0.3967611209956879,3.6965988370411695
POLR2A,44,0.5277777910232544,1.399999976158142,-0.8722221851348877,0.8722221851348877,0.28342358742528395,3.077450938570251
SETDB1,6,0.0,0.20000000298023224,-0.20000000298023224,0.20000000298023224,0.09278037436062112,2.155628325047139
RPL37A,41,9.899999618530273,31.41428565979004,-21.514286041259766,21.514286041259766,6.6055125324542,3.257019941383169
METAP2,13,0.2857142984867096,3.200000047683716,-2.914285659790039,2.914285659790039,0.5595735029687459,5.208047994282553
MT2A,4,0.0,0.27272728085517883,-0.27272728085517883,0.27272728085517883,0.1292623195262646,2.1098745702127357
RMI1,19,0.0,0.3333333432674408,-0.3333333432674408,0.3333333432674408,0.14260735594040483,2.3374204021196476
SNRPA1,11,1.2000000476837158,2.5,-1.2999999523162842,1.2999999523162842,0.5308753227795651,2.448785800608935
DDX46,11,0.3333333432674408,4.0,-3.6666667461395264,3.6666667461395264,0.7302051281450103,5.021420152792147
POLR2E,11,1.0,3.0,-2.0,2.0,0.5132621504501858,3.896644235788254
CENPW,2,0.10000000149011612,1.399999976158142,-1.2999999523162842,1.2999999523162842,0.30162216747275966,4.310027884252542
FAM207A,3,1.0,1.7999999523162842,-0.7999999523162842,0.7999999523162842,0.39363707163183115,2.0323287870216764
ATP6V1B2,45,0.07692307978868484,0.3333333432674408,-0.25641027092933655,0.25641027092933655,0.10348427827109546,2.4777702972196827
PSMA4,41,2.1666667461395264,6.0,-3.8333332538604736,3.8333332538604736,1.11739992569409,3.4305830577886787
CIAPIN1,8,0.10000000149011612,0.8333333134651184,-0.7333332896232605,0.7333332896232605,0.18022119023928176,4.069073612540264
NUDC,5,0.20000000298023224,6.0,-5.800000190734863,5.800000190734863,0.9091667095178195,6.379468286746793
RPE,5,0.0,0.5714285969734192,-0.5714285969734192,0.5714285969734192,0.1636415829601916,3.4919522693228178
CEP192,20,0.0,0.4000000059604645,-0.4000000059604645,0.4000000059604645,0.12377039626283529,3.231790622299018
PSMB5,30,2.633333206176758,8.253968238830566,-5.620635032653809,5.620635032653809,1.4722939064646876,3.8176039498460135
FTSJ3,20,0.3541666865348816,0.800000011920929,-0.44583332538604736,0.44583332538604736,0.1627536982847966,2.7393130238177466
UBTF,20,1.0,1.600000023841858,-0.6000000238418579,0.6000000238418579,0.30160284566231177,1.9893712293207113
SF3B4,26,0.40833333134651184,0.6666666865348816,-0.25833335518836975,0.25833335518836975,0.16731807237126922,1.543965642964992
DHX37,23,0.0,0.4000000059604645,-0.4000000059604645,0.4000000059604645,0.10963039178730356,3.6486233373726664
RPS6,15,2.200000047683716,36.27922058105469,-34.079219818115234,34.079219818115234,6.0678614058467,5.616347760559945
INTS2,42,0.0,0.2222222238779068,-0.2222222238779068,0.2222222238779068,0.10846588134513145,2.0487753487274953
CDC73,13,0.20000000298023224,1.0,-0.800000011920929,0.800000011920929,0.22711902913540874,3.5223821401771125
UBQLN4,9,0.0,0.4000000059604645,-0.4000000059604645,0.4000000059604645,0.08655913225711732,4.621118483169342
ORC3,17,0.0,0.6000000238418579,-0.6000000238418579,0.6000000238418579,0.13354267695657415,4.492945906999961
TICRR,13,0.0,0.20000000298023224,-0.20000000298023224,0.20000000298023224,0.08384678358222451,2.3853032213704637
XRCC1,28,0.0,0.3166666626930237,-0.3166666626930237,0.3166666626930237,0.09253954933368644,3.4219602858790887
NUP93,12,0.4000000059604645,0.6000000238418579,-0.20000001788139343,0.20000001788139343,0.14784052316262605,1.3528091865678222
MRPL45,13,0.1666666716337204,1.0,-0.8333333134651184,0.8333333134651184,0.22904253786269343,3.6383342641998038
DHX15,40,0.12916666269302368,1.3333333730697632,-1.2041666507720947,1.2041666507720947,0.28393297522129524,4.241024311577675
CUL1,22,0.2083333432674408,1.0,-0.7916666269302368,0.7916666269302368,0.2516824646514033,3.145497752601664
WDR26,23,0.1428571492433548,0.6000000238418579,-0.4571428894996643,0.4571428894996643,0.17109259227875745,2.671903461225553
DHODH,10,0.0,0.20000000298023224,-0.20000000298023224,0.20000000298023224,0.07007654095044745,2.8540221915584607
MMGT1,18,0.0,0.1666666716337204,-0.1666666716337204,0.1666666716337204,0.06450839861248239,2.5836429863176043
BANP,5,0.1666666716337204,0.1666666716337204,0.0,0.0,0.0807789301872268,0.0
COX7C,12,0.6142857074737549,6.666666507720947,-6.052380561828613,6.052380561828613,1.4742842573091282,4.1053009498151
PFDN5,2,0.8809524178504944,6.833333492279053,-5.952381134033203,5.952381134033203,1.3136746367328926,4.531092378274706
SRCAP,16,0.3484848737716675,0.6000000238418579,-0.25151515007019043,0.25151515007019043,0.14924899113487192,1.6852050265646592
GABPA,6,0.30000001192092896,0.3333333432674408,-0.03333333134651184,0.03333333134651184,0.11784701014847794,0.28285258407926067
RPS12,44,18.64102554321289,82.69999694824219,-64.05897521972656,64.05897521972656,15.61208887467073,4.103164908550881
SNRNP35,13,0.0,0.4285714328289032,-0.4285714328289032,0.4285714328289032,0.12830211291527013,3.340330280545956
WDR3,42,0.09545454382896423,0.800000011920929,-0.7045454978942871,0.7045454978942871,0.20580833789733555,3.4233088177687887
HAUS4,20,0.0,0.7142857313156128,-0.7142857313156128,0.7142857313156128,0.15212586290571345,4.695360260722545
WDR43,5,0.8333333134651184,2.4285714626312256,-1.595238208770752,1.595238208770752,0.4389573435308249,3.6341531410300454
RPL35A,7,7.800000190734863,22.33333396911621,-14.533333778381348,14.533333778381348,4.419282817200453,3.2886181716670464
BRK1,15,0.4000000059604645,4.400000095367432,-4.0,4.0,0.8538545784464627,4.68463846300123
EIF2B4,39,0.0,0.375,-0.375,0.375,0.0847461155935638,4.424981574358791
UTP23,11,0.0,0.4000000059604645,-0.4000000059604645,0.4000000059604645,0.10737710542110897,3.725188944065441
GINS2,12,0.0833333358168602,1.399999976158142,-1.316666603088379,1.316666603088379,0.310357492680907,4.242419255661745
DDX19B,19,0.0,0.20000000298023224,-0.20000000298023224,0.20000000298023224,0.08255729138548205,2.4225601351960395
PSMD12,30,1.6458332538604736,3.0,-1.3541667461395264,1.3541667461395264,0.5223170023102457,2.5926147151058636
PRELID3B,33,0.125,1.0,-0.875,0.875,0.253007361503,3.458397395245848
TXNL4B,7,0.0,0.20000000298023224,-0.20000000298023224,0.20000000298023224,0.06532527896415126,3.061601973257348
TBP,10,0.0,0.20000000298023224,-0.20000000298023224,0.20000000298023224,0.07030008132896308,2.84494696448998
ECD,3,0.0,0.4000000059604645,-0.4000000059604645,0.4000000059604645,0.12808930178135336,3.122821347275816
RHOQ,13,0.0,0.2857142984867096,-0.2857142984867096,0.2857142984867096,0.09354763111705798,3.054212010234548
ACTR6,3,0.0,0.4285714328289032,-0.4285714328289032,0.4285714328289032,0.12671347364049912,3.3822088568482487
SMC1A,16,0.42222222685813904,2.683333396911621,-2.261111259460449,2.261111259460449,0.5104957597696589,4.429245916715717
CDC123,3,0.20000000298023224,2.2857143878936768,-2.085714340209961,2.085714340209961,0.4169833367923863,5.001912921159309
LSM10,8,0.0,2.154761791229248,-2.154761791229248,2.154761791229248,0.4293066554690903,5.019166984203414
MRPL43,3,0.0,0.6666666865348816,-0.6666666865348816,0.6666666865348816,0.16123471403148804,4.134759009804093
PHF12,7,0.0,0.20000000298023224,-0.20000000298023224,0.20000000298023224,0.061386688788260466,3.2580353644759557
UQCRQ,13,0.20000000298023224,4.0,-3.799999952316284,3.799999952316284,0.8494381956300786,4.473544952258238
IMP4,12,0.0,1.2928571701049805,-1.2928571701049805,1.2928571701049805,0.2641928690622086,4.893611151179693
MRPS21,6,0.22499999403953552,2.799999952316284,-2.575000047683716,2.575000047683716,0.492901082012163,5.224172033000679
ZNF207,20,2.7460317611694336,3.4285714626312256,-0.682539701461792,0.682539701461792,0.6103844199022791,1.118212849487647
MCM3,6,0.6071428656578064,3.6458334922790527,-3.0386905670166016,3.0386905670166016,0.595783355826852,5.100328059348662
KIF20A,3,0.0,0.19090908765792847,-0.19090908765792847,0.19090908765792847,0.08318484924946554,2.294998300536742
RPA2,24,0.19090908765792847,1.316666603088379,-1.1257574558258057,1.1257574558258057,0.22355235553358177,5.035766467943549
GMPPB,10,0.0,0.04545454680919647,-0.04545454680919647,0.04545454680919647,0.05706490309349085,0.7965412073814822
MCM7,12,0.44999998807907104,2.414285659790039,-1.9642856121063232,1.9642856121063232,0.437985568930677,4.484818111478061
GTF2H2,12,0.0,0.6000000238418579,-0.6000000238418579,0.6000000238418579,0.16117482249607196,3.7226659508589233
MRPL36,12,0.03846153989434242,2.200000047683716,-2.161538600921631,2.161538600921631,0.5407282349505761,3.9974583556177734
MRPS24,8,0.1666666716337204,3.612499952316284,-3.445833206176758,3.445833206176758,0.6727188454887976,5.12224866195478
SENP6,2,0.0714285746216774,1.0,-0.9285714030265808,0.9285714030265808,0.2949855341204249,3.147854032216715
MRPS35,21,0.1428571492433548,1.5714285373687744,-1.428571343421936,1.428571343421936,0.3017337787170655,4.734542315732908
RNF113A,16,0.0,0.1666666716337204,-0.1666666716337204,0.1666666716337204,0.06371214290906028,2.615932599718276
SLC25A3,5,0.800000011920929,10.333333015441895,-9.533332824707031,9.533332824707031,1.906665767336719,5.00000209162167
GIT2,6,0.36666667461395264,0.20000000298023224,0.1666666716337204,0.1666666716337204,0.07041867214542703,2.3667965690907122
CENPJ,32,0.0,0.30000001192092896,-0.30000001192092896,0.30000001192092896,0.1021089238035814,2.9380391129967687
VPS33A,16,0.0,0.5,-0.5,0.5,0.14695868723883715,3.4023167285605944
TLCD1,13,0.0,0.1666666716337204,-0.1666666716337204,0.1666666716337204,0.06454742875816638,2.582080724828782
RPL23A,4,4.800000190734863,24.16666603088379,-19.36666488647461,19.36666488647461,4.722348295592884,4.101066603780261
RINT1,9,0.0,0.3333333432674408,-0.3333333432674408,0.3333333432674408,0.0991778663428842,3.3609650576169785
TBCC,12,0.20000000298023224,0.4000000059604645,-0.20000000298023224,0.20000000298023224,0.14529387874910749,1.3765205024610219
RPSA,22,18.99285888671875,58.20000076293945,-39.2071418762207,39.2071418762207,9.661403498444336,4.058120736033204
CEBPZ,4,0.0,2.0,-2.0,2.0,0.31139753029321027,6.422658516645301
RPL36AL,11,0.3333333432674408,4.199999809265137,-3.866666555404663,3.866666555404663,0.8676784318533419,4.456335911387758
DENR,31,0.0,1.399999976158142,-1.399999976158142,1.399999976158142,0.2720079123555919,5.146909014646393
IFITM2,9,0.0,0.800000011920929,-0.800000011920929,0.800000011920929,0.21197402712984945,3.774047333784299
MRPS11,3,0.1428571492433548,1.0,-0.8571428656578064,0.8571428656578064,0.19723851369041484,4.345717525549681
RABGGTB,16,0.0,1.399999976158142,-1.399999976158142,1.399999976158142,0.29317486924181285,4.775306900549554
TRMT6,4,0.0,0.4285714328289032,-0.4285714328289032,0.4285714328289032,0.1167800815610084,3.6699018111663877
TMEM127,10,0.0,0.0,0.0,0.0,0.05287274019564794,0.0
PELO,18,0.0,0.375,-0.375,0.375,0.09791964899168339,3.8296705907498696
RAN,15,18.600000381469727,21.05555534362793,-2.455554962158203,2.455554962158203,3.5176248548429707,0.6980718705058788
SNRPD3,12,0.4000000059604645,1.2000000476837158,-0.8000000715255737,0.8000000715255737,0.21035896988611685,3.803023336531235
EFTUD2,7,0.800000011920929,1.3333333730697632,-0.5333333611488342,0.5333333611488342,0.23951470327286323,2.2267249311255974
PPA1,8,0.699999988079071,8.0,-7.300000190734863,7.300000190734863,1.392827498361809,5.241137326281142
GBF1,13,0.0,0.20000000298023224,-0.20000000298023224,0.20000000298023224,0.0950551988638747,2.1040406560681166
YBX1,3,16.399999618530273,57.46428680419922,-41.06428527832031,41.06428527832031,9.243493985945184,4.442506842191809
MRPL20,8,0.4642857313156128,3.5999999046325684,-3.135714054107666,3.135714054107666,0.6877184510243688,4.559589828420285
PSMB6,4,1.9166667461395264,3.309523820877075,-1.3928570747375488,1.3928570747375488,0.6355422211797218,2.1916043156850624
FXN,11,0.0,0.5,-0.5,0.5,0.1464486981428413,3.41416486688271
RACGAP1,15,0.0,0.4000000059604645,-0.4000000059604645,0.4000000059604645,0.09871644698016205,4.052009753155399
NELFB,11,0.0,0.6000000238418579,-0.6000000238418579,0.6000000238418579,0.1363036508073904,4.401936560670067
HNRNPM,14,4.25,5.5,-1.25,1.25,0.8562227542809724,1.4599004683655117
EMC3,13,0.1666666716337204,1.0,-0.8333333134651184,0.8333333134651184,0.21510947249103332,3.8739963601549685
RPL11,43,16.200000762939453,50.18333435058594,-33.983333587646484,33.983333587646484,9.22030967393969,3.685704145458051
ALYREF,35,2.200000047683716,3.4000000953674316,-1.2000000476837158,1.2000000476837158,0.6735318923485912,1.781652897681417
SCFD1,10,0.5142857432365417,1.2000000476837158,-0.6857143044471741,0.6857143044471741,0.2713165207199439,2.527359198870814
GINS3,2,0.0,0.20000000298023224,-0.20000000298023224,0.20000000298023224,0.07114882801121745,2.8110090998083606
MAD2L2,24,0.0833333358168602,1.0,-0.9166666865348816,0.9166666865348816,0.20466975944446264,4.478759778791942
SLC39A10,11,0.0,0.800000011920929,-0.800000011920929,0.800000011920929,0.1963474753895521,4.074409463802548
GTF2F1,1,0.0,0.8333333134651184,-0.8333333134651184,0.8333333134651184,0.2126837824065827,3.9181798632490663
ATP6V1D,9,0.0,0.5,-0.5,0.5,0.15997416490534383,3.1255046731817497
DCLRE1B,6,0.0,0.10555555671453476,-0.10555555671453476,0.10555555671453476,0.06372431723882628,1.65644076371871
RFC1,13,0.3333333432674408,1.2000000476837158,-0.8666666746139526,0.8666666746139526,0.2648534905467046,3.2722493965437227
MCM6,3,0.1666666716337204,1.600000023841858,-1.433333396911621,1.433333396911621,0.26304987323797385,5.448903583446795
SMC4,32,0.6000000238418579,2.75,-2.1500000953674316,2.1500000953674316,0.5680396493200296,3.784947226731591
THOC7,8,0.36666667461395264,1.7999999523162842,-1.4333332777023315,1.4333332777023315,0.39060128794473736,3.66955594346407
FGFR1OP,6,0.0,0.3166666626930237,-0.3166666626930237,0.3166666626930237,0.08450410667044793,3.747352349726285
INTS6,8,0.18333333730697632,0.8571428656578064,-0.6738095283508301,0.6738095283508301,0.1687771266755934,3.9923035877128052
PCBP2,7,2.142857074737549,4.599999904632568,-2.4571428298950195,2.4571428298950195,0.8408293500595568,2.9222848009777223
URB2,18,0.0,0.4000000059604645,-0.4000000059604645,0.4000000059604645,0.13812210020211843,2.895988443378227
PSMD4,38,0.2678571343421936,2.3333332538604736,-2.065476179122925,2.065476179122925,0.451699316574786,4.57267944256664
TUT1,14,0.0833333358168602,0.1666666716337204,-0.0833333358168602,0.0833333358168602,0.06603691910882392,1.2619204066672625
GGPS1,12,0.0,0.5,-0.5,0.5,0.13026216919480973,3.8384129720136917
PSMC1,39,0.800000011920929,1.7999999523162842,-0.9999999403953552,0.9999999403953552,0.31831932661819423,3.141499295752148
SMC2,7,0.4000000059604645,1.5,-1.100000023841858,1.100000023841858,0.28746610601163436,3.826538158197122
MICOS10,2,0.5142857432365417,4.599999904632568,-4.085714340209961,4.085714340209961,0.9240264803597175,4.4216420492835
DHX8,7,0.1666666716337204,0.2857142984867096,-0.1190476268529892,0.1190476268529892,0.08704156355829472,1.3677101144128565
TADA3,10,0.0,1.0,-1.0,1.0,0.2020751258715712,4.948654594111448
PPP4R2,16,0.0714285746216774,1.2000000476837158,-1.1285715103149414,1.1285715103149414,0.22509151492182009,5.01383408746848
ARPC4,23,0.125,1.316666603088379,-1.191666603088379,1.191666603088379,0.24748965496245956,4.815015816597008
C1D,11,0.1666666716337204,1.399999976158142,-1.2333333492279053,1.2333333492279053,0.3019513572500301,4.084543154434794
AHCTF1,38,0.6000000238418579,2.1666667461395264,-1.5666667222976685,1.5666667222976685,0.438889076941078,3.569618850432219
USP8,1,0.20000000298023224,0.4285714328289032,-0.22857142984867096,0.22857142984867096,0.12287156010237729,1.8602468273229698
CLK2,1,0.1428571492433548,0.1818181872367859,-0.03896103799343109,0.03896103799343109,0.0597490570401432,0.652077872413193
GINS4,1,0.0,0.3333333432674408,-0.3333333432674408,0.3333333432674408,0.11222610934347725,2.970194237485741
LAMTOR2,1,0.1666666716337204,1.0,-0.8333333134651184,0.8333333134651184,0.26593562838328505,3.1335903298525314
ANKLE2,8,0.18333333730697632,1.0,-0.8166666626930237,0.8166666626930237,0.22636252371184887,3.6077821067793456
SEC13,1,0.4000000059604645,1.2000000476837158,-0.8000000715255737,0.8000000715255737,0.26755458246786146,2.9900443645799615
TAF1C,8,0.0,0.0,0.0,0.0,0.048030050552350635,0.0
SYF2,3,0.0,0.6000000238418579,-0.6000000238418579,0.6000000238418579,0.1653893468556809,3.6278033334602813
CCT2,17,0.3333333432674408,6.400000095367432,-6.066666603088379,6.066666603088379,0.9990143800341797,6.072651930076139
MEX3A,18,0.0,0.20000000298023224,-0.20000000298023224,0.20000000298023224,0.06844488543887821,2.9220591384995993
MTBP,19,0.0,0.0,0.0,0.0,0.05550191581182509,0.0
EXOSC7,4,0.511904776096344,1.7999999523162842,-1.288095235824585,1.288095235824585,0.334871139577372,3.8465400077481755
PPP1R15B,9,0.0,0.4000000059604645,-0.4000000059604645,0.4000000059604645,0.09150236286371814,4.371471877247769
HMGN2,5,1.5,6.857142925262451,-5.357142925262451,5.357142925262451,1.1214906876152761,4.7768055360796735
NFATC2IP,5,0.0,1.0,-1.0,1.0,0.1997000566996952,5.00750984514631
ARPC2,12,0.34285715222358704,3.309523820877075,-2.9666666984558105,2.9666666984558105,0.57730625154805,5.1388092377324455
SCAF1,13,0.0,0.4000000059604645,-0.4000000059604645,0.4000000059604645,0.15956391149366958,2.5068325426224827
NEDD1,6,0.0,0.1666666716337204,-0.1666666716337204,0.1666666716337204,0.0835240413974841,1.995433516447885
MRPL19,18,0.1269841343164444,1.1428571939468384,-1.0158730745315552,1.0158730745315552,0.22546193454889646,4.505740964939873
RNF40,20,0.0,0.4285714328289032,-0.4285714328289032,0.4285714328289032,0.13906185034240165,3.081876386468781
BUD13,15,0.0,0.20000000298023224,-0.20000000298023224,0.20000000298023224,0.05669787332366664,3.5274692198507718
PTMA,8,3.3142857551574707,45.0,-41.68571472167969,41.68571472167969,7.387773771364906,5.642527236453014
POLA2,26,0.0555555559694767,0.4000000059604645,-0.3444444537162781,0.3444444537162781,0.10615241133915763,3.2448104510388918
PIK3R4,2,0.10000000149011612,0.20000000298023224,-0.10000000149011612,0.10000000149011612,0.07742620470925893,1.2915524125923963
ZFC3H1,2,0.20000000298023224,0.800000011920929,-0.6000000238418579,0.6000000238418579,0.19231454548852842,3.1198889419295015
NDC80,23,0.25,0.800000011920929,-0.550000011920929,0.550000011920929,0.22319242645149895,2.4642413753248356
GINS1,17,0.0,0.20000000298023224,-0.20000000298023224,0.20000000298023224,0.07520928434954953,2.659246191609722
NDUFB6,16,0.1547619104385376,2.125,-1.9702380895614624,1.9702380895614624,0.38547658397409496,5.111174508316872
HSD17B12,10,0.0,0.6000000238418579,-0.6000000238418579,0.6000000238418579,0.12179802219601799,4.926188562210283
MRPL35,16,0.0,1.2000000476837158,-1.2000000476837158,1.2000000476837158,0.2531070531991787,4.741077075949338
SF3B1,12,3.559523820877075,4.599999904632568,-1.0404760837554932,1.0404760837554932,0.9467653914310491,1.098979845664615
CYCS,13,0.20000000298023224,8.399999618530273,-8.199999809265137,8.199999809265137,1.4836091414839445,5.527062067751404
UXS1,7,0.0,0.1428571492433548,-0.1428571492433548,0.1428571492433548,0.07724463459204112,1.8494119364773856
VMP1,2,0.800000011920929,1.0,-0.19999998807907104,0.19999998807907104,0.28340670568956905,0.7056995620214507
FDXR,10,0.0,0.6000000238418579,-0.6000000238418579,0.6000000238418579,0.19517193467817165,3.0742126158211565
SNRPB,30,4.585714340209961,8.145833969116211,-3.56011962890625,3.56011962890625,1.3585372634855442,2.6205535354784417
PARN,10,0.0,0.4000000059604645,-0.4000000059604645,0.4000000059604645,0.11062727211810801,3.6157449994194564
HAUS8,6,0.0,0.20000000298023224,-0.20000000298023224,0.20000000298023224,0.07856982953109932,2.5455063880604287
ALG11,1,0.20000000298023224,0.20000000298023224,0.0,0.0,0.07326370128214484,0.0
FAF2,8,0.0,0.800000011920929,-0.800000011920929,0.800000011920929,0.1661581373502326,4.814690539258197
GAPDH,5,2.1666667461395264,30.125,-27.95833396911621,27.95833396911621,5.979155066733563,4.675967366136561
PDCD11,4,0.0625,1.0,-0.9375,0.9375,0.19525291390804894,4.801464834688715
UPF2,12,0.1428571492433548,0.6000000238418579,-0.4571428894996643,0.4571428894996643,0.17091861845739578,2.6746231254707604
GTF2E1,16,0.0,0.20000000298023224,-0.20000000298023224,0.20000000298023224,0.09210887160747287,2.171343536076997
MCMBP,8,0.0,0.4000000059604645,-0.4000000059604645,0.4000000059604645,0.10610945375930293,3.76969244293556
NCOA4,8,0.800000011920929,1.0,-0.19999998807907104,0.19999998807907104,0.23201023709145135,0.8620308766816921
RPL18,34,13.066666603088379,43.083335876464844,-30.01667022705078,30.01667022705078,7.2613095897875315,4.133781910258571
NDUFA2,17,0.8888888955116272,2.1666667461395264,-1.277777910232544,1.277777910232544,0.49072341739983716,2.6038657722980063
HMGCS1,23,0.0,0.800000011920929,-0.800000011920929,0.800000011920929,0.24616044948508253,3.249912866158499
BANF1,10,1.1666666269302368,4.400000095367432,-3.2333335876464844,3.2333335876464844,0.8096948258527399,3.993274360177935
CFDP1,3,0.3333333432674408,1.399999976158142,-1.066666603088379,1.066666603088379,0.2656922882422641,4.014669037423355
ACTR3,8,0.6000000238418579,2.6666667461395264,-2.066666603088379,2.066666603088379,0.5326558016473428,3.8799288333982394
SKP2,19,0.0,0.6666666865348816,-0.6666666865348816,0.6666666865348816,0.15524533120605735,4.294278490410858
SRSF7,8,1.2000000476837158,6.0,-4.800000190734863,4.800000190734863,0.9394831689795833,5.109192318951672
RCC1,15,0.1666666716337204,0.8333333134651184,-0.6666666269302368,0.6666666269302368,0.18964712102826167,3.5153005398425665
ATP2A2,17,0.5,1.600000023841858,-1.100000023841858,1.100000023841858,0.3439206027142861,3.198412700956124
YARS,18,0.2857142984867096,3.142857074737549,-2.857142686843872,2.857142686843872,0.5558125757017894,5.140478664478469
U2AF2,4,0.4000000059604645,0.800000011920929,-0.4000000059604645,0.4000000059604645,0.18125980203531192,2.206777241666296
CDC37,16,2.0,2.4000000953674316,-0.40000009536743164,0.40000009536743164,0.40722982197456087,0.9822465688488284
PFDN6,7,0.1666666716337204,1.6666666269302368,-1.5,1.5,0.33542305841898046,4.471964470988557
RPUSD3,16,0.0,0.6000000238418579,-0.6000000238418579,0.6000000238418579,0.1500970647208719,3.997413440147203
ZNHIT6,8,0.0,0.6000000238418579,-0.6000000238418579,0.6000000238418579,0.12709215376400823,4.720983995250968
HIRA,29,0.20000000298023224,0.8571428656578064,-0.6571428775787354,0.6571428775787354,0.21043519911302588,3.1227802209352835
CDC20,7,0.4000000059604645,1.1428571939468384,-0.7428572177886963,0.7428572177886963,0.2862905971332799,2.5947663850198546
CEP152,13,0.0,0.4000000059604645,-0.4000000059604645,0.4000000059604645,0.10225579858033,3.911758663213929
RNMT,4,0.0,0.4000000059604645,-0.4000000059604645,0.4000000059604645,0.13567405549905498,2.9482424218037075
ZBTB17,15,0.0,0.125,-0.125,0.125,0.05906881815357402,2.1161757405575714
KCMF1,8,0.18333333730697632,0.8257575631141663,-0.6424242258071899,0.6424242258071899,0.1504078609396635,4.271214428512484
CCDC137,19,0.0,1.1666666269302368,-1.1666666269302368,1.1666666269302368,0.2510442183681403,4.647255509463257
PRPF18,28,0.0,0.20000000298023224,-0.20000000298023224,0.20000000298023224,0.06754129457721189,2.9611514590025534
UNC45A,12,0.18333333730697632,0.4000000059604645,-0.21666666865348816,0.21666666865348816,0.1135032119982096,1.9089034119748598
HNRNPH1,11,1.0,3.200000047683716,-2.200000047683716,2.200000047683716,0.5154667064372407,4.267977000667009
TLN1,1,0.3333333432674408,1.399999976158142,-1.066666603088379,1.066666603088379,0.3296726576629176,3.2355325147377556
ABCB10,1,1.0,0.5714285969734192,0.4285714030265808,0.4285714030265808,0.18704900955644585,2.291225193027556
MRPL33,12,0.1666666716337204,1.2000000476837158,-1.033333420753479,1.033333420753479,0.29691221498359904,3.480265777581965
RRP12,22,0.0,0.4000000059604645,-0.4000000059604645,0.4000000059604645,0.1168389122182887,3.423517031835673
PRKRA,2,0.20000000298023224,0.6000000238418579,-0.40000003576278687,0.40000003576278687,0.14828923224797289,2.697431429774328
TEFM,20,0.0,0.2857142984867096,-0.2857142984867096,0.2857142984867096,0.08919760944551405,3.203160939657658
GEMIN5,11,0.0,0.8333333134651184,-0.8333333134651184,0.8333333134651184,0.20024981008122023,4.161468683176893
DKC1,3,0.5,2.75,-2.25,2.25,0.48893390143459986,4.6018490298958366
PTBP1,15,1.5,2.799999952316284,-1.2999999523162842,1.2999999523162842,0.48585299691102496,2.6757063568228956
H3F3A,26,8.274999618530273,23.33333396911621,-15.058334350585938,15.058334350585938,4.13395830829468,3.6425946339061475
POP1,4,0.0,0.4000000059604645,-0.4000000059604645,0.4000000059604645,0.14869396848729377,2.690088979598694
BET1,10,0.0,0.375,-0.375,0.375,0.1258170378467078,2.9805184291247597
SNRNP70,9,0.2857142984867096,2.1666667461395264,-1.8809524774551392,1.8809524774551392,0.3609124677261626,5.211658353909475
NVL,6,0.0,0.4285714328289032,-0.4285714328289032,0.4285714328289032,0.13410764736937367,3.19572702404126
CCDC115,21,0.0,0.2857142984867096,-0.2857142984867096,0.2857142984867096,0.08843481567245982,3.230789777918722
NCAPH2,6,0.0,0.5714285969734192,-0.5714285969734192,0.5714285969734192,0.12401452308275053,4.607755469027809
ATP6AP1,8,0.0,0.4000000059604645,-0.4000000059604645,0.4000000059604645,0.13864689019065868,2.8850268867221547
RPL14,23,7.625,54.366668701171875,-46.741668701171875,46.741668701171875,9.306531887897892,5.02245834046453
MRPL17,3,0.0,0.4000000059604645,-0.4000000059604645,0.4000000059604645,0.10861997593086023,3.682563934787429
RRS1,2,0.20000000298023224,1.0,-0.800000011920929,0.800000011920929,0.2251336113855026,3.5534454717695017
ARMC6,3,0.0,0.4000000059604645,-0.4000000059604645,0.4000000059604645,0.10739924493086785,3.724421025659368
DCTN5,10,0.0,0.6666666865348816,-0.6666666865348816,0.6666666865348816,0.15503344953762682,4.300147410272779
CLTC,14,0.6333333253860474,3.612499952316284,-2.9791665077209473,2.9791665077209473,0.7957131590569554,3.7440206609775384
POLR3B,5,0.0,0.3333333432674408,-0.3333333432674408,0.3333333432674408,0.10634272518096277,3.134519476534097
LETM1,7,0.125,0.8333333134651184,-0.7083333134651184,0.7083333134651184,0.17237664188617016,4.109218660454414
COG4,5,0.0,0.4000000059604645,-0.4000000059604645,0.4000000059604645,0.128277725454167,3.118234319670585
DYNLRB1,15,0.20000000298023224,0.7638888955116272,-0.5638889074325562,0.5638889074325562,0.17095433799028248,3.2984767398216546
THOC3,7,0.0,0.800000011920929,-0.800000011920929,0.800000011920929,0.1810050836930928,4.419765431988567
HSPD1,7,8.666666984558105,26.399999618530273,-17.733333587646484,17.733333587646484,4.439051441340584,3.9948475078475454
RBMX,10,0.6696428656578064,3.414285659790039,-2.744642734527588,2.744642734527588,0.48647573024842733,5.641890363422628
PRELID1,7,2.2857143878936768,9.816666603088379,-7.530952453613281,7.530952453613281,1.6883669605540044,4.4604950402145676
GLRX5,4,0.0,2.0,-2.0,2.0,0.37811096078447315,5.2894525878079985
SIN3A,24,0.4000000059604645,0.4000000059604645,0.0,0.0,0.14091910283284578,0.0
SEC61A1,7,0.3333333432674408,0.800000011920929,-0.46666666865348816,0.46666666865348816,0.20699881064637948,2.2544413042580467
RPLP0,18,16.700000762939453,56.733333587646484,-40.03333282470703,40.03333282470703,10.174302124078327,3.934749758409949
PSMC6,9,0.800000011920929,1.8333333730697632,-1.0333333015441895,1.0333333015441895,0.35414176885952836,2.9178520931657315
DHPS,2,0.30000001192092896,0.75,-0.44999998807907104,0.44999998807907104,0.15881846702817093,2.8334235715752807
POLR3C,15,0.0,0.3333333432674408,-0.3333333432674408,0.3333333432674408,0.08077696901857548,4.12658889430213
TTK,22,0.0,0.4000000059604645,-0.4000000059604645,0.4000000059604645,0.13250356610748296,3.018786721830538
UBE2M,14,1.9404761791229248,2.799999952316284,-0.8595237731933594,0.8595237731933594,0.5487435108954692,1.566348860856217
NUS1,9,0.6000000238418579,0.800000011920929,-0.19999998807907104,0.19999998807907104,0.22410705162572345,0.8924305889896177
WDR5,4,0.0,0.5,-0.5,0.5,0.11638873865786378,4.295948265835232
SEPHS2,11,0.0,1.7999999523162842,-1.7999999523162842,1.7999999523162842,0.3485900881129467,5.16365787122744
GTPBP4,1,0.8333333134651184,3.200000047683716,-2.366666793823242,2.366666793823242,0.6392805473227964,3.7020785377162815
MVK,7,0.0,0.1428571492433548,-0.1428571492433548,0.1428571492433548,0.063202411531401,2.260311684030897
PPP1CB,14,0.4000000059604645,1.2000000476837158,-0.8000000715255737,0.8000000715255737,0.23268525066609308,3.438121106668622
RPAIN,1,0.0,1.0,-1.0,1.0,0.23865140450706812,4.190212088068323
PRC1,18,0.41428571939468384,1.399999976158142,-0.9857142567634583,0.9857142567634583,0.2961746960702966,3.3281514924877325
UBA2,14,0.3142857253551483,2.894444465637207,-2.5801587104797363,2.5801587104797363,0.46432738334553014,5.556766202090877
XPO5,22,0.1428571492433548,0.800000011920929,-0.6571428775787354,0.6571428775787354,0.20215018337213742,3.250765676373411
KATNB1,16,0.0,0.2857142984867096,-0.2857142984867096,0.2857142984867096,0.11168252513062783,2.5582721930089605
PNO1,11,0.20000000298023224,1.2000000476837158,-1.0,1.0,0.23128054451206898,4.32375322407552
SNRPE,16,2.0714285373687744,7.400000095367432,-5.328571319580078,5.328571319580078,1.3509898925470596,3.94419776859616
QRSL1,6,0.0,0.5,-0.5,0.5,0.11514735994579652,4.342261952296307
EMC7,17,0.0,0.9545454978942871,-0.9545454978942871,0.9545454978942871,0.22212026113318734,4.297426506814362
OSTC,24,0.7023809552192688,3.8090908527374268,-3.1067099571228027,3.1067099571228027,0.7031307778925083,4.41839563108663
VARS,22,0.18333333730697632,1.6666666269302368,-1.4833333492279053,1.4833333492279053,0.3021411219229414,4.909405710111241
YARS2,18,0.0555555559694767,0.5,-0.4444444477558136,0.4444444477558136,0.10761361285079397,4.130002106443864
ATP6AP2,12,0.0,0.6000000238418579,-0.6000000238418579,0.6000000238418579,0.1527950159662871,3.9268298121336804
CHTF18,4,0.0,0.1428571492433548,-0.1428571492433548,0.1428571492433548,0.05293877455715308,2.698535250171407
XRCC2,12,0.0,1.0,-1.0,1.0,0.24840521152132827,4.02568043510689
PGAM1,14,0.0,2.0,-2.0,2.0,0.37442997910495385,5.341452638970968
SPC25,19,0.1666666716337204,0.800000011920929,-0.6333333253860474,0.6333333253860474,0.1598675562274958,3.961612601901521
MBTPS2,22,0.0,0.1666666716337204,-0.1666666716337204,0.1666666716337204,0.06056978341957443,2.7516471452308093
ABT1,3,0.20000000298023224,1.2857142686843872,-1.0857142210006714,1.0857142210006714,0.23640415244261595,4.592619079583276
YEATS2,26,0.0,0.20000000298023224,-0.20000000298023224,0.20000000298023224,0.08577992657092731,2.331547845460812
NAA25,16,0.0,0.7142857313156128,-0.7142857313156128,0.7142857313156128,0.14985322592024303,4.766568933896558
WDR1,3,0.4285714328289032,0.800000011920929,-0.37142857909202576,0.37142857909202576,0.164807357711576,2.2537135735289855
RAC1,19,1.3333333730697632,5.333333492279053,-4.0,4.0,0.9035752864384892,4.426858569545771
USF2,16,0.22499999403953552,0.6000000238418579,-0.3750000298023224,0.3750000298023224,0.17094457894094828,2.1936936059953314
ARF4,3,0.800000011920929,1.7999999523162842,-0.9999999403953552,0.9999999403953552,0.3810926550019024,2.6240336235038777
THOC2,19,0.2857142984867096,2.799999952316284,-2.5142855644226074,2.5142855644226074,0.4458220199063646,5.639662134568138
EBNA1BP2,2,0.17142857611179352,3.625,-3.453571319580078,3.453571319580078,0.5519178707200357,6.257400788770485
BAP1,19,0.0,0.3333333432674408,-0.3333333432674408,0.3333333432674408,0.09596984384974602,3.4733133857060343
SRSF10,6,0.3888888955116272,3.5,-3.1111111640930176,3.1111111640930176,0.5473287003436549,5.684173262135941
ANAPC1,7,0.1666666716337204,0.6666666865348816,-0.5,0.5,0.15171530538164404,3.295646399961007
ELOVL1,17,0.0,0.5,-0.5,0.5,0.12563872654862066,3.9796646602153047
MRPL14,19,0.1666666716337204,4.0,-3.8333332538604736,3.8333332538604736,0.6917299924200171,5.541661191311886
CWC15,14,0.18333333730697632,1.3333333730697632,-1.1500000953674316,1.1500000953674316,0.28903943599710985,3.9786961644186527
HINFP,12,0.0,0.1666666716337204,-0.1666666716337204,0.1666666716337204,0.05780086366339833,2.8834633441517235
ARFRP1,10,0.2857142984867096,0.4000000059604645,-0.11428570747375488,0.11428570747375488,0.14373913149271939,0.7950911229733125
TTC27,3,0.0,0.4000000059604645,-0.4000000059604645,0.4000000059604645,0.12286351825634259,3.2556450575174316
MRPL27,2,0.4000000059604645,2.1339285373687744,-1.7339285612106323,1.7339285612106323,0.3595728627954625,4.822189716238266
GAK,12,0.2261904776096344,0.4285714328289032,-0.2023809552192688,0.2023809552192688,0.16327021881063225,1.239546052510647
CLASRP,6,0.15000000596046448,0.3333333432674408,-0.18333333730697632,0.18333333730697632,0.08249027709730833,2.2224841976310747
MRPS14,2,0.0,1.183333396911621,-1.183333396911621,1.183333396911621,0.2610512231192793,4.5329548077655755
CENPH,1,0.6000000238418579,1.0,-0.3999999761581421,0.3999999761581421,0.21842829820108614,1.8312644444535304
C7orf26,2,0.10000000149011612,0.1428571492433548,-0.04285714775323868,0.04285714775323868,0.04794100375965909,0.8939559957503784
DNM1,8,0.0,0.2857142984867096,-0.2857142984867096,0.2857142984867096,0.08450941211648101,3.3808577214204716
EIF1,3,3.0,14.183333396911621,-11.183333396911621,11.183333396911621,2.4725433388533666,4.523008038394123
RAD51D,11,0.0,0.20000000298023224,-0.20000000298023224,0.20000000298023224,0.06807421515706784,2.9379700157948445
NUBP1,10,0.0,0.20000000298023224,-0.20000000298023224,0.20000000298023224,0.06869858176486633,2.9112682946610082
WDTC1,5,0.0,0.0,0.0,0.0,0.04415437470504107,0.0
VPS37C,12,0.0,0.0,0.0,0.0,0.043304365421633746,0.0
ELP3,7,0.0,0.20000000298023224,-0.20000000298023224,0.20000000298023224,0.09121957477848598,2.1925118974288615
ARL4D,7,0.0,0.0,0.0,0.0,0.05722957556214755,0.0
HDAC7,12,0.0833333358168602,0.3333333432674408,-0.25,0.25,0.10401578492737346,2.4034813578973284
MIOS,13,0.0,0.20000000298023224,-0.20000000298023224,0.20000000298023224,0.08094054179197403,2.4709496446694654
POLD1,19,0.0,0.6000000238418579,-0.6000000238418579,0.6000000238418579,0.15048806408240262,3.9870273267208516
CSTF1,7,0.0,0.4000000059604645,-0.4000000059604645,0.4000000059604645,0.11696509540971026,3.419823705177409
RPL27A,18,2.8428573608398438,15.0,-12.157142639160156,12.157142639160156,4.247693234987224,2.8620575843435927
PPAN,5,0.1666666716337204,1.399999976158142,-1.2333333492279053,1.2333333492279053,0.2971581191337991,4.150427902905731
COG6,19,0.0,0.20000000298023224,-0.20000000298023224,0.20000000298023224,0.07699203163337577,2.597671456867141
BARD1,7,0.0,0.3333333432674408,-0.3333333432674408,0.3333333432674408,0.11138426293891826,2.992643076071138
NUDCD3,7,0.0,0.3333333432674408,-0.3333333432674408,0.3333333432674408,0.090046767097646,3.701780241660167
MIS18A,4,0.10000000149011612,1.0,-0.8999999761581421,0.8999999761581421,0.2102158886846135,4.281312805562525
BRIP1,5,0.0,0.20000000298023224,-0.20000000298023224,0.20000000298023224,0.11644486198762136,1.7175511187560444
HAUS5,14,0.0,0.20000000298023224,-0.20000000298023224,0.20000000298023224,0.05939695183554378,3.3671762068529256
ANKRD49,12,0.0,0.20000000298023224,-0.20000000298023224,0.20000000298023224,0.07689767415110248,2.6008589360874037
TRAIP,3,0.0,0.1666666716337204,-0.1666666716337204,0.1666666716337204,0.057650709787439074,2.8909734545893433
DDB1,7,1.2000000476837158,1.8333333730697632,-0.6333333253860474,0.6333333253860474,0.31400935183087464,2.0169250428157968
NOLC1,8,0.0833333358168602,2.8333332538604736,-2.75,2.75,0.6074875083628389,4.526842053775179
PAXBP1,8,0.10000000149011612,1.0,-0.8999999761581421,0.8999999761581421,0.2514009986205804,3.579937952101935
PDCD5,19,0.3333333432674408,4.0,-3.6666667461395264,3.6666667461395264,0.8392700971407125,4.3688757154954025
WDR24,1,0.0,0.09545454382896423,-0.09545454382896423,0.09545454382896423,0.053999888760425926,1.7676803789810498
GON4L,13,0.3333333432674408,0.612500011920929,-0.27916666865348816,0.27916666865348816,0.14614171072427593,1.9102463442499935
PRIM1,15,0.1666666716337204,1.0,-0.8333333134651184,0.8333333134651184,0.21300805300592948,3.912215062788828
NISCH,5,0.0,0.20000000298023224,-0.20000000298023224,0.20000000298023224,0.07907550123029917,2.5292283939845417
RPS26,2,6.633333206176758,12.166666984558105,-5.533333778381348,5.533333778381348,2.0038066543275748,2.761411020584813
EIF1AX,8,2.1999998092651367,5.875,-3.6750001907348633,3.6750001907348633,1.0556231892482502,3.4813560635703467
COPB2,5,1.2000000476837158,1.585714340209961,-0.3857142925262451,0.3857142925262451,0.25635524771794754,1.5046085303883603
CDK2,3,0.0,0.25,-0.25,0.25,0.0826837450696917,3.0235688984489313
RPN1,1,0.2857142984867096,1.399999976158142,-1.1142857074737549,1.1142857074737549,0.2622562575646154,4.248843165159612
USP37,2,0.10000000149011612,0.3541666865348816,-0.25416669249534607,0.25416669249534607,0.10995308860737049,2.3115921136417126
TIMM8A,14,0.0,1.2000000476837158,-1.2000000476837158,1.2000000476837158,0.26233817585366853,4.574248653589298
PRPF3,9,0.0,0.4285714328289032,-0.4285714328289032,0.4285714328289032,0.13036367924636041,3.287506422851044
SMARCB1,6,0.36666667461395264,1.0,-0.6333333253860474,0.6333333253860474,0.15210343314587357,4.16383320407143
RPTOR,1,0.0,0.1666666716337204,-0.1666666716337204,0.1666666716337204,0.06726964908133347,2.4775909181897076
GTF2A2,17,0.25,3.0,-2.75,2.75,0.6214391239390686,4.42521221156593
POLR2G,11,0.0,1.3333333730697632,-1.3333333730697632,1.3333333730697632,0.3802503995210049,3.506461465259053
DNAJC9,3,0.20000000298023224,2.4000000953674316,-2.200000047683716,2.200000047683716,0.35947720786896337,6.119998707917137
WNK1,6,0.0,0.8333333134651184,-0.8333333134651184,0.8333333134651184,0.15190583302143704,5.485854604065914
MTG2,8,0.2666666805744171,0.4000000059604645,-0.13333332538604736,0.13333332538604736,0.11929531637258266,1.1176744355128012
COASY,28,0.0,0.5,-0.5,0.5,0.1337941483515371,3.7370842160172524
ABCF1,25,0.6000000238418579,2.8333332538604736,-2.233333110809326,2.233333110809326,0.46650917602998443,4.787329436507763
SSBP1,4,0.800000011920929,6.309523582458496,-5.509523391723633,5.509523391723633,1.24583080937465,4.422368872454809
RPS3A,11,26.799999237060547,55.5,-28.700000762939453,28.700000762939453,9.742164630230825,2.9459572746164375
DHDDS,3,0.0,0.20000000298023224,-0.20000000298023224,0.20000000298023224,0.06288934799934279,3.180188845054051
RBBP8,6,0.0,0.20000000298023224,-0.20000000298023224,0.20000000298023224,0.10387976302385608,1.925302842039619
MSRB1,20,0.0,0.375,-0.375,0.375,0.10873983248222019,3.4485982867530667
SDHAF2,6,0.10000000149011612,0.5,-0.4000000059604645,0.4000000059604645,0.1386959980220598,2.884005390673521
ANAPC4,1,0.1428571492433548,0.3484848737716675,-0.20562772452831268,0.20562772452831268,0.10857934801578098,1.8938014298854202
PLRG1,2,0.0,0.6000000238418579,-0.6000000238418579,0.6000000238418579,0.14697445871493978,4.082342123168293
CCNL1,15,0.0,0.7142857313156128,-0.7142857313156128,0.7142857313156128,0.1661638230482603,4.298683782138047
TRAPPC5,4,0.25,1.7999999523162842,-1.5499999523162842,1.5499999523162842,0.4124966107940364,3.757606515439261
SSBP3,5,0.4000000059604645,1.1428571939468384,-0.7428572177886963,0.7428572177886963,0.25593961744401494,2.902470610870516
RBM10,9,0.0,0.4000000059604645,-0.4000000059604645,0.4000000059604645,0.13412658998879873,2.9822573286465386
NDUFA8,5,0.6000000238418579,2.6666667461395264,-2.066666603088379,2.066666603088379,0.5364893906495342,3.8522040493405485
INO80B,7,0.0,0.10555555671453476,-0.10555555671453476,0.10555555671453476,0.07087883386421605,1.4892394662805766
ATP6V0D1,3,0.4000000059604645,0.6666666865348816,-0.2666666805744171,0.2666666805744171,0.20497277951051884,1.3009858246115662
OSBP,1,0.0,0.7888889312744141,-0.7888889312744141,0.7888889312744141,0.2000986230492697,3.9425005492425016
ATRIP,13,0.0,0.20000000298023224,-0.20000000298023224,0.20000000298023224,0.07332771222564442,2.7274818334000543
MIS18BP1,4,0.18333333730697632,1.0,-0.8166666626930237,0.8166666626930237,0.24572691182402062,3.323472616942691
SKA3,7,0.0,0.5,-0.5,0.5,0.11320860477464008,4.416625405774855
ZNHIT2,2,0.20000000298023224,0.20000000298023224,0.0,0.0,0.08624756729188773,0.0
SMC6,6,0.0,1.3333333730697632,-1.3333333730697632,1.3333333730697632,0.31016005383207707,4.298855886166565
MDN1,3,0.20000000298023224,2.200000047683716,-2.0,2.0,0.5702883751530154,3.506997664932895
DPH6,3,0.0,0.1666666716337204,-0.1666666716337204,0.1666666716337204,0.0749775096969754,2.222888867705935
MCM4,1,0.0,2.200000047683716,-2.200000047683716,2.200000047683716,0.49214532842161823,4.4702243842066665
MTPAP,3,0.1428571492433548,0.4000000059604645,-0.2571428418159485,0.2571428418159485,0.09551163519856568,2.6922671911265748
EIF6,9,0.20000000298023224,2.4000000953674316,-2.200000047683716,2.200000047683716,0.47984336890108625,4.584829530357058
PNKP,13,0.0,0.4000000059604645,-0.4000000059604645,0.4000000059604645,0.09871635316250008,4.052013604088595
ARIH1,1,0.0,0.4444444477558136,-0.4444444477558136,0.4444444477558136,0.128183448703901,3.467253005358467
TMEM258,20,0.5,2.3333332538604736,-1.8333332538604736,1.8333332538604736,0.48540787062846924,3.7768923101448952
DBF4,8,0.30000001192092896,1.4285714626312256,-1.1285715103149414,1.1285715103149414,0.30400664750152984,3.7123251073293133
GAR1,10,0.20000000298023224,1.7999999523162842,-1.5999999046325684,1.5999999046325684,0.3477436503215297,4.601090208701672
ZRSR2,4,0.0555555559694767,0.0,0.0555555559694767,0.0555555559694767,0.07068376785907575,0.7859733238929679
VPS41,35,0.0,0.4000000059604645,-0.4000000059604645,0.4000000059604645,0.130862686147075,3.0566391210318677
KXD1,1,0.0,1.0,-1.0,1.0,0.22235537808859204,4.49730520842889
MRPS34,10,0.36666667461395264,5.400000095367432,-5.0333333015441895,5.0333333015441895,0.8825190971838951,5.703370405927168
SPRTN,10,0.0,0.4000000059604645,-0.4000000059604645,0.4000000059604645,0.11394378478839651,3.510503066957967
RPL12,29,13.0,34.5,-21.5,21.5,6.6243655294931765,3.2455938465770235
COPZ1,6,1.3857142925262451,1.600000023841858,-0.2142857313156128,0.2142857313156128,0.34692840674710845,0.6176655677314288
MRPL38,9,0.0,1.5714285373687744,-1.5714285373687744,1.5714285373687744,0.30580416510487074,5.13867604396388
TXN,3,4.0,7.400000095367432,-3.4000000953674316,3.4000000953674316,1.4010682469899387,2.4267198280112385
TWISTNB,15,0.20000000298023224,0.8333333134651184,-0.6333333253860474,0.6333333253860474,0.19325149457478963,3.277249300345996
IK,24,0.6904761791229248,1.600000023841858,-0.9095238447189331,0.9095238447189331,0.28895072080435785,3.1476780614600077
DAP3,14,0.20000000298023224,2.1339285373687744,-1.9339284896850586,1.9339284896850586,0.3691452994240996,5.238935705539698
COX10,2,0.0,0.20000000298023224,-0.20000000298023224,0.20000000298023224,0.08423153133644756,2.3744077758882067
PSMA1,18,1.7000000476837158,2.8333332538604736,-1.1333332061767578,1.1333332061767578,0.5551386519812297,2.0415317905392003
ZW10,16,0.0,0.2857142984867096,-0.2857142984867096,0.2857142984867096,0.12586265182932233,2.2700482973627167
TRAPPC3,12,0.20000000298023224,2.125,-1.9249999523162842,1.9249999523162842,0.4134232241621864,4.65624531910937
CPOX,4,0.0,0.2857142984867096,-0.2857142984867096,0.2857142984867096,0.09826867384024732,2.9074809633758516
AHCY,6,0.0833333358168602,1.8333333730697632,-1.75,1.75,0.36991521611337685,4.73081377507768
CBLL1,2,0.2261904776096344,0.4000000059604645,-0.17380952835083008,0.17380952835083008,0.11416488764244213,1.5224429501931587
USP9X,6,0.1547619104385376,0.7749999761581421,-0.6202380657196045,0.6202380657196045,0.21738661099581016,2.8531567003064358
ALG14,15,0.0,0.20000000298023224,-0.20000000298023224,0.20000000298023224,0.0585637320281349,3.415082954142151
KPNA6,2,0.10000000149011612,1.2857142686843872,-1.1857142448425293,1.1857142448425293,0.23914176513703758,4.958206460352372
DDX19A,2,0.1428571492433548,0.7888889312744141,-0.6460317969322205,0.6460317969322205,0.17728698648873115,3.643988821330008
RPL38,14,1.8571429252624512,10.071428298950195,-8.214284896850586,8.214284896850586,1.993050923022315,4.12146262895994
PABPN1,11,0.6000000238418579,3.0,-2.4000000953674316,2.4000000953674316,0.532110725781245,4.510339632496134
ARPC3,9,3.799999952316284,5.714285850524902,-1.9142858982086182,1.9142858982086182,1.0729895599653014,1.7840675898752667
DDX59,10,0.0,0.1666666716337204,-0.1666666716337204,0.1666666716337204,0.0534534251581762,3.117979271497201
LENG8,5,0.125,0.5,-0.375,0.375,0.12240097142245523,3.0637011752604755
ELL,2,0.0,0.1666666716337204,-0.1666666716337204,0.1666666716337204,0.06396277859692205,2.6056821684375757
TMED2,6,0.0,1.5,-1.5,1.5,0.2914479229477495,5.146717069824232
KLC2,7,0.0,0.0,0.0,0.0,0.06830556770558874,0.0
HGS,2,0.0,0.5,-0.5,0.5,0.12448880702188066,4.0164253474781715
GUK1,7,0.6000000238418579,4.166666507720947,-3.566666603088379,3.566666603088379,0.7341998309394935,4.857896246753989
CHCHD4,13,0.0,0.6666666865348816,-0.6666666865348816,0.6666666865348816,0.1925775593078575,3.461808784631743
UQCRFS1,6,0.512499988079071,4.199999809265137,-3.687499761581421,3.687499761581421,0.7244069751572215,5.090370313981453
EXOC5,2,0.44999998807907104,0.5,-0.050000011920928955,0.050000011920928955,0.1518469915582455,0.32927891035463774
DDX52,4,0.25,1.3333333730697632,-1.0833333730697632,1.0833333730697632,0.2113023567950675,5.126934642382804
EXOSC10,1,0.20000000298023224,0.800000011920929,-0.6000000238418579,0.6000000238418579,0.16582459488127652,3.6182812584070105
COX17,15,0.0,1.399999976158142,-1.399999976158142,1.399999976158142,0.3253506316007059,4.303049818192222
SEC16A,13,0.1666666716337204,0.3333333432674408,-0.1666666716337204,0.1666666716337204,0.10986638053270474,1.516994287293441
TIPIN,3,0.0,0.6000000238418579,-0.6000000238418579,0.6000000238418579,0.16510453636059272,3.6340614078067595
MRPS31,5,0.0,1.0,-1.0,1.0,0.19796804400049028,5.05132030297538
PRRC2A,2,0.0,1.399999976158142,-1.399999976158142,1.399999976158142,0.23918506832990705,5.85320808666504
PUF60,4,0.7000000476837158,2.1666667461395264,-1.4666666984558105,1.4666666984558105,0.4585460306366931,3.1985157442521914
SSU72,2,0.2857142984867096,3.1666667461395264,-2.8809523582458496,2.8809523582458496,0.679995328360179,4.236723751019464
NOP10,9,0.1818181872367859,2.441558361053467,-2.259740114212036,2.259740114212036,0.53167059655369,4.250263469260406
TRAPPC1,4,0.10000000149011612,1.1666666269302368,-1.066666603088379,1.066666603088379,0.23788393887329895,4.483979070383998
COPB1,2,0.5476190447807312,1.0,-0.4523809552192688,0.4523809552192688,0.24902513806386922,1.8166075872358054
VPS25,3,0.0,1.774999976158142,-1.774999976158142,1.774999976158142,0.355364905196724,4.99486570058327
STIL,10,0.0,0.5,-0.5,0.5,0.1257305555733076,3.976758057896861
TAF2,9,0.0,0.4000000059604645,-0.4000000059604645,0.4000000059604645,0.11245137783977838,3.557092973377238
COA5,12,0.0,0.75,-0.75,0.75,0.1938539102794799,3.868892811698883
NSF,13,0.1666666716337204,0.4285714328289032,-0.261904776096344,0.261904776096344,0.1317662309454547,1.9876471704253331
KIF14,4,0.0,1.2000000476837158,-1.2000000476837158,1.2000000476837158,0.33091935071386785,3.626261338586107
EIF3E,26,2.857142925262451,8.399999618530273,-5.542856693267822,5.542856693267822,1.5888832196877003,3.4885236527057586
E4F1,8,0.0,0.4000000059604645,-0.4000000059604645,0.4000000059604645,0.11060453702442125,3.616488226628039
CAPZB,2,0.30000001192092896,1.6666666269302368,-1.366666555404663,1.366666555404663,0.3255191476578696,4.19842139928761
DPH3,1,0.1666666716337204,1.399999976158142,-1.2333333492279053,1.2333333492279053,0.26856171107088966,4.592364802525235
POLR3K,6,0.0,3.0,-3.0,3.0,0.5364591733511817,5.5922242530767825
DOHH,11,0.0,0.6000000238418579,-0.6000000238418579,0.6000000238418579,0.17998662676359345,3.3335811367248875
LONP1,7,0.4285714328289032,1.2857142686843872,-0.8571428060531616,0.8571428060531616,0.28139785552049745,3.04601754859758
CWC25,11,0.0,0.4000000059604645,-0.4000000059604645,0.4000000059604645,0.0976753975087148,4.095197113733534
PPIH,4,0.0,2.200000047683716,-2.200000047683716,2.200000047683716,0.4666028026360983,4.714931061825377
SRP68,15,0.0,0.8333333134651184,-0.8333333134651184,0.8333333134651184,0.17824096723359686,4.675318622867316
URM1,9,0.1666666716337204,1.0,-0.8333333134651184,0.8333333134651184,0.21400040652899374,3.89407350659502
ESF1,3,0.0,0.800000011920929,-0.800000011920929,0.800000011920929,0.17008902593057829,4.703419327284809
UFL1,7,0.0,0.6000000238418579,-0.6000000238418579,0.6000000238418579,0.1392019429090002,4.310284837289181
NAA35,17,0.0,0.6000000238418579,-0.6000000238418579,0.6000000238418579,0.14220036532439603,4.2193986103559
COPE,6,0.2916666865348816,3.0,-2.7083332538604736,2.7083332538604736,0.5392364353817043,5.022533857422581
EARS2,18,0.0,0.20000000298023224,-0.20000000298023224,0.20000000298023224,0.10220027405523255,1.9569419439339795
HBS1L,8,0.0,1.2000000476837158,-1.2000000476837158,1.2000000476837158,0.325401079433122,3.6877568131434106
CMPK1,13,0.1666666716337204,1.3333333730697632,-1.1666667461395264,1.1666667461395264,0.26692393738080294,4.370783518284159
TSR1,4,0.20000000298023224,1.600000023841858,-1.399999976158142,1.399999976158142,0.3310793885729602,4.228592973402883
CBX1,9,0.0,1.0,-1.0,1.0,0.20788434844330192,4.8103669539736345
ERAL1,6,0.0,0.6666666865348816,-0.6666666865348816,0.6666666865348816,0.16627891637343584,4.009327827453812
C1orf109,15,0.6666666865348816,0.800000011920929,-0.13333332538604736,0.13333332538604736,0.15531880001162435,0.8584493659239477
MED20,1,0.0,0.1666666716337204,-0.1666666716337204,0.1666666716337204,0.06700419710257727,2.4874064437869325
ING3,1,0.4000000059604645,0.6000000238418579,-0.20000001788139343,0.20000001788139343,0.10904672822718015,1.8340762820937435
PNISR,8,1.7166666984558105,2.799999952316284,-1.0833332538604736,1.0833332538604736,0.5716225880525296,1.8951897222104177
GLI4,9,0.0,0.1666666716337204,-0.1666666716337204,0.1666666716337204,0.07637132891431041,2.1823199098803494
TFB2M,12,0.36666667461395264,0.8333333134651184,-0.46666663885116577,0.46666663885116577,0.20628551945355164,2.2622365354939173
RPS5,9,4.833333492279053,38.0,-33.16666793823242,33.16666793823242,6.834514308852806,4.852820030718401
PTPN23,11,0.0,0.20000000298023224,-0.20000000298023224,0.20000000298023224,0.08843968551042679,2.261428247126148
ACTR1A,8,0.18333333730697632,0.3333333432674408,-0.15000000596046448,0.15000000596046448,0.09763271852621073,1.5363702683357636
POLG2,8,0.0,0.2792207896709442,-0.2792207896709442,0.2792207896709442,0.0806532531440287,3.4619904193116455
PDPK1,2,0.0,0.3333333432674408,-0.3333333432674408,0.3333333432674408,0.08639638804471463,3.8581860979526534
MLST8,2,0.2666666805744171,0.6666666865348816,-0.4000000059604645,0.4000000059604645,0.18952253390552232,2.1105670007549917
POLR1C,6,0.0,0.5714285969734192,-0.5714285969734192,0.5714285969734192,0.1406903809483645,4.0616038788262445
SBDS,5,0.1428571492433548,1.8452380895614624,-1.702380895614624,1.702380895614624,0.367978571933725,4.626304424925134
TMA16,12,0.0,0.800000011920929,-0.800000011920929,0.800000011920929,0.2072083784986812,3.860847798324046
CDC5L,3,0.20000000298023224,1.3333333730697632,-1.1333333253860474,1.1333333253860474,0.2794326227443802,4.055837554882773
BORA,1,0.0,0.20000000298023224,-0.20000000298023224,0.20000000298023224,0.09425767834062611,2.1218430848410788
INO80,11,0.0,0.20000000298023224,-0.20000000298023224,0.20000000298023224,0.08673754285394426,2.3058066484199182
SNRNP48,16,0.0,0.7071428298950195,-0.7071428298950195,0.7071428298950195,0.22264339903828914,3.176123042270876
RRP9,2,0.37142857909202576,1.2857142686843872,-0.9142856597900391,0.9142856597900391,0.316993874810382,2.884237622373437
TRPM7,6,0.0,0.3333333432674408,-0.3333333432674408,0.3333333432674408,0.13015904191613875,2.56096955202088
PDCD6,20,0.3333333432674408,3.4000000953674316,-3.066666841506958,3.066666841506958,0.5894583033045616,5.202516996223346
WDR46,1,0.0,1.125,-1.125,1.125,0.2863768174613243,3.9283906077765294
EPRS,2,0.0833333358168602,5.333333492279053,-5.25,5.25,0.9821089011064871,5.345639362483243
ADSL,5,0.20000000298023224,1.6666666269302368,-1.466666579246521,1.466666579246521,0.3149995153401022,4.656091542436102
ERCC2,5,0.0,0.25,-0.25,0.25,0.11392184826421257,2.194486868051763
BRF2,11,0.0,0.1666666716337204,-0.1666666716337204,0.1666666716337204,0.09106675214389336,1.8301593908869465
SCAP,8,0.0,0.4000000059604645,-0.4000000059604645,0.4000000059604645,0.12254481370949363,3.26411207338982
RPL13A,3,12.199999809265137,39.75714111328125,-27.557140350341797,27.557140350341797,8.209403502133949,3.356777425202526
RPP30,4,0.0,0.6000000238418579,-0.6000000238418579,0.6000000238418579,0.14002817108991514,4.284852249170525
EIF3J,1,0.0,2.5999999046325684,-2.5999999046325684,2.5999999046325684,0.49269963297707436,5.277048592308467
WDR75,12,0.10000000149011612,1.0,-0.8999999761581421,0.8999999761581421,0.23488199997279618,3.8317111411788867
GRWD1,19,0.1666666716337204,1.0,-0.8333333134651184,0.8333333134651184,0.21163318237922343,3.9376306876672893
NUP62,2,0.10000000149011612,1.1666666269302368,-1.066666603088379,1.066666603088379,0.2308926094536367,4.619752038025132
NAA50,4,0.7166666984558105,2.3333332538604736,-1.616666555404663,1.616666555404663,0.4838919192795957,3.340966217851932
NOL8,1,0.4000000059604645,1.5,-1.100000023841858,1.100000023841858,0.2911617513169373,3.7779688398854243
CSNK2B,7,0.6666666865348816,3.799999952316284,-3.133333206176758,3.133333206176758,0.7999307282421135,3.917005680057333
GRSF1,14,0.18333333730697632,1.1666666269302368,-0.9833332896232605,0.9833332896232605,0.22105571042800845,4.448350543486657
CUL3,5,0.5,1.600000023841858,-1.100000023841858,1.100000023841858,0.4050550624597866,2.715680226687858
MMS19,6,0.0,0.20000000298023224,-0.20000000298023224,0.20000000298023224,0.1070770694822785,1.8678135659412372
TOMM20,3,1.2000000476837158,10.0,-8.800000190734863,8.800000190734863,1.5063289760638319,5.842017468010226
COQ4,13,0.20000000298023224,1.399999976158142,-1.1999999284744263,1.1999999284744263,0.27761616331469563,4.322514633682009
RPS27A,1,22.5,60.56349182128906,-38.06349182128906,38.06349182128906,10.883670477306522,3.4973028539089848
SLBP,1,0.1666666716337204,2.625,-2.4583332538604736,2.4583332538604736,0.43971863979551723,5.590696030087955
RPL15,13,13.0,53.145835876464844,-40.145835876464844,40.145835876464844,9.729559071123147,4.1261721711126365
GMPS,5,0.3333333432674408,2.4000000953674316,-2.066666841506958,2.066666841506958,0.5114058624649543,4.041148123616949
HUWE1,2,0.18333333730697632,1.600000023841858,-1.4166667461395264,1.4166667461395264,0.3812252652697426,3.716088295294749
ATL2,4,0.0833333358168602,0.4285714328289032,-0.3452380895614624,0.3452380895614624,0.12037490079263041,2.8680238761417827
RRM1,3,0.4000000059604645,1.1428571939468384,-0.7428572177886963,0.7428572177886963,0.23655445402577313,3.140322260462533
XAB2,10,0.0833333358168602,0.20000000298023224,-0.11666666716337204,0.11666666716337204,0.07843291861261682,1.487470684848452
CHTOP,12,0.2666666805744171,1.0,-0.7333333492279053,0.7333333492279053,0.18831198752908476,3.894246770214998
TACC3,5,0.6000000238418579,0.800000011920929,-0.19999998807907104,0.19999998807907104,0.2121024931103567,0.9429402980898073
COX15,2,0.0,0.20000000298023224,-0.20000000298023224,0.20000000298023224,0.07346611640255223,2.722343479875087
CPSF6,1,0.0,1.2000000476837158,-1.2000000476837158,1.2000000476837158,0.2417744674464863,4.963303447041282
MRPS6,14,0.2666666805744171,2.1666667461395264,-1.9000000953674316,1.9000000953674316,0.4378731255416383,4.339156674703839
CEP97,9,0.0,0.1428571492433548,-0.1428571492433548,0.1428571492433548,0.060045262729597586,2.3791577011942606
KRT10,3,0.6000000238418579,4.0,-3.4000000953674316,3.4000000953674316,0.8011748773846751,4.2437677357860535
MTOR,2,0.0,0.4000000059604645,-0.4000000059604645,0.4000000059604645,0.10865556894703265,3.681357613206703
ZCRB1,9,0.0,1.0,-1.0,1.0,0.23539723340895435,4.248138287431379
RNPC3,1,0.0,0.1666666716337204,-0.1666666716337204,0.1666666716337204,0.06476562156747531,2.5733817973178974
CENPN,8,0.20000000298023224,0.8571428656578064,-0.6571428775787354,0.6571428775787354,0.16993010653290316,3.8671362655298185
MED26,2,0.10000000149011612,0.1666666716337204,-0.06666667014360428,0.06666667014360428,0.08228971155276175,0.8101458722559692
ZNRD1,2,0.10000000149011612,1.5714285373687744,-1.4714285135269165,1.4714285135269165,0.3284622084529497,4.479749802746912
SF3B5,1,1.3333333730697632,3.1666667461395264,-1.8333333730697632,1.8333333730697632,0.6425096487667782,2.8533943055775604
INTS5,1,0.0,0.20000000298023224,-0.20000000298023224,0.20000000298023224,0.10095110749606953,1.981157096151908
DDX11,7,0.0,0.3333333432674408,-0.3333333432674408,0.3333333432674408,0.08377187494474599,3.9790603169297554
ACTR10,5,0.0,0.4000000059604645,-0.4000000059604645,0.4000000059604645,0.10539433308840415,3.795270525835073
RPP21,1,0.0,1.1428571939468384,-1.1428571939468384,1.1428571939468384,0.2154017402864317,5.3057008380114175
LSM7,8,0.7285714149475098,6.199999809265137,-5.471428394317627,5.471428394317627,1.140824578607847,4.796029553460738
MCM2,7,0.0,0.8999999761581421,-0.8999999761581421,0.8999999761581421,0.15802226139804415,5.695399927805877
H2AFX,8,0.18333333730697632,1.3333333730697632,-1.1500000953674316,1.1500000953674316,0.27672597533578075,4.15573599107209
NELFA,3,0.0,0.6000000238418579,-0.6000000238418579,0.6000000238418579,0.14585082260109591,4.113792525413905
MEPCE,4,0.15000000596046448,0.5,-0.3499999940395355,0.3499999940395355,0.13470025521731593,2.598361773516094
CHMP3,5,0.0,0.800000011920929,-0.800000011920929,0.800000011920929,0.15425092338866636,5.1863547675832535
TIMM10,1,0.0,2.4000000953674316,-2.4000000953674316,2.4000000953674316,0.5153789034207484,4.656768213517859
DCTN4,2,0.0,0.3693181872367859,-0.3693181872367859,0.3693181872367859,0.11875286117313301,3.10997296055332
TAF6,5,0.0,0.3333333432674408,-0.3333333432674408,0.3333333432674408,0.13072191213746812,2.549942376278164
HIST1H2AE,6,0.0,0.0,0.0,0.0,0.044180971008261204,0.0
PSME1,5,0.1666666716337204,0.5714285969734192,-0.4047619104385376,0.4047619104385376,0.17224298757337428,2.349947107519323
RPS4X,12,3.512500047683716,46.0,-42.48749923706055,42.48749923706055,7.727641382280197,5.498119948278934
EEF1G,11,0.800000011920929,22.285715103149414,-21.485715866088867,21.485715866088867,3.785572955943821,5.675684002431816
GTF3C4,6,0.2222222238779068,0.6000000238418579,-0.3777778148651123,0.3777778148651123,0.139779516618076,2.7026693467350196
POLR2L,1,0.0,2.3333332538604736,-2.3333332538604736,2.3333332538604736,0.49003396174378067,4.761574576499417
SRP14,8,0.6000000238418579,6.0,-5.400000095367432,5.400000095367432,1.1041216097916269,4.890765697798937
DDX21,2,0.6000000238418579,5.866071701049805,-5.266071796417236,5.266071796417236,0.8135272419400942,6.47313516368394
POLR3H,4,0.17142857611179352,0.8333333134651184,-0.6619047522544861,0.6619047522544861,0.18193534083302626,3.6381318177316553
CXXC1,3,0.0,0.25,-0.25,0.25,0.08944856609662973,2.7949022651735898
PPP6C,5,0.0,0.6666666865348816,-0.6666666865348816,0.6666666865348816,0.16161526030051848,4.125023127737046
DOLK,7,0.0,0.1666666716337204,-0.1666666716337204,0.1666666716337204,0.06320931430198119,2.6367422819598043
MED14,4,0.0,0.20000000298023224,-0.20000000298023224,0.20000000298023224,0.08466752470283508,2.3621808205943133
METTL23,5,0.125,0.4000000059604645,-0.2750000059604645,0.2750000059604645,0.14709961960732845,1.869481421464968
RGP1,8,0.1666666716337204,0.1428571492433548,0.0238095223903656,0.0238095223903656,0.05114449684756674,0.46553439486028236
PPIL2,4,0.2666666805744171,1.399999976158142,-1.1333333253860474,1.1333333253860474,0.2982022931147848,3.800552013024936
VPS28,1,0.0,1.174242377281189,-1.174242377281189,1.174242377281189,0.2729997027490608,4.301258812580259
TUBB,2,5.6571431159973145,14.585714340209961,-8.928571701049805,8.928571701049805,2.362058177098497,3.77999652490248
COX7B,4,0.38333335518836975,5.800000190734863,-5.4166669845581055,5.4166669845581055,1.029699559727116,5.260434398936321
GLMN,1,0.0,0.4000000059604645,-0.4000000059604645,0.4000000059604645,0.1258031957570986,3.1795695137410207
SPC24,5,0.0,0.375,-0.375,0.375,0.09798119037568537,3.8272651981686736
ZMAT5,4,0.0,0.20000000298023224,-0.20000000298023224,0.20000000298023224,0.0657664217021395,3.041065604664422
PRKRIP1,8,0.4642857313156128,0.4000000059604645,0.06428572535514832,0.06428572535514832,0.11248966182214595,0.5714811860381317
FNTA,1,0.0,1.0,-1.0,1.0,0.24623962248098602,4.061084848671003
METTL14,5,0.0,0.2857142984867096,-0.2857142984867096,0.2857142984867096,0.09136936203179778,3.127025209908734
SBNO1,17,0.5714285969734192,2.142857074737549,-1.5714285373687744,1.5714285373687744,0.3795072428083873,4.140707633772846
PFDN2,3,0.3333333432674408,4.0,-3.6666667461395264,3.6666667461395264,0.8022082190615286,4.570717002163121
SPCS3,5,0.20000000298023224,1.600000023841858,-1.399999976158142,1.399999976158142,0.3478503894090414,4.024718726164385
NHLRC2,3,0.0,0.3333333432674408,-0.3333333432674408,0.3333333432674408,0.1187095305917427,2.807974571256767
RABGGTA,3,0.0,0.1666666716337204,-0.1666666716337204,0.1666666716337204,0.07905145985076009,2.1083313571737645
HIST1H2BN,3,0.0,0.5,-0.5,0.5,0.13165672378461965,3.7977551440362576
NOL6,6,0.0,0.1666666716337204,-0.1666666716337204,0.1666666716337204,0.06932953651151018,2.4039778717697065
DDX51,6,0.0,0.2857142984867096,-0.2857142984867096,0.2857142984867096,0.08701034924258694,3.283681780084933
TAF7,3,0.20000000298023224,1.2000000476837158,-1.0,1.0,0.25887686677103333,3.8628403243325007
DHX33,7,0.1428571492433548,0.4000000059604645,-0.2571428418159485,0.2571428418159485,0.11473692673221103,2.2411515554717982
SRP19,6,0.30000001192092896,1.7999999523162842,-1.5,1.5,0.3443149855986342,4.35647608364203
POLR2H,3,0.0,2.154761791229248,-2.154761791229248,2.154761791229248,0.4741218446050384,4.544742697996223
USP10,5,0.20000000298023224,1.2000000476837158,-1.0,1.0,0.21872982722310894,4.57185018017675
PIGH,2,0.0,0.3333333432674408,-0.3333333432674408,0.3333333432674408,0.10410053150141316,3.2020330584279084
RSRC2,2,0.6000000238418579,2.0,-1.399999976158142,1.399999976158142,0.36796227929067704,3.8047377542527725
NAA15,5,0.0,1.6666666269302368,-1.6666666269302368,1.6666666269302368,0.3376563996052806,4.93598412136884
RAD17,5,0.0,0.41428571939468384,-0.41428571939468384,0.41428571939468384,0.11411494779858708,3.6304246497654127
CYFIP1,3,0.0,0.4000000059604645,-0.4000000059604645,0.4000000059604645,0.12871261647056717,3.107698506400364
PI4KA,5,0.5,0.800000011920929,-0.30000001192092896,0.30000001192092896,0.16063581798625604,1.8675785742043962
UPF1,6,0.0,0.6000000238418579,-0.6000000238418579,0.6000000238418579,0.1274239597413309,4.708690775736767
ATP6V1G1,1,1.1666666269302368,4.5,-3.3333334922790527,3.3333334922790527,0.8507588273288028,3.9180710034417072
DDX41,34,0.1428571492433548,0.6000000238418579,-0.4571428894996643,0.4571428894996643,0.12567429119599427,3.6375211282212923
DDX5,11,0.8333333134651184,5.599999904632568,-4.766666412353516,4.766666412353516,0.8729569538337917,5.460368224824376
TFIP11,1,0.0,0.4000000059604645,-0.4000000059604645,0.4000000059604645,0.13074258113929352,3.0594470636487077
MYBL2,4,0.30000001192092896,1.399999976158142,-1.0999999046325684,1.0999999046325684,0.3550175953630164,3.0984377084402945
BCL2L1,5,0.625,0.800000011920929,-0.17500001192092896,0.17500001192092896,0.1902948616416655,0.9196255243636715
CNIH4,3,0.0,0.8333333134651184,-0.8333333134651184,0.8333333134651184,0.18296033667806139,4.554721141180774
SAP130,5,0.0,0.17424243688583374,-0.17424243688583374,0.17424243688583374,0.07366957172157249,2.3651886771429504
NUP214,3,1.399999976158142,3.8333332538604736,-2.433333396911621,2.433333396911621,0.7232527727221468,3.3644300978662667
MRPS18A,6,0.0833333358168602,0.7142857313156128,-0.6309524178504944,0.6309524178504944,0.16109587414260715,3.9166267988462287
DDX1,3,0.3333333432674408,3.5999999046325684,-3.2666666507720947,3.2666666507720947,0.6152392478938079,5.309587549811079
KIN,12,0.1547619104385376,0.4000000059604645,-0.24523809552192688,0.24523809552192688,0.13696132925250298,1.7905645108759423
RBM17,2,0.8166666626930237,2.5999999046325684,-1.7833333015441895,1.7833333015441895,0.4127349271375,4.32077147895478
CDK9,6,0.0,0.20000000298023224,-0.20000000298023224,0.20000000298023224,0.1226703539334707,1.630385798745642
DCAF6,7,0.1666666716337204,0.5,-0.3333333134651184,0.3333333134651184,0.13234593578309528,2.5186516797268776
GLRX3,9,0.20000000298023224,1.600000023841858,-1.399999976158142,1.399999976158142,0.3208291839741215,4.3636927252574
CD2BP2,6,0.0833333358168602,0.4285714328289032,-0.3452380895614624,0.3452380895614624,0.10787549141286595,3.20033851099831
PSMB1,8,2.183333396911621,7.800000190734863,-5.616666793823242,5.616666793823242,1.4921375801615162,3.7641748780399102
SRSF2,1,4.199999809265137,6.199999809265137,-2.0,2.0,0.9366317873759378,2.135310830740849
ANLN,6,0.0,0.5714285969734192,-0.5714285969734192,0.5714285969734192,0.19882180208997258,2.874074125506776
MARS,4,0.0,1.0,-1.0,1.0,0.21046565327555258,4.751369092470152
CCT7,10,0.15555556118488312,4.714285850524902,-4.558730125427246,4.558730125427246,0.8206944510524119,5.554722734607734
SNAPC4,3,0.0,0.20000000298023224,-0.20000000298023224,0.20000000298023224,0.0737315393732654,2.712543433655082
PGS1,3,0.0,0.20000000298023224,-0.20000000298023224,0.20000000298023224,0.06922370943079094,2.889183556107896
ZNF100,3,0.0,0.4000000059604645,-0.4000000059604645,0.4000000059604645,0.1397265503900541,2.8627344255178646
TOMM22,3,0.4000000059604645,4.199999809265137,-3.799999713897705,3.799999713897705,0.7902660799100704,4.808506666931892
UBR5,1,0.0,1.5,-1.5,1.5,0.3612468190374821,4.152285697619841
TUBGCP4,1,0.0,0.3333333432674408,-0.3333333432674408,0.3333333432674408,0.09890060861216399,3.3703871790576976
HMGB1,10,19.787500381469727,21.183334350585938,-1.395833969116211,1.395833969116211,3.368720570788011,0.4143513656847168
C7orf50,2,0.5416666865348816,0.75,-0.2083333134651184,0.2083333134651184,0.20300222733656473,1.026261219881667
SHQ1,4,0.0,0.20000000298023224,-0.20000000298023224,0.20000000298023224,0.06818336868807981,2.933266672334383
ILF3,5,0.4000000059604645,4.0,-3.5999999046325684,3.5999999046325684,0.6341085477191337,5.677261278974463
N6AMT1,6,0.0,0.20000000298023224,-0.20000000298023224,0.20000000298023224,0.09134063042898784,2.1896061154922823
TXNL4A,2,0.5,2.881944417953491,-2.381944417953491,2.381944417953491,0.49422366982875904,4.819567664128265
MRPS2,6,0.0,1.0,-1.0,1.0,0.23137341475397058,4.322017726467596
EDC4,9,0.0,0.4000000059604645,-0.4000000059604645,0.4000000059604645,0.0938877610483204,4.260406271213561
RPS10,4,0.800000011920929,7.400000095367432,-6.599999904632568,6.599999904632568,1.3387237151100622,4.930068714058714
MANF,7,0.0,0.6666666865348816,-0.6666666865348816,0.6666666865348816,0.22675743811690527,2.9399991994581463
CDC45,1,0.6000000238418579,2.799999952316284,-2.1999998092651367,2.1999998092651367,0.5721791728252534,3.844949123894498
TOE1,7,0.0,0.4000000059604645,-0.4000000059604645,0.4000000059604645,0.1692807543467278,2.362938465770114
PSMD13,6,0.4000000059604645,1.8571428060531616,-1.4571428298950195,1.4571428298950195,0.3356858358102394,4.340793308654021
MED29,3,0.0,0.20000000298023224,-0.20000000298023224,0.20000000298023224,0.0874914210825392,2.2859384440853088
PTK2,13,0.0,0.5,-0.5,0.5,0.1314881584068798,3.802623795618075
PNN,1,1.6666666269302368,6.309523582458496,-4.642857074737549,4.642857074737549,0.9912463367816514,4.683857990145857
SARNP,3,0.1666666716337204,1.600000023841858,-1.433333396911621,1.433333396911621,0.2698283005495351,5.312020251369035
SMUG1,1,0.0,0.4000000059604645,-0.4000000059604645,0.4000000059604645,0.13260823344854214,3.0164040011564
CENPC,4,0.0,0.6000000238418579,-0.6000000238418579,0.6000000238418579,0.1851174743308079,3.2411852312205176
H2AFZ,2,3.383333206176758,20.399999618530273,-17.016666412353516,17.016666412353516,3.333956738126351,5.104045357804105
SNRPD1,10,0.7166666984558105,7.199999809265137,-6.483333110809326,6.483333110809326,1.2646980111218287,5.126388318629834
UBC,4,2.4000000953674316,6.142857074737549,-3.742856979370117,3.742856979370117,0.960470690269293,3.896898694868773
ZBTB11,8,0.17142857611179352,0.800000011920929,-0.6285714507102966,0.6285714507102966,0.23506277897487557,2.6740577706582838
EXOC4,4,0.0,0.375,-0.375,0.375,0.10672556801501815,3.5136847427903217
DIMT1,1,0.10000000149011612,1.25,-1.149999976158142,1.149999976158142,0.31704716718089104,3.6272204744286847
NOP56,4,6.199999809265137,5.800000190734863,0.39999961853027344,0.39999961853027344,0.9800781928376898,0.40813031190105986
VPS72,3,0.0,0.375,-0.375,0.375,0.13937707410343875,2.690542920435348
KDM2A,7,0.4000000059604645,0.5,-0.09999999403953552,0.09999999403953552,0.1409093672080899,0.709675985499666
SNAPC1,4,0.0,0.0,0.0,0.0,0.057960202993486386,0.0
DDX18,7,0.20000000298023224,2.0,-1.7999999523162842,1.7999999523162842,0.3457540602266551,5.206012479322195
DBR1,2,0.0833333358168602,0.20000000298023224,-0.11666666716337204,0.11666666716337204,0.08952072078464476,1.3032364590096501
XRCC5,1,5.599999904632568,7.5634918212890625,-1.9634919166564941,1.9634919166564941,1.350140533211904,1.454287067425095
MSTO1,1,0.0,0.1666666716337204,-0.1666666716337204,0.1666666716337204,0.06179120576299692,2.6972555329795354
METAP1,4,0.0,0.4000000059604645,-0.4000000059604645,0.4000000059604645,0.09547036472139916,4.189781898579116
KIF23,4,0.5,0.6666666865348816,-0.1666666865348816,0.1666666865348816,0.154773269452592,1.0768441289917483
KIF18B,5,0.0,0.1428571492433548,-0.1428571492433548,0.1428571492433548,0.06014453726780853,2.3752306648773067
PGD,5,0.20000000298023224,1.6666666269302368,-1.466666579246521,1.466666579246521,0.34841825855842895,4.2094997699455075
RBBP6,2,0.20000000298023224,1.0,-0.800000011920929,0.800000011920929,0.2385047892031367,3.354230389225273
RNASEH2C,4,0.20000000298023224,1.5,-1.2999999523162842,1.2999999523162842,0.29726848429630937,4.373150942635677
TAF8,4,0.0,0.2857142984867096,-0.2857142984867096,0.2857142984867096,0.09396694557790476,3.04058301277691
PCNA,8,0.6000000238418579,2.585714340209961,-1.985714316368103,1.985714316368103,0.5238517942493945,3.790603254902182
ATP6V0B,9,1.0,6.833333492279053,-5.833333492279053,5.833333492279053,1.186011424287524,4.9184462921875545
RPS23,6,14.0,64.19999694824219,-50.19999694824219,50.19999694824219,12.218889962928905,4.108392587259956
DPAGT1,6,0.0,0.2857142984867096,-0.2857142984867096,0.2857142984867096,0.13024679225772925,2.1936378895331634
TOP1,4,1.100000023841858,2.154761791229248,-1.0547617673873901,1.0547617673873901,0.3533051064955236,2.985413309900048
SLC39A7,8,0.0,1.2000000476837158,-1.2000000476837158,1.2000000476837158,0.2295656330521381,5.227263470273777
DMAP1,4,0.0,0.4000000059604645,-0.4000000059604645,0.4000000059604645,0.10881283251639741,3.6760370694346824
MRPL37,2,0.125,2.4000000953674316,-2.2750000953674316,2.2750000953674316,0.4752938757499206,4.786512537696656
OGFOD1,4,0.10000000149011612,0.800000011920929,-0.699999988079071,0.699999988079071,0.14062384337321227,4.977818635075192
CRLS1,3,0.0,0.800000011920929,-0.800000011920929,0.800000011920929,0.21489475130856656,3.7227526826479442
NUP133,2,0.4000000059604645,0.800000011920929,-0.4000000059604645,0.4000000059604645,0.20120986130708773,1.9879741646955464
FARSA,6,0.10000000149011612,1.3333333730697632,-1.2333333492279053,1.2333333492279053,0.2997571756996069,4.114441451983304
PDCD7,4,0.0,1.1666666269302368,-1.1666666269302368,1.1666666269302368,0.21405221887837547,5.450383243133476
TAMM41,6,0.0,0.3333333432674408,-0.3333333432674408,0.3333333432674408,0.1039742652627193,3.205921604015987
TBCB,1,0.20000000298023224,0.6000000238418579,-0.40000003576278687,0.40000003576278687,0.14229036734251174,2.811153300349094
MRPS7,6,0.18333333730697632,2.3333332538604736,-2.1499998569488525,2.1499998569488525,0.4169395467727439,5.156622521395713
MRPS25,4,0.0,2.309523820877075,-2.309523820877075,2.309523820877075,0.4082991513920821,5.656450210593953
ZCCHC9,1,0.4000000059604645,0.6666666865348816,-0.2666666805744171,0.2666666805744171,0.14186923546857355,1.879665310760685
RPLP1,1,28.0,102.18333435058594,-74.18333435058594,74.18333435058594,17.6804182820176,4.195790685904548
RPP40,2,0.0,0.4000000059604645,-0.4000000059604645,0.4000000059604645,0.15398970990644537,2.5975762030039524
TOPBP1,1,0.20000000298023224,1.1666666269302368,-0.9666666388511658,0.9666666388511658,0.26744585348020594,3.6144386845867107
IPO7,2,0.30000001192092896,2.200000047683716,-1.9000000953674316,1.9000000953674316,0.5195814205324598,3.656789908731413
HIST2H2AC,2,0.6000000238418579,1.0,-0.3999999761581421,0.3999999761581421,0.36133466746640125,1.1070069167812029
SP2,7,0.0,0.1428571492433548,-0.1428571492433548,0.1428571492433548,0.06068569186270669,2.3540499392599843
WDR74,5,0.8333333134651184,1.2000000476837158,-0.3666667342185974,0.3666667342185974,0.285212630868954,1.2855907997534266
RNGTT,4,0.0,0.4000000059604645,-0.4000000059604645,0.4000000059604645,0.14165754529991204,2.8237112616458195
RPS18,7,9.571428298950195,92.08332824707031,-82.51190185546875,82.51190185546875,16.735971383091623,4.9302128909488125
BRD4,5,1.0,2.1666667461395264,-1.1666667461395264,1.1666667461395264,0.3695964798612698,3.156595935592897
SNRNP25,4,0.0833333358168602,2.8660714626312256,-2.782738208770752,2.782738208770752,0.5467701048577135,5.089411772969751
PNPT1,7,0.6000000238418579,1.399999976158142,-0.7999999523162842,0.7999999523162842,0.2676211145988748,2.9893005771064365
CCDC130,1,0.0,0.1666666716337204,-0.1666666716337204,0.1666666716337204,0.05520500788870116,3.0190498653625255
USP5,7,0.20000000298023224,0.4000000059604645,-0.20000000298023224,0.20000000298023224,0.09362650775448235,2.1361472063520095
TTC4,4,0.0,0.6666666865348816,-0.6666666865348816,0.6666666865348816,0.1577886088710833,4.2250621974845
DERL2,7,0.0,0.4000000059604645,-0.4000000059604645,0.4000000059604645,0.1283986410034652,3.1152978165062457
BNIP1,4,0.0,0.1666666716337204,-0.1666666716337204,0.1666666716337204,0.05568688818494309,2.992924852977951
CCDC84,1,0.0,0.1428571492433548,-0.1428571492433548,0.1428571492433548,0.06191622738597754,2.307265078552062
CAMLG,2,0.1666666716337204,0.625,-0.4583333134651184,0.4583333134651184,0.1672309206510973,2.740721103971935
SNUPN,6,0.0625,0.3333333432674408,-0.2708333432674408,0.2708333432674408,0.09275604072745376,2.9198458789679673
EXOSC8,6,0.4166666865348816,3.0,-2.5833332538604736,2.5833332538604736,0.5165242392652708,5.001378555893393
ESPL1,4,0.17142857611179352,0.1666666716337204,0.00476190447807312,0.00476190447807312,0.053152287946364445,0.08958983069323978
HSCB,3,0.0,0.20000000298023224,-0.20000000298023224,0.20000000298023224,0.07494197018791011,2.6687315863027163
CDCA8,2,0.8928571343421936,1.1666666269302368,-0.2738094925880432,0.2738094925880432,0.24056468331603567,1.1381948871868819
MVD,6,0.0,0.4000000059604645,-0.4000000059604645,0.4000000059604645,0.12625981246087598,3.1680706486429493
THAP11,1,0.0,0.4000000059604645,-0.4000000059604645,0.4000000059604645,0.1256177119263613,3.184264382995207
COX5A,3,0.4000000059604645,7.400000095367432,-7.0,7.0,1.3674312509619797,5.119087336255875
GET1,2,0.20000000298023224,0.6000000238418579,-0.40000003576278687,0.40000003576278687,0.14648688241268304,2.730620170042982
NDUFS5,6,1.2999999523162842,11.800000190734863,-10.5,10.5,2.2719956164349004,4.6214877898734965
SPCS2,6,0.6428571343421936,3.299999952316284,-2.6571428775787354,2.6571428775787354,0.5908293947438484,4.497309885420864
RPN2,2,0.485714316368103,3.200000047683716,-2.7142858505249023,2.7142858505249023,0.60564260496989,4.481662664171133
TRMT5,3,0.0,0.20000000298023224,-0.20000000298023224,0.20000000298023224,0.08206540786096742,2.437080472676939
TMEM199,2,0.0,0.4000000059604645,-0.4000000059604645,0.4000000059604645,0.10637598127883817,3.760247389981428
NOL12,3,0.0,0.625,-0.625,0.625,0.17660319926670676,3.539007235401907
MRPS9,1,0.20000000298023224,0.875,-0.675000011920929,0.675000011920929,0.22909147832566062,2.946421302329699
TAF1B,2,0.20000000298023224,0.20000000298023224,0.0,0.0,0.07960568142682822,0.0
GEMIN8,3,0.0,0.1428571492433548,-0.1428571492433548,0.1428571492433548,0.06877705724737121,2.077104705563934
RPL36A,4,2.133333444595337,13.857142448425293,-11.723809242248535,11.723809242248535,2.831178124763768,4.140964900690155
SEM1,1,0.20000000298023224,3.125,-2.924999952316284,2.924999952316284,0.5858399715883948,4.992830967790909
WDR83OS,4,0.0,2.5,-2.5,2.5,0.49422215179853574,5.058453958209259
STX18,1,0.20000000298023224,0.4000000059604645,-0.20000000298023224,0.20000000298023224,0.09665072081473192,2.0693068949129594
MRPL44,1,0.4000000059604645,0.7142857313156128,-0.3142857253551483,0.3142857253551483,0.2011918104074102,1.5621198731634491
RAD51C,1,0.0,1.0,-1.0,1.0,0.24476572213486264,4.085539393661557
NRBP1,1,0.0,0.3333333432674408,-0.3333333432674408,0.3333333432674408,0.11158166354100818,2.9873487514813317
GTF3C2,3,0.0,0.5,-0.5,0.5,0.10644777587005774,4.697139004673586
PET117,2,0.0833333358168602,0.20000000298023224,-0.11666666716337204,0.11666666716337204,0.08522792605925664,1.3688784012209438
LSM4,1,2.200000047683716,5.775000095367432,-3.575000047683716,3.575000047683716,0.9542133111691149,3.7465417908534286
FAU,1,7.0,19.0,-12.0,12.0,3.4900630911326305,3.4383332583554065
HMGA1,4,2.4833333492279053,15.0,-12.516666412353516,12.516666412353516,2.30393255322692,5.432739944935671
GNPNAT1,4,0.0,0.5,-0.5,0.5,0.12609709401544647,3.9651984362046573
GSPT1,5,0.4000000059604645,4.112500190734863,-3.7125000953674316,3.7125000953674316,0.7217104035588244,5.14403017756254
CD3EAP,2,0.0,1.0,-1.0,1.0,0.21438540566356706,4.664496619556698
MRPL4,7,0.0,2.5999999046325684,-2.5999999046325684,2.5999999046325684,0.5873484135384462,4.426673920797744
UTP20,3,0.0,1.0,-1.0,1.0,0.26557002949804726,3.7654851411136097
MZF1,6,0.0,0.0,0.0,0.0,0.05377534465204809,0.0
BTF3,1,0.20000000298023224,17.600000381469727,-17.399999618530273,17.399999618530273,3.1286673496783846,5.5614732005046585
SNAPC5,3,0.0,0.4000000059604645,-0.4000000059604645,0.4000000059604645,0.1280150074168917,3.124633697499471
DCTN2,3,0.0,1.2000000476837158,-1.2000000476837158,1.2000000476837158,0.23766635819012588,5.049095113090226
MOCS3,5,0.0,0.1666666716337204,-0.1666666716337204,0.1666666716337204,0.07870851133625217,2.1175177729089607
LST1,5,0.0,0.0,0.0,0.0,0.04670860112612467,0.0
SMG6,1,0.0,0.20000000298023224,-0.20000000298023224,0.20000000298023224,0.09758749870718268,2.049442865426284
RPL29,2,4.5,42.79999923706055,-38.29999923706055,38.29999923706055,7.321745366335459,5.230993065281884
MRGBP,2,0.30000001192092896,0.7142857313156128,-0.41428571939468384,0.41428571939468384,0.16462034649714172,2.5166130931566046
ADRM1,4,0.6000000238418579,2.5999999046325684,-1.9999998807907104,1.9999998807907104,0.5133146997055783,3.896245094749575
TERF2,1,0.1666666716337204,0.6000000238418579,-0.4333333373069763,0.4333333373069763,0.16844588117901768,2.5725374480747716
HNRNPU,3,4.199999809265137,15.0,-10.800000190734863,10.800000190734863,2.8421520744499578,3.799937479708924
CLSPN,7,0.6000000238418579,2.5714285373687744,-1.9714285135269165,1.9714285135269165,0.4725897714190257,4.17154291682486
STRIP1,4,0.0,0.1666666716337204,-0.1666666716337204,0.1666666716337204,0.055435863616894045,3.0064774093810427
NSMCE2,5,0.0,0.5,-0.5,0.5,0.1174049473330499,4.258764314093332
REV3L,4,0.0833333358168602,0.6000000238418579,-0.5166667103767395,0.5166667103767395,0.18429298158687368,2.8035072520284148
UFM1,6,0.20000000298023224,1.4285714626312256,-1.2285714149475098,1.2285714149475098,0.30507099877566074,4.0271655446703445
NBEAL1,1,0.0,0.3333333432674408,-0.3333333432674408,0.3333333432674408,0.08677236230452764,3.841469039388455
RFC2,1,0.0,1.2000000476837158,-1.2000000476837158,1.2000000476837158,0.249438957524943,4.810796435291068
GEMIN6,3,0.1666666716337204,0.6000000238418579,-0.4333333373069763,0.4333333373069763,0.14781673537709208,2.9315580282672933
NBAS,5,0.1428571492433548,0.894444465637207,-0.7515873312950134,0.7515873312950134,0.21528362969914827,3.491149477298073
CCT8,4,1.7000000476837158,10.199999809265137,-8.5,8.5,1.4802747737192852,5.742177162583948
MED8,6,0.0,1.0,-1.0,1.0,0.25830835514826533,3.871342061026304
PPRC1,6,0.0,0.4000000059604645,-0.4000000059604645,0.4000000059604645,0.11344569278070345,3.5259161996893593
HJURP,6,0.0,0.4000000059604645,-0.4000000059604645,0.4000000059604645,0.11216047649615137,3.5663187109782823
ATP6V1F,1,0.800000011920929,4.9375,-4.137499809265137,4.137499809265137,0.9121999871600112,4.535737631554436
RAD21,6,0.8333333730697632,2.2857143878936768,-1.4523810148239136,1.4523810148239136,0.38823699667541695,3.740964996280783
RNF20,8,0.0,0.4000000059604645,-0.4000000059604645,0.4000000059604645,0.11455455322490504,3.4917861813414275
MOB4,7,0.0,0.800000011920929,-0.800000011920929,0.800000011920929,0.17742312788194953,4.50899508689317
GET3,7,0.0,0.800000011920929,-0.800000011920929,0.800000011920929,0.18423538858137822,4.342271146064658
UQCC2,6,0.20000000298023224,1.7999999523162842,-1.5999999046325684,1.5999999046325684,0.3228873766006362,4.955287882348931
HSP90B1,3,0.2857142984867096,8.5,-8.214285850524902,8.214285850524902,2.069459747767425,3.969289984686409
TAF1D,2,0.30000001192092896,2.200000047683716,-1.9000000953674316,1.9000000953674316,0.41488642509452783,4.5795667933327415
GPN1,2,0.0,0.6000000238418579,-0.6000000238418579,0.6000000238418579,0.13213502190742288,4.540809962268996
DHX9,1,1.0,3.799999952316284,-2.799999952316284,2.799999952316284,0.7337341049381192,3.8160962308715733
DTYMK,5,1.0,2.799999952316284,-1.7999999523162842,1.7999999523162842,0.5169034000827204,3.482275318808561
USP19,1,0.0,0.20000000298023224,-0.20000000298023224,0.20000000298023224,0.06376031339016812,3.1367474898746712
SMC5,4,0.0,0.5,-0.5,0.5,0.15587945399761563,3.207606821663926
PSMD11,2,1.0499999523162842,3.25,-2.200000047683716,2.200000047683716,0.5724521055351928,3.843116352287512
NAF1,3,0.0,0.5,-0.5,0.5,0.14620417019510873,3.4198750920220164
EP400,2,0.0,0.6000000238418579,-0.6000000238418579,0.6000000238418579,0.14402928401988532,4.165819665943901
MASTL,4,0.0,0.20000000298023224,-0.20000000298023224,0.20000000298023224,0.09263909723863455,2.158915716385279
TTC1,1,0.0,1.1666666269302368,-1.1666666269302368,1.1666666269302368,0.2495053006131408,4.675919205176163
LRPPRC,2,0.1666666716337204,4.5,-4.333333492279053,4.333333492279053,1.2396837605741857,3.495515251625122
PSMG4,1,0.5,1.4642857313156128,-0.9642857313156128,0.9642857313156128,0.29322007287124646,3.288607501775749
TCP1,2,0.4000000059604645,5.5,-5.099999904632568,5.099999904632568,0.8564758731492617,5.95463347482267
RFC5,7,0.20000000298023224,0.6000000238418579,-0.40000003576278687,0.40000003576278687,0.159434761846572,2.5088633816740464
FEN1,9,0.0,1.3333333730697632,-1.3333333730697632,1.3333333730697632,0.29745656335074505,4.482447312811743
CENPK,3,0.0,0.800000011920929,-0.800000011920929,0.800000011920929,0.19762893069290216,4.047990388431834
TKT,6,4.535714149475098,5.400000095367432,-0.864285945892334,0.864285945892334,0.931697597792044,0.9276464251282138
WARS,2,0.10000000149011612,0.8333333134651184,-0.7333332896232605,0.7333332896232605,0.20655161730703425,3.5503633386379025
CDC42,2,0.6666666865348816,2.8333332538604736,-2.1666665077209473,2.1666665077209473,0.570837876211745,3.7955899529645967
REXO2,2,0.10000000149011612,1.7142857313156128,-1.6142857074737549,1.6142857074737549,0.36443042425251926,4.429612897399566
NDUFB7,2,0.38333335518836975,3.200000047683716,-2.816666603088379,2.816666603088379,0.6348936058915158,4.436438762260369
VPS37A,1,0.0,0.2857142984867096,-0.2857142984867096,0.2857142984867096,0.08914820159615068,3.20493620029511
MRPL13,2,0.9000000357627869,2.5,-1.5999999046325684,1.5999999046325684,0.49437602146240334,3.23640272823031
COX11,2,0.0833333358168602,0.5714285969734192,-0.4880952537059784,0.4880952537059784,0.12120862746478199,4.026901912141509
CCT5,2,0.8999999761581421,10.845237731933594,-9.94523811340332,9.94523811340332,1.568523784126583,6.3405083263950806
CTU2,4,0.0,0.4000000059604645,-0.4000000059604645,0.4000000059604645,0.12931629165201491,3.093191127355004
UPF3A,1,0.6000000238418579,1.399999976158142,-0.7999999523162842,0.7999999523162842,0.26799523463593206,2.985127528118451
YY1,3,1.0,1.7999999523162842,-0.7999999523162842,0.7999999523162842,0.3074438542073992,2.602100973456475
PSMG1,4,1.600000023841858,3.4285714626312256,-1.8285714387893677,1.8285714387893677,0.5701637123931261,3.2070989420115414
BRD8,2,0.18333333730697632,0.5,-0.3166666626930237,0.3166666626930237,0.13639112346241233,2.321754192312178
TPR,2,0.46666669845581055,4.800000190734863,-4.333333492279053,4.333333492279053,0.9583236164419395,4.521785144320911
GTF3C3,6,0.0,0.6000000238418579,-0.6000000238418579,0.6000000238418579,0.14519329404735168,4.132422421976188
ANAPC11,2,1.0,2.75,-1.75,1.75,0.5136970005068946,3.406677473828295
UBAP1,2,0.0,0.18333333730697632,-0.18333333730697632,0.18333333730697632,0.06866614177738654,2.669923379434033
TERF1,2,0.4000000059604645,0.625,-0.22499999403953552,0.22499999403953552,0.16267645189487495,1.3831134833512069
ERH,1,5.5714287757873535,5.0,0.5714287757873535,0.5714287757873535,1.0021093284238813,0.5702259819156632
C12orf45,4,0.0833333358168602,0.800000011920929,-0.7166666984558105,0.7166666984558105,0.18856469413467686,3.800640951078319
DYNLL1,1,0.20000000298023224,7.333333492279053,-7.133333683013916,7.133333683013916,1.3737263466974123,5.1926889952742235
CYC1,2,1.7714285850524902,3.3541665077209473,-1.582737922668457,1.582737922668457,0.7532049314646146,2.101337705783215
NHP2,1,1.0,2.8660714626312256,-1.8660714626312256,1.8660714626312256,0.5147006520474519,3.6255471121089364
GNB1L,1,0.0,0.6000000238418579,-0.6000000238418579,0.6000000238418579,0.177678823554307,3.376879764506487
GTF2A1,5,0.0,0.4000000059604645,-0.4000000059604645,0.4000000059604645,0.11645520605190876,3.434797116602657
PDRG1,5,0.0,0.6000000238418579,-0.6000000238418579,0.6000000238418579,0.15227418070555052,3.9402610545123586
BRCA1,4,0.5,1.3333333730697632,-0.8333333730697632,0.8333333730697632,0.30504311399115275,2.7318543997486615
CLCC1,1,0.0,0.20000000298023224,-0.20000000298023224,0.20000000298023224,0.09005752933451372,2.2208026853295437
CDC40,3,0.0,0.6000000238418579,-0.6000000238418579,0.6000000238418579,0.17229637394565572,3.4823717417936195
RPL18A,1,21.399999618530273,52.400001525878906,-31.000001907348633,31.000001907348633,8.907983574163596,3.4800245924633217
DDX54,1,1.2000000476837158,1.1428571939468384,0.05714285373687744,0.05714285373687744,0.20182088943391815,0.28313646767267675
PKM,3,3.200000047683716,5.199999809265137,-1.999999761581421,1.999999761581421,0.90263174524341,2.2157427678793713
TUBA1C,1,2.200000047683716,6.833333492279053,-4.633333206176758,4.633333206176758,1.281497143910075,3.6155626473264206
GPKOW,5,0.0,0.1666666716337204,-0.1666666716337204,0.1666666716337204,0.07073375962751932,2.3562535416098243
TBL3,2,0.10000000149011612,0.5,-0.4000000059604645,0.4000000059604645,0.12955243601325184,3.0875529497534786
MRPL9,4,0.0,1.2000000476837158,-1.2000000476837158,1.2000000476837158,0.2114012816491137,5.676408573886935
PGPEP1,2,0.0,0.4000000059604645,-0.4000000059604645,0.4000000059604645,0.1348338093563075,2.966615034241429
MARS2,4,0.0,0.125,-0.125,0.125,0.05235608135902262,2.387497244930049
MRPL41,1,0.3333333432674408,4.199999809265137,-3.866666555404663,3.866666555404663,0.7394732785041201,5.2289469650972915
UBA5,2,0.1805555522441864,0.8333333134651184,-0.6527777910232544,0.6527777910232544,0.16594465395208224,3.9337078687195843
ANKS6,1,0.20000000298023224,0.4000000059604645,-0.20000000298023224,0.20000000298023224,0.10071137534881065,1.985873018688689
BYSL,3,0.20000000298023224,0.800000011920929,-0.6000000238418579,0.6000000238418579,0.18728600481197277,3.203656484873136
NELFE,1,0.0,0.800000011920929,-0.800000011920929,0.800000011920929,0.25522235587314207,3.1345216965184974
NDUFS3,3,0.0,2.799999952316284,-2.799999952316284,2.799999952316284,0.5376543383052221,5.207806861825685
XRN2,1,0.1666666716337204,2.0,-1.8333333730697632,1.8333333730697632,0.35129985820276416,5.218713672271382
AQR,4,0.0,0.5,-0.5,0.5,0.10185370516250823,4.9090015842059636
EXOSC1,3,0.0,0.5634920597076416,-0.5634920597076416,0.5634920597076416,0.14946683118425572,3.7700140910393354
MRPL28,1,0.4000000059604645,1.75,-1.350000023841858,1.350000023841858,0.34731091429959393,3.887007198044269
COPS3,1,0.2857142984867096,1.5,-1.2142857313156128,1.2142857313156128,0.26954326141749885,4.504975286452407
EIF3F,1,0.4000000059604645,2.3541665077209473,-1.9541665315628052,1.9541665315628052,0.4461507350170203,4.380058976005621
NEMF,1,0.0,1.0,-1.0,1.0,0.26217320319925747,3.814272350481135
TCOF1,1,0.1666666716337204,1.600000023841858,-1.433333396911621,1.433333396911621,0.2446450649474972,5.858828164873165
ORC6,1,1.2000000476837158,1.7999999523162842,-0.5999999046325684,0.5999999046325684,0.3383901160538531,1.7731011520947655
DDX20,3,0.0,0.4000000059604645,-0.4000000059604645,0.4000000059604645,0.12477828561277143,3.205686021378733
NCAPG2,2,0.0,0.6000000238418579,-0.6000000238418579,0.6000000238418579,0.14996097291249622,4.0010411521667315
TSG101,2,0.0,0.4285714328289032,-0.4285714328289032,0.4285714328289032,0.11353353053623418,3.7748445838397036
RBBP4,2,1.0,3.5,-2.5,2.5,0.5783468882798701,4.3226652562021135
COX6C,2,0.3333333432674408,4.535714149475098,-4.202380657196045,4.202380657196045,0.8793230523675347,4.779108935994955
TAF1,1,0.0,0.20000000298023224,-0.20000000298023224,0.20000000298023224,0.08859987471564224,2.2573395687310427
YKT6,2,0.10000000149011612,0.3333333432674408,-0.23333334922790527,0.23333334922790527,0.0878172720656272,2.6570325374435644
TNPO3,4,0.0,1.125,-1.125,1.125,0.25084164294916095,4.484901257914373
EXOSC4,2,0.0,1.0,-1.0,1.0,0.27416529872224393,3.647434612113684
ROMO1,2,0.25,1.2000000476837158,-0.9500000476837158,0.9500000476837158,0.27812820007193395,3.4156912080041204
CHAF1B,1,0.0,0.3333333432674408,-0.3333333432674408,0.3333333432674408,0.12964012946530462,2.5712203824715423
CEP68,1,0.0,0.20000000298023224,-0.20000000298023224,0.20000000298023224,0.060342849128843974,3.314394428960298
LARS,3,0.20000000298023224,2.732142925262451,-2.5321428775787354,2.5321428775787354,0.5429713591751296,4.663492530113397
URI1,2,0.36666667461395264,2.142857074737549,-1.7761904001235962,1.7761904001235962,0.34665517977695753,5.123795932506822
NPLOC4,1,0.20000000298023224,0.6000000238418579,-0.40000003576278687,0.40000003576278687,0.13907604541891275,2.8761246018891433
SPDL1,3,0.0,1.0,-1.0,1.0,0.21085195025589237,4.742664219071194
SPATA5,1,0.0,0.4000000059604645,-0.4000000059604645,0.4000000059604645,0.11545148346531758,3.4646588675547614
SMC3,1,0.6000000238418579,2.0,-1.399999976158142,1.399999976158142,0.35130242163911257,3.9851702975060617
CPNE7,2,0.0,0.4000000059604645,-0.4000000059604645,0.4000000059604645,0.10436108787575238,3.83284626581017
RBX1,1,0.4000000059604645,4.400000095367432,-4.0,4.0,0.7433751418892628,5.380863274273787
CLP1,1,0.0,0.20000000298023224,-0.20000000298023224,0.20000000298023224,0.09157995460867066,2.1838840588516355
WDR55,2,0.0,0.3333333432674408,-0.3333333432674408,0.3333333432674408,0.10986516968065392,3.0340220129486335
INTS3,2,0.0,0.20000000298023224,-0.20000000298023224,0.20000000298023224,0.06864222458850854,2.913658526936996
MRPL22,4,0.10000000149011612,2.045454502105713,-1.945454478263855,1.945454478263855,0.5161402186170293,3.7692363588262863
TOMM40,5,0.20000000298023224,4.800000190734863,-4.600000381469727,4.600000381469727,0.7917899146170012,5.809622346218952
INTS7,2,0.0,0.375,-0.375,0.375,0.10904979179225754,3.438796111728337
WDR92,1,0.0,0.20000000298023224,-0.20000000298023224,0.20000000298023224,0.07878307397606404,2.5386163916502733
LSM3,2,0.5,5.0,-4.5,4.5,0.9300850255223633,4.838267337411079
COG8,1,0.0,0.20000000298023224,-0.20000000298023224,0.20000000298023224,0.06767425695211693,2.955333563865248
YPEL5,2,0.0,0.1666666716337204,-0.1666666716337204,0.1666666716337204,0.08846727885269613,1.8839357759746564
WBP1,2,0.0,0.125,-0.125,0.125,0.0602012437549851,2.0763690615552957
TARS2,1,0.0,0.20000000298023224,-0.20000000298023224,0.20000000298023224,0.08623445126115693,2.3192587191694622
PIK3C3,4,0.10000000149011612,0.4000000059604645,-0.30000001192092896,0.30000001192092896,0.1022896096797768,2.9328493173460664
COPS5,2,0.20000000298023224,1.7999999523162842,-1.5999999046325684,1.5999999046325684,0.3490762602808649,4.583525397416647
IMPDH2,2,0.10000000149011612,2.0,-1.899999976158142,1.899999976158142,0.3793602198440544,5.008432294084987
NAE1,1,0.20000000298023224,2.816666603088379,-2.616666555404663,2.616666555404663,0.5067707593854662,5.163412661333804
NOL7,1,2.5999999046325684,3.690476179122925,-1.0904762744903564,1.0904762744903564,0.6584693847330308,1.6560774119095576
VPS51,1,0.2857142984867096,0.6666666865348816,-0.380952388048172,0.380952388048172,0.165972194142615,2.295278374887488
UQCRC2,1,0.0,2.125,-2.125,2.125,0.36612742871899745,5.8039901775043905
USPL1,3,0.0,0.20000000298023224,-0.20000000298023224,0.20000000298023224,0.07678942096221165,2.60452547335463
MIPEP,1,0.0,0.1428571492433548,-0.1428571492433548,0.1428571492433548,0.05176849829631484,2.759538212324852
NUP153,2,0.0,1.2000000476837158,-1.2000000476837158,1.2000000476837158,0.3094969258270389,3.877259990473479
RBM28,1,0.20000000298023224,2.0,-1.7999999523162842,1.7999999523162842,0.3498715180640505,5.144745597687551
TTF2,1,0.0,0.8333333134651184,-0.8333333134651184,0.8333333134651184,0.19172481131358216,4.346507412137344
MCL1,1,0.20000000298023224,1.0,-0.800000011920929,0.800000011920929,0.20286689222203874,3.9434725063236304
SDHC,3,0.0,1.600000023841858,-1.600000023841858,1.600000023841858,0.3112330803976656,5.140841782620028
CHMP2A,2,0.4571428596973419,1.0,-0.5428571701049805,0.5428571701049805,0.22722906594562078,2.389030504728185
PKMYT1,1,0.0,0.5,-0.5,0.5,0.1306288599475975,3.827638090086508
MRPL10,3,0.0,0.6000000238418579,-0.6000000238418579,0.6000000238418579,0.13711194083929273,4.375986658558869
CRKL,4,0.18333333730697632,1.600000023841858,-1.4166667461395264,1.4166667461395264,0.2822948328208286,5.018394180238782
SUPV3L1,2,0.20000000298023224,0.5,-0.30000001192092896,0.30000001192092896,0.14462579628885752,2.0743188256799385
SEC63,2,0.0,1.399999976158142,-1.399999976158142,1.399999976158142,0.2553589860448066,5.482477816200644
ATP1A1,1,0.0,1.3333333730697632,-1.3333333730697632,1.3333333730697632,0.2951121213588749,4.518056957234725
SUPT16H,3,0.20000000298023224,4.683333396911621,-4.483333587646484,4.483333587646484,0.7779077723785556,5.763322783031336
DARS,1,0.0,2.0,-2.0,2.0,0.43264665284850257,4.622709980147076
GOSR2,1,0.0,0.4000000059604645,-0.4000000059604645,0.4000000059604645,0.15660667976410322,2.5541695064539063
PPP1R11,1,0.0,0.4285714328289032,-0.4285714328289032,0.4285714328289032,0.12398963690894493,3.4565101044987814
GATA1,3,0.20000000298023224,1.3333333730697632,-1.1333333253860474,1.1333333253860474,0.3275059518835429,3.4604968821728366
PDCD2,1,0.20000000298023224,1.8989899158477783,-1.6989898681640625,1.6989898681640625,0.34022005908285247,4.993796875892947
SAMM50,1,0.0,1.0,-1.0,1.0,0.21809940735208,4.585065187204705
FARSB,2,0.30000001192092896,1.375,-1.0750000476837158,1.0750000476837158,0.2813260318499274,3.8211893887486803
IARS,1,0.0,2.5999999046325684,-2.5999999046325684,2.5999999046325684,0.4461967154916855,5.82702609490862
PPA2,1,0.0,0.800000011920929,-0.800000011920929,0.800000011920929,0.16467240153902998,4.858130472648242
MCM5,2,0.0,1.399999976158142,-1.399999976158142,1.399999976158142,0.3519502337238927,3.9778350516921415
MRPL51,5,0.4000000059604645,3.0,-2.5999999046325684,2.5999999046325684,0.575390618722909,4.518669265764743
TFAM,1,0.0,1.8333333730697632,-1.8333333730697632,1.8333333730697632,0.2842555368827741,6.449595997934151
ALDOA,2,0.0,0.20000000298023224,-0.20000000298023224,0.20000000298023224,0.07708047175453123,2.5946909564480594
CINP,1,0.20000000298023224,0.5,-0.30000001192092896,0.30000001192092896,0.12355035943662515,2.4281597665024455
RPP14,1,0.20000000298023224,0.3333333432674408,-0.13333334028720856,0.13333334028720856,0.08596090121861263,1.5510928619526692
GNL3L,1,0.0,0.6000000238418579,-0.6000000238418579,0.6000000238418579,0.1636487433987409,3.6663894349614314
PCBP1,3,0.0,3.5,-3.5,3.5,0.6545207841728999,5.347423771153203
TSPYL5,2,0.0,0.3333333432674408,-0.3333333432674408,0.3333333432674408,0.08900641223304422,3.7450486420537756
MYC,1,0.800000011920929,3.0,-2.200000047683716,2.200000047683716,0.5840233167628156,3.766972969295305
EXOC2,2,0.0,0.4000000059604645,-0.4000000059604645,0.4000000059604645,0.13050895771241822,3.0649237644045915
HIST1H2BC,1,0.0,0.4000000059604645,-0.4000000059604645,0.4000000059604645,0.12674155063611056,3.156028973551934
MCRS1,1,0.20000000298023224,0.699999988079071,-0.5,0.5,0.14769331643975164,3.3853935442228655
EXOSC6,1,0.0,0.8333333134651184,-0.8333333134651184,0.8333333134651184,0.18660359445405258,4.465794541113784
DAD1,1,0.20000000298023224,4.3541669845581055,-4.154167175292969,4.154167175292969,0.7649810703568024,5.430418262971373
ZNHIT3,1,0.0,1.0,-1.0,1.0,0.23758740308652807,4.208977357422461
ECT2,1,0.20000000298023224,0.6000000238418579,-0.40000003576278687,0.40000003576278687,0.17238185159993197,2.3204300919746284
UBA3,2,0.0,0.4000000059604645,-0.4000000059604645,0.4000000059604645,0.1048457924241795,3.8151269279568782
SEPSECS,1,0.0,0.1180555522441864,-0.1180555522441864,0.1180555522441864,0.05866256388116929,2.012451288070658
WDR18,4,1.0,1.5,-0.5,0.5,0.3286673391111444,1.5212950619073125
OSGEP,1,0.4000000059604645,0.800000011920929,-0.4000000059604645,0.4000000059604645,0.17910210530578563,2.233362948344656
TM7SF2,2,0.0,0.20000000298023224,-0.20000000298023224,0.20000000298023224,0.10189449201816322,1.9628146626863914
SCNM1,1,0.0,0.6000000238418579,-0.6000000238418579,0.6000000238418579,0.15322575704890962,3.915790891803772
TEN1,1,0.4000000059604645,0.3333333432674408,0.06666666269302368,0.06666666269302368,0.10591127712367854,0.6294576413725357
ISG20L2,1,0.0,0.800000011920929,-0.800000011920929,0.800000011920929,0.1775216819762422,4.5064918437849935
SAP18,1,0.4000000059604645,2.5999999046325684,-2.1999998092651367,2.1999998092651367,0.5637959316604508,3.902120759874689
FAM50A,1,0.0,0.4285714328289032,-0.4285714328289032,0.4285714328289032,0.23861275288485248,1.7960960914596178
ATP6V1A,3,0.0,0.8452380895614624,-0.8452380895614624,0.8452380895614624,0.21642148759847152,3.905518342659391
ELP6,1,0.1428571492433548,1.2000000476837158,-1.0571428537368774,1.0571428537368774,0.25945045525112465,4.074546150684756
SNRPC,1,0.0,4.166666507720947,-4.166666507720947,4.166666507720947,0.8354797914032751,4.987154148543316
TUBA1B,1,5.599999904632568,24.200000762939453,-18.600000381469727,18.600000381469727,3.99834695923394,4.651922549771263
ACD,1,0.125,0.20000000298023224,-0.07500000298023224,0.07500000298023224,0.06938191504145096,1.0809733766418073
UQCRB,1,0.6000000238418579,5.714285850524902,-5.114285945892334,5.114285945892334,1.209609329784679,4.228047700990138
NCAPG,1,0.4000000059604645,1.600000023841858,-1.2000000476837158,1.2000000476837158,0.381141181983608,3.1484397499069647
WDR82,1,0.4000000059604645,0.8333333134651184,-0.43333330750465393,0.43333330750465393,0.19476479407801597,2.2249057359466913
STRAP,2,0.5,2.4000000953674316,-1.9000000953674316,1.9000000953674316,0.4456392525510252,4.263538466351511
UQCRH,1,5.0,28.600000381469727,-23.600000381469727,23.600000381469727,5.211262700109047,4.52865298480844
RBM42,1,0.20000000298023224,1.0,-0.800000011920929,0.800000011920929,0.206262541367199,3.8785520949086365
GEMIN4,2,0.0,0.20000000298023224,-0.20000000298023224,0.20000000298023224,0.07835432911213132,2.552507375744564
ARL2,1,0.20000000298023224,1.399999976158142,-1.1999999284744263,1.1999999284744263,0.3093445871957629,3.879168985475181
LAS1L,1,0.0,1.2000000476837158,-1.2000000476837158,1.2000000476837158,0.2863001101582335,4.191406168235475
VBP1,3,0.0,1.625,-1.625,1.625,0.3283918218937487,4.948357089494663
UBE2I,1,0.5,3.5999999046325684,-3.0999999046325684,3.0999999046325684,0.6776932303540821,4.574340963997642
KIF18A,1,0.0,0.3333333432674408,-0.3333333432674408,0.3333333432674408,0.11622268624384191,2.8680574682991598
ALG1,1,0.0,0.20000000298023224,-0.20000000298023224,0.20000000298023224,0.06354081323732894,3.147583305760026
LYRM4,2,0.7000000476837158,1.4285714626312256,-0.7285714149475098,0.7285714149475098,0.31565117537015225,2.308153657571975
NDUFAF3,1,0.4000000059604645,1.0,-0.6000000238418579,0.6000000238418579,0.26583762610135014,2.2570169341382433
TIMM44,1,0.4000000059604645,0.6666666865348816,-0.2666666805744171,0.2666666805744171,0.19622017826567478,1.3590176246469432
GTF2H3,1,0.0,0.9545454978942871,-0.9545454978942871,0.9545454978942871,0.19372962651319442,4.927204553451588
SEC61B,2,0.4000000059604645,4.400000095367432,-4.0,4.0,0.9497005969764066,4.2118537281485695
NCKAP1,1,0.20000000298023224,0.6000000238418579,-0.40000003576278687,0.40000003576278687,0.14227393105789982,2.81147806058724
PSMA2,1,1.600000023841858,5.88194465637207,-4.281944751739502,4.281944751739502,1.2473233721751262,3.4329066922497384
MRPS18B,1,0.20000000298023224,2.4000000953674316,-2.200000047683716,2.200000047683716,0.384034152474548,5.728657291305678
ABHD17A,1,1.0,1.399999976158142,-0.3999999761581421,0.3999999761581421,0.27601848142743907,1.449178236506224
RPAP1,1,0.0,0.375,-0.375,0.375,0.105241858981946,3.563220980962816
ADAT2,1,0.0,0.20000000298023224,-0.20000000298023224,0.20000000298023224,0.08574427442236184,2.33251729433345
COQ2,1,0.0,0.1666666716337204,-0.1666666716337204,0.1666666716337204,0.05939782987562898,2.8059387351810305
NR2C2AP,1,0.20000000298023224,0.20000000298023224,0.0,0.0,0.10702444752909984,0.0
TIMELESS,1,0.0,0.6666666865348816,-0.6666666865348816,0.6666666865348816,0.19467021094420675,3.4245952850277175
TSFM,2,0.0714285746216774,1.2000000476837158,-1.1285715103149414,1.1285715103149414,0.2586969966197378,4.362522661884026
PWP1,1,0.0,1.25,-1.25,1.25,0.2602824516680476,4.80247512649909
RPS19BP1,1,0.20000000298023224,3.5,-3.299999952316284,3.299999952316284,0.6385902209803749,5.167633082839989
GTF3A,1,0.4000000059604645,4.845238208770752,-4.44523811340332,4.44523811340332,0.7856959508604834,5.6577078048257174
RPL28,1,7.599999904632568,41.79999923706055,-34.20000076293945,34.20000076293945,7.584467132049514,4.509216028957561
NOC3L,1,0.20000000298023224,0.800000011920929,-0.6000000238418579,0.6000000238418579,0.1888695837368252,3.1767953948472214
GTF2E2,1,0.0,0.6000000238418579,-0.6000000238418579,0.6000000238418579,0.12820372020532309,4.680051584157896
PRPF19,1,0.3333333432674408,1.0,-0.6666666269302368,0.6666666269302368,0.18380724814727673,3.6269876930863245
MED4,1,0.1666666716337204,1.6458332538604736,-1.4791666269302368,1.4791666269302368,0.358122222373411,4.130340242856871
BCS1L,1,0.0,0.4000000059604645,-0.4000000059604645,0.4000000059604645,0.14640299946553545,2.7321845004591454
MRPS5,1,0.0,1.5277777910232544,-1.5277777910232544,1.5277777910232544,0.3302293416614125,4.626414428641839
HOXC10,1,0.20000000298023224,0.20000000298023224,0.0,0.0,0.09798669812671512,0.0
C17orf58,1,0.1666666716337204,0.6666666865348816,-0.5,0.5,0.14883201765098095,3.359492183815762
PPP1R8,1,0.20000000298023224,0.6000000238418579,-0.40000003576278687,0.40000003576278687,0.12917107584015602,3.096668763971361
RAB6A,1,0.0,0.4000000059604645,-0.4000000059604645,0.4000000059604645,0.13337233206493393,2.9991228298064074
GRB2,1,2.0,1.7999999523162842,0.20000004768371582,0.20000004768371582,0.35256704619249646,0.5672681262857412
