feature,frac_compound,frac_source,frac_plate_within_source,frac_residual,ss_total,compartment,feature_type,channel
Cells_RadialDistribution_MeanFrac_mito_tubeness_1of20,0.4189204076907926,0.033782362922390265,0.0027437168403600895,0.544553512546457,134705.86939146076,Cells,RadialDistribution,
Cells_RadialDistribution_FracAtD_mito_tubeness_17of20,0.25520251982884407,0.03511300248285945,0.0003793920233407952,0.7093050856649558,46367.46080622845,Cells,RadialDistribution,
Cells_Texture_InverseDifferenceMoment_Mito_5_03_256,0.17481522170284658,0.0648544268657817,0.003168714576263924,0.7571616368551078,61099.83864761935,Cells,Texture,Mito
Cells_Intensity_MaxIntensityEdge_AGP,0.25689840162364336,0.021125865876016274,0.00313311450363838,0.7188426179967019,43908.510292569,Cells,Intensity,AGP
Cytoplasm_Texture_InverseDifferenceMoment_DNA_5_02_256,0.1007763953585785,0.045914894970306416,0.004315726462828657,0.8489929832082864,89352.7826298473,Cytoplasm,Texture,DNA
Nuclei_RadialDistribution_RadialCV_Mito_2of4,0.48072827640481774,0.03829254983360976,0.002438869005480977,0.47854030475609155,129421.16408980651,Nuclei,RadialDistribution,Mito
Cells_RadialDistribution_MeanFrac_mito_tubeness_12of20,0.16793139139249183,0.02586117531494243,0.0010513439435234741,0.8051560893490423,30601.41810474283,Cells,RadialDistribution,
Cytoplasm_Texture_InfoMeas1_DNA_5_00_256,0.19900813667923073,0.044529770879935766,0.0021624012552070577,0.7542996911856265,75463.46979741764,Cytoplasm,Texture,DNA
Image_Texture_Entropy_RNA_3_03_256,0.47517843265343296,0.04550499847734037,0.007962968161598706,0.471353600707628,85869.6346804706,Image,Texture,RNA
Image_Texture_Correlation_DNA_10_03_256,0.25193149688001876,0.016983041380747403,0.001983360706077655,0.7291021010331561,78521.99198466886,Image,Texture,DNA
Nuclei_Texture_Entropy_ER_10_00_256,0.1376122119477482,0.04207842313878379,0.001670927537558127,0.8186384373759099,41743.25007787926,Nuclei,Texture,ER
Cells_Texture_SumAverage_DNA_5_03_256,0.30482863396788584,0.026559143950211455,0.004053895743183697,0.6645583263387189,112484.96709315221,Cells,Texture,DNA
Nuclei_Texture_Entropy_RNA_3_00_256,0.10520571676024482,0.04722551067282997,0.0011464306665374768,0.8464223419003878,44929.71271903656,Nuclei,Texture,RNA
Image_Texture_DifferenceVariance_RNA_3_01_256,0.32737679324786634,0.048066554480602604,0.0014254669109884225,0.6231311853605427,59052.16068762656,Image,Texture,RNA
Nuclei_Granularity_16_AGP,0.15852296524136372,0.026767134219325715,0.0023990662226746405,0.8123108343166359,22184.807418412107,Nuclei,Granularity,AGP
Nuclei_Intensity_IntegratedIntensityEdge_Mito,0.298717149007277,0.051081816202702204,0.0030643086889204627,0.6471367261011003,61231.22407578699,Nuclei,Intensity,Mito
Cytoplasm_Texture_InfoMeas2_RNA_3_00_256,0.20824013378287962,0.06125114573930423,0.003146125127427424,0.7273625953503887,91867.61736184925,Cytoplasm,Texture,RNA
Image_Texture_InfoMeas2_Mito_5_03_256,0.3999399080600924,0.0539943040352746,0.0030588847532435804,0.5430069031513893,132582.52848477033,Image,Texture,Mito
Cytoplasm_Texture_DifferenceEntropy_ER_5_02_256,0.2192306469375528,0.05125810474629703,0.0016897098514832482,0.727821538464667,111519.56445810305,Cytoplasm,Texture,ER
Cytoplasm_Texture_InfoMeas2_RNA_5_02_256,0.1918443991037186,0.05527148692647666,0.0028088324275335483,0.7500752815422712,82743.49489227269,Cytoplasm,Texture,RNA
Image_Texture_AngularSecondMoment_AGP_10_03_256,0.45229756511426655,0.059831237298396,0.002172371559103212,0.4856988260282342,178845.117104006,Image,Texture,AGP
Nuclei_Texture_SumAverage_DNA_5_02_256,0.36199844634508144,0.032302811890747324,0.005489150244464895,0.6002095915197063,123670.02783931018,Nuclei,Texture,DNA
Cells_AreaShape_Zernike_7_1,0.07424846698798956,0.006044095117100478,0.00048474354978730324,0.9192226943451227,35655.33175782297,Cells,AreaShape,
Image_Texture_Correlation_ER_10_02_256,0.35262634836607926,0.007565755471316269,0.0015161955540366435,0.6382917006085678,35367.922394216504,Image,Texture,ER
Cells_RadialDistribution_MeanFrac_mito_tubeness_18of20,0.20652561017605445,0.033880519924977974,0.0007083493019913471,0.7588855205969762,36724.93407886932,Cells,RadialDistribution,
Cytoplasm_Texture_Variance_RNA_5_03_256,0.41076423240715276,0.04480393255384094,0.0007451035651683412,0.543686731473838,166143.39227043075,Cytoplasm,Texture,RNA
Image_Texture_Correlation_RNA_3_01_256,0.3211374165836808,0.00880499312490036,0.0012458007190012288,0.6688117895724176,42896.1377928504,Image,Texture,RNA
Cells_Texture_Entropy_RNA_3_00_256,0.11640609904805527,0.04781725356213928,0.0014135340667058224,0.8343631133230996,73762.4192300548,Cells,Texture,RNA
Cytoplasm_AreaShape_Zernike_4_4,0.27865194222440015,0.03502748706372251,0.002703728495233907,0.6836168422166434,103414.3059440231,Cytoplasm,AreaShape,
Cells_Granularity_4_ER,0.43695408570812355,0.028765581914893774,0.0011335843508050991,0.5331467480261776,158354.4344608799,Cells,Granularity,ER
Image_Texture_Entropy_DNA_5_02_256,0.4217913280932146,0.047785339610064474,0.004623565020640439,0.5257997672760806,44835.591154191454,Image,Texture,DNA
Cytoplasm_Texture_InverseDifferenceMoment_ER_3_03_256,0.2288713420365619,0.04406930949832195,0.0012275467290110706,0.7258318017361051,87714.64636685682,Cytoplasm,Texture,ER
Nuclei_AreaShape_Zernike_7_7,0.4283727103517411,0.037260098546842764,0.003115536007017925,0.5312516550943982,110953.08697660627,Nuclei,AreaShape,
Nuclei_Texture_SumEntropy_RNA_10_00_256,0.12316209843712328,0.04978819155651955,0.001185881927061229,0.8258638280792959,46593.912093585954,Nuclei,Texture,RNA
Image_Texture_SumEntropy_DNA_5_02_256,0.412767442881662,0.049685312617016635,0.0049581887836983515,0.5325890557176229,48174.39456183753,Image,Texture,DNA
Cytoplasm_Intensity_MedianIntensity_RNA,0.16445258502155152,0.031718103632159426,0.01922921857612282,0.7846000927701663,44841.84045980926,Cytoplasm,Intensity,RNA
Cells_Texture_InverseDifferenceMoment_Mito_10_00_256,0.1515900644092988,0.06299576618758099,0.003783049199761871,0.7816311202033583,56569.98364682717,Cells,Texture,Mito
Cells_Texture_Contrast_RNA_3_00_256,0.4268893636218468,0.04235869158484966,0.0019476606239171965,0.5288042841693864,185049.19798386144,Cells,Texture,RNA
Cytoplasm_Texture_Contrast_RNA_10_02_256,0.43850127363978963,0.036825386043757125,0.001225277561378507,0.5234480627550748,186591.29913863653,Cytoplasm,Texture,RNA
Cytoplasm_Intensity_MaxIntensity_Mito,0.3380078906891177,0.04593373940369099,0.0019845791130346244,0.6140737907941568,85448.06069504129,Cytoplasm,Intensity,Mito
Nuclei_Granularity_15_ER,0.33373815788462907,0.02370658968709102,0.0026715833207679564,0.6398836691075118,34466.46480000502,Nuclei,Granularity,ER
Cells_RadialDistribution_FracAtD_Mito_2of4,0.18584472545992803,0.058104484607040555,0.0011346149414245069,0.7549161749916068,102111.0306299672,Cells,RadialDistribution,Mito
Cells_RadialDistribution_RadialCV_mito_tubeness_4of16,0.23721585693555933,0.017789529741019786,0.0010676524170184862,0.7439269609064024,41691.46239343792,Cells,RadialDistribution,
Image_Intensity_MaxIntensity_DNA_BackgroundOnly,0.1488704115122178,0.014230629447392791,0.0018461166258265944,0.8350528424145628,33639.912966562464,Image,Intensity,DNA
Cells_Texture_SumEntropy_ER_5_00_256,0.1398912866164482,0.0561776700107441,0.0007046529539876671,0.80322639041882,96237.12810719325,Cells,Texture,ER
Nuclei_Texture_Variance_ER_10_01_256,0.3534499898051857,0.05223772597608265,0.0009997427015099479,0.5933125415172217,147703.37367885842,Nuclei,Texture,ER
Nuclei_Texture_InfoMeas1_ER_5_01_256,0.3615665213615786,0.0446756187055746,0.00110387498424534,0.5926539849486016,144575.82414464527,Nuclei,Texture,ER
Cytoplasm_Granularity_6_RNA,0.47269324956991216,0.025467318816845278,0.0012622505416025422,0.5005771810716401,193811.97465865844,Cytoplasm,Granularity,RNA
Image_Texture_Contrast_ER_3_02_256,0.3121506564448416,0.01925673703884255,0.0016315881819693105,0.6669610183343465,22460.30474711804,Image,Texture,ER
Image_Texture_Correlation_ER_10_03_256,0.347857591509562,0.010271151361508293,0.001225798411560928,0.6406454587173687,31742.837753453532,Image,Texture,ER
Cells_Texture_Correlation_Mito_3_01_256,0.18918310303326766,0.06694565973021593,0.0033958408102396772,0.7404753964262767,60484.77654688834,Cells,Texture,Mito
Image_Texture_AngularSecondMoment_RNA_10_00_256,0.48795758284365487,0.046360222577776715,0.00645830231711207,0.4592238922614563,194755.45952199656,Image,Texture,RNA
Cytoplasm_Texture_Entropy_DNA_5_01_256,0.29025997406019666,0.027105548181091333,0.003678393215567938,0.6789560845431442,91869.22463058899,Cytoplasm,Texture,DNA
Cytoplasm_Texture_SumEntropy_RNA_10_03_256,0.15085548684869116,0.05255469810501072,0.0006203916970403639,0.7959694233492577,76281.32065239632,Cytoplasm,Texture,RNA
Nuclei_Texture_SumEntropy_AGP_3_02_256,0.1855346416310585,0.0487699796549775,0.0015552031209267458,0.7641401755930373,60390.105495176125,Nuclei,Texture,AGP
Nuclei_Texture_DifferenceEntropy_DNA_5_01_256,0.3785708451480268,0.0406866493406762,0.00537659211045138,0.5753659134008456,144264.0951485621,Nuclei,Texture,DNA
Cytoplasm_Texture_InfoMeas2_Mito_5_00_256,0.12253146206153616,0.06017639634241052,0.002394544048068317,0.814897597547985,57897.1270977299,Cytoplasm,Texture,Mito
Image_Texture_InfoMeas1_Mito_10_02_256,0.25162415439541375,0.020401262669744145,0.004803338410884086,0.7231712445239581,25253.40937771443,Image,Texture,Mito
Nuclei_Texture_Correlation_Mito_3_00_256,0.12584269039452844,0.0428351211983963,0.008793078381815344,0.82252911002526,30811.527272618623,Nuclei,Texture,Mito
Cytoplasm_RadialDistribution_FracAtD_RNA_2of4,0.13011365402037114,0.05381430899531149,0.0032233297831477754,0.8128487072011696,88899.53948109222,Cytoplasm,RadialDistribution,RNA
Cytoplasm_Texture_SumVariance_Mito_10_02_256,0.36673833986875604,0.034228537072520146,0.003211288062955425,0.5958218349957685,115893.52495781958,Cytoplasm,Texture,Mito
Cytoplasm_Texture_AngularSecondMoment_DNA_5_01_256,0.06226979171943224,0.0439210677969038,0.003585093638579265,0.8902240468450847,57992.867039961,Cytoplasm,Texture,DNA
Cytoplasm_Texture_AngularSecondMoment_ER_3_02_256,0.12375922122612493,0.05276774381259077,0.0013977427904035067,0.8220752921708808,82189.099073922,Cytoplasm,Texture,ER
Cells_Texture_Contrast_DNA_5_02_256,0.4816088687147045,0.03283810514429663,0.0017012106919307764,0.483851815449068,234998.365364867,Cells,Texture,DNA
Cytoplasm_Texture_SumAverage_DNA_10_00_256,0.19643633478568806,0.038102476353339985,0.004581189009092856,0.7608799998518792,89134.62238862328,Cytoplasm,Texture,DNA
Image_Texture_InfoMeas2_AGP_3_03_256,0.41778118728736224,0.059263093077662775,0.0022371833047864025,0.5207185363301886,211909.30917809333,Image,Texture,AGP
Image_Texture_InfoMeas2_RNA_3_02_256,0.5309021539625466,0.05167437673683704,0.0016812844905233597,0.4157421848100931,335541.46253479377,Image,Texture,RNA
Nuclei_Texture_SumEntropy_DNA_5_03_256,0.3588463020918834,0.04255390229446047,0.006335871914514772,0.5922639236991414,131273.62243444135,Nuclei,Texture,DNA
Nuclei_Texture_InverseDifferenceMoment_RNA_5_01_256,0.14158297197930944,0.04530544423887749,0.0008292313508354286,0.8122823524309776,44877.556074197564,Nuclei,Texture,RNA
Image_Texture_InverseDifferenceMoment_AGP_5_03_256,0.47382160474830953,0.03886721485629972,0.0014862615302056407,0.485824918865185,48556.911917071804,Image,Texture,AGP
Cytoplasm_RadialDistribution_RadialCV_mito_tubeness_6of16,0.03390883255786759,0.053805969013259396,0.027756559175936515,0.8845286392529366,332193.21671481803,Cytoplasm,RadialDistribution,
Cells_Texture_Contrast_Mito_10_02_256,0.45612117591084056,0.035149074985318766,0.0017386863083315863,0.5069910627955091,189426.44347832014,Cells,Texture,Mito
Cells_Texture_Contrast_RNA_10_02_256,0.4304031487390086,0.03826726529455384,0.0013767314647205788,0.5299528545017169,186691.2004065817,Cells,Texture,RNA
Image_Intensity_MeanIntensity_DNA,0.4714425948991805,0.037168684450383904,0.001757532198074989,0.4896311884523605,33046.35721412068,Image,Intensity,DNA
Cells_Texture_InfoMeas2_AGP_5_02_256,0.13524760894120877,0.04952281106213724,0.001795519887174803,0.8134340601094792,46999.46223743849,Cells,Texture,AGP
Nuclei_Granularity_9_AGP,0.35218270744509383,0.045129633787416086,0.0012828833735092585,0.6014047753939809,91821.33776737028,Nuclei,Granularity,AGP
Cells_Correlation_RWC_Mito_ER,0.18054734496575697,0.02980212577481084,0.005543792376174661,0.7841067368832575,38336.87595115605,Cells,Correlation,ER
Nuclei_Texture_SumVariance_AGP_5_03_256,0.37405836093564504,0.04489234471955403,0.004133345924735488,0.5769159484200654,160518.83127132442,Nuclei,Texture,AGP
Nuclei_Texture_InfoMeas1_ER_10_01_256,0.37560586854122724,0.03693515035619945,0.0005690820978597795,0.5868898990047134,133343.07388375723,Nuclei,Texture,ER
Nuclei_Texture_Contrast_ER_5_03_256,0.37612867688207374,0.05086197999847625,0.000363705831292775,0.5726456372881572,155124.97570350108,Nuclei,Texture,ER
Image_Texture_InverseDifferenceMoment_AGP_3_01_256,0.46888222209261693,0.04153028179443243,0.0012844340143584234,0.48830306209859214,45083.74553292639,Image,Texture,AGP
Image_Texture_SumVariance_DNA_3_02_256,0.2242503505346501,0.03779032524429465,0.004681120989543539,0.7332782032315117,38653.98004225388,Image,Texture,DNA
Cytoplasm_Correlation_Overlap_ER_Mito,0.27412680285976876,0.031062435770157864,0.0033217924320283147,0.691488968938045,62135.326873800674,Cytoplasm,Correlation,ER
Image_Granularity_1_RNA,0.4648855089085554,0.03548765792296107,0.0014306704626704508,0.49819616270581313,140566.5638882676,Image,Granularity,RNA
Cells_Texture_Entropy_AGP_10_03_256,0.15501925023764399,0.05100325383784423,0.0017197178770638967,0.7922577780474479,65208.86521091313,Cells,Texture,AGP
Cells_Texture_Entropy_DNA_10_00_256,0.2249383835237454,0.03676875703344695,0.007576129605115971,0.7307167298376918,106546.15214046132,Cells,Texture,DNA
Cytoplasm_Texture_InfoMeas1_ER_10_03_256,0.34294465676709573,0.03862545501286399,0.0019194006158683398,0.6165104876041719,118220.65536526861,Cytoplasm,Texture,ER
Cells_RadialDistribution_RadialCV_mito_tubeness_5of16,0.24333399697741637,0.018116655187606523,0.0016315582529128835,0.7369177895820641,42236.458058755714,Cells,RadialDistribution,
Cells_Texture_Contrast_AGP_3_01_256,0.3593220410827259,0.046293935074599786,0.0033603005701918483,0.5910237232724824,151126.59590750223,Cells,Texture,AGP
Cells_Texture_InfoMeas1_AGP_3_03_256,0.14172178504249272,0.06425071127085336,0.0013916146140613328,0.7926358890725925,80159.28245699283,Cells,Texture,AGP
Image_Texture_Entropy_ER_5_00_256,0.4907688012577934,0.045069936485101665,0.0027862429144366145,0.4613750193426684,87122.68225613656,Image,Texture,ER
Cells_Granularity_4_Mito,0.3892949978005175,0.03351735443512477,0.0013953468711006174,0.5757923008932572,136293.6372230527,Cells,Granularity,Mito
Cytoplasm_Texture_InfoMeas1_RNA_10_03_256,0.28576410566632227,0.039775086577473154,0.0023481361544087074,0.6721126716017959,93461.20090755899,Cytoplasm,Texture,RNA
Image_Texture_SumVariance_ER_5_01_256,0.29464773009439266,0.01699888237745738,0.0010463330364620538,0.6873070544916879,38067.468375175245,Image,Texture,ER
Cells_Texture_Contrast_DNA_3_03_256,0.4775128871715497,0.033717951650605066,0.0019143217248413246,0.48685483945300395,233663.64086880887,Cells,Texture,DNA
Cytoplasm_AreaShape_Eccentricity,0.26222123688503096,0.03395642925491515,0.0008214245518664792,0.7030009093081874,83296.65834298357,Cytoplasm,AreaShape,
Cells_Texture_SumAverage_AGP_5_03_256,0.25814379328357456,0.01355170361367189,0.0032527916972674912,0.7250517114054861,42456.77729854653,Cells,Texture,AGP
Cells_Texture_SumAverage_DNA_10_00_256,0.21849976299461726,0.03502306842067168,0.004367345314880787,0.7421098232698302,101656.64964355581,Cells,Texture,DNA
Cells_Texture_SumAverage_Mito_3_02_256,0.25065373478632186,0.05172927284015718,0.0044026957362489315,0.6932142966372721,70185.9712550951,Cells,Texture,Mito
Cytoplasm_RadialDistribution_MeanFrac_DNA_2of4,0.23915527127361827,0.014396405314492098,0.0015396354170880144,0.7449086879948017,57945.59925840938,Cytoplasm,RadialDistribution,DNA
Cells_Granularity_16_Mito,0.257020450709644,0.0221261691902524,0.002200971151685357,0.7186524089484183,26705.380791010182,Cells,Granularity,Mito
Cytoplasm_Texture_InverseDifferenceMoment_RNA_10_01_256,0.12293534512391636,0.04580918072516209,0.0006171838208994732,0.8306382903300221,73379.86125517302,Cytoplasm,Texture,RNA
Image_ImageQuality_PercentMaximal_OrigAGP,0.026639870710054553,0.10980118375094879,0.02098084671369741,0.8425780988252992,471056.3209723634,Image,ImageQuality,
Image_Intensity_UpperQuartileIntensity_ER__BackgroundOnly,0.15176905872986668,0.026772117913981545,0.020632882928783777,0.800825940427368,42495.52773928279,Image,Intensity,ER
Cells_RadialDistribution_FracAtD_mito_tubeness_6of16,0.28992822035689436,0.04996060578376459,0.0007632135082408314,0.6593479603511003,96529.41171615473,Cells,RadialDistribution,
Cytoplasm_Texture_SumAverage_AGP_5_00_256,0.2694497292398597,0.009284314947282104,0.0032669021996020453,0.717999053613256,33816.21450870001,Cytoplasm,Texture,AGP
Image_Texture_AngularSecondMoment_Mito_3_03_256,0.3872206093658651,0.06266216138419037,0.003512288737585672,0.5466049405123589,143996.95832358464,Image,Texture,Mito
Nuclei_Intensity_UpperQuartileIntensity_AGP,0.272039983125583,0.0420613585909127,0.0018190575561369442,0.6840796007273675,79817.45347776196,Nuclei,Intensity,AGP
Image_Intensity_TotalArea_Mito_BackgroundOnly,0.46711777755844375,0.03615856480139044,0.006582637857236092,0.49014101978292973,57094.63220317192,Image,Intensity,Mito
Cells_Texture_InfoMeas2_AGP_5_00_256,0.1878361553540582,0.04333146087417678,0.0013560494658106188,0.7674763343059544,46688.635333406535,Cells,Texture,AGP
Image_Texture_SumEntropy_ER_3_00_256,0.4873163287670731,0.05141389651819534,0.0027112282044173238,0.4585585465103142,106679.56509297297,Image,Texture,ER
Cytoplasm_Texture_InfoMeas2_ER_3_00_256,0.24535987130272377,0.03649648462017692,0.003767579134132494,0.7143760649429669,74888.96904506083,Cytoplasm,Texture,ER
Nuclei_Texture_Entropy_AGP_10_03_256,0.14535390994296193,0.033739984550492125,0.00209379131614376,0.8188123141904021,45923.682614188656,Nuclei,Texture,AGP
Cytoplasm_Texture_SumEntropy_AGP_10_03_256,0.1849647856822569,0.05079938867933967,0.0017736101480432085,0.7624622154903603,64145.48243555343,Cytoplasm,Texture,AGP
Nuclei_Texture_SumEntropy_AGP_5_01_256,0.1790334464794615,0.04976470093741871,0.0015266318325534373,0.7696752207505664,59115.0345398422,Nuclei,Texture,AGP
Cells_Texture_SumVariance_AGP_10_02_256,0.3544354029035445,0.047602416909883205,0.003521515886024972,0.5944406643005473,153426.58088087387,Cells,Texture,AGP
Cytoplasm_Texture_SumVariance_AGP_5_03_256,0.36226578200190346,0.047336182641574,0.0040267915171973544,0.5863712438393252,138659.92372661564,Cytoplasm,Texture,AGP
Cytoplasm_Texture_SumVariance_Mito_3_03_256,0.3711684106774743,0.03363097982673173,0.003429009025220755,0.5917716004705731,120364.94792914626,Cytoplasm,Texture,Mito
Cytoplasm_RadialDistribution_RadialCV_mito_tubeness_17of20,0.18391911924755058,0.07021579763272863,0.0033033409304897066,0.7425617421892311,51746.363878814576,Cytoplasm,RadialDistribution,
Cells_Texture_DifferenceEntropy_ER_10_01_256,0.15145257983356347,0.04763024208914319,0.0012695205345829822,0.7996476575427104,97566.43928841868,Cells,Texture,ER
Image_Texture_InfoMeas2_Mito_3_01_256,0.44125192470761243,0.05263360748672009,0.002927387904391095,0.5031870799012764,177847.96454315784,Image,Texture,Mito
Cells_Texture_DifferenceVariance_AGP_10_00_256,0.09067178502348551,0.06174563290024077,0.0010673748304382779,0.8465152072458354,63283.2411067085,Cells,Texture,AGP
Cytoplasm_Texture_InfoMeas2_AGP_3_00_256,0.16367656326202293,0.04081071226303305,0.0022073636814819945,0.793305360793462,54589.496358129734,Cytoplasm,Texture,AGP
Cells_Parent_CellsIncludingEdges,0.4048759587228961,0.05360627399094374,0.0013263896718811261,0.5401913776142789,38009.05254833042,Cells,Parent,
Cells_Texture_Entropy_RNA_10_02_256,0.10173479474970751,0.049238437077717155,0.0008541018012280227,0.8481726663713474,70536.28036882433,Cells,Texture,RNA
Cells_Texture_SumEntropy_DNA_10_00_256,0.22143010887082537,0.037145440692253444,0.00783953746419662,0.7335849129727245,111689.70877649466,Cells,Texture,DNA
Cytoplasm_Granularity_4_ER,0.3875758088576844,0.0457079565618866,0.0010969025071658795,0.5656193320732632,149587.98991882178,Cytoplasm,Granularity,ER
Cells_RadialDistribution_MeanFrac_ER_4of4,0.12254441130427542,0.06065206713418901,0.0038919426240417174,0.8129115789374938,83633.4537383923,Cells,RadialDistribution,ER
Cytoplasm_Texture_AngularSecondMoment_DNA_10_03_256,0.07514175218747803,0.03946177284395589,0.0055360851253848115,0.8798603898431813,58729.73333126544,Cytoplasm,Texture,DNA
Image_Texture_InfoMeas2_ER_3_00_256,0.5156257597614621,0.05484145001123762,0.0018823768035955014,0.42765041342370497,318498.82337092195,Image,Texture,ER
Cells_RadialDistribution_FracAtD_DNA_2of4,0.12481926815203105,0.055830322761628526,0.0011594619488699475,0.8181909471374705,82429.48219855053,Cells,RadialDistribution,DNA
Image_Texture_InverseDifferenceMoment_ER_10_01_256,0.4902864102323704,0.034713955703171206,0.0034069024714029196,0.47159273159305554,58010.69342599983,Image,Texture,ER
Nuclei_Intensity_MinIntensityEdge_RNA,0.215970213953128,0.013510958972456735,0.003133731633099493,0.7673850954413158,30287.2260278667,Nuclei,Intensity,RNA
Image_Texture_AngularSecondMoment_DNA_3_02_256,0.3155187040603915,0.06457444165213885,0.007665659825340151,0.6122411944621294,41870.00443313042,Image,Texture,DNA
Nuclei_Texture_InfoMeas2_ER_10_02_256,0.193196080073512,0.042290155708375216,0.0027425848012031465,0.7617711794169097,56446.69670414269,Nuclei,Texture,ER
Cytoplasm_Texture_InfoMeas2_AGP_10_01_256,0.2633885352605362,0.026317875203424046,0.0037787669877422715,0.7065148225482974,49053.515021651154,Cytoplasm,Texture,AGP
Cytoplasm_Texture_Variance_Mito_5_00_256,0.3871687689193267,0.03320519665479226,0.0030641442543390793,0.5765618901715419,127076.902962822,Cytoplasm,Texture,Mito
Cells_AreaShape_Zernike_7_5,0.28966126850070467,0.024822601747169427,0.0015966733962151465,0.6839194563559108,61439.18423137969,Cells,AreaShape,
Image_Texture_SumEntropy_DNA_10_03_256,0.46434244425720733,0.04472661509955427,0.003903759571956101,0.48702718107128234,52701.64754853253,Image,Texture,DNA
Nuclei_Texture_InfoMeas1_DNA_10_00_256,0.4613698657005388,0.03472664435620109,0.003014202106885262,0.5008892878363749,180906.31906786608,Nuclei,Texture,DNA
Cytoplasm_Correlation_Manders_ER_RNA,0.4298136817856433,0.04212600900551208,0.0081942725614738,0.5198660366473707,193716.89802571276,Cytoplasm,Correlation,ER
Cytoplasm_Granularity_14_DNA,0.116650792120057,0.04868733559080559,0.008794615157598284,0.8258672571315392,37851.559018007305,Cytoplasm,Granularity,DNA
Cytoplasm_RadialDistribution_MeanFrac_ER_3of4,0.2891291871524272,0.026687554738183076,0.0044004385906244265,0.6797828195187654,108253.0315337161,Cytoplasm,RadialDistribution,ER
Cytoplasm_RadialDistribution_FracAtD_mito_tubeness_19of20,0.09173524234881358,0.113498561589322,0.005964857295196776,0.7888013387666676,59307.08020204908,Cytoplasm,RadialDistribution,
Cytoplasm_RadialDistribution_FracAtD_mito_tubeness_9of16,0.05922084776536925,0.1262572658368133,0.09142098207141361,0.7231009043264038,495888.0694284749,Cytoplasm,RadialDistribution,
Cytoplasm_Texture_InfoMeas1_DNA_3_01_256,0.19912724449377686,0.042945638082265314,0.003866120065459506,0.7540609973584983,73601.66802901748,Cytoplasm,Texture,DNA
Cytoplasm_Texture_AngularSecondMoment_Mito_10_00_256,0.08751584660545776,0.08440369515518652,0.002274110219151139,0.8258063480202046,78649.25283699231,Cytoplasm,Texture,Mito
Image_Texture_SumEntropy_AGP_10_00_256,0.45242668760761373,0.060472724034696494,0.0014194121638845636,0.48568117619380524,115353.21855134978,Image,Texture,AGP
Nuclei_Texture_AngularSecondMoment_ER_5_00_256,0.06288080227586225,0.07445844531407733,0.00345814469185148,0.8592026077182091,66323.12325394928,Nuclei,Texture,ER
Cells_Correlation_RWC_ER_RNA,0.14554500877702783,0.028285267197326935,0.0025002447676021225,0.8236694792580431,55541.713418650615,Cells,Correlation,ER
Cells_Texture_DifferenceEntropy_RNA_3_02_256,0.1716192790384869,0.04640036759774314,0.0015925236446929268,0.780387829719077,92039.79765699405,Cells,Texture,RNA
Cytoplasm_Granularity_13_AGP,0.26724156352756995,0.05861350140306881,0.00412815047635075,0.6700167845930105,68779.3505249129,Cytoplasm,Granularity,AGP
Image_Texture_InverseDifferenceMoment_DNA_5_02_256,0.45453106330582904,0.03900749086338823,0.0026666724995226044,0.5037947733312602,35294.00209967392,Image,Texture,DNA
Image_Granularity_15_Mito,0.1869403516209939,0.009264887128793134,0.0014369181949906982,0.8023578430552223,30685.770699883047,Image,Granularity,Mito
Cytoplasm_Texture_SumEntropy_ER_5_03_256,0.17165295514426426,0.05527515935470725,0.0011833006670527086,0.7718885848339758,87351.77660995477,Cytoplasm,Texture,ER
Image_Granularity_3_AGP,0.15425208086401448,0.036209742003312194,0.007879383442517237,0.801658793690156,39429.563409476985,Image,Granularity,AGP
Image_Texture_SumVariance_RNA_5_03_256,0.31546485286388226,0.020980195511032213,0.0011615101318593558,0.6623934414932262,30873.256781857177,Image,Texture,RNA
Nuclei_Texture_AngularSecondMoment_RNA_5_00_256,0.10692543022097965,0.08119598013572998,0.002219770807081356,0.8096588188362089,95597.48241630718,Nuclei,Texture,RNA
Image_Texture_InverseDifferenceMoment_ER_5_00_256,0.48253663215662457,0.0364338210948587,0.0022626771322844063,0.47876686961623227,49360.68714740452,Image,Texture,ER
Image_ImageQuality_Correlation_OrigER_10,0.1512774263944711,0.008714858692239884,0.0025561115578893994,0.8374516033553996,14865.030785146113,Image,ImageQuality,
Image_Texture_DifferenceVariance_ER_3_01_256,0.35944591762197176,0.030849131724689123,0.004704310170046362,0.6050006404832927,46798.51902181251,Image,Texture,ER
Cytoplasm_AreaShape_BoundingBoxMaximum_X,0.03840645765547202,0.03885151635168505,0.0008655925816656854,0.9218764334111772,32425.718820528837,Cytoplasm,AreaShape,
Cytoplasm_Texture_AngularSecondMoment_AGP_3_03_256,0.17691024091152063,0.0480470511863074,0.001881809454888523,0.7731608984472834,74954.26843785583,Cytoplasm,Texture,AGP
Nuclei_Granularity_7_Mito,0.21648669489060116,0.05003250172009509,0.00402983792941892,0.7294509654598849,78114.23856806553,Nuclei,Granularity,Mito
Nuclei_Correlation_K_Mito_ER,0.19608469216545424,0.015909185272540247,0.005209558522581082,0.7827965640394244,18053.450510812476,Nuclei,Correlation,ER
Cytoplasm_RadialDistribution_MeanFrac_mito_tubeness_6of20,0.029798537483425425,0.030370152823012232,0.0031540395744845237,0.9366772701190778,192906.69923346638,Cytoplasm,RadialDistribution,
Image_Texture_AngularSecondMoment_ER_5_00_256,0.48840526820100005,0.043118086442598375,0.002999790221837157,0.4654768551345643,165276.30459152005,Image,Texture,ER
Cells_Texture_Variance_RNA_10_00_256,0.3782084869888774,0.046315862167197255,0.0007807319376031072,0.5746949189063222,153068.74936859854,Cells,Texture,RNA
Cytoplasm_Texture_Entropy_ER_3_02_256,0.1946598538041663,0.05042296235299788,0.0015327105907015632,0.7533844732521343,79070.36787847639,Cytoplasm,Texture,ER
Cytoplasm_Intensity_MaxIntensityEdge_ER,0.30050709063180164,0.04917229937131518,0.0023711749450700498,0.647949435051813,85567.85742574919,Cytoplasm,Intensity,ER
Image_Texture_DifferenceVariance_DNA_3_00_256,0.14782769601337187,0.017782599128058813,0.001093141709417331,0.8332965631491519,23975.66768548269,Image,Texture,DNA
Image_Texture_DifferenceVariance_RNA_3_03_256,0.32879552056465405,0.046161019567870165,0.00123749239163069,0.6238059674758452,58139.57644683146,Image,Texture,RNA
Cells_AreaShape_Extent,0.1909701399911687,0.030448437978191703,0.0058578207777053234,0.7727236012529343,91362.5391293461,Cells,AreaShape,
Cells_Texture_SumAverage_Mito_10_01_256,0.2491366208026217,0.05100424691939708,0.005027914898039425,0.6948312173799417,68999.75808979962,Cells,Texture,Mito
Cells_Intensity_MaxIntensityEdge_RNA,0.26442287204027537,0.021562181248854423,0.004401329828809122,0.709613616882061,45949.67502532678,Cells,Intensity,RNA
Cytoplasm_RadialDistribution_FracAtD_mito_tubeness_20of20,0.030615210067203198,0.12827995505966375,0.01215858706242514,0.8289462478107078,425480.0152472806,Cytoplasm,RadialDistribution,
Cells_Correlation_Overlap_DNA_RNA,0.20796959591083738,0.05210749416435374,0.013174430028162109,0.7267484798966468,88961.43441423235,Cells,Correlation,DNA
Cells_Texture_InverseDifferenceMoment_DNA_10_00_256,0.20154575859857904,0.03197075107757171,0.010998021695652217,0.755485468628197,99093.32325238569,Cells,Texture,DNA
Cells_Texture_DifferenceEntropy_AGP_5_00_256,0.15755961487066442,0.054008377182891414,0.0015794574437504297,0.7868525505026938,77079.63178877044,Cells,Texture,AGP
Nuclei_Granularity_4_DNA,0.3503101089332246,0.041824529906732674,0.0005373957145111305,0.6073279654455317,141476.95430890383,Nuclei,Granularity,DNA
Image_Texture_InfoMeas1_RNA_3_02_256,0.2262224774985525,0.02659594889337675,0.001681072429816257,0.7455005011782544,39781.31815559519,Image,Texture,RNA
Nuclei_Texture_InverseDifferenceMoment_RNA_3_00_256,0.164572828475476,0.04591540359297928,0.00137035078947899,0.7881414171420658,49238.88341007351,Nuclei,Texture,RNA
Image_Texture_Entropy_RNA_5_03_256,0.4796221594830122,0.04373849426644762,0.00709832336685081,0.4695410228836894,85404.9862639971,Image,Texture,RNA
Nuclei_Texture_Entropy_AGP_10_00_256,0.14824915515436493,0.037883520880865766,0.0016521781448088923,0.8122151458199603,45676.501720357075,Nuclei,Texture,AGP
Cells_RadialDistribution_MeanFrac_mito_tubeness_16of20,0.23371126412373808,0.032587897157410776,0.002107421721452856,0.7315934169973983,49201.59581069517,Cells,RadialDistribution,
Cells_Texture_SumEntropy_AGP_5_01_256,0.15487230964199356,0.056289324747311104,0.001150503612687863,0.7876878619980076,75200.98998058624,Cells,Texture,AGP
Cytoplasm_Texture_SumEntropy_Mito_10_03_256,0.130316177654077,0.06100460021325942,0.0020794790888945514,0.806599743043769,47931.70609096302,Cytoplasm,Texture,Mito
Cytoplasm_Texture_SumEntropy_AGP_5_03_256,0.18371991367720977,0.04952567038347094,0.0027005910699645025,0.7640538248693548,64172.11238558097,Cytoplasm,Texture,AGP
Nuclei_Intensity_MassDisplacement_ER,0.23593766867277743,0.0466698614586339,0.003472864577222708,0.713919605291366,58743.41746388241,Nuclei,Intensity,ER
Cells_RadialDistribution_MeanFrac_mito_tubeness_11of20,0.16246221758417576,0.02473372813078582,0.0006558095200164681,0.8121482447650219,27231.463249371864,Cells,RadialDistribution,
Cells_Texture_DifferenceVariance_AGP_5_02_256,0.09260492956182362,0.06374446425997735,0.0010148277253331772,0.8426357784528659,58590.02247161392,Cells,Texture,AGP
Nuclei_RadialDistribution_MeanFrac_ER_1of4,0.13804378298861011,0.035826266308575556,0.0012294037019601127,0.8249005470008541,40147.827991421436,Nuclei,RadialDistribution,ER
Nuclei_Texture_SumEntropy_DNA_10_00_256,0.2930821910855966,0.04794785458319343,0.007463954859636721,0.6515059994715733,109469.89319813548,Nuclei,Texture,DNA
Cells_RadialDistribution_MeanFrac_mito_tubeness_16of16,0.1096035313330834,0.048771923124150324,0.0030395877130378144,0.8385849578297285,52269.13814994642,Cells,RadialDistribution,
Cytoplasm_Texture_AngularSecondMoment_DNA_5_02_256,0.06906986946668126,0.04454449668730482,0.0032304101009969187,0.883155223745017,60590.94698627235,Cytoplasm,Texture,DNA
Cells_Texture_SumAverage_DNA_10_03_256,0.19064307507496217,0.03531727059158569,0.0059890235959679785,0.7680506307374841,93449.8097155386,Cells,Texture,DNA
Image_ImageQuality_Scaling_OrigDNA,0.0,0.0,0.0,0.0,0.0,Image,ImageQuality,
Nuclei_Correlation_Overlap_DNA_ER,0.3058284191437325,0.05959684489113324,0.004355517580549717,0.6302192183845847,100253.88603875988,Nuclei,Correlation,DNA
Nuclei_Texture_Correlation_Mito_5_02_256,0.18572324830628642,0.03546087724127609,0.006444828332360157,0.7723710461200773,30128.842789049366,Nuclei,Texture,Mito
Cells_Correlation_RWC_DNA_Mito,0.18361922465978203,0.021923961545117596,0.007737530271092684,0.7867192835240077,64927.612441127116,Cells,Correlation,DNA
Cytoplasm_Correlation_K_ER_AGP,0.12103935735220045,0.024698161199383218,0.002847115924544423,0.8514153655238719,38313.171518694086,Cytoplasm,Correlation,AGP
Image_Texture_Entropy_Mito_3_01_256,0.4546447251753334,0.043505142807606256,0.002385473289463774,0.49946465872759654,64422.335808963304,Image,Texture,Mito
Cytoplasm_Correlation_Manders_RNA_AGP,0.07788584972045595,0.1656866387330121,0.008875872858977786,0.7475516386875541,414406.9210122359,Cytoplasm,Correlation,AGP
Nuclei_Granularity_6_DNA,0.42646233871170797,0.04363888960915252,0.0018994582231520363,0.5279993134559876,73909.38382500253,Nuclei,Granularity,DNA
Cytoplasm_Texture_InfoMeas2_Mito_5_01_256,0.13579609438092058,0.05124738778473623,0.0034360430924096417,0.8095204747419336,49995.16792335524,Cytoplasm,Texture,Mito
Image_Texture_InfoMeas2_Mito_5_02_256,0.43000277125575465,0.053264513189748106,0.0029154785158618276,0.5138172370386356,165438.96525076905,Image,Texture,Mito
Cytoplasm_Texture_Variance_Mito_10_03_256,0.3863051871840973,0.033701747942805116,0.002288722403785688,0.5777043424693119,128750.78856646348,Cytoplasm,Texture,Mito
Cytoplasm_RadialDistribution_FracAtD_mito_tubeness_8of20,0.030477787847557492,0.05587664123659335,0.0222018952737873,0.8914436756420618,356176.9585346453,Cytoplasm,RadialDistribution,
Image_ImageQuality_MaxIntensity_OrigAGP,0.09720368719817347,0.01573838037106829,0.006057541337730288,0.8810003910930279,16892.056273598042,Image,ImageQuality,
Nuclei_Texture_SumEntropy_ER_10_03_256,0.149892737949474,0.04211284888170372,0.0010502995793302463,0.806944113589492,47725.685984408105,Nuclei,Texture,ER
Nuclei_Texture_SumVariance_Mito_10_00_256,0.4452180393806667,0.04080066036751556,0.0034026959649345605,0.5105786042868832,202956.66957072454,Nuclei,Texture,Mito
Nuclei_Texture_SumVariance_AGP_10_03_256,0.33225318614502763,0.04654220661762242,0.003823115979557422,0.6173814912577925,135983.68635264234,Nuclei,Texture,AGP
Cells_RadialDistribution_RadialCV_DNA_1of4,0.19589371518659826,0.020367323858664625,0.004160296566521199,0.7795786643882159,28971.344073808876,Cells,RadialDistribution,DNA
Nuclei_Texture_Correlation_RNA_5_01_256,0.11648561807014356,0.07924998631641918,0.00538776567066788,0.7988766299427694,92358.1922788089,Nuclei,Texture,RNA
Image_Granularity_12_DNA,0.2747955271959405,0.03884082577755208,0.002886484158554323,0.6834771628679531,120076.54301377227,Image,Granularity,DNA
Image_Texture_DifferenceVariance_ER_3_02_256,0.3357138508059211,0.030101497862490945,0.004596890683190486,0.6295877606483975,40935.457830989064,Image,Texture,ER
Cells_Granularity_5_DNA,0.21628699324522366,0.02939377990977215,0.0013601721696195684,0.7529590546753846,54497.246926190724,Cells,Granularity,DNA
Cytoplasm_RadialDistribution_FracAtD_AGP_3of4,0.10021683851583789,0.06423847644963077,0.003193855624082456,0.832350829410449,85876.67230931873,Cytoplasm,RadialDistribution,AGP
Cells_Texture_AngularSecondMoment_AGP_5_01_256,0.12858601090200056,0.05275797398741406,0.0022700641269310516,0.8163859509836543,81039.07158995775,Cells,Texture,AGP
Nuclei_AreaShape_Center_X,0.06812802841072664,0.033200606677372166,0.0003983335793016229,0.8982730313325995,24308.395945470947,Nuclei,AreaShape,
Nuclei_Texture_AngularSecondMoment_DNA_3_01_256,0.1663649654253373,0.031889179758954174,0.018932867214873843,0.7828129876008346,57666.796883818024,Nuclei,Texture,DNA
Nuclei_Texture_Entropy_DNA_3_03_256,0.32531990516435394,0.04553268395259427,0.008358239626359667,0.6207891712566921,109641.9945469702,Nuclei,Texture,DNA
Nuclei_Texture_InfoMeas2_ER_5_03_256,0.2515965115997395,0.04123960376879737,0.003089628699582402,0.7040742559318808,72201.31570556806,Nuclei,Texture,ER
Image_Intensity_LowerQuartileIntensity_Mito,0.10556278483539604,0.014722441143849503,0.004845905075403868,0.8748688689453505,14403.680957965636,Image,Intensity,Mito
Cytoplasm_Intensity_StdIntensityEdge_DNA,0.16772801146396302,0.024846913066089597,0.007467395011063417,0.7999576804588839,55652.86900563499,Cytoplasm,Intensity,DNA
Cytoplasm_Texture_Contrast_DNA_10_00_256,0.3181262951980383,0.047844442078299396,0.008273688558869194,0.625755574164793,182245.6253647855,Cytoplasm,Texture,DNA
Cells_Texture_InfoMeas2_DNA_3_01_256,0.14527017359904354,0.03798902149299823,0.006083374541179479,0.8106574303667788,95159.91939891395,Cells,Texture,DNA
Cytoplasm_Texture_InfoMeas2_RNA_10_00_256,0.14749190642900048,0.04636379060335485,0.0016820322260209573,0.8044622707416237,71449.31002534906,Cytoplasm,Texture,RNA
Cells_Granularity_1_Mito,0.26494890171497804,0.05978868622019944,0.0037440625705759093,0.6715183494942466,94590.26370234668,Cells,Granularity,Mito
Image_ImageQuality_Correlation_OrigRNA_50,0.29677925956955764,0.014438409118337589,0.001536361229747921,0.6872459700823568,18953.82243728975,Image,ImageQuality,
Nuclei_Texture_InfoMeas2_Mito_3_01_256,0.2360967472225187,0.04465383673531199,0.006412564007555481,0.7128368520346139,52768.00971016758,Nuclei,Texture,Mito
Cells_RadialDistribution_MeanFrac_AGP_3of4,0.29786625670197736,0.038251222790035844,0.0056703589056427296,0.6582121616023441,89470.80468334183,Cells,RadialDistribution,AGP
Cytoplasm_Intensity_LowerQuartileIntensity_AGP,0.37033815595619857,0.015276423032371802,0.005062703339845014,0.6093227176715846,34693.65997784674,Cytoplasm,Intensity,AGP
Cytoplasm_RadialDistribution_MeanFrac_AGP_4of4,0.4122227949479802,0.02965287448272402,0.0014264322750285412,0.5566978982942673,145781.1855690301,Cytoplasm,RadialDistribution,AGP
Cytoplasm_Texture_AngularSecondMoment_AGP_5_03_256,0.17181727590884618,0.04922802306454506,0.0019357901733434095,0.7770189108532655,76995.83946394746,Cytoplasm,Texture,AGP
Image_Texture_SumEntropy_DNA_5_01_256,0.43422692026883225,0.04911465220049741,0.004689099289411393,0.511969328241259,49202.776492148856,Image,Texture,DNA
Nuclei_Granularity_9_RNA,0.21142998650537578,0.021155630638821157,0.002800939960404416,0.7646134428953987,31787.50423655622,Nuclei,Granularity,RNA
Nuclei_Neighbors_FirstClosestDistance_1,0.48615714805935056,0.04671627607731579,0.0007423334008339389,0.4663842424624998,270208.4394307296,Nuclei,Neighbors,
Cells_Granularity_11_Mito,0.19432281026884918,0.024974728307117004,0.0009702037610925359,0.7797322576629412,37232.768729652125,Cells,Granularity,Mito
Cytoplasm_Texture_Contrast_Mito_10_01_256,0.40294669130331445,0.03341882568808737,0.002488649450244266,0.5611458335583539,140344.02173208236,Cytoplasm,Texture,Mito
Cytoplasm_Texture_Correlation_ER_5_00_256,0.21130542164770852,0.05761649939936676,0.003918220782241508,0.7271598581706833,99469.54722939993,Cytoplasm,Texture,ER
Image_ImageQuality_Correlation_OrigAGP_20,0.11287182787877778,0.024203678710646007,0.008818071248112683,0.8541064221624636,18392.711690316748,Image,ImageQuality,
Cells_Correlation_K_RNA_Mito,0.32200962912848646,0.020287833295237596,0.0016511222016659503,0.65605141537461,43196.956350391454,Cells,Correlation,Mito
Nuclei_Granularity_8_Mito,0.11193986457275694,0.05437323653903281,0.003523317156698064,0.8301635817315123,42231.806736516664,Nuclei,Granularity,Mito
Cytoplasm_Texture_DifferenceEntropy_Mito_10_02_256,0.18311061124390302,0.05206539454993285,0.0022610125640880143,0.7625629816420761,56838.08071737272,Cytoplasm,Texture,Mito
Image_Texture_Contrast_DNA_3_01_256,0.30709437974933934,0.023089210227809694,0.0022654209756636985,0.6675509890471873,24709.943974698188,Image,Texture,DNA
Image_Granularity_15_RNA,0.2077016696796401,0.019508823709716867,0.003318831104777162,0.7694706755058659,24293.548472832634,Image,Granularity,RNA
Image_Intensity_MaxIntensity_ER,0.054904107768878704,0.03093584473752764,0.004252137853566166,0.9099079096400274,17416.716217843852,Image,Intensity,ER
Nuclei_Intensity_MinIntensityEdge_AGP,0.2802849302317631,0.015058159380936065,0.003899447653855507,0.7007574627334452,31163.748238125587,Nuclei,Intensity,AGP
Nuclei_Texture_InfoMeas1_Mito_10_03_256,0.4305906998882646,0.03919835180993348,0.0013348803351485195,0.5288760679666535,137386.50769856691,Nuclei,Texture,Mito
Cells_Texture_InfoMeas1_RNA_3_02_256,0.0928450814586589,0.06379928700247699,0.002428970641043214,0.840926660897821,61773.29250266001,Cells,Texture,RNA
Cells_Texture_SumVariance_DNA_3_02_256,0.44777151162821227,0.03913288158922446,0.002454804192434966,0.5106408025901283,217041.0375533572,Cells,Texture,DNA
Cells_Granularity_5_Mito,0.4367162418041497,0.031527700427630326,0.0007782370209661588,0.5309778207472539,176201.18334403547,Cells,Granularity,Mito
Image_Texture_Variance_ER_10_03_256,0.29516319210168307,0.017252789246568843,0.0008656741485885543,0.6867183445031595,37016.44766558113,Image,Texture,ER
Cytoplasm_Texture_Entropy_ER_5_02_256,0.19140118574500595,0.053126795005995944,0.001281323158750043,0.7541906960902481,79797.01127170034,Cytoplasm,Texture,ER
Cytoplasm_Intensity_MaxIntensity_DNA,0.3320175348561734,0.0343958946098388,0.00233411542346335,0.6312524551105244,95982.12217998708,Cytoplasm,Intensity,DNA
Cells_Correlation_K_ER_AGP,0.11887443161983371,0.038229325036994735,0.0012038652291261186,0.8416923781140454,44930.49764790521,Cells,Correlation,AGP
Nuclei_Texture_InfoMeas2_ER_3_00_256,0.14689675413775555,0.04751140487570523,0.003384495405260939,0.8022073455812783,44786.538876279556,Nuclei,Texture,ER
Nuclei_Texture_DifferenceEntropy_Mito_10_00_256,0.3129448752210298,0.052950832816012636,0.002997634638038651,0.631106657324919,87348.10337230958,Nuclei,Texture,Mito
Nuclei_Texture_Entropy_ER_10_02_256,0.13730733887070423,0.04113940124164197,0.0015624846614877954,0.819990775226166,40768.88408272872,Nuclei,Texture,ER
Cytoplasm_Texture_DifferenceEntropy_ER_3_02_256,0.23115412043619069,0.04845417584664208,0.0012923236118828117,0.7190993801052845,108431.60082097672,Cytoplasm,Texture,ER
Image_Granularity_8_RNA,0.20370641587988333,0.047972698498319984,0.0019343995033322195,0.7463864861184645,42378.48467046647,Image,Granularity,RNA
Cytoplasm_RadialDistribution_FracAtD_DNA_2of4,0.09127722677451888,0.054357264326307865,0.002531266506215155,0.8518342423929581,80308.42010589062,Cytoplasm,RadialDistribution,DNA
Nuclei_Texture_DifferenceEntropy_AGP_3_00_256,0.14880399456533333,0.05228141206276864,0.0012104983160122317,0.7977040950558858,58509.160778179736,Nuclei,Texture,AGP
Nuclei_Correlation_K_AGP_Mito,0.2822237133135413,0.03272619833638482,0.0011045090217225956,0.6839455793283513,50481.07889003937,Nuclei,Correlation,AGP
Cells_AreaShape_Zernike_6_4,0.2526514350135198,0.03074477289373597,0.0011592004508122994,0.715444591641932,74201.17347129149,Cells,AreaShape,
Nuclei_Intensity_MeanIntensity_ER,0.2871389951578988,0.04892603727909044,0.0009108020097509728,0.6630241655532598,102626.30405648731,Nuclei,Intensity,ER
Image_Texture_InfoMeas2_RNA_5_00_256,0.5165744483504662,0.05300346066807694,0.0014865021940006218,0.42893558878745636,311457.3711804601,Image,Texture,RNA
Cytoplasm_Texture_InfoMeas2_AGP_5_00_256,0.20024387691908727,0.03570330654703077,0.002197819683739501,0.7618549968501424,48999.22697323719,Cytoplasm,Texture,AGP
Cells_Texture_Variance_DNA_5_03_256,0.45367098167890973,0.03748210293690382,0.002350698341848057,0.5064962170423384,218516.8752849465,Cells,Texture,DNA
Cells_Texture_DifferenceVariance_AGP_5_00_256,0.09576010596870994,0.06204722864672087,0.0010578021864789818,0.8411348631980902,59667.493730210714,Cells,Texture,AGP
Image_Texture_Contrast_ER_5_00_256,0.29012438877122554,0.018833170861387336,0.0013345961352274009,0.6897078442321597,22791.093891763267,Image,Texture,ER
Image_Texture_SumVariance_Mito_10_00_256,0.13133371889902523,0.01947675321337104,0.0033412010875092115,0.8458483268000945,38115.17176801857,Image,Texture,Mito
Image_Texture_InfoMeas1_RNA_10_01_256,0.33482494602678187,0.0137160978434437,0.0006706921691839048,0.6507882639605906,24067.4732329874,Image,Texture,RNA
Cytoplasm_Texture_InverseDifferenceMoment_DNA_3_03_256,0.10689916874981858,0.045174723505671775,0.0044895112159522394,0.8434365965285574,89548.4003106818,Cytoplasm,Texture,DNA
Cytoplasm_Texture_InfoMeas2_DNA_3_01_256,0.2527442903617658,0.040073034218998264,0.002980067703756107,0.7042026077154797,73521.74650911866,Cytoplasm,Texture,DNA
Cytoplasm_Texture_SumAverage_AGP_10_00_256,0.27444734214235955,0.00887612468793209,0.003309513619592706,0.7133670195501157,34416.15684842846,Cytoplasm,Texture,AGP
Image_Intensity_StdIntensity_RNA_BackgroundOnly,0.24528069269203193,0.015729297294599667,0.0014701691201828072,0.7375198408931857,18502.454765501265,Image,Intensity,RNA
Nuclei_Texture_InverseDifferenceMoment_AGP_3_01_256,0.1922243899257453,0.04254629718909237,0.003942275451977816,0.7612870374331846,53694.95231829786,Nuclei,Texture,AGP
Image_Texture_Variance_RNA_3_01_256,0.3140272738407134,0.021462516203872354,0.00139050730512167,0.6631197026502925,30597.100149508853,Image,Texture,RNA
Nuclei_Texture_SumAverage_Mito_10_02_256,0.3011610477862033,0.04749229661996316,0.0033146181443714697,0.6480320374494621,87730.85134929334,Nuclei,Texture,Mito
Nuclei_Texture_SumEntropy_DNA_5_02_256,0.36069914706766054,0.042835986346336154,0.0062949987880471054,0.5901698677979562,134009.49140391807,Nuclei,Texture,DNA
Cells_Texture_Entropy_Mito_3_01_256,0.15650797870904354,0.05899397603751766,0.0035276045961166657,0.7809704406573222,51353.92572441793,Cells,Texture,Mito
Image_Texture_Entropy_ER_10_02_256,0.4880697035071291,0.04578221397833615,0.0033107247412107223,0.4628373577733241,90157.57389699886,Image,Texture,ER
Cells_Granularity_8_DNA,0.33376792949455186,0.029012903161851164,0.0020602029706870404,0.63515896437291,42926.890616725796,Cells,Granularity,DNA
Cells_Texture_SumEntropy_RNA_3_02_256,0.12052657158273329,0.05309077492618844,0.0009731767277367202,0.8254094767633416,79582.37024980207,Cells,Texture,RNA
Cytoplasm_Texture_Variance_Mito_5_03_256,0.38932937854158645,0.03364229396967005,0.0027325789874187677,0.5742957485013248,129431.0034682366,Cytoplasm,Texture,Mito
Cytoplasm_Texture_Contrast_Mito_5_02_256,0.4301484628556958,0.031754900500454535,0.0025277662455718193,0.5355688703982778,155044.8137897235,Cytoplasm,Texture,Mito
Cytoplasm_Intensity_MeanIntensityEdge_DNA,0.24241096459799483,0.05958960958296672,0.007774178445760365,0.6902252473732781,93381.99656265884,Cytoplasm,Intensity,DNA
Image_Texture_InfoMeas1_AGP_10_00_256,0.31740611085745757,0.011375344035723055,0.00195027900195873,0.6692682661048607,18950.26533054241,Image,Texture,AGP
Image_Texture_Variance_Mito_3_02_256,0.14503306369469263,0.017489187322048943,0.0026955747471824323,0.8347821742360759,36951.93413238399,Image,Texture,Mito
Nuclei_Texture_InverseDifferenceMoment_ER_5_01_256,0.21095403327429393,0.047756281892112985,0.0016113581984385412,0.7396783266351544,58356.2394862745,Nuclei,Texture,ER
Cells_RadialDistribution_FracAtD_mito_tubeness_14of20,0.3212155393014223,0.03151131562878088,0.0017388129436409475,0.6455343321261557,73450.96006070237,Cells,RadialDistribution,
Cells_Texture_InfoMeas1_ER_10_00_256,0.16169025485055138,0.04404209840077121,0.0010232577380154912,0.793244389010662,72888.96301938995,Cells,Texture,ER
Nuclei_Texture_SumVariance_ER_5_02_256,0.3529407509793804,0.05235124814944868,0.0013768206923472765,0.5933311801788236,151474.70231840745,Nuclei,Texture,ER
Cells_Texture_Correlation_ER_3_02_256,0.15147192210316718,0.038008399895253196,0.004982657912682892,0.8055370200888967,42108.287608345854,Cells,Texture,ER
Image_Texture_SumVariance_DNA_10_02_256,0.19747909336787897,0.04145801600893534,0.006029787488559389,0.7550331031346263,44648.43206427622,Image,Texture,DNA
Image_Texture_AngularSecondMoment_RNA_5_03_256,0.48545948633978214,0.04711950113942257,0.0068214044756546915,0.46059960804514066,189282.10367505084,Image,Texture,RNA
Cytoplasm_Correlation_RWC_RNA_Mito,0.25915582054886444,0.02207146367628277,0.0031181453470645755,0.7156545704277881,46049.8224170289,Cytoplasm,Correlation,Mito
Cells_Granularity_8_AGP,0.4388765131274138,0.04122820840272156,0.0015571946008336704,0.5183380838690309,151544.61787137386,Cells,Granularity,AGP
Cells_Texture_Contrast_ER_10_03_256,0.3927907934283734,0.04215754014856316,0.00135446371156806,0.5636972027114954,168239.46607457998,Cells,Texture,ER
Cells_RadialDistribution_MeanFrac_mito_tubeness_Overflow,0.0,0.0,0.0,0.0,0.0,Cells,RadialDistribution,
Image_Granularity_8_DNA,0.38093886450638664,0.04951814579465978,0.004180090837553721,0.5653628988613998,62993.639066396165,Image,Granularity,DNA
Image_Intensity_MeanIntensity_AGP__BackgroundOnly,0.29488499862938494,0.02076496801923155,0.004493964286773875,0.6798560690646097,20185.449589479205,Image,Intensity,AGP
Image_Texture_Correlation_DNA_3_00_256,0.3220228098501804,0.043002632828110635,0.0009401763118546595,0.6340343810098544,124588.34203666312,Image,Texture,DNA
Nuclei_Granularity_13_ER,0.33762119589733347,0.031019089881987375,0.004170570769955523,0.6271891434507235,49687.22183978517,Nuclei,Granularity,ER
Cells_Texture_Entropy_ER_5_01_256,0.15503628395674085,0.05361907688010542,0.0006587161205657967,0.7906859230425879,90469.47479026762,Cells,Texture,ER
Cytoplasm_Intensity_StdIntensity_AGP,0.3241966404924643,0.05142033600613214,0.0028101381130992502,0.6215728853883044,99620.45279017744,Cytoplasm,Intensity,AGP
Cytoplasm_Texture_DifferenceVariance_DNA_5_00_256,0.08791238006842335,0.041377261913612184,0.0032058591197332365,0.8675044988982312,56527.85526866001,Cytoplasm,Texture,DNA
Nuclei_Granularity_6_RNA,0.33379011463794395,0.02291647742755773,0.0008711458595749278,0.6424222620749233,85405.80722151416,Nuclei,Granularity,RNA
Cells_Texture_InverseDifferenceMoment_DNA_5_01_256,0.20937348760775706,0.025845384028435968,0.005378838316820007,0.7594022900469869,91900.35059289681,Cells,Texture,DNA
Cells_AreaShape_Zernike_6_0,0.2496669747029824,0.020655870535198358,0.0009882373701570364,0.7286889173916623,51343.12171318801,Cells,AreaShape,
Cells_Texture_Contrast_Mito_3_00_256,0.4518965759892827,0.032500122975145145,0.001765850576806004,0.5138374504587662,173143.13467437442,Cells,Texture,Mito
Cells_Texture_Variance_Mito_3_01_256,0.4286035412343474,0.03867694013815089,0.002061248900153803,0.5306582697273479,163042.4149377249,Cells,Texture,Mito
Cytoplasm_Granularity_16_Mito,0.25731056490479837,0.02732389832942174,0.0026119631720207073,0.7127535735937592,29087.154456245204,Cytoplasm,Granularity,Mito
Cytoplasm_RadialDistribution_FracAtD_mito_tubeness_15of20,0.08914885613353238,0.04556306012982658,0.0023160997064221485,0.8629719840302189,23042.352013250318,Cytoplasm,RadialDistribution,
Cytoplasm_RadialDistribution_RadialCV_mito_tubeness_6of20,0.026012558035985598,0.11101392222879326,0.08873870139127019,0.774234818343951,201812.2003281961,Cytoplasm,RadialDistribution,
Image_Texture_InfoMeas2_ER_10_03_256,0.4482080693113515,0.04807525479236486,0.001389120410396254,0.5023275554858875,155154.6875569942,Image,Texture,ER
Cells_Texture_DifferenceVariance_Mito_10_00_256,0.035149912049608066,0.09868795655369678,0.001843455310051005,0.8643186760866443,66552.02159017851,Cells,Texture,Mito
Cells_Texture_InfoMeas1_DNA_5_00_256,0.15682074302674645,0.04646253379776979,0.0028576222539565634,0.7938591009215272,79703.22219368229,Cells,Texture,DNA
Nuclei_Location_CenterMassIntensity_Z_RNA,0.0,0.0,0.0,0.0,0.0,Nuclei,Location,RNA
Cells_Neighbors_AngleBetweenNeighbors_Adjacent,0.4960680312561201,0.04766083342076683,0.003528099558387755,0.45274303576472547,129292.49620255675,Cells,Neighbors,
Nuclei_AreaShape_MeanRadius,0.40704892217095295,0.031321463803418916,0.0016774200293709616,0.5599521939962572,135275.34377103677,Nuclei,AreaShape,
Nuclei_Texture_DifferenceEntropy_AGP_5_03_256,0.17953342633122502,0.05144318404484951,0.0017930945765560827,0.7672302950473694,64716.209757688295,Nuclei,Texture,AGP
Nuclei_Texture_Contrast_DNA_10_02_256,0.4929705629704969,0.03910886281348575,0.001964761625111087,0.4659558125909062,253774.70894473756,Nuclei,Texture,DNA
Cytoplasm_Texture_SumAverage_AGP_10_01_256,0.28130316319626747,0.008326657567418278,0.0034347913377559083,0.7069353878985584,33814.91118025662,Cytoplasm,Texture,AGP
Image_Intensity_LowerQuartileIntensity_AGP,0.22378906269075488,0.040479686629114615,0.0028059379332347504,0.7329253127468957,17576.494132014515,Image,Intensity,AGP
Nuclei_AreaShape_MaxFeretDiameter,0.4551716829430468,0.007984049868094971,0.0005828403736713625,0.5362614268151868,144997.84177763184,Nuclei,AreaShape,
Image_Texture_Contrast_Mito_10_00_256,0.20805722258304185,0.00915664497963911,0.0017918825259158485,0.7809942499114032,29455.742462846843,Image,Texture,Mito
Cells_AreaShape_Zernike_8_6,0.3329051625969835,0.028671415108119238,0.0007913559190298582,0.6376320663758673,71682.57622839205,Cells,AreaShape,
Cytoplasm_Granularity_6_ER,0.4742071909070651,0.026127971984170755,0.0013599322976051637,0.49830490481115897,194636.1810648747,Cytoplasm,Granularity,ER
Image_ImageQuality_StdIntensity_OrigAGP,0.3868694796471699,0.01866732136881503,0.001190623084594877,0.5932725758994202,53365.56110149529,Image,ImageQuality,
Image_Texture_SumEntropy_Mito_5_01_256,0.44377044828993084,0.04896168288846875,0.003233034300187066,0.5040348345214134,84162.74964757041,Image,Texture,Mito
Nuclei_Neighbors_AngleBetweenNeighbors_1,0.49903400657433766,0.040627612308179926,0.0018818572785199478,0.45845652383896257,102465.83447526747,Nuclei,Neighbors,
Nuclei_Texture_Contrast_ER_5_02_256,0.3761411427250912,0.050045703785458265,0.00048696928888295187,0.5733261842005676,151841.20886749448,Nuclei,Texture,ER
Nuclei_Texture_InverseDifferenceMoment_ER_3_00_256,0.22185979595213673,0.05166888689408365,0.0015109739049506013,0.7249603432488289,65127.112922549815,Nuclei,Texture,ER
Cells_Texture_Entropy_AGP_5_02_256,0.15590988437891823,0.05426056815221312,0.0017295415311185127,0.7881000059377501,67616.6157970608,Cells,Texture,AGP
Image_Granularity_4_Mito,0.22230165073731256,0.026944611245328636,0.008476791313490101,0.7422769467038686,33611.81906739943,Image,Granularity,Mito
Nuclei_Correlation_K_ER_RNA,0.20252048848100299,0.013278960220651554,0.0013179314835509513,0.7828826198147945,24789.42604969974,Nuclei,Correlation,ER
Cytoplasm_Texture_InfoMeas2_ER_5_01_256,0.17724887002622727,0.02777035122931573,0.002738013063433417,0.7922427656810236,61471.567700884945,Cytoplasm,Texture,ER
Cells_Texture_DifferenceEntropy_DNA_3_01_256,0.29825086546205315,0.03346537887341792,0.006645803804725503,0.6616379518598035,135531.42114406885,Cells,Texture,DNA
Cytoplasm_Texture_DifferenceVariance_AGP_10_01_256,0.12945794080015283,0.059831246667781175,0.0013979296384019314,0.8093128828936641,62730.595998759425,Cytoplasm,Texture,AGP
Cells_Texture_DifferenceEntropy_AGP_5_02_256,0.17101542795185232,0.05202332669724076,0.0019466707501901957,0.7750145746007168,78806.44910247615,Cells,Texture,AGP
Cells_Texture_Entropy_DNA_5_01_256,0.24126580451468047,0.03554953220857799,0.007165417303480744,0.7160192459732608,110152.42509234953,Cells,Texture,DNA
Nuclei_Texture_InfoMeas2_AGP_3_02_256,0.2390968793744283,0.020916906996775876,0.002927170079616012,0.7370590435491798,42257.16083915557,Nuclei,Texture,AGP
Cells_RadialDistribution_MeanFrac_RNA_1of4,0.14853052621969187,0.0626913342964987,0.004236439522133747,0.7845416999616757,91055.0323174017,Cells,RadialDistribution,RNA
Cytoplasm_Texture_Correlation_AGP_3_02_256,0.07514228820782033,0.08875662966369444,0.005889465396339193,0.8302116167321459,82448.54065487883,Cytoplasm,Texture,AGP
Cells_Texture_Contrast_DNA_5_01_256,0.47864384696330226,0.034152114302616374,0.0015747399208151114,0.4856292988132663,234257.92520410375,Cells,Texture,DNA
Cells_Texture_SumVariance_DNA_10_01_256,0.4179468885534171,0.04190919759784685,0.0035618097513161967,0.5365821040974197,199746.29154065863,Cells,Texture,DNA
Cells_AreaShape_EquivalentDiameter,0.2442635459699012,0.036299150674005666,0.001386642463811587,0.7180506608922815,138271.48064337688,Cells,AreaShape,
Image_Texture_Correlation_ER_3_00_256,0.2943944793814857,0.01562487985289325,0.00312478281014187,0.6868558579554792,42280.21710101492,Image,Texture,ER
Nuclei_Texture_AngularSecondMoment_Mito_10_00_256,0.043270168735505106,0.08046515603141871,0.00817423639877595,0.8680904388343003,50967.40383396463,Nuclei,Texture,Mito
Nuclei_Texture_Correlation_RNA_3_00_256,0.20521915526249965,0.0665024340819649,0.002750691100019011,0.7255277195555164,48650.11540585795,Nuclei,Texture,RNA
Cells_Correlation_Overlap_ER_RNA,0.1585639109615583,0.03388430425331804,0.002784547097215322,0.8047672376879085,40638.00568895681,Cells,Correlation,ER
Cytoplasm_Texture_Entropy_Mito_3_01_256,0.145147916026662,0.05826067588907534,0.002413703052995996,0.7941777050312667,43334.94990561067,Cytoplasm,Texture,Mito
Cytoplasm_Texture_Contrast_RNA_5_01_256,0.4498517298517774,0.037478355794990696,0.0014928473404041275,0.5111770670128278,195977.01369449537,Cytoplasm,Texture,RNA
Image_ImageQuality_Correlation_OrigDNA_5,0.28733115326856,0.029159487583408115,0.007158172215036458,0.6763511869329956,41625.668594480856,Image,ImageQuality,
Cytoplasm_Correlation_RWC_DNA_RNA,0.08154994536979655,0.0596101972496179,0.0064896784321966435,0.8523501789483888,108557.62709157077,Cytoplasm,Correlation,DNA
Cytoplasm_Granularity_4_Mito,0.2976744517143989,0.02778124869035847,0.0016094062314606114,0.672934893363782,86194.32621977561,Cytoplasm,Granularity,Mito
Cytoplasm_Texture_InfoMeas2_RNA_5_01_256,0.17249937856851377,0.05179143706311743,0.00219997960509292,0.773509204763276,77650.9804455594,Cytoplasm,Texture,RNA
Image_Granularity_5_DNA,0.2845838015098861,0.03633470353594258,0.000910940909561737,0.6781705540446097,49004.885658356354,Image,Granularity,DNA
Cytoplasm_Texture_SumVariance_ER_3_01_256,0.3477582072418839,0.04890264650489468,0.001118325843295442,0.6022208204099261,137496.72877388864,Cytoplasm,Texture,ER
Nuclei_RadialDistribution_FracAtD_ER_2of4,0.19926525019758634,0.060542945004649795,0.0004704966618765612,0.7397213081358873,98626.688303174,Nuclei,RadialDistribution,ER
Nuclei_Texture_Variance_Mito_5_02_256,0.4683825847225456,0.04024550846846878,0.0030163995702137784,0.48835550723877186,224775.30972054,Nuclei,Texture,Mito
Cells_Texture_Contrast_Mito_10_00_256,0.4557422628999768,0.03491695308432353,0.0018565137705168452,0.5074842702451828,187253.89315651183,Cells,Texture,Mito
Image_Texture_Contrast_AGP_10_03_256,0.306168296627978,0.01371832048467192,0.0019500077343799225,0.6781633751529702,32220.06632002712,Image,Texture,AGP
Cytoplasm_Texture_InfoMeas2_RNA_3_03_256,0.2009479093631568,0.05597126329228439,0.003050967401842192,0.7400298599427168,84105.10653512774,Cytoplasm,Texture,RNA
Cells_AreaShape_MedianRadius,0.23060442153550928,0.04099032596662772,0.0006022440869933336,0.7278030084108698,125122.2478643083,Cells,AreaShape,
Cytoplasm_AreaShape_Zernike_8_2,0.32363436091610864,0.04403390712275226,0.0018434744573974442,0.6304882575037417,54977.129549502504,Cytoplasm,AreaShape,
Cells_Texture_DifferenceVariance_ER_5_01_256,0.052244353374085395,0.07802123090944747,0.0025349314178042975,0.8671994842986628,92710.73881948175,Cells,Texture,ER
Nuclei_Correlation_Correlation_ER_RNA,0.15852069081275044,0.06774291006737275,0.0013658934673513516,0.7723705056525254,68659.4801316481,Nuclei,Correlation,ER
Nuclei_Texture_InverseDifferenceMoment_RNA_10_01_256,0.15898507995812228,0.046487397825783074,0.00028315521928405873,0.7942443669968106,45013.8239483491,Nuclei,Texture,RNA
Image_Intensity_MaxIntensity_ER__BackgroundOnly,0.13113217540249797,0.017873954901112855,0.0023727158024781417,0.8486211538939111,28619.310719925674,Image,Intensity,ER
Image_Texture_SumEntropy_DNA_5_00_256,0.413982544842968,0.049481267370944354,0.004859867348028108,0.5316763204380596,48086.205943867244,Image,Texture,DNA
Cytoplasm_AreaShape_Zernike_7_3,0.2842600330760502,0.04271618430440468,0.0020022611359055433,0.6710215214836397,66918.7434927837,Cytoplasm,AreaShape,
Cytoplasm_Granularity_12_AGP,0.3062323429031682,0.05406079772820556,0.003485288137699547,0.6362215712309268,80688.35606872424,Cytoplasm,Granularity,AGP
Cells_Granularity_7_DNA,0.4612462429298851,0.03681417129003995,0.004938017703414307,0.4970015680766606,85069.34147549882,Cells,Granularity,DNA
Nuclei_Texture_DifferenceVariance_DNA_5_01_256,0.18544261399592354,0.03175569736627436,0.017832979651717044,0.7649687089860849,60265.70617795991,Nuclei,Texture,DNA
Image_Texture_InfoMeas2_AGP_5_03_256,0.41048483233940464,0.05549955456917655,0.002236547922356753,0.5317790651690621,167301.0523253422,Image,Texture,AGP
Nuclei_Texture_Variance_RNA_10_00_256,0.34696583073362935,0.05169810644473019,0.0010873078052238015,0.6002487550164167,135463.82620193774,Nuclei,Texture,RNA
Nuclei_Intensity_MassDisplacement_AGP,0.3467776056416851,0.03703860241485684,0.0014819815000240942,0.6147018104434341,82523.23510850125,Nuclei,Intensity,AGP
Image_Texture_Variance_DNA_5_02_256,0.22961217103148138,0.038044513597732255,0.0048848356551248525,0.7274584797156615,37602.85997821823,Image,Texture,DNA
Nuclei_ObjectSkeleton_TotalObjectSkeletonLength_mito_skel,0.3092970796575871,0.06188356721446485,0.0038786057315563674,0.6249407473963917,267299.6825462498,Nuclei,ObjectSkeleton,
Nuclei_Texture_InfoMeas1_ER_5_03_256,0.3662352222076304,0.04419649934301411,0.0008538607566185763,0.5887144176927369,145101.5511905013,Nuclei,Texture,ER
Cytoplasm_RadialDistribution_MeanFrac_mito_tubeness_10of20,0.04759685054179612,0.11529640093136359,0.02008460481084105,0.8170221437159992,754856.2194532857,Cytoplasm,RadialDistribution,
Image_Texture_Correlation_Mito_10_00_256,0.20381156517517435,0.01640861342727511,0.0017011022383286217,0.778078719159222,24462.265813756,Image,Texture,Mito
Cells_Granularity_9_ER,0.1435084825751559,0.04680924396290509,0.0016723461994926539,0.8080099272624462,52920.41585496606,Cells,Granularity,ER
Cytoplasm_Granularity_13_ER,0.33157434025712496,0.038264853579552886,0.0040845302174257764,0.6260762759458964,59362.15293211788,Cytoplasm,Granularity,ER
Image_Texture_InfoMeas1_DNA_5_03_256,0.2854869784323385,0.05860777241306106,0.003978455881883907,0.6519267932727165,56896.66702808945,Image,Texture,DNA
Nuclei_Texture_AngularSecondMoment_ER_10_02_256,0.06710983526874038,0.07368232908360826,0.0035272610694400764,0.8556805745782112,65410.49919289833,Nuclei,Texture,ER
Cytoplasm_AreaShape_Zernike_6_6,0.3810117249653907,0.027518824188832936,0.004153743065785955,0.5873157077799903,93031.60435469318,Cytoplasm,AreaShape,
Cytoplasm_Texture_Correlation_ER_10_02_256,0.1712210962736946,0.0606142382192437,0.0018917561889427099,0.766272909318119,118042.31038812138,Cytoplasm,Texture,ER
Image_Texture_Entropy_DNA_5_03_256,0.4521958404449749,0.045838680650736374,0.0043430157312710225,0.4976224631730177,45647.59777977373,Image,Texture,DNA
Image_Texture_InverseDifferenceMoment_ER_10_03_256,0.4917476936432025,0.03525027208671516,0.0031047905365907008,0.4698972437334917,58370.250126232786,Image,Texture,ER
Nuclei_Neighbors_SecondClosestDistance_1,0.5149221122639077,0.04644391642369338,0.0008203708180712336,0.4378136004943276,318288.7538184943,Nuclei,Neighbors,
Nuclei_Texture_DifferenceEntropy_Mito_3_01_256,0.35860332445731063,0.05265886940253399,0.003465179051094659,0.5852726270890607,112204.41287187842,Nuclei,Texture,Mito
Nuclei_Granularity_12_RNA,0.34003750981985126,0.032877251096907846,0.002654860780171592,0.6244303783030692,54887.61399975368,Nuclei,Granularity,RNA
Cells_RadialDistribution_MeanFrac_mito_tubeness_20of20,0.12119888549919115,0.04072674940469517,0.0032212609289384,0.8348531041671753,48283.60477782044,Cells,RadialDistribution,
Cells_RadialDistribution_MeanFrac_RNA_3of4,0.12960488544071241,0.03272863800698245,0.008338826261542209,0.8293276502907629,58484.43354995368,Cells,RadialDistribution,RNA
Cytoplasm_Texture_DifferenceEntropy_Mito_10_00_256,0.18441361839232118,0.053175557691007076,0.0022088752719944048,0.7602019486446773,56126.33193179385,Cytoplasm,Texture,Mito
Cells_Texture_AngularSecondMoment_RNA_3_03_256,0.11649225292484487,0.0706277301875782,0.0010365543078406632,0.8118434625797363,122658.92466479307,Cells,Texture,RNA
Image_Texture_SumEntropy_RNA_10_00_256,0.4770122343409079,0.05147607709200234,0.006814931430461203,0.46469675713662856,119505.81048577323,Image,Texture,RNA
Cytoplasm_Texture_InverseDifferenceMoment_ER_5_00_256,0.22017259842447295,0.0446769447957214,0.0017397073516953036,0.7334107494281104,87775.3703005039,Cytoplasm,Texture,ER
Nuclei_Texture_SumAverage_ER_10_03_256,0.2600776154868505,0.04718838818088382,0.0014503179265027849,0.6912836784057629,87167.90832234993,Nuclei,Texture,ER
Image_Texture_DifferenceEntropy_Mito_5_01_256,0.4451737184325728,0.04470128148149737,0.0015219139833721233,0.5086030861025576,79234.9581803908,Image,Texture,Mito
Nuclei_Correlation_Manders_DNA_AGP,0.22539878476436995,0.03230057184084716,0.002529686736073441,0.7397709566587094,205604.0472099026,Nuclei,Correlation,AGP
Nuclei_Correlation_Manders_Mito_ER,0.09151729454703551,0.10609306296193383,0.11345452931023112,0.6889351131807996,408921.1125345152,Nuclei,Correlation,ER
Nuclei_Parent_NucleiIncludingEdges,0.5054264977633539,0.04248444358501098,0.0012518112436626788,0.4508372474079723,44432.54286650683,Nuclei,Parent,
Image_Threshold_WeightedVariance_mito_bw,0.19320328323422684,0.010899594512433977,0.0019632112923103043,0.7939339109610288,15911.074263895745,Image,Threshold,
Cells_RadialDistribution_FracAtD_mito_tubeness_12of16,0.32966147026663567,0.02771688592127228,0.0019061528440630995,0.6407154909680289,74321.08392005383,Cells,RadialDistribution,
Cytoplasm_Texture_DifferenceEntropy_DNA_10_02_256,0.22144127520759763,0.06130391828809435,0.02049790945852941,0.6967568970457786,125299.80967219506,Cytoplasm,Texture,DNA
Image_Texture_SumAverage_RNA_10_02_256,0.46889632511960644,0.03260568287789315,0.0012329255184995724,0.4972650664840009,31435.471419274545,Image,Texture,RNA
Image_ImageQuality_LocalFocusScore_OrigDNA_5,0.16887631485114937,0.017407787539685218,0.003584437760419767,0.8101314598487457,34961.48718454722,Image,ImageQuality,
Cytoplasm_Texture_Entropy_AGP_5_03_256,0.1812601780578911,0.0463971500089779,0.0018222505849037646,0.7705204213482272,57299.37575848006,Cytoplasm,Texture,AGP
Image_ImageQuality_PercentMinimal_OrigRNA,0.022101106443071988,0.176202766249608,0.0005579282160780439,0.801138199091242,460595.6531572847,Image,ImageQuality,
Image_Texture_InfoMeas1_ER_5_01_256,0.2914636468058312,0.022308371640021266,0.002597893295525495,0.683630088258622,26274.461935973362,Image,Texture,ER
Nuclei_Intensity_MeanIntensity_RNA,0.2584446199155393,0.039545350847768744,0.0018054709049116948,0.7002045583317801,77450.00964116816,Nuclei,Intensity,RNA
Image_Texture_Variance_AGP_3_00_256,0.31493292506765397,0.014272315508850105,0.0019880016831400173,0.668806757740356,39857.91402155969,Image,Texture,AGP
Nuclei_Texture_DifferenceVariance_ER_5_02_256,0.045887361868294195,0.0884046309625197,0.0030904699939065033,0.8626175371752796,76170.16360417192,Nuclei,Texture,ER
Cytoplasm_Texture_InfoMeas2_Mito_3_00_256,0.11697466658535294,0.07343920873452482,0.0018495998601458087,0.8077365248199764,73990.00266964576,Cytoplasm,Texture,Mito
Image_Texture_DifferenceVariance_ER_3_03_256,0.36097981800907847,0.030830135333061316,0.004390714903383037,0.6037993317544772,47130.043642001016,Image,Texture,ER
Image_Intensity_MADIntensity_RNA,0.35628924187582717,0.0624863041542207,0.001964931435536946,0.5792595225344151,33743.67143957513,Image,Intensity,RNA
Image_Texture_SumEntropy_DNA_3_00_256,0.3976541854693253,0.052201346525616886,0.005497798455351627,0.5446466695497063,47427.81206487932,Image,Texture,DNA
Cytoplasm_Correlation_Overlap_DNA_RNA,0.11082513470731338,0.050142788348579014,0.011128712375270407,0.8279033645688372,52451.477734192566,Cytoplasm,Correlation,DNA
Cells_Texture_InfoMeas2_ER_3_02_256,0.21671891996424622,0.05255562351919969,0.0023696596538976653,0.7283557968626564,74479.29895551782,Cells,Texture,ER
Cytoplasm_RadialDistribution_RadialCV_ER_3of4,0.08619727444806859,0.05165018721601388,0.003102889847524426,0.8590496484883932,50866.766782313105,Cytoplasm,RadialDistribution,ER
Cells_RadialDistribution_FracAtD_mito_tubeness_1of20,0.48656798230657244,0.038896491632073704,0.0011447431619631963,0.4733907828993906,214980.96044128644,Cells,RadialDistribution,
Nuclei_Texture_Entropy_AGP_10_01_256,0.14648622301384528,0.033879278339894854,0.0021060035682887524,0.8175284950779711,45847.38061089814,Nuclei,Texture,AGP
Cells_Correlation_Correlation_Mito_RNA,0.10940281708591047,0.0735080695836319,0.0023021740682724165,0.8147869392621853,47558.36976290153,Cells,Correlation,Mito
Cells_Texture_SumAverage_ER_3_00_256,0.25952640409849587,0.03954748108690163,0.003340340635900876,0.6975857741787016,90822.35220690003,Cells,Texture,ER
Nuclei_Correlation_RWC_AGP_RNA,0.41429031826973234,0.028752131253971337,0.0012099323520192813,0.5557476181242771,51553.31168824651,Nuclei,Correlation,AGP
Cells_Texture_Contrast_RNA_5_03_256,0.4404672859368735,0.03952927608393035,0.0015765573130232108,0.5184268806661729,194245.1936769628,Cells,Texture,RNA
Cells_Texture_InverseDifferenceMoment_Mito_10_03_256,0.11763467769913398,0.06408808831790533,0.003451199920059199,0.8148260340629015,53399.70785815126,Cells,Texture,Mito
Cytoplasm_Texture_AngularSecondMoment_AGP_10_02_256,0.171473648617038,0.048461166828588774,0.002031171266237283,0.778034013288136,76228.59049612499,Cytoplasm,Texture,AGP
Cells_Texture_DifferenceEntropy_RNA_3_03_256,0.16778625865897406,0.04544957693672452,0.00144098890775161,0.7853231754965498,93180.0906521911,Cells,Texture,RNA
Nuclei_AreaShape_Zernike_5_3,0.3369330756890537,0.04112281961622353,0.0011087117158692845,0.6208353929788536,54520.268552171845,Nuclei,AreaShape,
Nuclei_Texture_AngularSecondMoment_DNA_10_01_256,0.03672843038322496,0.045547829367368016,0.018099696150137776,0.8996240440992693,59446.543515889345,Nuclei,Texture,DNA
Image_Texture_Entropy_DNA_10_01_256,0.47250693268378496,0.042922396514342695,0.004423322984712923,0.4801473478171594,48187.3430859692,Image,Texture,DNA
Cytoplasm_Texture_DifferenceVariance_AGP_5_02_256,0.12536007585132292,0.05886133338536648,0.0012362115169348422,0.8145423792463757,55527.9022686596,Cytoplasm,Texture,AGP
Cytoplasm_Texture_SumAverage_ER_10_02_256,0.2283431659428738,0.041688107869084765,0.003031394630387379,0.7269373315576542,78008.60074426144,Cytoplasm,Texture,ER
Image_ImageQuality_StdIntensity_OrigMito,0.21112073370824042,0.016233251221264865,0.0017171003753482148,0.7709289146951466,29190.784445073095,Image,ImageQuality,
Nuclei_Texture_InfoMeas2_AGP_5_02_256,0.26907809469412325,0.024907433852102968,0.0016122763734277516,0.704402195080346,53842.199493380875,Nuclei,Texture,AGP
Image_Texture_Variance_ER_3_00_256,0.29429287876217364,0.016688559027099318,0.0010122175166183205,0.6880063446941088,37136.784675472474,Image,Texture,ER
Cells_Texture_Variance_DNA_3_01_256,0.45484907148446624,0.03744095517823685,0.0023711416119921967,0.5053388317253047,218197.43210621458,Cells,Texture,DNA
Cytoplasm_Texture_Contrast_ER_5_02_256,0.42695986050630197,0.04268611071201949,0.0018829252424642602,0.5284711035392143,196408.16473386018,Cytoplasm,Texture,ER
Cells_Granularity_8_ER,0.17362061983689936,0.044355256313763476,0.001759239080392341,0.7802648847689448,62045.73703317638,Cells,Granularity,ER
Cells_Texture_SumEntropy_DNA_3_00_256,0.23145312895091288,0.03469084244363302,0.007581415993967125,0.726274612611487,106929.35181762619,Cells,Texture,DNA
Cytoplasm_Texture_SumEntropy_RNA_10_02_256,0.1495898605802346,0.05285562021186928,0.001009946488911504,0.7965445727189847,77705.37734384507,Cytoplasm,Texture,RNA
Cytoplasm_Texture_AngularSecondMoment_RNA_3_00_256,0.1226385801707824,0.06803782667488356,0.0014446810172745743,0.8078789121370595,110785.10787017102,Cytoplasm,Texture,RNA
Image_Texture_Correlation_AGP_10_00_256,0.26367675472270957,0.012841754032762812,0.001383729248372591,0.722097761996155,25495.75842559732,Image,Texture,AGP
Nuclei_Texture_InfoMeas1_AGP_5_02_256,0.33563115070280347,0.03779953667195494,0.003555758465143467,0.6230135541600981,97907.40256264975,Nuclei,Texture,AGP
Cells_RadialDistribution_FracAtD_DNA_1of4,0.1331344504217441,0.06140423010218673,0.0010359438056588937,0.8044253756704103,98491.79584246356,Cells,RadialDistribution,DNA
Image_Granularity_9_DNA,0.2285900541384644,0.03467008421855999,0.0015109114193746903,0.7352289502236009,47429.181786906425,Image,Granularity,DNA
Nuclei_Texture_Variance_RNA_10_01_256,0.35314235443196473,0.0502889745922421,0.0009915199100846597,0.5955771510657084,137658.03045598883,Nuclei,Texture,RNA
Image_Texture_Correlation_AGP_10_03_256,0.2933459556352716,0.013679478269279116,0.0011543757936709293,0.6918201903017783,27902.484811151473,Image,Texture,AGP
Cytoplasm_Texture_InverseDifferenceMoment_Mito_5_01_256,0.16146382252282485,0.058524073911590105,0.0026709900071506653,0.7773411135584345,46449.70845001588,Cytoplasm,Texture,Mito
Cytoplasm_Texture_SumAverage_ER_3_02_256,0.2200449287999784,0.04265300659938437,0.002362038139723073,0.7349400264609143,76411.59079243528,Cytoplasm,Texture,ER
Image_Granularity_16_AGP,0.05855344581638204,0.008593540968676724,0.0014985755325765604,0.9313544376823647,16358.368814558318,Image,Granularity,AGP
Nuclei_Texture_Correlation_DNA_3_03_256,0.09742376849435672,0.04640555243303551,0.01387873354623684,0.842291945526371,46961.46588097408,Nuclei,Texture,DNA
Nuclei_Texture_InverseDifferenceMoment_AGP_3_03_256,0.19253924962971414,0.04301601510473849,0.004291706653090659,0.7601530286124568,54540.73668480573,Nuclei,Texture,AGP
Cells_Intensity_MaxIntensity_Mito,0.360980684132877,0.04582807521372601,0.002063245342503087,0.5911279953108939,94220.61798403146,Cells,Intensity,Mito
Image_Texture_SumEntropy_AGP_3_00_256,0.452882696048061,0.06068195695571084,0.0016219671990086303,0.48481337979721956,106068.58071271572,Image,Texture,AGP
Nuclei_Texture_Variance_DNA_5_03_256,0.4985243210861448,0.03898759442357333,0.002086355890965124,0.46040172859931683,255529.90244132723,Nuclei,Texture,DNA
Nuclei_Texture_SumAverage_RNA_5_00_256,0.2666191387609999,0.03901151716905858,0.0013130749027801952,0.6930562691671613,79116.19600723314,Nuclei,Texture,RNA
Cytoplasm_Texture_InfoMeas1_AGP_3_01_256,0.16949612450480778,0.05390689229537144,0.0007972088375249121,0.7757997743622959,77340.60452166834,Cytoplasm,Texture,AGP
Cytoplasm_Texture_DifferenceVariance_ER_10_03_256,0.08100158901205873,0.07305907373296552,0.0024817851226058576,0.84345755213237,91073.99483389824,Cytoplasm,Texture,ER
Cytoplasm_Texture_InfoMeas1_AGP_10_01_256,0.3543800381454149,0.03330265361319816,0.0033491807221111857,0.6089681275192758,91832.90427059037,Cytoplasm,Texture,AGP
Nuclei_Intensity_MinIntensity_DNA,0.14678547836351893,0.06236335730126192,0.008469529775000772,0.7823816345602185,95268.29280087032,Nuclei,Intensity,DNA
Nuclei_Texture_SumVariance_ER_5_00_256,0.35465880045788345,0.053477431175053526,0.0011010263220726727,0.5907627420449902,151523.04550221842,Nuclei,Texture,ER
Image_Intensity_MinIntensity_Mito,0.07457680123614652,0.015398673584249938,0.004309407200073823,0.9057151179795297,15344.555725469805,Image,Intensity,Mito
Image_Texture_InfoMeas2_AGP_3_02_256,0.43411696107347253,0.05922045857350637,0.0021885377457846866,0.5044740426072365,239633.67806731653,Image,Texture,AGP
Nuclei_Texture_DifferenceVariance_AGP_3_00_256,0.06683840028900717,0.06058827040427517,0.0014809224155997098,0.871092406891118,46536.59113024011,Nuclei,Texture,AGP
Nuclei_Texture_InfoMeas2_RNA_5_01_256,0.1705149415723156,0.0505728475296789,0.0017319790734178916,0.7771802318245877,54005.84736034775,Nuclei,Texture,RNA
Cells_Texture_AngularSecondMoment_AGP_5_03_256,0.129578916315205,0.05295756783878176,0.0022707393530365873,0.8151927764929767,81284.07810533614,Cells,Texture,AGP
Cells_Texture_Variance_DNA_3_03_256,0.45415955195264,0.03760927139483917,0.00242340744917762,0.5058077692033432,218177.57703013514,Cells,Texture,DNA
Cytoplasm_Correlation_Manders_AGP_ER,0.11837872136593279,0.08044898666113427,0.009645616453536114,0.7915266755193968,45000.92396188327,Cytoplasm,Correlation,AGP
Nuclei_Texture_InverseDifferenceMoment_DNA_3_02_256,0.3077318074701265,0.039227780282791024,0.008340897159523138,0.6446995150875594,99639.0931791309,Nuclei,Texture,DNA
Cells_Texture_SumEntropy_DNA_10_02_256,0.22092993004399844,0.036906165769490074,0.007736546383653252,0.7344273578028582,111273.43100115469,Cells,Texture,DNA
Cytoplasm_Intensity_MinIntensity_RNA,0.33287535950050473,0.01922047210119242,0.0032420424241809027,0.6446621259741219,24313.641017329835,Cytoplasm,Intensity,RNA
Image_ImageQuality_Correlation_OrigAGP_5,0.16697344447923224,0.011495864612092318,0.002257617110448735,0.8192730737982267,17183.203278771234,Image,ImageQuality,
Cytoplasm_Texture_SumAverage_Mito_3_01_256,0.2048664159957575,0.05675776072227164,0.0036858394019444033,0.7346899838800265,58657.9110955795,Cytoplasm,Texture,Mito
Cells_Correlation_K_DNA_ER,0.24365597983429946,0.013662979773114092,0.005364041529804865,0.7373169988627815,34129.27585479053,Cells,Correlation,DNA
Cells_RadialDistribution_FracAtD_mito_tubeness_8of16,0.19552598980865996,0.04212132635658463,0.0004750010328669475,0.7618776828018884,38030.0562044971,Cells,RadialDistribution,
Cells_Texture_Contrast_AGP_3_00_256,0.34305939654062023,0.04602761627727373,0.003992368890258489,0.6069206182918474,138243.08026768445,Cells,Texture,AGP
Nuclei_Texture_Variance_Mito_3_00_256,0.46803867611734234,0.040338748948887795,0.002923912397687672,0.4886986625360822,223570.75826548092,Nuclei,Texture,Mito
Nuclei_Texture_Entropy_DNA_5_02_256,0.32018407796873494,0.04572331036185162,0.0085947843964315,0.625497827272982,108258.95140055729,Nuclei,Texture,DNA
Cytoplasm_Texture_DifferenceVariance_DNA_10_02_256,0.10683335867544776,0.03715690819397973,0.005657415350646779,0.8503523177799257,55598.13898722468,Cytoplasm,Texture,DNA
Cytoplasm_Correlation_RWC_AGP_Mito,0.23093520609076704,0.03891400380929672,0.0009024367173856063,0.7292483533825506,45929.23414026442,Cytoplasm,Correlation,AGP
Nuclei_Intensity_IntegratedIntensityEdge_RNA,0.3165195928024862,0.03017339572537534,0.0020527058078717002,0.6512543056642668,57931.20593079648,Nuclei,Intensity,RNA
Image_Texture_InverseDifferenceMoment_ER_3_02_256,0.4781791939168116,0.039977073887161214,0.0018430087951612469,0.4800007234008661,46742.23864518195,Image,Texture,ER
Cytoplasm_Texture_AngularSecondMoment_ER_3_03_256,0.12396185122286732,0.053040030447749596,0.0013931510607880448,0.8216049672685951,84373.75737312468,Cytoplasm,Texture,ER
Image_Texture_AngularSecondMoment_RNA_3_01_256,0.4836550938110087,0.0472419512398596,0.007017844590129204,0.4620851103590025,183911.70525121232,Image,Texture,RNA
Cells_Texture_InverseDifferenceMoment_DNA_3_03_256,0.22650569610959156,0.0281270933894964,0.004613144375061151,0.7407540661258509,94958.06636538889,Cells,Texture,DNA
Nuclei_Correlation_Manders_RNA_AGP,0.20854088494095827,0.03241069339663318,0.0036305979580651786,0.7554178237043433,190617.52590496116,Nuclei,Correlation,AGP
Cells_Texture_Contrast_ER_5_00_256,0.4269080421370062,0.04113385041426115,0.0012670253132705414,0.5306910821354621,186705.08676020126,Cells,Texture,ER
Cells_Texture_Correlation_Mito_10_00_256,0.3048869186095526,0.036369004417026354,0.003533822002334445,0.6552102549710866,57978.85617487416,Cells,Texture,Mito
Cytoplasm_Correlation_RWC_RNA_DNA,0.08881111904177467,0.05278263946152179,0.02260995479749712,0.8357962866992065,111487.91232031098,Cytoplasm,Correlation,DNA
Cytoplasm_Texture_DifferenceVariance_RNA_3_01_256,0.0672916842058482,0.07792932534886592,0.0020859742599668545,0.852693016185319,86352.92312895911,Cytoplasm,Texture,RNA
Nuclei_Location_MaxIntensity_X_AGP,0.06860064505688745,0.03444736812882524,0.0003475707595790113,0.8966044160547083,24572.635675168924,Nuclei,Location,AGP
Cytoplasm_Granularity_9_RNA,0.24803899541023414,0.03882595511380919,0.0013911667032240657,0.7117438827727326,86551.45257794374,Cytoplasm,Granularity,RNA
Image_Texture_SumAverage_AGP_5_01_256,0.47618490735999125,0.03365930883217625,0.0015569188594073884,0.48859886494842514,32495.580292580853,Image,Texture,AGP
Cells_RadialDistribution_MeanFrac_mito_tubeness_1of16,0.41995265600089887,0.03419181726865962,0.003082279320856012,0.5427732474095855,136398.23537580686,Cells,RadialDistribution,
Cells_Intensity_StdIntensity_ER,0.30263245538850253,0.04986486386282481,0.00116432473722121,0.6463383560114514,114486.30260913676,Cells,Intensity,ER
Cells_Granularity_2_Mito,0.35422048688772567,0.0470399142658001,0.0020665563391136926,0.5966730425073605,95868.64184999741,Cells,Granularity,Mito
Image_Intensity_MADIntensity_DNA_BackgroundOnly,0.07378529561741473,0.016981759477977174,0.0018420839877665207,0.9073908609168416,41229.11847271667,Image,Intensity,DNA
Cells_Granularity_9_AGP,0.3894754132607773,0.03906063678251318,0.0019284096100941398,0.5695355403466155,105858.96626055843,Cells,Granularity,AGP
Cells_Texture_InfoMeas2_ER_10_00_256,0.11937691140656981,0.05010006634105901,0.0010729853894657958,0.8294500368629053,54652.23486709839,Cells,Texture,ER
Cells_Intensity_MeanIntensityEdge_Mito,0.0892771945732866,0.03499680688148906,0.00850336796737577,0.8672226305778485,25481.19983910407,Cells,Intensity,Mito
Nuclei_Texture_Correlation_Mito_10_03_256,0.3113198191903205,0.032591987196604506,0.004681600858829108,0.651406592754246,97313.59060091084,Nuclei,Texture,Mito
Cells_Granularity_11_AGP,0.3292681976370932,0.04415722710291693,0.002021933582496091,0.6245526416774938,81237.9322102333,Cells,Granularity,AGP
Cells_Granularity_3_DNA,0.4469237064105094,0.03663086087160798,0.0005480123892572227,0.5158974203286254,197837.9547470301,Cells,Granularity,DNA
Image_Texture_InverseDifferenceMoment_DNA_5_01_256,0.4626038687691053,0.03872595279227402,0.002551604575586066,0.4961185738630345,36288.52165196783,Image,Texture,DNA
Cells_RadialDistribution_RadialCV_DNA_2of4,0.2113707587268804,0.01875519261405333,0.0037074589375260896,0.7661665897215401,30574.14796001154,Cells,RadialDistribution,DNA
Cytoplasm_Texture_AngularSecondMoment_RNA_3_03_256,0.12349679057122682,0.06885716383683721,0.0011264283463603432,0.8065196172455756,113313.15652203531,Cytoplasm,Texture,RNA
Cytoplasm_RadialDistribution_MeanFrac_mito_tubeness_1of16,0.03354291248644558,0.03739912296226555,0.04976841114061718,0.8792895534106717,572465.4064145008,Cytoplasm,RadialDistribution,
Nuclei_Correlation_Overlap_DNA_Mito,0.3080145578077848,0.04874493596133764,0.008204360323588938,0.6350361459072885,86596.1706944449,Nuclei,Correlation,DNA
Cytoplasm_Intensity_IntegratedIntensityEdge_ER,0.23275612243065608,0.03184154824227903,0.002879643560177953,0.732522685766887,59740.20628200105,Cytoplasm,Intensity,ER
Nuclei_Texture_DifferenceEntropy_AGP_5_00_256,0.16472829967515512,0.05320150183218086,0.0016992013953241005,0.7803709970973399,62966.78460796167,Nuclei,Texture,AGP
Cells_Texture_Variance_AGP_5_02_256,0.36498176376879665,0.04918540159350985,0.003584216096228155,0.5822486185414654,162695.63232307683,Cells,Texture,AGP
Cytoplasm_Texture_Entropy_RNA_5_03_256,0.13635699418599165,0.04788451729294884,0.0014568841418429394,0.8143016043792165,71688.37101861599,Cytoplasm,Texture,RNA
Nuclei_Texture_Correlation_Mito_3_03_256,0.13529768512353718,0.04501038851596344,0.006381118765663343,0.8133108075948361,29290.50308509023,Nuclei,Texture,Mito
Cytoplasm_Texture_Correlation_RNA_10_00_256,0.1754585264396631,0.05183912585559066,0.003961579211356556,0.7687407684933897,89077.31995484821,Cytoplasm,Texture,RNA
Nuclei_Texture_DifferenceVariance_DNA_5_00_256,0.1927199881847393,0.03289082363353477,0.016701634088177784,0.7576875540935482,60867.47530807411,Nuclei,Texture,DNA
Nuclei_Texture_InverseDifferenceMoment_Mito_5_00_256,0.32890935092411633,0.05472739413287163,0.006089183286375774,0.6102740716566362,96358.88314258833,Nuclei,Texture,Mito
Cells_Texture_Correlation_AGP_10_03_256,0.12620203133306807,0.05643252756207131,0.004918505621533874,0.8124469354833268,124058.02496338176,Cells,Texture,AGP
Cells_RadialDistribution_FracAtD_mito_tubeness_4of16,0.34716052236899564,0.04784014353344924,0.001745430668642383,0.6032539034289126,143210.30493224846,Cells,RadialDistribution,
Cells_RadialDistribution_RadialCV_mito_tubeness_16of16,0.24860515532007335,0.027284830134606704,0.004062112584350918,0.720047901960969,64342.283170170966,Cells,RadialDistribution,
Image_Intensity_StdIntensity_DNA_BackgroundOnly,0.06045940276874628,0.023422044730814242,0.0072709305718714964,0.908847621928568,59351.21131228086,Image,Intensity,DNA
Image_Texture_DifferenceEntropy_Mito_5_02_256,0.4390628937717247,0.043820557538863374,0.0011208018762097133,0.5159957468132023,74569.4313777758,Image,Texture,Mito
Cytoplasm_Texture_AngularSecondMoment_AGP_10_01_256,0.1750158445144259,0.05090281746002965,0.001920135992447053,0.7721612020330973,79775.74482257488,Cytoplasm,Texture,AGP
Nuclei_AreaShape_MinorAxisLength,0.44695494644342215,0.009929739657526982,0.001226764393031865,0.541888549506019,109144.62181422341,Nuclei,AreaShape,
Nuclei_Texture_AngularSecondMoment_Mito_10_01_256,0.036169315065786904,0.08261928814371416,0.0075432273737222185,0.8736681694167767,51723.79392937794,Nuclei,Texture,Mito
Nuclei_Texture_Contrast_ER_10_00_256,0.35490033731996773,0.05187062568657068,0.000980606395044628,0.5922484305984169,149181.39822247266,Nuclei,Texture,ER
Nuclei_Texture_AngularSecondMoment_Mito_3_02_256,0.05216863104503225,0.07760572362330885,0.009077989042661636,0.8611476562889973,50600.959115924285,Nuclei,Texture,Mito
Cells_Texture_Correlation_RNA_10_00_256,0.20416097935561428,0.03457539086781951,0.009594284440410227,0.7516693453361559,73461.59443700945,Cells,Texture,RNA
Cytoplasm_RadialDistribution_RadialCV_mito_tubeness_8of16,0.03719226057005192,0.07901232408671169,0.032351055104366075,0.8514443602388704,708960.4692892608,Cytoplasm,RadialDistribution,
Cells_Texture_Contrast_DNA_5_03_256,0.4771545537244739,0.03420249287239139,0.0016236040780453838,0.48701934932508933,236619.62439347242,Cells,Texture,DNA
Image_Texture_SumVariance_Mito_10_01_256,0.12911750048501314,0.018873568883156992,0.0033369564354706173,0.8486719741963592,38750.91928054142,Image,Texture,Mito
Cytoplasm_Intensity_MedianIntensity_Mito,0.1472305767248918,0.041675014178872316,0.005753102279093756,0.8053413068171421,38741.4810424075,Cytoplasm,Intensity,Mito
Cells_Texture_DifferenceEntropy_RNA_10_00_256,0.15574338125306864,0.0448750245555245,0.000668649401972328,0.7987129447894346,94734.68860110265,Cells,Texture,RNA
Cells_AreaShape_Zernike_8_2,0.08004424950630812,0.011950810715686318,0.0003501716107517191,0.9076547681672538,35303.251977775755,Cells,AreaShape,
Cells_Texture_InfoMeas2_ER_10_02_256,0.11829133608917068,0.05227774108294211,0.001240227313310297,0.8281906955145769,55263.97889292126,Cells,Texture,ER
Cytoplasm_RadialDistribution_FracAtD_mito_tubeness_1of20,0.03462269381757204,0.0365773609675408,0.04514733877139538,0.8836526064434919,586532.0490785211,Cytoplasm,RadialDistribution,
Image_ImageQuality_MedianIntensity_OrigER,0.37791217524243353,0.040185779885583396,0.0026173503493017126,0.5792846945226813,20923.765678338677,Image,ImageQuality,
Cytoplasm_Granularity_14_Mito,0.3251312816810578,0.02994746835029465,0.0023878254995919486,0.6425334244690556,42325.082476902455,Cytoplasm,Granularity,Mito
Cells_RadialDistribution_RadialCV_mito_tubeness_13of20,0.16307286995998255,0.04246096044398,0.002015395079505506,0.7924507745165319,53079.023998369965,Cells,RadialDistribution,
Cytoplasm_Texture_SumVariance_ER_3_00_256,0.35274754758734256,0.04880657705465913,0.001164429916742089,0.5972814454412564,140148.65103290134,Cytoplasm,Texture,ER
Nuclei_Texture_Entropy_DNA_3_02_256,0.3305205587937122,0.04544259317620596,0.008279182868053783,0.615757665162028,111719.41034611297,Nuclei,Texture,DNA
Nuclei_Location_CenterMassIntensity_Z_Mito,0.0,0.0,0.0,0.0,0.0,Nuclei,Location,Mito
Image_Texture_InfoMeas1_RNA_5_01_256,0.3030214151706548,0.01713334536200718,0.0006683510109971431,0.6791768884563408,27871.62532223357,Image,Texture,RNA
Cells_Texture_Variance_Mito_5_00_256,0.4281707816568499,0.03863367976526697,0.0020724079754075616,0.5311231306024755,163296.18946482614,Cells,Texture,Mito
Cells_RadialDistribution_RadialCV_mito_tubeness_Overflow,0.0,0.0,0.0,0.0,0.0,Cells,RadialDistribution,
Cells_Texture_DifferenceVariance_DNA_10_00_256,0.2107369688704335,0.023105910638041054,0.014788419160749496,0.7513687013307759,58684.71976525012,Cells,Texture,DNA
Cytoplasm_RadialDistribution_MeanFrac_mito_tubeness_14of16,0.029678885068400367,0.13108990791479241,0.0041449170177050056,0.8350862899991022,178343.61064247898,Cytoplasm,RadialDistribution,
Cytoplasm_RadialDistribution_RadialCV_ER_1of4,0.07989587621668028,0.046531631687136366,0.004481279369610749,0.8690912127265725,64719.86717029519,Cytoplasm,RadialDistribution,ER
Cells_Texture_Entropy_ER_3_00_256,0.16862807080890457,0.05275415925497276,0.0011901693748806673,0.7774276005612419,90712.95552448899,Cells,Texture,ER
Cytoplasm_Intensity_MeanIntensityEdge_Mito,0.2050551252694952,0.041909461099525744,0.005246643203510688,0.7477887704274684,44808.55497489284,Cytoplasm,Intensity,Mito
Cytoplasm_Texture_DifferenceVariance_AGP_10_00_256,0.12428311262106682,0.05914437756446654,0.0010898251635314642,0.8154826846509352,61369.661437064235,Cytoplasm,Texture,AGP
Cytoplasm_Texture_DifferenceVariance_AGP_3_03_256,0.13220547299305982,0.05490604516308907,0.0012438212603129747,0.8116446605835381,54829.76740798158,Cytoplasm,Texture,AGP
Cells_Texture_Contrast_ER_10_00_256,0.40895555489580754,0.04176315304896612,0.001378699776319776,0.5479025922789065,179107.4681664791,Cells,Texture,ER
Cytoplasm_Texture_Variance_RNA_5_02_256,0.4114220350607654,0.044242803323796924,0.0006930060253269418,0.5436421555901108,166088.27488314488,Cytoplasm,Texture,RNA
Image_Texture_DifferenceEntropy_DNA_5_03_256,0.4710722338261032,0.04204497708970587,0.0041078764131157065,0.48277491267107514,49627.40403277152,Image,Texture,DNA
Nuclei_Correlation_RWC_ER_AGP,0.3354997026869652,0.024005780015405064,0.0006875173602550112,0.6398069999373747,44376.10305111992,Nuclei,Correlation,AGP
Nuclei_Texture_Contrast_Mito_10_02_256,0.4674831280803529,0.03923353362934854,0.0025019638636788097,0.4907813744266197,227888.3810274335,Nuclei,Texture,Mito
Cytoplasm_Texture_DifferenceEntropy_AGP_10_01_256,0.17436598140173645,0.05805946752851147,0.0019571455750378077,0.7656174054947144,79104.11794072387,Cytoplasm,Texture,AGP
Nuclei_Correlation_Manders_DNA_ER,0.11139887767782604,0.10622742495041056,0.035075507900891506,0.7472981894708719,354490.1662997314,Nuclei,Correlation,DNA
Nuclei_Texture_SumEntropy_RNA_3_03_256,0.13758275038475437,0.05131800504931504,0.0008262590829234501,0.8102729854830071,45673.118584297656,Nuclei,Texture,RNA
Image_Texture_SumVariance_DNA_5_03_256,0.20708466045631282,0.04086077276496298,0.005885807264534126,0.7461687595141901,42235.92415603355,Image,Texture,DNA
Cells_RadialDistribution_FracAtD_mito_tubeness_7of20,0.2942164429987584,0.052166695359123445,0.0009163969713474838,0.6527004646707707,106455.56719459755,Cells,RadialDistribution,
Nuclei_Texture_InfoMeas2_AGP_3_00_256,0.2719898084422751,0.02204579420992644,0.002103669054259298,0.7038607282935391,50581.86897473983,Nuclei,Texture,AGP
Cytoplasm_RadialDistribution_MeanFrac_Mito_2of4,0.3364123128890575,0.021709604214475535,0.003879801857343162,0.6379982810391237,88648.28153473506,Cytoplasm,RadialDistribution,Mito
Image_ImageQuality_MedianIntensity_OrigDNA,0.30849848008524844,0.03436947976827689,0.003633417952746329,0.6534986221937283,17745.292820461687,Image,ImageQuality,
Image_Texture_Entropy_DNA_5_01_256,0.4517911066759614,0.045676281402843015,0.004048202418717712,0.49848440950247785,45170.03365436662,Image,Texture,DNA
Cytoplasm_RadialDistribution_RadialCV_mito_tubeness_2of20,0.017765525053306457,0.0012408424958286052,0.0014107384167375168,0.9795828940341273,399.96269004757016,Cytoplasm,RadialDistribution,
Cells_Texture_SumVariance_RNA_10_00_256,0.3472011892999153,0.049932800202036165,0.0006431308857265479,0.6022228796123219,132416.98410496436,Cells,Texture,RNA
Cytoplasm_Texture_SumAverage_Mito_10_02_256,0.20989910635090228,0.055584448390855266,0.003923922417558394,0.730592522840684,59179.178797724686,Cytoplasm,Texture,Mito
Nuclei_Texture_InfoMeas2_ER_3_02_256,0.13802948924269207,0.05063426163352097,0.003705206162653266,0.8076310429611336,46469.933646011195,Nuclei,Texture,ER
Cytoplasm_Intensity_MaxIntensity_RNA,0.3130352457026318,0.04718684077088989,0.002276469016680084,0.6375014445097981,95697.7882063528,Cytoplasm,Intensity,RNA
Image_Texture_Correlation_RNA_5_02_256,0.34504363478580313,0.008086613625321438,0.0008465605017974538,0.6460231910870781,44475.0859507627,Image,Texture,RNA
Cytoplasm_Texture_DifferenceEntropy_AGP_3_00_256,0.17183299736454657,0.049843657189546864,0.0017830801654371686,0.7765402652804694,67318.35327997924,Cytoplasm,Texture,AGP
Cytoplasm_Texture_SumAverage_ER_3_03_256,0.22221912268853314,0.04325019425517689,0.0024295827637953295,0.7321011002924946,77033.33294715972,Cytoplasm,Texture,ER
Cells_Texture_SumEntropy_ER_10_00_256,0.13327328147691217,0.05282959160185848,0.0008256528583089721,0.8130714740629204,90408.5820023967,Cells,Texture,ER
Cells_Texture_Variance_ER_10_03_256,0.3546096256223822,0.04681541930630343,0.0010584179007805795,0.5975165371705339,139638.1248011759,Cells,Texture,ER
Image_Texture_DifferenceEntropy_Mito_10_01_256,0.46115069480106524,0.04299685754858232,0.0014468974698263325,0.4944055501805261,83789.54304619855,Image,Texture,Mito
Image_Texture_InfoMeas2_ER_3_03_256,0.5045399093746967,0.055453904722683196,0.002102532755372163,0.43790365314724783,300489.35759767296,Image,Texture,ER
Cytoplasm_Intensity_MeanIntensityEdge_AGP,0.3071354655272878,0.011264500212004758,0.00387524274619362,0.6777247915145138,27346.49905051587,Cytoplasm,Intensity,AGP
Image_Texture_SumVariance_AGP_3_01_256,0.30916284673431016,0.013544676928778785,0.0020871465360704036,0.6752053298008406,39170.187378200775,Image,Texture,AGP
Cells_Texture_Entropy_AGP_5_01_256,0.15349883728996963,0.05496035959860432,0.0017463141451239913,0.7897944889663021,68587.01941500191,Cells,Texture,AGP
Image_Texture_Correlation_RNA_3_03_256,0.3175406536291424,0.008663970383268185,0.001022824541291241,0.6727725514462981,42211.16784650534,Image,Texture,RNA
Image_Texture_DifferenceVariance_RNA_3_00_256,0.3037469978098836,0.048903248031308105,0.0010534562118676702,0.6462962979469407,53604.38276375196,Image,Texture,RNA
Nuclei_Texture_Entropy_ER_10_01_256,0.16094598955364042,0.03641559791603261,0.0013430037584496993,0.8012954087718772,41310.28737273115,Nuclei,Texture,ER
Nuclei_Texture_SumVariance_DNA_5_03_256,0.48892669338423445,0.04114593738968282,0.0022809385221171366,0.46764643070396555,252283.6887429229,Nuclei,Texture,DNA
Cells_Texture_Correlation_AGP_5_03_256,0.1510983715829492,0.058312612307083796,0.003824912254488188,0.7867641038554788,77243.3663857473,Cells,Texture,AGP
Cytoplasm_Texture_InfoMeas2_RNA_10_01_256,0.13491374438080303,0.04506902080600501,0.00277501818298248,0.8172422166302095,70588.51149156794,Cytoplasm,Texture,RNA
Cytoplasm_Texture_SumEntropy_Mito_5_01_256,0.1351137873984807,0.05906797286050378,0.0023748691074014223,0.803443370633614,46359.79482919142,Cytoplasm,Texture,Mito
Image_Texture_DifferenceVariance_AGP_3_03_256,0.3393370763415892,0.030601837458929717,0.004224987969501329,0.6258360982299798,56736.83495570139,Image,Texture,AGP
Cells_Texture_DifferenceEntropy_ER_3_02_256,0.21397873105783397,0.0484944446237326,0.0009022958281237213,0.7366245284903097,111989.36957969959,Cells,Texture,ER
Image_ImageQuality_MADIntensity_OrigDNA,0.34302124367967496,0.04671269303828959,0.0037131650573795534,0.606552898224656,29786.21194647655,Image,ImageQuality,
Image_Texture_InfoMeas2_RNA_5_01_256,0.506699278824378,0.05098686786047232,0.0011889738853431045,0.4411248794298065,285838.8436032458,Image,Texture,RNA
Cytoplasm_Texture_Contrast_ER_10_01_256,0.38450658767244744,0.04308549427906377,0.0015396213749119929,0.5708682966735769,166046.37027328787,Cytoplasm,Texture,ER
Cells_Texture_InfoMeas1_DNA_3_03_256,0.12418442529922584,0.045157778445381054,0.003505402874576005,0.8271523933808171,72068.04166400833,Cells,Texture,DNA
Cells_Texture_SumAverage_Mito_3_01_256,0.25268719700582076,0.05149235952723449,0.004473201043794981,0.6913472424231498,71235.00506713855,Cells,Texture,Mito
Cytoplasm_Correlation_K_RNA_DNA,0.2099907336582723,0.05827109213940984,0.0018058428348848407,0.729932331367433,82874.87086544055,Cytoplasm,Correlation,DNA
Image_Texture_DifferenceEntropy_RNA_3_02_256,0.470410667262671,0.05450382217613199,0.004392545524939396,0.4706929650362577,76509.60456417713,Image,Texture,RNA
Cells_Texture_DifferenceVariance_Mito_5_00_256,0.03762721380418055,0.09590187352657191,0.0019541968812652965,0.8645167157879823,59240.58946813909,Cells,Texture,Mito
Nuclei_Texture_DifferenceVariance_Mito_3_00_256,0.05629386117654136,0.08357104048801503,0.003637096232132809,0.8564980021033108,57319.30026590028,Nuclei,Texture,Mito
Cytoplasm_RadialDistribution_RadialCV_RNA_1of4,0.10764078249528893,0.06364160586248954,0.006293917064928676,0.8224236945772928,73911.96227398794,Cytoplasm,RadialDistribution,RNA
Nuclei_Texture_Variance_AGP_10_03_256,0.3583757271234793,0.0462707741704953,0.004024932162949593,0.5913285665430758,153574.5215670733,Nuclei,Texture,AGP
Cells_RadialDistribution_FracAtD_mito_tubeness_7of16,0.24626891995178893,0.04719588333635906,0.0003513758281436534,0.7061838208837083,62542.49155845246,Cells,RadialDistribution,
Cells_Texture_AngularSecondMoment_ER_10_03_256,0.11445278613523384,0.05987645997196907,0.002576787557628253,0.8230939663351688,108935.86536125679,Cells,Texture,ER
Cells_Texture_SumVariance_ER_5_00_256,0.33398325507101284,0.049403572959278705,0.0011741148273692842,0.6154390571423392,130274.32871118098,Cells,Texture,ER
Cytoplasm_Texture_DifferenceEntropy_Mito_3_02_256,0.22779323885149524,0.04878128132189098,0.0026329860467744705,0.7207924937798392,56045.95682630997,Cytoplasm,Texture,Mito
Cells_Texture_DifferenceEntropy_AGP_3_02_256,0.17033863789303738,0.050195242360957695,0.0020421754883626036,0.7774239442576423,72950.44201938719,Cells,Texture,AGP
Cytoplasm_Correlation_Correlation_ER_RNA,0.0671330362841314,0.09081443148404407,0.0034856345184382,0.8385668977133864,71625.51139631991,Cytoplasm,Correlation,ER
Cytoplasm_Texture_DifferenceVariance_ER_5_01_256,0.06516365519009742,0.07826371245206455,0.0018718101179081318,0.8547008222399299,83083.82954083354,Cytoplasm,Texture,ER
Cytoplasm_Texture_InfoMeas1_AGP_5_02_256,0.1365736203450201,0.05626246484404298,0.0007518367284698297,0.8064120780824672,79597.51593333574,Cytoplasm,Texture,AGP
Cytoplasm_Texture_InverseDifferenceMoment_ER_5_01_256,0.20231518376682436,0.04410298677868266,0.0014606937489022537,0.7521211357055907,85705.99038896372,Cytoplasm,Texture,ER
Cells_RadialDistribution_RadialCV_mito_tubeness_8of16,0.23187957486834543,0.031228180497706627,0.0024581187068201484,0.7344341259271279,44821.10221247177,Cells,RadialDistribution,
Nuclei_Texture_SumAverage_AGP_3_02_256,0.2756351109575709,0.0366504293845083,0.0024094349285281465,0.6853050247293927,72360.567765482,Nuclei,Texture,AGP
Cells_Correlation_Overlap_DNA_ER,0.18984709705907055,0.03191803274723208,0.019760521323378903,0.7584743488703185,62356.49977805842,Cells,Correlation,DNA
Nuclei_Texture_SumVariance_AGP_5_01_256,0.37400399523571193,0.045284920640917874,0.0041870965696790136,0.5765239875536912,162461.34445041913,Nuclei,Texture,AGP
Nuclei_Texture_DifferenceEntropy_DNA_3_03_256,0.3846149774122891,0.04022526926320084,0.005481547313406902,0.5696782060111033,147823.19024477265,Nuclei,Texture,DNA
Cytoplasm_Granularity_15_Mito,0.31223235562408796,0.028001818171079603,0.0023620441412539124,0.6574037820635786,35988.39905045825,Cytoplasm,Granularity,Mito
Image_Intensity_MADIntensity_ER,0.36063093811959057,0.07254283647653441,0.0017781614817916453,0.5650480639220834,37743.06352597322,Image,Intensity,ER
Cytoplasm_Granularity_11_RNA,0.31488657828404626,0.034017593892978086,0.0023278183475528257,0.6487680094754228,68567.49314000596,Cytoplasm,Granularity,RNA
Cytoplasm_Texture_DifferenceEntropy_AGP_10_02_256,0.17679601578870976,0.05672132597835513,0.0018807051403586072,0.7646019530925765,77846.35276456742,Cytoplasm,Texture,AGP
Nuclei_Texture_InverseDifferenceMoment_Mito_10_01_256,0.28257516572886043,0.05166865920439583,0.006794177510174815,0.6589619975565689,69271.60718463434,Nuclei,Texture,Mito
Cytoplasm_Texture_Variance_DNA_5_00_256,0.39260505021683056,0.024024717660147965,0.0010887927143269042,0.5822814394086946,155438.5763989563,Cytoplasm,Texture,DNA
Image_Texture_SumEntropy_RNA_5_01_256,0.47574734107768646,0.05114179667259855,0.0071181048846651026,0.46599275736504986,115353.7667276263,Image,Texture,RNA
Cells_Texture_DifferenceVariance_DNA_10_01_256,0.1863524198971983,0.023972316062489236,0.014397323262323403,0.7752779407779891,55551.037392392886,Cells,Texture,DNA
Cytoplasm_RadialDistribution_FracAtD_mito_tubeness_10of20,0.04780299988318562,0.10641077671798405,0.01948942712136989,0.8262967962774604,758762.1635138884,Cytoplasm,RadialDistribution,
Cytoplasm_Texture_SumVariance_DNA_5_01_256,0.3813896175347388,0.024709737823966287,0.0016898978360621816,0.5922107468052328,143625.33074123668,Cytoplasm,Texture,DNA
Image_Texture_InverseDifferenceMoment_RNA_10_03_256,0.49346338656420474,0.03561935036777492,0.0038302260922347883,0.4670870369757855,55580.92465062335,Image,Texture,RNA
Image_Texture_SumVariance_RNA_3_01_256,0.31359839496860925,0.021426981501694854,0.0012370552258039263,0.6637375683038921,30481.163584781083,Image,Texture,RNA
Nuclei_Texture_Contrast_ER_10_01_256,0.36752980250401884,0.050134673541931046,0.000977822407537848,0.5813577015465122,158542.9160349306,Nuclei,Texture,ER
Nuclei_Texture_DifferenceVariance_AGP_3_03_256,0.06453283134749312,0.06212318034035757,0.0013450682574860826,0.8719989200546633,47060.58980791986,Nuclei,Texture,AGP
Image_Texture_AngularSecondMoment_RNA_3_02_256,0.4826186783627478,0.04755875391907508,0.007044296959224731,0.4627782707589524,181282.1516396444,Image,Texture,RNA
Image_ImageQuality_Correlation_OrigDNA_50,0.17921247676757232,0.011912805389568525,0.0018607194314603811,0.8070139984113989,30078.045611365775,Image,ImageQuality,
Image_Texture_DifferenceVariance_RNA_5_03_256,0.3644952475846935,0.0446201352135821,0.0015447661167122698,0.5893398510850122,67084.63362866444,Image,Texture,RNA
Cells_RadialDistribution_MeanFrac_mito_tubeness_13of16,0.23068519311756727,0.03227753886775954,0.0017844628124837729,0.7352528052021894,47696.95239738718,Cells,RadialDistribution,
Cells_RadialDistribution_RadialCV_AGP_2of4,0.23890145962808812,0.0176786439120363,0.002210710926335952,0.7412091855335396,60784.84438924604,Cells,RadialDistribution,AGP
Cytoplasm_Texture_Entropy_Mito_10_02_256,0.13060468436486578,0.06030634994141867,0.002095089212865648,0.8069938764808499,42949.12247153654,Cytoplasm,Texture,Mito
Cytoplasm_Texture_AngularSecondMoment_ER_10_00_256,0.12989889272826993,0.05333100533756961,0.0015136564430853023,0.8152564454910752,89732.56193787005,Cytoplasm,Texture,ER
Cells_Texture_Correlation_RNA_10_01_256,0.2004820738568691,0.043568339185198375,0.006419629968173359,0.7495299569897592,102257.85131253311,Cells,Texture,RNA
Cells_Texture_Contrast_Mito_5_01_256,0.4600890239561815,0.03374981001626771,0.0017900691338545768,0.5043710968936963,188213.2045641374,Cells,Texture,Mito
Cytoplasm_Texture_Entropy_RNA_3_01_256,0.13527102286466708,0.04813897712075298,0.001694301796292768,0.8148956982182871,71213.24580311032,Cytoplasm,Texture,RNA
Image_Texture_SumAverage_DNA_3_02_256,0.46330961858303693,0.040391420218125036,0.0013756179579952881,0.4949233432408427,33658.188531099775,Image,Texture,DNA
Cytoplasm_Texture_AngularSecondMoment_Mito_3_03_256,0.08004336316731832,0.08298086722990651,0.0027251233981593643,0.8342506462046159,70663.28571054147,Cytoplasm,Texture,Mito
Cytoplasm_Texture_AngularSecondMoment_RNA_10_02_256,0.12913680182849413,0.07070642182697413,0.0009247546754647334,0.799232021669067,122554.91477399034,Cytoplasm,Texture,RNA
Image_Texture_AngularSecondMoment_DNA_10_01_256,0.4252810499257288,0.047405255537424786,0.005128459219387566,0.5221852353174589,49183.83517858721,Image,Texture,DNA
Image_Texture_SumEntropy_Mito_5_00_256,0.44207571849582994,0.048927696140740384,0.003339962750982096,0.5056566226124477,83223.44290198426,Image,Texture,Mito
Image_ImageQuality_LocalFocusScore_OrigER_5,0.33893236569272006,0.06318353654953934,0.003960761192574599,0.5939233365651659,196498.85211475793,Image,ImageQuality,
Cells_Texture_DifferenceEntropy_Mito_10_00_256,0.21586640336742657,0.05491007622021899,0.002492414118505625,0.7267311062938487,70151.23430053628,Cells,Texture,Mito
Nuclei_AreaShape_EquivalentDiameter,0.45651315724577785,0.012395802238732798,0.0007822385734724888,0.5303088019420169,144298.09234706563,Nuclei,AreaShape,
Cells_Texture_AngularSecondMoment_RNA_3_02_256,0.11457349761445268,0.07026406797462184,0.0010395287243145587,0.8141229056866109,119517.7688128627,Cells,Texture,RNA
Cells_Texture_DifferenceVariance_ER_10_02_256,0.05599357162206755,0.07580920223451955,0.002558196012562727,0.8656390301308501,96405.44577163731,Cells,Texture,ER
Cells_Texture_Entropy_Mito_5_02_256,0.153283696689034,0.058532905225988766,0.00358556739207363,0.7845978306929037,51949.0055625963,Cells,Texture,Mito
Image_Texture_AngularSecondMoment_DNA_5_02_256,0.3381970507060739,0.0609276218968657,0.0066661167044376355,0.5942092106926228,42404.974114823075,Image,Texture,DNA
Nuclei_Intensity_MaxIntensityEdge_AGP,0.262055305204392,0.03693283975538875,0.0036107381069457336,0.6974011169332734,57821.94336970221,Nuclei,Intensity,AGP
Image_Texture_InverseDifferenceMoment_Mito_10_03_256,0.4436008896662358,0.04207572364054749,0.002910604675953063,0.5114127820172636,54051.881121877144,Image,Texture,Mito
Nuclei_Texture_SumEntropy_ER_10_00_256,0.1395893328998687,0.047508822528465854,0.001131305800595978,0.8117705387710695,50318.76929020386,Nuclei,Texture,ER
Cells_Texture_SumVariance_RNA_3_00_256,0.3744448576879189,0.04749163264375924,0.0009260917592724292,0.5771374179090493,148454.45491339738,Cells,Texture,RNA
Cells_Texture_AngularSecondMoment_RNA_5_03_256,0.11844480587570899,0.0724713874751994,0.0009051875867243569,0.8081786190623672,127314.47793954512,Cells,Texture,RNA
Nuclei_RadialDistribution_MeanFrac_RNA_3of4,0.1987461692044279,0.012591060158219985,0.0037535887423338363,0.7849091818950183,41460.315967773975,Nuclei,RadialDistribution,RNA
Cells_Texture_DifferenceVariance_DNA_10_02_256,0.21213237908294447,0.02202760298653395,0.014684198282831245,0.7511558196476903,58153.619257835875,Cells,Texture,DNA
Cells_Granularity_16_DNA,0.09281709541843378,0.023100248054650687,0.00265625215116232,0.8814264043757531,26077.891130835233,Cells,Granularity,DNA
Cytoplasm_RadialDistribution_MeanFrac_mito_tubeness_3of20,0.02310628911863945,0.05431177311899807,0.00017052948440559655,0.9224114082779569,50979.12508161554,Cytoplasm,RadialDistribution,
Cytoplasm_RadialDistribution_MeanFrac_mito_tubeness_10of16,0.2441100355220179,0.05018880331298276,0.0023001829324596447,0.7034009782325398,70506.00559031498,Cytoplasm,RadialDistribution,
Cells_Texture_SumVariance_DNA_5_02_256,0.44031548527945424,0.03997148838373106,0.0026319327997869953,0.5170810935370276,215216.74656662578,Cells,Texture,DNA
Cells_Texture_Entropy_Mito_10_02_256,0.13906805231829808,0.059804947637172375,0.0034760532535128667,0.7976509467910168,50614.94732215107,Cells,Texture,Mito
Cytoplasm_Texture_DifferenceVariance_ER_5_00_256,0.06339412491173066,0.07824722052865826,0.0015428450801914346,0.8568158094794196,78096.76489773582,Cytoplasm,Texture,ER
Cells_Texture_SumAverage_ER_5_00_256,0.2610973162500319,0.03941771275846329,0.0035008584542689197,0.6959841125372358,93452.90686148561,Cells,Texture,ER
Image_Texture_Correlation_AGP_3_01_256,0.2421272066049252,0.014268234459463076,0.0021525589240882865,0.7414520000115234,26458.89188660981,Image,Texture,AGP
Cytoplasm_Texture_SumVariance_DNA_3_01_256,0.38605144919034967,0.025444630447867864,0.001954266546701351,0.5865496538150812,150747.6841270872,Cytoplasm,Texture,DNA
Cells_Intensity_MinIntensity_ER,0.2701017907922429,0.012292812185545697,0.010517542768619029,0.7070878542535923,23028.235285692946,Cells,Intensity,ER
Cells_Texture_DifferenceVariance_RNA_10_01_256,0.0772325615008336,0.08044375157975218,0.0006001346391763762,0.8417235522802379,110979.23460725587,Cells,Texture,RNA
Nuclei_Texture_Contrast_Mito_5_01_256,0.4804520694251471,0.039571501921610075,0.0025185127538458825,0.47745791589939696,236448.41063434936,Nuclei,Texture,Mito
Image_Texture_SumAverage_ER_10_02_256,0.48294307519763585,0.03317827558747788,0.0015963774336102893,0.482282271781276,36669.98302042873,Image,Texture,ER
Nuclei_Texture_DifferenceVariance_Mito_3_02_256,0.056227690333176365,0.08430730171690774,0.0038096566709795976,0.8556553512789362,57311.221504645146,Nuclei,Texture,Mito
Cells_Correlation_Manders_AGP_DNA,0.105828325199358,0.0968348877329436,0.012982196328001534,0.7843545907396968,102310.64366430165,Cells,Correlation,AGP
Cells_Texture_SumEntropy_DNA_3_02_256,0.23165659249239837,0.034534371756804884,0.007625314301040344,0.7261837214497564,107044.22171776647,Cells,Texture,DNA
Image_Granularity_12_Mito,0.14258763094263105,0.0207995996532864,0.0025717805571432903,0.8340409888469393,37069.9406050252,Image,Granularity,Mito
Image_Texture_Variance_Mito_10_00_256,0.14522776728299272,0.01722378079877504,0.002692348941501832,0.8348561029767304,36946.9527352452,Image,Texture,Mito
Cells_Texture_Variance_DNA_3_00_256,0.45357158009328913,0.037649025425644814,0.002401685429361593,0.5063777090517044,218123.52197165,Cells,Texture,DNA
Cells_Neighbors_NumberOfNeighbors_5,0.5100031695099607,0.045641729990751556,0.006881815729541391,0.43747328476974634,161343.9871169521,Cells,Neighbors,
Image_Texture_SumVariance_Mito_3_02_256,0.13455688590235185,0.019125825173322158,0.003069394650697531,0.8432478942736285,36942.53772683335,Image,Texture,Mito
Nuclei_Texture_Entropy_RNA_3_03_256,0.10103985860061353,0.04723849955618036,0.0012908723489096692,0.8504307694942963,44754.155897728866,Nuclei,Texture,RNA
Cells_Texture_SumAverage_ER_3_01_256,0.26094296929581184,0.03960204067173662,0.0035084308376834984,0.695946559194768,92519.13843746005,Cells,Texture,ER
Cytoplasm_Correlation_RWC_Mito_DNA,0.09504413757851961,0.043266236614859656,0.02338535408856622,0.8383042717180544,91602.15778400656,Cytoplasm,Correlation,DNA
Image_Texture_InfoMeas1_RNA_3_03_256,0.2577351914808927,0.02177500343033223,0.0010031783760655524,0.7194866267127096,33422.77709980782,Image,Texture,RNA
Cytoplasm_RadialDistribution_RadialCV_mito_tubeness_4of20,0.022896166273998157,0.2945277453346265,0.0068307109017605,0.6757453774896149,297822.21807667194,Cytoplasm,RadialDistribution,
Cells_Correlation_Manders_AGP_RNA,0.20977447921890527,0.0159997074750063,0.004802205361661656,0.7694236079444268,24964.04104013479,Cells,Correlation,AGP
Nuclei_Texture_DifferenceEntropy_AGP_5_01_256,0.17743201307407439,0.05176826851944044,0.0020557930895163307,0.7687439253169689,64524.078709903326,Nuclei,Texture,AGP
Cells_Intensity_UpperQuartileIntensity_DNA,0.27445642898300493,0.028120398572358585,0.004639738055591665,0.6927834343890448,63449.10783907742,Cells,Intensity,DNA
Cells_AreaShape_MinorAxisLength,0.24917668646187371,0.03869340853763466,0.0013508750709298094,0.7107790299295618,143551.33717853407,Cells,AreaShape,
Cytoplasm_Texture_SumEntropy_Mito_3_01_256,0.13408355371670233,0.05823830077845693,0.0024499365616398377,0.805228208943201,44873.13952179306,Cytoplasm,Texture,Mito
Image_Granularity_14_ER,0.24283104509372178,0.025490252723749173,0.004445068672975517,0.7272336335095536,30890.616740608235,Image,Granularity,ER
Image_Granularity_15_ER,0.24655054354480258,0.024756038284514652,0.0030932275820732833,0.7256001905886095,26517.855559557265,Image,Granularity,ER
Image_Texture_SumEntropy_DNA_3_02_256,0.3964139860601373,0.05254386806294181,0.0054409806852866,0.5456011651916343,47374.95057384667,Image,Texture,DNA
Image_Texture_Contrast_RNA_5_00_256,0.31237989217280926,0.022922595869386282,0.0025900434261921608,0.6621074685316123,22354.776159639696,Image,Texture,RNA
Cytoplasm_Texture_Variance_RNA_3_02_256,0.4090574876508117,0.04473745103168666,0.0006248147219089333,0.5455802465955928,163651.87382331688,Cytoplasm,Texture,RNA
Cytoplasm_Granularity_4_RNA,0.47723830792209354,0.0378944653696587,0.0013406908953568501,0.4835265358128908,205967.34992752518,Cytoplasm,Granularity,RNA
Cells_Granularity_1_DNA,0.10406251241915224,0.04815171098217626,0.009075737745224964,0.8387100388534465,80393.38845373674,Cells,Granularity,DNA
Image_Granularity_5_ER,0.31554200635498414,0.021962690452862102,0.0019496457177958836,0.6605456574743579,89282.42566611752,Image,Granularity,ER
Cytoplasm_RadialDistribution_RadialCV_mito_tubeness_11of20,0.03491410535910152,0.10856832620919395,0.03457230498914975,0.8219452634425547,709343.556697605,Cytoplasm,RadialDistribution,
Image_Texture_SumAverage_Mito_3_00_256,0.2708818303584658,0.023003793192261816,0.003055244599058069,0.7030591318502143,21226.835321598905,Image,Texture,Mito
Cells_Texture_AngularSecondMoment_Mito_10_01_256,0.07348774658862685,0.0867646395078814,0.0025884972702584354,0.8371591166332333,88313.87175722,Cells,Texture,Mito
Cells_Texture_DifferenceEntropy_DNA_5_01_256,0.28619998105592914,0.033088412570803354,0.006131958676751035,0.6745796476965163,135088.48419299224,Cells,Texture,DNA
Image_Intensity_TotalArea_RNA,0.0,0.0,0.0,0.0,0.0,Image,Intensity,RNA
Nuclei_Correlation_Overlap_AGP_ER,0.12299378436982646,0.02163443759186094,0.002509731526611611,0.8528620465117009,34887.26805484133,Nuclei,Correlation,AGP
Cells_Texture_Contrast_RNA_5_00_256,0.44099496264680504,0.04062103219832669,0.0016762362538114684,0.5167077689010567,193864.709278773,Cells,Texture,RNA
Cytoplasm_Texture_SumAverage_ER_3_00_256,0.21954132333923043,0.042764671180080725,0.0023993288503850645,0.7352946766303037,75927.89606267869,Cytoplasm,Texture,ER
Cytoplasm_Texture_InfoMeas2_Mito_3_02_256,0.12491953929320807,0.07343500681528657,0.001633332807219368,0.800012121084286,74987.73753723776,Cytoplasm,Texture,Mito
Image_Texture_Contrast_AGP_5_02_256,0.3530703304911042,0.017280828982755736,0.0023620982719849528,0.6272867422541553,31983.643392347032,Image,Texture,AGP
Nuclei_Texture_InverseDifferenceMoment_AGP_10_00_256,0.27721123678447956,0.03697681516747165,0.0018508077552018478,0.6839611402928469,60963.577937098366,Nuclei,Texture,AGP
Cells_Correlation_Manders_AGP_ER,0.18357515162637394,0.04743277003842791,0.004096532536706575,0.7648955457984916,29052.02926655508,Cells,Correlation,AGP
Image_ImageQuality_PercentMaximal_OrigDNA,0.037515005858355724,0.035914788637676526,0.01293920280604507,0.9136310026979227,248277.64885648928,Image,ImageQuality,
Cells_RadialDistribution_FracAtD_mito_tubeness_12of20,0.1935623948443321,0.033677456600143776,0.0016754505568205107,0.7710846979987037,30467.300803391856,Cells,RadialDistribution,
Image_Texture_InfoMeas2_Mito_10_03_256,0.32128680401656823,0.0477273973003663,0.003355744524042741,0.6276300541590227,68397.43709527366,Image,Texture,Mito
Image_Texture_InfoMeas1_AGP_5_00_256,0.2944976838976975,0.01663236082625758,0.002290964609606262,0.6865789906664387,20759.51843454829,Image,Texture,AGP
Nuclei_Texture_DifferenceVariance_Mito_5_00_256,0.0507349336395561,0.08211809103003556,0.003614827613580533,0.8635321477168278,55873.87898829288,Nuclei,Texture,Mito
Cytoplasm_Texture_Entropy_DNA_10_02_256,0.20583630237053369,0.066600159958161,0.020752381440077836,0.7068111562312275,120567.41537994728,Cytoplasm,Texture,DNA
Cells_Texture_AngularSecondMoment_RNA_10_02_256,0.12177076394433235,0.0736051891533364,0.0008066104645140691,0.8038174364378171,129204.24909836183,Cells,Texture,RNA
Cytoplasm_Texture_Contrast_DNA_5_00_256,0.39155871390748,0.025557832408834507,0.0012187889754745073,0.581664664708211,159465.47647402796,Cytoplasm,Texture,DNA
Nuclei_Texture_Correlation_ER_3_00_256,0.18411623297240856,0.0811296519718409,0.002760694056047882,0.7319934209997027,52673.66054067229,Nuclei,Texture,ER
Cytoplasm_Texture_DifferenceEntropy_ER_3_01_256,0.22296944149415882,0.05068116824104132,0.0013832632154249188,0.724966127049375,110672.11206232414,Cytoplasm,Texture,ER
Cells_Texture_SumEntropy_ER_3_00_256,0.14528860727197973,0.05473755404860277,0.0007140142209255063,0.7992598244584921,95898.3729578793,Cells,Texture,ER
Cytoplasm_Texture_SumVariance_RNA_10_03_256,0.3863474422326408,0.047712292619827054,0.00047097457226518823,0.5654692905752671,146668.39610319436,Cytoplasm,Texture,RNA
Cells_Granularity_2_DNA,0.4782810048567465,0.03430210984637842,0.0007468290634136922,0.48667005623346143,200396.3173858611,Cells,Granularity,DNA
Nuclei_RadialDistribution_FracAtD_Mito_3of4,0.2186826248535715,0.06338743088562819,0.0022919902982531178,0.7156379539625471,141262.92924074642,Nuclei,RadialDistribution,Mito
Nuclei_Texture_Contrast_AGP_10_02_256,0.3719286371151624,0.045314841619974566,0.0035538808631072898,0.5792026404017558,160341.85863404034,Nuclei,Texture,AGP
Image_Texture_Entropy_Mito_5_02_256,0.45627680294275985,0.04342894666559761,0.0024106314699431264,0.4978836189216994,64750.10147638472,Image,Texture,Mito
Nuclei_Texture_InfoMeas1_RNA_3_02_256,0.17119904333760058,0.04797453101120061,0.0035327803826989477,0.7772936452684999,64558.11952209372,Nuclei,Texture,RNA
Image_Texture_DifferenceVariance_AGP_3_01_256,0.3403272665505816,0.030079173037879825,0.004632615734790167,0.6249609446767485,56853.74501728168,Image,Texture,AGP
Nuclei_Texture_Correlation_AGP_3_02_256,0.23248156514988946,0.08339111006942326,0.004555537229920466,0.6795717875507669,76308.24070239958,Nuclei,Texture,AGP
Cytoplasm_Texture_SumVariance_ER_3_02_256,0.3550434525009591,0.048334252008826496,0.0012209786025159208,0.5954013168876985,140331.5786279526,Cytoplasm,Texture,ER
Cytoplasm_Texture_InfoMeas2_Mito_5_02_256,0.12436915330380044,0.05926266967667954,0.0023063444504027213,0.8140618325691173,58060.400313341306,Cytoplasm,Texture,Mito
Cells_Texture_Correlation_RNA_5_00_256,0.14060833335765383,0.03894375615845858,0.008492092649360189,0.8119558178345274,40465.91432396087,Cells,Texture,RNA
Image_Granularity_15_DNA,0.25036364205716644,0.03196540378872645,0.0035968114707842324,0.714074142683323,75633.8590021992,Image,Granularity,DNA
Cytoplasm_RadialDistribution_RadialCV_AGP_1of4,0.18022227817064612,0.05835504336260959,0.0015480030908175753,0.7598746753759268,92735.62310689816,Cytoplasm,RadialDistribution,AGP
Image_Intensity_PercentMaximal_Mito_BackgroundOnly,0.11843222347452714,0.0096287825295052,0.005914810190717677,0.86602418380525,36749.981020158935,Image,Intensity,Mito
Cells_RadialDistribution_RadialCV_mito_tubeness_14of16,0.2996236696465312,0.038476352140864374,0.004348202216717175,0.6575517759958872,104388.58991173393,Cells,RadialDistribution,
Cells_Texture_DifferenceEntropy_ER_5_01_256,0.18759595989491967,0.04897025192108903,0.0008723304724767903,0.7625614577115145,110660.76047542674,Cells,Texture,ER
Image_Texture_Variance_DNA_3_01_256,0.22939630256446333,0.037709986812931244,0.004920492851439316,0.7279732177711661,37664.02759432224,Image,Texture,DNA
Cells_Intensity_IntegratedIntensity_Mito,0.24288587672286946,0.04173156845430917,0.0008273613533220644,0.7145551934694994,86403.43490771265,Cells,Intensity,Mito
Image_Texture_DifferenceEntropy_RNA_3_00_256,0.4717006999622758,0.05363443547236095,0.004681439365427356,0.46998342519993597,77405.48640046056,Image,Texture,RNA
Image_Texture_Variance_Mito_3_01_256,0.14504260265488306,0.01733701043857763,0.002672338619901676,0.8349480482866377,36971.10565322406,Image,Texture,Mito
Nuclei_Texture_SumEntropy_Mito_5_02_256,0.2979382723859613,0.05054427331192531,0.005243394464404683,0.6462740598377088,79071.89421295589,Nuclei,Texture,Mito
Image_Intensity_MedianIntensity_DNA_BackgroundOnly,0.1132530434171711,0.026417581031632144,0.00031457145997841547,0.8600148040912184,35622.1152717438,Image,Intensity,DNA
Cells_Texture_InfoMeas2_DNA_10_00_256,0.260920303575594,0.03922448939394951,0.007122973259853552,0.692732233770603,105431.08427441979,Cells,Texture,DNA
Cytoplasm_Texture_InfoMeas2_ER_5_03_256,0.17899120150089617,0.02853879181594653,0.002651668379815143,0.7898183383033421,61848.086925306394,Cytoplasm,Texture,ER
Image_Texture_DifferenceVariance_DNA_5_03_256,0.1644578287660963,0.015041228728088933,0.0012068828419414756,0.8192940596638734,24901.944407607567,Image,Texture,DNA
Image_Texture_SumEntropy_RNA_10_03_256,0.47857961825606354,0.052457118372791156,0.005998124891320748,0.4629651384798245,123057.82823168169,Image,Texture,RNA
Nuclei_Texture_Contrast_RNA_5_01_256,0.3689270805857287,0.04790096929911933,0.0011909200126606026,0.5819810301024914,143908.65137343272,Nuclei,Texture,RNA
Cells_Texture_InfoMeas1_Mito_10_00_256,0.2275757509566681,0.04014172141825479,0.0034121112631240102,0.7288704163619533,74940.38983545882,Cells,Texture,Mito
Cytoplasm_Granularity_11_DNA,0.3028006277455194,0.032463720423106544,0.0009978767743456754,0.6637377750570284,84012.22614378884,Cytoplasm,Granularity,DNA
Image_Texture_InverseDifferenceMoment_Mito_5_03_256,0.42623260187163214,0.041627092372691556,0.0025663842226534726,0.5295739215330227,48587.76185274763,Image,Texture,Mito
Cells_Texture_SumEntropy_AGP_10_01_256,0.159785019802959,0.05544243008880419,0.001070856403131074,0.7837016937051057,71737.76293147187,Cells,Texture,AGP
Nuclei_Correlation_RWC_DNA_RNA,0.09997543365137374,0.06129721162263756,0.006943617479536211,0.8317837372464525,49412.01965472241,Nuclei,Correlation,DNA
Cells_Texture_Variance_Mito_10_02_256,0.4275474729961008,0.03910225037854748,0.001828120421978048,0.5315221562033736,163408.11960076427,Cells,Texture,Mito
Cells_Correlation_Manders_ER_AGP,0.07795438589649348,0.19910448163787248,0.017317496359216786,0.7056236361064172,472598.14577967965,Cells,Correlation,AGP
Cytoplasm_Correlation_RWC_ER_AGP,0.09734412599492936,0.0518827822921967,0.0021162329321150536,0.8486568587807589,76606.82368195729,Cytoplasm,Correlation,AGP
Cells_AreaShape_Zernike_5_1,0.14972271777598625,0.012607336751688968,0.000445980163807406,0.8372239653085174,38421.39527619479,Cells,AreaShape,
Cells_Texture_AngularSecondMoment_ER_3_03_256,0.10601769545371191,0.05835125959632667,0.002346165644584622,0.8332848793053768,96633.93963170185,Cells,Texture,ER
Nuclei_AreaShape_BoundingBoxMinimum_Y,0.09279123129255834,0.06843635142030936,0.0005106686896340291,0.8382617485974982,39522.96613216153,Nuclei,AreaShape,
Cytoplasm_Intensity_MeanIntensity_Mito,0.19599811543745096,0.048329909724250004,0.005679013322618455,0.7499929615156805,50180.02740766757,Cytoplasm,Intensity,Mito
Nuclei_Texture_DifferenceVariance_Mito_3_03_256,0.052144820213876106,0.08255493381450849,0.0035961245177565616,0.8617041214538589,56298.17383060005,Nuclei,Texture,Mito
Nuclei_Texture_DifferenceEntropy_RNA_3_02_256,0.16133609968956514,0.04200255791287932,0.00098367085441888,0.7956776715431366,48585.16750937099,Nuclei,Texture,RNA
Cytoplasm_RadialDistribution_FracAtD_mito_tubeness_5of20,0.034091695399754686,0.04697707571609283,0.0034934975277981536,0.9154377313563544,180345.5922972474,Cytoplasm,RadialDistribution,
Nuclei_Texture_InverseDifferenceMoment_RNA_3_01_256,0.1520267559406709,0.04490492384545869,0.001117621512222976,0.8019506987016474,47686.144720849545,Nuclei,Texture,RNA
Image_Texture_InfoMeas1_Mito_5_00_256,0.18308775382421413,0.020436065635350973,0.0036981072745936633,0.7927780732658412,29610.770069369893,Image,Texture,Mito
Image_Texture_SumVariance_Mito_5_00_256,0.13274167792963518,0.01964379565036057,0.003092266942015443,0.8445222594779889,37474.40813771631,Image,Texture,Mito
Cytoplasm_AreaShape_Center_Y,0.09705740314369744,0.07031447551336352,0.0007012449994915775,0.8319268763434475,40138.157319498714,Cytoplasm,AreaShape,
Cytoplasm_Texture_DifferenceVariance_Mito_10_00_256,0.0470680913159955,0.09504956779455047,0.0017210329437766377,0.8561613079456775,64997.790237059686,Cytoplasm,Texture,Mito
Image_Texture_InfoMeas1_RNA_10_03_256,0.334397348249236,0.013338096931404449,0.000778284371915546,0.651486270447444,24401.45885796893,Image,Texture,RNA
Cytoplasm_Texture_SumVariance_AGP_10_02_256,0.3539028761462843,0.047951926617785044,0.0036635838283834705,0.5944816134075472,135476.91194321215,Cytoplasm,Texture,AGP
Cells_Texture_SumAverage_AGP_5_02_256,0.25760922626363986,0.013118312326061208,0.0033262205931720934,0.7259462408171269,41944.21351825839,Cells,Texture,AGP
Image_Texture_SumEntropy_ER_10_00_256,0.48776936835378565,0.05366899422646212,0.0024595470551550445,0.45610209036459726,114457.89780462466,Image,Texture,ER
Cells_Texture_SumEntropy_ER_3_02_256,0.1446308472132737,0.054913975154930315,0.0006894304986172743,0.7997657471331787,96062.40139808573,Cells,Texture,ER
Cells_Texture_SumVariance_AGP_3_02_256,0.36751971853679427,0.0487810151958857,0.003407796394256544,0.5802914698730635,161869.03493569812,Cells,Texture,AGP
Image_Granularity_13_Mito,0.1273702183333624,0.019389007983611862,0.002017071679535815,0.8512237020034898,36505.98049440859,Image,Granularity,Mito
Cells_Texture_Correlation_Mito_3_00_256,0.15891862187048433,0.0760728897662063,0.0026973714214362,0.7623111169418731,64883.015526973875,Cells,Texture,Mito
Nuclei_Texture_SumEntropy_ER_5_00_256,0.18485884736311026,0.050941547071897866,0.001722940531607982,0.7624766650333838,62926.35244302219,Nuclei,Texture,ER
Nuclei_Granularity_5_ER,0.413375658856864,0.028083871637986518,0.0011081439000945844,0.5574323256050548,136702.65827596234,Nuclei,Granularity,ER
Cells_Texture_InfoMeas2_RNA_10_01_256,0.09780687612131927,0.054516890249272934,0.0010902725702608806,0.8465859610591469,68398.84164372485,Cells,Texture,RNA
Image_Granularity_1_AGP,0.36800397884591995,0.03563704923709223,0.0021179959849790177,0.5942409759320089,81543.50033979432,Image,Granularity,AGP
Image_Texture_Contrast_ER_10_01_256,0.27201788944521926,0.013737595552423982,0.0010636570779460623,0.7131808579244108,24888.080992820385,Image,Texture,ER
Image_Texture_InfoMeas2_AGP_5_02_256,0.4222859254872233,0.055829494281311405,0.0021548249734411325,0.5197297552580242,200700.39698716282,Image,Texture,AGP
Nuclei_Granularity_7_ER,0.2109450723239551,0.03168900405878081,0.0015028731922342704,0.7558630504250298,46080.52037829331,Nuclei,Granularity,ER
Nuclei_Texture_DifferenceEntropy_ER_3_02_256,0.19654774564073157,0.051885792481126354,0.0010482781314703686,0.7505181837466718,72402.8244917806,Nuclei,Texture,ER
Image_Granularity_13_DNA,0.2322400249381305,0.03762066889878051,0.0032577474779251236,0.7268815586851639,92425.11068036439,Image,Granularity,DNA
Cytoplasm_Texture_SumVariance_RNA_3_03_256,0.3905798531894828,0.0467328082090248,0.0005119693057742225,0.5621753692957181,149499.04719090433,Cytoplasm,Texture,RNA
Cytoplasm_Texture_SumEntropy_DNA_10_03_256,0.20131253944892494,0.05850766487363668,0.013034968618551478,0.7271448270588869,109979.15535962542,Cytoplasm,Texture,DNA
Cytoplasm_RadialDistribution_FracAtD_mito_tubeness_11of16,0.18577247017695953,0.03082695807720704,0.0024774716366774033,0.780923100109156,28341.87431796309,Cytoplasm,RadialDistribution,
Image_Texture_InfoMeas1_Mito_5_01_256,0.21572875797253885,0.020893384024254093,0.0034833583366361076,0.759894499666571,27173.320321239895,Image,Texture,Mito
Image_Texture_InverseDifferenceMoment_DNA_3_03_256,0.4401046535773101,0.04073505105274676,0.0030240808846247534,0.5161362144853183,35147.20361977101,Image,Texture,DNA
Nuclei_Children_Cytoplasm_Count,0.0297175730607604,0.02185363137946929,0.018130820173623757,0.9302979753861466,32338.464809304827,Nuclei,Children,
Nuclei_Intensity_IntegratedIntensity_Mito,0.30558387105782736,0.04352217891201568,0.0037335606218136265,0.6471603894083433,64660.854505765834,Nuclei,Intensity,Mito
Image_Texture_DifferenceVariance_RNA_10_02_256,0.38906123124904163,0.042760412358022915,0.0016528090601735646,0.5665255473327618,76138.4751412111,Image,Texture,RNA
Nuclei_Texture_DifferenceEntropy_RNA_3_00_256,0.1536730997165953,0.04204852589066341,0.0010995836157511932,0.8031787907769902,46954.42569918328,Nuclei,Texture,RNA
Cells_Texture_InfoMeas1_AGP_3_02_256,0.08818622827717483,0.07040671681488624,0.0007841009211584584,0.8406229539867804,73781.67453860531,Cells,Texture,AGP
Cytoplasm_AreaShape_MajorAxisLength,0.23881741874894877,0.031072979052114872,0.0015982901582150696,0.7285113120407212,120207.20038685761,Cytoplasm,AreaShape,
Cells_Granularity_3_RNA,0.4871001281708264,0.03253270727428078,0.0010288070677060895,0.4793383574871867,189922.97644818103,Cells,Granularity,RNA
Nuclei_Texture_SumAverage_DNA_3_03_256,0.36261950320070785,0.032064044434329655,0.00552007345127327,0.5997963789136892,123929.03958518023,Nuclei,Texture,DNA
Image_Texture_Variance_Mito_5_01_256,0.14495709763019496,0.017276084650944535,0.0026844143835769536,0.8350824033352835,36889.392734958,Image,Texture,Mito
Nuclei_RadialDistribution_MeanFrac_Mito_4of4,0.3400764936181892,0.019957713149133114,0.0018723454015415226,0.6380934478311362,94755.53565940309,Nuclei,RadialDistribution,Mito
Nuclei_Location_CenterMassIntensity_X_DNA,0.06812263876163449,0.033180062538140126,0.0003937354610561262,0.8983035632391693,24314.344980117683,Nuclei,Location,DNA
Cells_Texture_SumEntropy_Mito_10_03_256,0.14035734118332888,0.05728587556175154,0.003247332508771787,0.7991094507461477,49859.143240180136,Cells,Texture,Mito
Cells_Granularity_9_RNA,0.2073267675996334,0.03296156466228824,0.0016714820227898262,0.7580401857152885,54049.11296808267,Cells,Granularity,RNA
Cells_Texture_DifferenceVariance_ER_10_03_256,0.06514113169897187,0.07270487791019321,0.0026365172401528977,0.859517473150682,98777.64854161433,Cells,Texture,ER
Cells_RadialDistribution_MeanFrac_Mito_2of4,0.18015942769901858,0.056024687814271085,0.0027669010998150985,0.7610489833868953,70036.33856249653,Cells,RadialDistribution,Mito
Cytoplasm_Correlation_Correlation_DNA_RNA,0.09263067279898612,0.06970095209214809,0.002297110431536883,0.8353712646773288,62289.63055445136,Cytoplasm,Correlation,DNA
Image_Texture_InfoMeas1_AGP_10_02_256,0.3150747639199089,0.0117345710342948,0.0017450885617620287,0.6714455764840342,19198.41182441038,Image,Texture,AGP
Nuclei_Texture_DifferenceVariance_AGP_10_00_256,0.06204430270262771,0.06269283255735106,0.0014087399763764367,0.8738541247636448,48068.1587960945,Nuclei,Texture,AGP
Cells_Texture_InfoMeas1_RNA_3_01_256,0.07604287573522492,0.06273298173808757,0.003424481021394777,0.8577996615052927,65190.44657065559,Cells,Texture,RNA
Cytoplasm_Texture_Variance_DNA_10_01_256,0.2929098090432247,0.056886620714558835,0.004267444270663839,0.6459361259715526,171861.63037563738,Cytoplasm,Texture,DNA
Image_Texture_InfoMeas2_ER_5_00_256,0.49855560371416713,0.05538742612840207,0.0023058488734140443,0.4437511212840167,289475.51288549165,Image,Texture,ER
Image_Texture_InfoMeas1_Mito_5_02_256,0.18391463561200927,0.02115760491410019,0.0034286876409438485,0.7914990718329468,29785.170256059333,Image,Texture,Mito
Cells_Texture_DifferenceEntropy_RNA_3_01_256,0.16676164384064787,0.046189050849745436,0.001213025762411403,0.7858362795471953,93648.96570854014,Cells,Texture,RNA
Nuclei_Intensity_StdIntensityEdge_AGP,0.28837879138600814,0.055756465914995126,0.002320051040370502,0.6535446916586263,83689.01589017379,Nuclei,Intensity,AGP
Image_Texture_DifferenceEntropy_DNA_10_03_256,0.47998913649335656,0.04181043414231978,0.00490955149396536,0.4732908778703583,54412.51550314968,Image,Texture,DNA
Nuclei_Texture_DifferenceVariance_ER_5_03_256,0.04826903752559695,0.08844514656253488,0.0029148360544537667,0.8603709798574144,77829.42758346419,Nuclei,Texture,ER
Image_ImageQuality_LocalFocusScore_OrigRNA_20,0.40861126504327616,0.09009131518087293,0.019439362843097146,0.4818580569327538,459245.5535713377,Image,ImageQuality,
Cells_Texture_InverseDifferenceMoment_RNA_5_02_256,0.12819846262458848,0.04323196871200811,0.0009177748655296601,0.8276517937978737,81965.75151148293,Cells,Texture,RNA
Cytoplasm_Correlation_Manders_AGP_RNA,0.268008084603427,0.04730025109593801,0.019514426821945253,0.6651772374786896,75352.23491672761,Cytoplasm,Correlation,AGP
Image_Texture_SumVariance_DNA_3_03_256,0.2184418181333933,0.038989933320236675,0.005087233995440785,0.7374810145509293,39848.810390824816,Image,Texture,DNA
Nuclei_Texture_Contrast_Mito_10_03_256,0.46465624340379125,0.039544336998450856,0.002491468541699571,0.4933079510560583,217038.82473827887,Nuclei,Texture,Mito
Cells_Texture_SumAverage_RNA_3_02_256,0.22497595556000438,0.03475509488842352,0.0033833585863391625,0.7368855909652329,66786.1999237136,Cells,Texture,RNA
Cytoplasm_Texture_DifferenceVariance_DNA_5_02_256,0.08719615532338824,0.04024403618040761,0.0030797204111483343,0.8694800880850558,55459.35183420584,Cytoplasm,Texture,DNA
Cells_Texture_InfoMeas1_RNA_3_00_256,0.08669501378279793,0.06881322026978473,0.0029476436922598187,0.8415441222551576,66382.55127043114,Cells,Texture,RNA
Cytoplasm_Granularity_11_ER,0.25332228764173986,0.03916414752109896,0.0029859021024919463,0.7045276627346693,63136.76475354528,Cytoplasm,Granularity,ER
Image_Intensity_MADIntensity_RNA_BackgroundOnly,0.1433067887890146,0.010886008751153385,0.0050972342529703825,0.8407099682068616,24632.27315830073,Image,Intensity,RNA
Cytoplasm_Texture_DifferenceVariance_ER_3_03_256,0.062238075429538374,0.07846168754044608,0.001689473428975475,0.85761076360104,75764.60429743052,Cytoplasm,Texture,ER
Cells_Texture_DifferenceVariance_ER_3_02_256,0.051005741782743474,0.0792574497630248,0.0023875656596250073,0.8673492427946068,79800.30130728512,Cells,Texture,ER
Cells_Texture_SumAverage_RNA_3_03_256,0.22720866459730465,0.03464481262793763,0.0033350348988439313,0.7348114878759137,67827.69440414623,Cells,Texture,RNA
Cells_Texture_Entropy_Mito_3_00_256,0.16056038744754716,0.05867171850166344,0.0035608382034403247,0.7772070558473491,51543.16547620998,Cells,Texture,Mito
Image_Intensity_UpperQuartileIntensity_AGP,0.4903089733959631,0.04749381761864256,0.002595074028323911,0.4596021349570704,74258.07395651063,Image,Intensity,AGP
Image_Texture_Variance_DNA_10_02_256,0.2296684398046243,0.03775820869802474,0.004928839172631451,0.7276445123247195,37691.165461377495,Image,Texture,DNA
Nuclei_Correlation_K_DNA_AGP,0.23575717564954013,0.01083146343331966,0.0031040780283269143,0.7503072828888132,34703.50964312763,Nuclei,Correlation,AGP
Image_Texture_AngularSecondMoment_ER_5_02_256,0.4892213895287886,0.043078061880128464,0.0029880381449990372,0.46471251044608397,165584.53347999306,Image,Texture,ER
Nuclei_Texture_Variance_DNA_3_03_256,0.4999927584960629,0.039121756029579687,0.001970927654977236,0.45891455781938023,255970.05558761273,Nuclei,Texture,DNA
Cells_Texture_SumVariance_DNA_5_03_256,0.43411827884652265,0.04021403983036893,0.0026696018353655603,0.5229980794877428,211265.92981021927,Cells,Texture,DNA
Cytoplasm_Correlation_RWC_DNA_AGP,0.2693600411628361,0.028047495554292246,0.004747851036199445,0.6978446122466722,73764.00710879754,Cytoplasm,Correlation,AGP
Image_Texture_Contrast_ER_5_01_256,0.2758494978682509,0.015858801859282755,0.001109170431508534,0.7071825298409579,23816.21775383631,Image,Texture,ER
Nuclei_Granularity_6_Mito,0.3807324474998812,0.038251290769099756,0.002612315773957531,0.5784039459570616,138117.4412439071,Nuclei,Granularity,Mito
Cytoplasm_Texture_SumAverage_RNA_10_00_256,0.19163087126199943,0.037085572340713295,0.003265173284016264,0.768018383113271,58932.93745000924,Cytoplasm,Texture,RNA
Nuclei_Texture_InfoMeas1_DNA_5_00_256,0.4125145090072638,0.03845773431669834,0.0026301435729442946,0.5463976131030935,170211.48993027874,Nuclei,Texture,DNA
Nuclei_Texture_DifferenceEntropy_RNA_3_03_256,0.15728102458954502,0.04258879091533906,0.0009270571947540528,0.7992031273003619,48634.20235564412,Nuclei,Texture,RNA
Nuclei_Texture_InfoMeas1_ER_5_02_256,0.31373297780592496,0.043805006897460474,0.0020064549098494037,0.6404555603867651,114358.86150140277,Nuclei,Texture,ER
Image_Granularity_1_DNA,0.5455105593845601,0.05196453804832117,0.0016926580099529468,0.40083224455716593,247814.97111271066,Image,Granularity,DNA
Cytoplasm_Granularity_7_ER,0.3844715557999693,0.027837783889586697,0.0017992745357879232,0.585891385774656,132450.71040127645,Cytoplasm,Granularity,ER
Image_Texture_Correlation_ER_5_03_256,0.3420656433675151,0.007749950121168566,0.0020526878054703056,0.6481317187058458,35022.02761359041,Image,Texture,ER
Nuclei_Texture_Contrast_RNA_5_02_256,0.36184683151712743,0.046736455195228545,0.0015700026282870307,0.5898467106593571,140288.6941222194,Nuclei,Texture,RNA
Nuclei_Texture_Variance_AGP_5_00_256,0.37431139778010475,0.04583736290838476,0.003926950639881892,0.5759242886716287,161745.6342394724,Nuclei,Texture,AGP
Cells_Texture_DifferenceEntropy_RNA_10_03_256,0.14394517298264753,0.04503413049843781,0.0005720882426676673,0.8104486082762471,89380.074922993,Cells,Texture,RNA
Cytoplasm_Texture_Contrast_Mito_3_03_256,0.4286203480796739,0.03142714083463501,0.0026246243728812895,0.5373278867128097,153394.52858679052,Cytoplasm,Texture,Mito
Image_Texture_Entropy_RNA_3_02_256,0.46709816119778647,0.047418099321812464,0.01026754185316401,0.47521619762723694,87546.29830907132,Image,Texture,RNA
Cytoplasm_Texture_InverseDifferenceMoment_AGP_10_02_256,0.16130614539334467,0.04058932020415989,0.0018064192258146444,0.7962981151766808,63083.47468911279,Cytoplasm,Texture,AGP
Cells_Texture_SumEntropy_AGP_3_01_256,0.15522793411315114,0.055047630410179835,0.0012349553659644216,0.7884894801107046,73257.08645890243,Cells,Texture,AGP
Image_Texture_DifferenceVariance_DNA_10_00_256,0.1803913547939027,0.01325994729343794,0.0011947969312775452,0.8051539009813818,25589.958266980764,Image,Texture,DNA
Cells_Correlation_Correlation_ER_Mito,0.0951158489379675,0.06698375813734984,0.002652120054779695,0.8352482728699029,49609.39182907862,Cells,Correlation,ER
Nuclei_Texture_InfoMeas1_ER_10_03_256,0.3720963991720088,0.03805372028717268,0.0005722727347924993,0.589277607806026,130783.97853965496,Nuclei,Texture,ER
Cells_RadialDistribution_FracAtD_mito_tubeness_15of20,0.3284756797467136,0.028050009558620297,0.0019315304340174735,0.6415427802606486,72324.67260001591,Cells,RadialDistribution,
Cells_AreaShape_Zernike_7_7,0.19847526235028362,0.02175083528981432,0.0031269723535430746,0.776646930006359,37022.77177140644,Cells,AreaShape,
Nuclei_AreaShape_BoundingBoxMaximum_X,0.07209764700440094,0.03243664700124164,0.0003468639684350927,0.8951188420259223,24064.04677841628,Nuclei,AreaShape,
Nuclei_Texture_Contrast_Mito_10_00_256,0.4668466961194421,0.03961898272787038,0.00266082938533268,0.4908734917673549,227105.01423651402,Nuclei,Texture,Mito
Nuclei_Correlation_K_Mito_AGP,0.10850257544711586,0.03839114613429779,0.0010245945725538932,0.8520816838460324,21150.700544698193,Nuclei,Correlation,AGP
Cytoplasm_Texture_Entropy_RNA_10_01_256,0.13562034813936788,0.04978853840147194,0.001179305035837558,0.8134118084233227,72329.39085044473,Cytoplasm,Texture,RNA
Nuclei_Texture_InfoMeas2_ER_3_01_256,0.20892930547164126,0.04209905373122919,0.0038319378154496224,0.7451397029816799,54188.05387099173,Nuclei,Texture,ER
Cytoplasm_Texture_InfoMeas2_AGP_3_01_256,0.1883264377264325,0.036329340263020225,0.0019591112173122983,0.7733851107932349,48562.560409390746,Cytoplasm,Texture,AGP
Cytoplasm_AreaShape_Zernike_2_0,0.21306544804750527,0.050252371194865045,0.0013844387329828042,0.7352977420246468,77125.40243242915,Cytoplasm,AreaShape,
Image_Texture_InfoMeas1_ER_10_01_256,0.3327641831978451,0.017370359608053318,0.0018865196695849885,0.6479789375245166,23353.81479324025,Image,Texture,ER
Cytoplasm_Texture_Variance_AGP_10_01_256,0.362109682112173,0.048045723845672135,0.0036521533994246713,0.5861924406427304,142581.73665635625,Cytoplasm,Texture,AGP
Nuclei_Location_MaxIntensity_Y_ER,0.09701468076569002,0.06917833714995766,0.0005973059881678386,0.8332096760961846,40598.1174730585,Nuclei,Location,ER
Nuclei_Correlation_Manders_Mito_RNA,0.3094008471502208,0.026720178139728476,0.012388743958269914,0.6514902307517807,220423.30517875974,Nuclei,Correlation,Mito
Nuclei_Texture_Contrast_RNA_3_00_256,0.34406697773626194,0.04520355415344479,0.001654558013373758,0.6090749100969195,129394.07116341397,Nuclei,Texture,RNA
Cells_RadialDistribution_MeanFrac_mito_tubeness_11of16,0.23032362045415603,0.025574439371398066,0.0024886098353928024,0.7416133303390531,54829.566165451295,Cells,RadialDistribution,
Nuclei_Texture_Variance_ER_5_03_256,0.3644420434066972,0.05309650666806833,0.0008766120656450937,0.5815848378595894,151335.34986327597,Nuclei,Texture,ER
Cytoplasm_Texture_DifferenceEntropy_AGP_10_00_256,0.17028531834871005,0.05788440834033301,0.0016437740538142438,0.7701864992571427,79122.78845249259,Cytoplasm,Texture,AGP
Nuclei_Texture_AngularSecondMoment_Mito_5_03_256,0.0440374915000615,0.07953125988876023,0.00827108662204426,0.8681601619891339,51160.05870718922,Nuclei,Texture,Mito
Nuclei_Texture_Correlation_AGP_5_03_256,0.10504862032378712,0.09045773336718571,0.0014054006012258,0.8030882457078014,89933.57540065196,Nuclei,Texture,AGP
Nuclei_Texture_DifferenceVariance_AGP_5_01_256,0.06222178671855122,0.0636222312567882,0.0015870125787660258,0.8725689694458945,48370.9688726648,Nuclei,Texture,AGP
Nuclei_Texture_SumVariance_Mito_5_03_256,0.4556169473816362,0.04271915317971819,0.003118492926908548,0.49854540651173707,219514.9555643244,Nuclei,Texture,Mito
Image_Texture_AngularSecondMoment_RNA_10_01_256,0.49008466539728596,0.045680311274957204,0.006127002356959049,0.45810802097079784,200812.19597415123,Image,Texture,RNA
Nuclei_Correlation_Manders_ER_Mito,0.3154604299572157,0.018675006276896788,0.0014613413551916926,0.6644032224106958,89194.79859992232,Nuclei,Correlation,ER
Cytoplasm_RadialDistribution_MeanFrac_RNA_3of4,0.32118565386118886,0.024657794058936457,0.004119884125529015,0.6500366679543457,114789.68860935509,Cytoplasm,RadialDistribution,RNA
Cytoplasm_Texture_AngularSecondMoment_ER_5_03_256,0.12618846642960999,0.05405092206405935,0.0015641967001085687,0.8181964148062221,88265.33457020676,Cytoplasm,Texture,ER
Nuclei_Texture_Entropy_AGP_3_01_256,0.18530154657445766,0.04487217618198673,0.0018144862404702849,0.7680117910030854,51001.55092597775,Nuclei,Texture,AGP
Image_Texture_InverseDifferenceMoment_Mito_10_01_256,0.4445275039474901,0.040637830219652546,0.002841205087710508,0.511993460745147,53806.01456233974,Image,Texture,Mito
Image_Texture_SumAverage_RNA_5_02_256,0.4687214382834665,0.03277633661482184,0.001209039542590033,0.4972931855591216,31494.24834227127,Image,Texture,RNA
Nuclei_Texture_SumEntropy_AGP_10_02_256,0.14246935239227343,0.04795343597444017,0.001590154538651744,0.8079870570946347,54053.75006438336,Nuclei,Texture,AGP
Nuclei_Texture_InverseDifferenceMoment_ER_3_03_256,0.21518629657768273,0.05087199221507816,0.0011886517025110226,0.732753059504728,62013.17817719343,Nuclei,Texture,ER
Cells_Texture_Correlation_DNA_3_03_256,0.26858251764767727,0.04408396386101682,0.006430410909724376,0.6809031075815816,105216.20613328362,Cells,Texture,DNA
Cells_Texture_InfoMeas2_RNA_10_00_256,0.11382200980518184,0.057316839894341234,0.0014005274244927243,0.8274606228759842,64599.67145162664,Cells,Texture,RNA
Cells_Texture_InfoMeas1_DNA_5_01_256,0.22904725410178503,0.04750962962730541,0.003031586219280688,0.720411530051629,100312.22538408393,Cells,Texture,DNA
Cells_Texture_Contrast_AGP_10_00_256,0.3688185102736973,0.04816917589366648,0.00286881734713877,0.5801434964854975,169317.90944608022,Cells,Texture,AGP
Cells_Texture_Entropy_Mito_10_01_256,0.12960045019321723,0.0592441531968425,0.00336526230304371,0.8077901343068966,47130.36902597414,Cells,Texture,Mito
Cells_Intensity_LowerQuartileIntensity_ER,0.16052661961828538,0.023736622548149264,0.017946678786633207,0.797790079046932,42197.79123425028,Cells,Intensity,ER
Cells_RadialDistribution_FracAtD_mito_tubeness_Overflow,0.0,0.0,0.0,0.0,0.0,Cells,RadialDistribution,
Cytoplasm_AreaShape_MaximumRadius,0.215635786502366,0.044997439371526705,0.00087767651514027,0.738489097610967,133826.97393312756,Cytoplasm,AreaShape,
Nuclei_Texture_DifferenceEntropy_AGP_10_00_256,0.14333145121182106,0.05115263829225081,0.001790661129878874,0.8037252493660493,60781.90342871962,Nuclei,Texture,AGP
Image_Intensity_MedianIntensity_AGP,0.39530754402462387,0.06174430514088717,0.0038812831186590575,0.5390668677158298,29999.248184365413,Image,Intensity,AGP
Cells_Texture_DifferenceVariance_DNA_3_02_256,0.25401893787655505,0.021887337058971824,0.013589978513329933,0.7105037465511431,67548.05455354232,Cells,Texture,DNA
Image_Texture_Entropy_DNA_5_00_256,0.42622835136016146,0.04743885551387424,0.004727988385162548,0.5216048047408018,44853.14901062798,Image,Texture,DNA
Cytoplasm_RadialDistribution_RadialCV_RNA_4of4,0.27389246972129244,0.05388552690985325,0.0044476674382975655,0.6677743359305567,88521.35618228174,Cytoplasm,RadialDistribution,RNA
Cells_RadialDistribution_RadialCV_ER_3of4,0.132011079515192,0.034978701132459905,0.003064784186983174,0.8299454351653649,34078.30139435441,Cells,RadialDistribution,ER
Cells_Texture_DifferenceEntropy_AGP_5_01_256,0.1641006416318366,0.05481190854629131,0.0014253841628024354,0.7796620656590697,82267.29927383564,Cells,Texture,AGP
Image_Texture_DifferenceVariance_ER_5_01_256,0.3876654238556346,0.03445483902174983,0.004229707764520878,0.5736500293580947,58854.50268067434,Image,Texture,ER
Cells_Correlation_Manders_RNA_Mito,0.32424186520739234,0.018849107792459765,0.0010223555369968738,0.6558866714631509,66253.68868492966,Cells,Correlation,Mito
Nuclei_Correlation_RWC_Mito_DNA,0.1518918858927918,0.04928181877081692,0.006426625123188205,0.7923996702132031,63268.2669945924,Nuclei,Correlation,DNA
Cells_Texture_InverseDifferenceMoment_Mito_5_01_256,0.17565078072494233,0.06408476674188536,0.002978198556967344,0.757286253976205,60163.579838974576,Cells,Texture,Mito
Cytoplasm_RadialDistribution_FracAtD_mito_tubeness_9of20,0.030656597066576845,0.051697990232141035,0.03720647591377661,0.8804389367875054,569283.7237619429,Cytoplasm,RadialDistribution,
Nuclei_Intensity_UpperQuartileIntensity_Mito,0.3435517405647447,0.04811205632861258,0.0023129694353364676,0.6060232336713063,106831.16658350511,Nuclei,Intensity,Mito
Nuclei_Granularity_4_AGP,0.44715587852082006,0.03603429710465823,0.0006292354164729466,0.5161805889580487,145126.90738823666,Nuclei,Granularity,AGP
Cells_Intensity_MaxIntensity_DNA,0.4151730495746717,0.04601254545094264,0.0005034515980304701,0.5383109533763553,176330.653871354,Cells,Intensity,DNA
Cytoplasm_Granularity_8_RNA,0.2886947166057179,0.036956066697699304,0.0011122842147084726,0.6732369324818743,103072.09151780956,Cytoplasm,Granularity,RNA
Cytoplasm_Texture_InfoMeas1_RNA_3_01_256,0.10992695949808279,0.0610328831107768,0.002008220446374185,0.8270319369447662,70017.7445493589,Cytoplasm,Texture,RNA
Cytoplasm_Texture_SumEntropy_DNA_3_01_256,0.284771137472752,0.02918211922593639,0.00458236124074831,0.6814643820605633,88185.39200553032,Cytoplasm,Texture,DNA
Nuclei_Texture_AngularSecondMoment_Mito_5_00_256,0.046954724735783736,0.07928416320765451,0.00821191658394181,0.86554919547262,50809.690880758455,Nuclei,Texture,Mito
Cells_Texture_Contrast_ER_3_02_256,0.4249610547658215,0.040755982855900486,0.0014653932430418002,0.5328175691352363,186196.36373538186,Cells,Texture,ER
Cytoplasm_Texture_DifferenceVariance_RNA_10_00_256,0.07841131360917163,0.07702739646195828,0.0010110018322648346,0.8435502880966053,97520.50311784478,Cytoplasm,Texture,RNA
Nuclei_Texture_Contrast_Mito_5_00_256,0.48156582903705036,0.03830608707112347,0.0021028560656629097,0.47802522782616325,231897.13984951656,Nuclei,Texture,Mito
Nuclei_Texture_SumEntropy_DNA_3_02_256,0.359404011196975,0.04181003640826886,0.006357821216951405,0.5924281311778047,132212.7554998413,Nuclei,Texture,DNA
Cells_Texture_AngularSecondMoment_DNA_10_02_256,0.12468415607150256,0.03277505991291409,0.020889844382337625,0.8216509396332458,64029.24145666842,Cells,Texture,DNA
Cytoplasm_RadialDistribution_FracAtD_AGP_1of4,0.15311280955312273,0.058800174570323396,0.0029584579468992594,0.7851285579296545,99471.56752783673,Cytoplasm,RadialDistribution,AGP
Image_Texture_DifferenceEntropy_ER_10_03_256,0.49621551776007866,0.04885475154083615,0.0021305956663276557,0.45279913503275754,109287.48210691057,Image,Texture,ER
Nuclei_Texture_SumEntropy_Mito_5_01_256,0.2973682767247103,0.05068189952090471,0.004788429541213105,0.6471613942131719,78105.54547683483,Nuclei,Texture,Mito
Cytoplasm_Texture_DifferenceEntropy_DNA_10_01_256,0.2095300517651155,0.05902409289121265,0.01148365344158955,0.7199622019020823,116842.21450394552,Cytoplasm,Texture,DNA
Cytoplasm_Texture_DifferenceVariance_Mito_5_00_256,0.04408896527935371,0.09343555490119178,0.0016791087389001068,0.8607963710805544,58286.555628700255,Cytoplasm,Texture,Mito
Image_Texture_SumEntropy_AGP_5_02_256,0.4529710204526465,0.06116752960807681,0.0015513212806358865,0.4843101286586408,108871.89759087769,Image,Texture,AGP
Image_Texture_SumEntropy_RNA_3_02_256,0.47485500038581374,0.04997090540816257,0.007969924071458226,0.4672041701345655,110630.20576901436,Image,Texture,RNA
Nuclei_Texture_Correlation_AGP_10_03_256,0.07603369431104079,0.09005591813943704,0.0004010511123995818,0.8335093364371227,144352.4696819344,Nuclei,Texture,AGP
Image_Texture_Contrast_ER_10_02_256,0.2658525772563739,0.015440743494579913,0.0011112146532846771,0.7175954645957615,24603.630780858788,Image,Texture,ER
Cells_RadialDistribution_RadialCV_mito_tubeness_17of20,0.2745801093910918,0.03839216910055714,0.0038853250529257903,0.6831423964554252,98375.57061116537,Cells,RadialDistribution,
Cytoplasm_RadialDistribution_RadialCV_mito_tubeness_11of16,0.1373521886030512,0.02684885293277065,0.003331048802243312,0.8324679096619348,24821.38771424174,Cytoplasm,RadialDistribution,
Image_Texture_InfoMeas2_RNA_3_00_256,0.5306383096269267,0.05182256760037464,0.001699687843621741,0.41583943492907705,335539.2261386534,Image,Texture,RNA
Nuclei_Granularity_16_Mito,0.2628960363215053,0.016960551060170442,0.0022301682277635665,0.7179132443905606,24764.23582650224,Nuclei,Granularity,Mito
Cells_RadialDistribution_RadialCV_AGP_4of4,0.31462262321471235,0.041673273305127996,0.004682630236776981,0.6390214732433825,97460.3391795615,Cells,RadialDistribution,AGP
Cytoplasm_Texture_InfoMeas2_DNA_5_00_256,0.249977005291513,0.03984006550988006,0.0022689886957597107,0.7079139405028473,74378.3391823098,Cytoplasm,Texture,DNA
Cells_Texture_Variance_ER_5_03_256,0.3596398701910227,0.046347006205535994,0.0011867783080052913,0.592826345295436,141049.030983678,Cells,Texture,ER
Cells_Texture_AngularSecondMoment_AGP_5_02_256,0.13202174342692716,0.05257945016230383,0.0024147566841206283,0.8129840497266484,79495.19682718639,Cells,Texture,AGP
Cytoplasm_Texture_SumVariance_ER_3_03_256,0.3485136860400106,0.0481723556314713,0.0012744686383476833,0.6020394896901704,136729.84168192153,Cytoplasm,Texture,ER
Cytoplasm_RadialDistribution_FracAtD_DNA_3of4,0.10963518991051562,0.06085576090439709,0.002475567268271696,0.8270334819168156,78327.46148496705,Cytoplasm,RadialDistribution,DNA
Image_Granularity_8_ER,0.23168860269519032,0.038973923362123526,0.001676891252223185,0.7276605826904629,35960.81279549672,Image,Granularity,ER
Cytoplasm_Texture_InfoMeas1_DNA_10_01_256,0.1634360312034732,0.10907721240103993,0.0005258752161999945,0.7269608811792869,125620.02268635579,Cytoplasm,Texture,DNA
Cytoplasm_Texture_InverseDifferenceMoment_ER_10_01_256,0.17473847853715133,0.04453262631068348,0.0015279151166812971,0.7792009800354839,81530.28873955116,Cytoplasm,Texture,ER
Cells_AreaShape_Perimeter,0.2373831991979277,0.031247396817657615,0.003219085588327365,0.7281503183960873,130255.99679498016,Cells,AreaShape,
Nuclei_Correlation_K_RNA_DNA,0.2610791253644884,0.060821817006845365,0.003155902115833783,0.6749431555128325,82316.233413885,Nuclei,Correlation,DNA
Cells_Intensity_MeanIntensityEdge_AGP,0.39689378503672973,0.01984753567198919,0.0036514114081024115,0.5796072678831788,32305.024227646623,Cells,Intensity,AGP
Cells_RadialDistribution_RadialCV_mito_tubeness_4of20,0.2326914622144938,0.03273589874892483,0.0007141757468946488,0.7338584632896868,50771.33958525851,Cells,RadialDistribution,
Cytoplasm_Correlation_Manders_ER_Mito,0.31006004139773313,0.04163680573377054,0.003496972900549758,0.6448061799679466,82320.74012973913,Cytoplasm,Correlation,ER
Cytoplasm_Granularity_11_AGP,0.3328681785629095,0.04886767369781643,0.003484726474734066,0.6147794212645401,94830.11743654069,Cytoplasm,Granularity,AGP
Cells_AreaShape_Zernike_8_4,0.06188798054582304,0.029740290107085215,0.000439835927532825,0.9079318934195589,46950.0954029282,Cells,AreaShape,
Image_Texture_DifferenceVariance_AGP_5_03_256,0.3578582106336272,0.03410020697258605,0.0038394087366099418,0.6042021736571769,65374.46237739239,Image,Texture,AGP
Cytoplasm_Intensity_UpperQuartileIntensity_AGP,0.2637536517478932,0.01345958858661613,0.004982047251412896,0.7178047124140778,38099.06477773411,Cytoplasm,Intensity,AGP
Image_Texture_Variance_DNA_3_03_256,0.22938313198282562,0.03771057296900693,0.004921649894056179,0.7279846451541113,37663.656971003526,Image,Texture,DNA
Nuclei_Texture_Entropy_ER_3_03_256,0.18799004192902805,0.04836652183060982,0.0013933324153249473,0.7622501038250372,52921.790120808815,Nuclei,Texture,ER
Cytoplasm_RadialDistribution_FracAtD_mito_tubeness_2of16,0.029425367372649787,0.013071938400340986,0.0006114220573134972,0.9568912721696957,14586.9087759693,Cytoplasm,RadialDistribution,
Image_Texture_SumEntropy_RNA_10_01_256,0.47867784640571526,0.052733822719037225,0.0061182547536686414,0.4624700761215788,123407.25261704533,Image,Texture,RNA
Image_Threshold_WeightedVariance_CellsIncludingEdges,0.46000595489524243,0.043244361027291435,0.0020975941227505644,0.4946520899547155,46689.99967903792,Image,Threshold,
Cells_Texture_DifferenceVariance_AGP_10_01_256,0.09109099854085041,0.062474873535764246,0.0015268639524016366,0.8449072639709837,64535.832309243124,Cells,Texture,AGP
Cytoplasm_Texture_InverseDifferenceMoment_DNA_5_00_256,0.1032771042753129,0.045605763714092126,0.004317688878749593,0.8467994431318453,91690.8896716644,Cytoplasm,Texture,DNA
Nuclei_Texture_InverseDifferenceMoment_DNA_10_02_256,0.3145363011535467,0.03153001338859117,0.009436343913350926,0.6444973415445112,83063.37588972028,Nuclei,Texture,DNA
Nuclei_Texture_SumAverage_RNA_10_00_256,0.2374144055729769,0.03718823661307474,0.00138039763554465,0.7240169601784037,67599.64958454814,Nuclei,Texture,RNA
Cytoplasm_Intensity_MinIntensityEdge_AGP,0.367726025023404,0.02192320065272137,0.0026958074318014654,0.6076549668920731,23113.53370161026,Cytoplasm,Intensity,AGP
Cytoplasm_Texture_Correlation_RNA_5_02_256,0.2133543579189898,0.0415478889159211,0.005414889175673771,0.7396828639894153,71721.58728450396,Cytoplasm,Texture,RNA
Image_Texture_InfoMeas1_ER_5_03_256,0.29062279973635013,0.021892750571139576,0.0029216631256456147,0.6845627865668646,27186.60307030625,Image,Texture,ER
Nuclei_AreaShape_Zernike_5_1,0.23715872209569577,0.02629641864487068,0.0006341087855764492,0.7359107504738571,30954.40879329135,Nuclei,AreaShape,
Cells_Texture_AngularSecondMoment_DNA_5_01_256,0.13369803058450092,0.0277056255725037,0.016233474155365964,0.8223628696876295,61433.62092663298,Cells,Texture,DNA
Image_Texture_SumVariance_ER_10_03_256,0.2999235830703938,0.015836868155173895,0.001108520452136549,0.6831310283222958,38670.357486446635,Image,Texture,ER
Cytoplasm_Texture_DifferenceEntropy_DNA_5_02_256,0.31125200160854066,0.028110928602808914,0.003796281816959916,0.6568407879716905,105473.1411200573,Cytoplasm,Texture,DNA
Cytoplasm_Intensity_MinIntensity_ER,0.2694329165364987,0.012514025489879801,0.01053232431425863,0.7075207336593629,23135.160251794798,Cytoplasm,Intensity,ER
Cytoplasm_Texture_Variance_RNA_10_01_256,0.40811333202681765,0.04397735335237062,0.0005854466541106106,0.5473238679667012,161240.71708655765,Cytoplasm,Texture,RNA
Cells_Texture_InfoMeas2_RNA_3_00_256,0.17714515277551368,0.06853175113269551,0.002002851878547937,0.7523202442132428,89268.37923422185,Cells,Texture,RNA
Cytoplasm_Texture_SumVariance_RNA_10_02_256,0.38482688466135506,0.04650847150893045,0.0004641918340183606,0.5682004519956961,145477.42135324288,Cytoplasm,Texture,RNA
Cytoplasm_Texture_Variance_DNA_5_02_256,0.39655678254536747,0.024922107143025493,0.001095424123133333,0.5774256861884737,153525.2496177656,Cytoplasm,Texture,DNA
Nuclei_Texture_DifferenceVariance_Mito_10_01_256,0.03860786590349388,0.08772942524999612,0.0023177084885119175,0.8713450003579981,59750.685925505146,Nuclei,Texture,Mito
Image_Intensity_MinIntensity_RNA,0.14179879827848896,0.022621059769936176,0.004605708284932783,0.8309744336666421,17753.357423932008,Image,Intensity,RNA
Nuclei_AreaShape_Zernike_8_0,0.14843369422713007,0.010700662107333031,0.00045693868296446026,0.8404087049825725,28914.391605653385,Nuclei,AreaShape,
Nuclei_Intensity_MassDisplacement_RNA,0.3096230726816346,0.042003811133668724,0.0021422950822024105,0.6462308211024942,80544.35814392375,Nuclei,Intensity,RNA
Image_Texture_DifferenceVariance_RNA_5_00_256,0.34054780881066304,0.04475783462175389,0.0012429486004602074,0.6134514079671227,60144.36172505708,Image,Texture,RNA
Cells_Texture_Variance_Mito_3_00_256,0.42827903075229395,0.038516314518128564,0.0020312277471997136,0.5311734269823777,162111.7564001726,Cells,Texture,Mito
Cytoplasm_RadialDistribution_RadialCV_mito_tubeness_10of16,0.24742664520986218,0.03779838314510532,0.0029370825088546955,0.7118378891361777,67755.03772157819,Cytoplasm,RadialDistribution,
Cells_Texture_Variance_AGP_5_01_256,0.36735155954693294,0.04876080049655356,0.003550859404636122,0.5803367805518774,163028.64239858562,Cells,Texture,AGP
Cytoplasm_Texture_SumAverage_Mito_10_00_256,0.20995013196066392,0.054969784441227035,0.003843747455684528,0.7312363361424246,58887.39349114166,Cytoplasm,Texture,Mito
Nuclei_Correlation_RWC_Mito_AGP,0.2666755746966492,0.018388607101103887,0.00066164786292041,0.7142741703393265,39230.63868415274,Nuclei,Correlation,AGP
Nuclei_Intensity_MaxIntensity_ER,0.2750502270055459,0.051380552352392625,0.0022643880567693323,0.6713048325852923,87749.34525552849,Nuclei,Intensity,ER
Nuclei_Texture_DifferenceEntropy_Mito_3_03_256,0.35814983726898014,0.052467324170817134,0.0035968838113666956,0.5857859547488361,110704.67782171944,Nuclei,Texture,Mito
Cells_Texture_Entropy_RNA_3_02_256,0.11616025648526725,0.0477730702252784,0.0012598351891568828,0.8348068381002974,73715.49632381168,Cells,Texture,RNA
Cells_Correlation_Manders_DNA_ER,0.08462312964579419,0.03652408536872495,0.02690443026306127,0.8519483547224196,108676.7580312239,Cells,Correlation,DNA
Cytoplasm_Texture_InfoMeas1_DNA_10_03_256,0.17027897703676964,0.10662673978556142,0.0006475948749055592,0.7224466883027634,123851.13385054104,Cytoplasm,Texture,DNA
Cells_Correlation_Manders_Mito_RNA,0.20907038923246607,0.021719697925617,0.004226227644551978,0.764983685197365,33132.16291823349,Cells,Correlation,Mito
Image_Texture_Variance_RNA_10_01_256,0.3148184931221667,0.021355973830490264,0.0013358264793851375,0.6624897065679579,30613.927753000215,Image,Texture,RNA
Cells_Texture_DifferenceVariance_AGP_5_01_256,0.08901291237374971,0.06443841046646737,0.0010386810280078275,0.8455099961317751,62545.29800197631,Cells,Texture,AGP
Cells_RadialDistribution_FracAtD_mito_tubeness_13of20,0.25922612474848583,0.03345030447644419,0.000924292010249654,0.7063992787648203,44598.58184815323,Cells,RadialDistribution,
Nuclei_Texture_InverseDifferenceMoment_AGP_5_00_256,0.19412832072261704,0.042025810241790536,0.0039283906889393035,0.7599174783466531,54447.4265494425,Nuclei,Texture,AGP
Nuclei_Texture_Contrast_AGP_10_03_256,0.3747603375362203,0.04450415688275215,0.0035181929049489186,0.5772173126760785,162090.56486395502,Nuclei,Texture,AGP
Cytoplasm_Texture_SumVariance_ER_10_02_256,0.3379967679298596,0.048104785855075285,0.0008520312620701923,0.6130464149529951,132412.33142037017,Cytoplasm,Texture,ER
Cytoplasm_Texture_InfoMeas1_ER_3_03_256,0.17640757630193124,0.029461199556710102,0.001721389635575218,0.7924098345057834,43649.15088009536,Cytoplasm,Texture,ER
Cytoplasm_Texture_Variance_ER_10_03_256,0.36240178422748287,0.047253007539353936,0.0013930796722508903,0.5889521285609122,148009.96635525153,Cytoplasm,Texture,ER
Nuclei_Texture_InverseDifferenceMoment_Mito_3_01_256,0.3351977256759136,0.05384391450807075,0.006057680626940733,0.604900679189075,99733.74758471426,Nuclei,Texture,Mito
Cells_Intensity_MassDisplacement_ER,0.1945853335241846,0.039415728340989366,0.004086664129292363,0.7619122740055337,86086.45418964955,Cells,Intensity,ER
Cells_Granularity_2_AGP,0.3159251902462279,0.03537267976159295,0.0007480986876805816,0.6479540313044986,77718.90700154015,Cells,Granularity,AGP
Cells_Intensity_MeanIntensity_RNA,0.2132346020999827,0.027083154440222478,0.007881178541986625,0.7518010649178082,56265.43197751418,Cells,Intensity,RNA
Cytoplasm_Texture_AngularSecondMoment_AGP_5_02_256,0.17281791793090062,0.04879835714990985,0.0020116751306180286,0.7763720497885717,75146.45014512056,Cytoplasm,Texture,AGP
Image_Intensity_StdIntensity_DNA,0.38465600980770825,0.0427693759461287,0.003012126860931302,0.5695624873852317,49668.38889396774,Image,Intensity,DNA
Image_Texture_DifferenceEntropy_ER_3_02_256,0.4691262803377008,0.055994443398696615,0.002048509433879545,0.4728307668297231,90304.00236208731,Image,Texture,ER
Nuclei_Texture_InfoMeas2_AGP_5_00_256,0.29751358610633977,0.02724191407196625,0.0009562194723820919,0.674288280349312,58350.57460923691,Nuclei,Texture,AGP
Cytoplasm_Texture_Variance_AGP_5_03_256,0.36570508893005904,0.04766523436308923,0.004144663728152067,0.5824850129786996,144706.57959488043,Cytoplasm,Texture,AGP
Image_Texture_InfoMeas2_Mito_3_00_256,0.4585613093332785,0.05294786503279357,0.003412645749870806,0.4850781798840572,201106.03055145656,Image,Texture,Mito
Cytoplasm_Texture_DifferenceVariance_RNA_5_01_256,0.07226432242648421,0.07778575255263663,0.001339946039639829,0.8486099789812394,93346.57643159476,Cytoplasm,Texture,RNA
Cells_Correlation_Manders_RNA_ER,0.1342776819165737,0.04750672021764456,0.0024701867042298464,0.8157454111615519,29910.489776309485,Cells,Correlation,ER
Cytoplasm_Texture_Entropy_ER_3_00_256,0.19298143012918612,0.051620747263212016,0.0014842917928533448,0.7539135308147487,79742.17709943518,Cytoplasm,Texture,ER
Image_Texture_InverseDifferenceMoment_Mito_10_02_256,0.4373628704063326,0.041579492389036965,0.0026338732279323498,0.5184237639766981,51095.29574302276,Image,Texture,Mito
Cells_RadialDistribution_RadialCV_mito_tubeness_1of16,0.36849480170027604,0.02747808156483947,0.0008608992105363382,0.6031662175243481,48350.08604079294,Cells,RadialDistribution,
Nuclei_Texture_InfoMeas2_AGP_5_03_256,0.2996330683094388,0.02934433236109503,0.0012550816490460427,0.6697675176804202,66367.05828644693,Nuclei,Texture,AGP
Nuclei_Granularity_1_RNA,0.1805234798078304,0.06754406275261683,0.0019627677122090693,0.7499696897273437,50900.53576457807,Nuclei,Granularity,RNA
Nuclei_Texture_DifferenceEntropy_DNA_10_02_256,0.3267412644640119,0.04412664857076271,0.006331540640130466,0.622800546325095,118844.27620383022,Nuclei,Texture,DNA
Nuclei_AreaShape_Zernike_6_0,0.11509154368833249,0.012358470398990636,0.0008574523730036345,0.8716925335396732,26506.666222389988,Nuclei,AreaShape,
Nuclei_Texture_DifferenceVariance_AGP_5_03_256,0.06265083652043167,0.06293079413272328,0.001463992788707597,0.8729543765581375,48283.009832068245,Nuclei,Texture,AGP
Cells_Texture_DifferenceVariance_AGP_3_01_256,0.09530379689121253,0.062467367923571035,0.0010536365330002383,0.8411751986522162,58145.074948717105,Cells,Texture,AGP
Image_Texture_InverseDifferenceMoment_AGP_10_00_256,0.4802990277041187,0.037504680756996964,0.0015889712384824799,0.48060732030040176,50422.502100659534,Image,Texture,AGP
Cells_Correlation_K_RNA_DNA,0.27215624924775383,0.0602926419593846,0.0025142559861927823,0.6650368528066688,83565.1232064225,Cells,Correlation,DNA
Cells_RadialDistribution_RadialCV_RNA_4of4,0.28614826859538095,0.04531697166506182,0.004371869356327249,0.66416289038323,70872.28985595274,Cells,RadialDistribution,RNA
Cytoplasm_Intensity_StdIntensity_Mito,0.32150555553955945,0.04780627135819328,0.002041769453520059,0.6286464036487271,90075.35413842254,Cytoplasm,Intensity,Mito
Image_Texture_SumEntropy_Mito_3_02_256,0.4404911490948004,0.04908561881318624,0.003355289887518586,0.5070679422044947,80855.49571660312,Image,Texture,Mito
Cells_Texture_SumVariance_DNA_3_01_256,0.44369673680602956,0.03961767755945112,0.0024618038163477618,0.5142237818181715,216754.3733314068,Cells,Texture,DNA
Cytoplasm_RadialDistribution_MeanFrac_mito_tubeness_9of16,0.06267409124541992,0.10842489934699368,0.14855209347860296,0.6803489159289834,433957.4849708757,Cytoplasm,RadialDistribution,
Nuclei_Texture_Correlation_DNA_10_02_256,0.2237181432975335,0.03049215503038313,0.005906607528063331,0.73988309414402,82719.53597482064,Nuclei,Texture,DNA
Image_Texture_InfoMeas1_DNA_5_00_256,0.21972370427094967,0.06546138768887984,0.0026403356068177746,0.7121745724333527,53751.947674891424,Image,Texture,DNA
Cytoplasm_Granularity_8_Mito,0.23394715883897413,0.04160545797777992,0.0025838069647409817,0.7218635762185049,85758.45115260898,Cytoplasm,Granularity,Mito
Image_Texture_InverseDifferenceMoment_AGP_5_01_256,0.4730002607427193,0.0396241137717922,0.0012149429928014575,0.486160682492687,48085.735515565786,Image,Texture,AGP
Image_Texture_DifferenceVariance_RNA_10_03_256,0.41548036140955585,0.04060380329938523,0.0017025955841445677,0.5422132397069144,86566.47686545737,Image,Texture,RNA
Cells_Texture_DifferenceEntropy_Mito_10_01_256,0.19873747343970674,0.05604713277592331,0.002185383479589447,0.7430300103047804,65992.5134167356,Cells,Texture,Mito
Image_Texture_AngularSecondMoment_DNA_10_02_256,0.3957314434339435,0.05206519388359387,0.005464975733363196,0.5467383869490994,44358.065442129606,Image,Texture,DNA
Image_Texture_DifferenceVariance_ER_5_02_256,0.37013937772894756,0.032364197408037094,0.0044400132235363115,0.5930564116394791,50688.97156466183,Image,Texture,ER
Cells_Granularity_12_Mito,0.26917521770587116,0.024335946351828883,0.0006465858514441932,0.7058422500908557,37368.91069537803,Cells,Granularity,Mito
Cytoplasm_Texture_InverseDifferenceMoment_RNA_3_03_256,0.1512303424883909,0.04565591648115961,0.0007891430500763636,0.802324597980373,81176.29204917973,Cytoplasm,Texture,RNA
Image_ImageQuality_LocalFocusScore_OrigDNA_10,0.13870214994254626,0.022534921353731797,0.0039475516016721736,0.8348153771020498,45404.97397133115,Image,ImageQuality,
Image_Intensity_MeanIntensity_DNA_BackgroundOnly,0.07446575758389541,0.027329859714750986,0.002550651910055995,0.8956537307912976,68129.67375017072,Image,Intensity,DNA
Cells_Texture_InfoMeas2_DNA_5_00_256,0.163092532219859,0.03978550207065363,0.005606430839537297,0.7915155348699502,100498.3183874097,Cells,Texture,DNA
Nuclei_Texture_AngularSecondMoment_RNA_10_03_256,0.15264032571426092,0.07637795994386892,0.0009243279642500092,0.7700573863776201,101856.98067538327,Nuclei,Texture,RNA
Cytoplasm_RadialDistribution_FracAtD_mito_tubeness_Overflow,0.0,0.0,0.0,0.0,0.0,Cytoplasm,RadialDistribution,
Cells_Texture_DifferenceEntropy_Mito_3_02_256,0.2583771330624621,0.053747110956082374,0.0023607196473824734,0.685515036334073,70216.60598617105,Cells,Texture,Mito
Image_Intensity_MeanIntensity_RNA,0.47562848515686623,0.031836938846173134,0.0015717905270882732,0.49096278546987243,31129.644747604725,Image,Intensity,RNA
Cells_AreaShape_Eccentricity,0.2502330611603613,0.03539404674553132,0.0009351084685423216,0.713437783625565,79427.09919201671,Cells,AreaShape,
Cells_RadialDistribution_RadialCV_AGP_3of4,0.2894764817040199,0.034021346804976156,0.0023803106225853527,0.6741218608684186,85159.46479898226,Cells,RadialDistribution,AGP
Nuclei_Texture_DifferenceEntropy_DNA_10_01_256,0.2308386967833932,0.05204034107882222,0.006478965788261533,0.710641996349523,96065.89625083227,Nuclei,Texture,DNA
Cells_RadialDistribution_FracAtD_mito_tubeness_1of16,0.43040161854184716,0.04131704516808773,0.0018565593028225733,0.5264247769872424,176431.82413069747,Cells,RadialDistribution,
Nuclei_Correlation_Manders_DNA_Mito,0.32709525518528204,0.017464301612616088,0.0022435826559892027,0.6531968605461127,92733.49676554627,Nuclei,Correlation,DNA
Cells_Texture_InverseDifferenceMoment_AGP_3_02_256,0.15007323730994754,0.04208561326262995,0.0014600863100840903,0.8063810631173384,64924.867165092495,Cells,Texture,AGP
Cells_Correlation_RWC_DNA_AGP,0.1596904000786287,0.03628076319967247,0.002030168994962451,0.8019986677267364,55163.67218743911,Cells,Correlation,AGP
Cells_Texture_Variance_Mito_5_01_256,0.4287380738704722,0.038618070093886375,0.002064048457890058,0.5305798075777513,163684.9085485074,Cells,Texture,Mito
Cytoplasm_Texture_Correlation_AGP_5_00_256,0.12772622100017544,0.07801528655725301,0.005245977494080475,0.789012514948491,90079.58779567626,Cytoplasm,Texture,AGP
Cells_Texture_SumEntropy_Mito_3_02_256,0.13428948772014493,0.058307080966602275,0.0034320816393317746,0.803971349673921,50960.42480811731,Cells,Texture,Mito
Cytoplasm_RadialDistribution_MeanFrac_mito_tubeness_5of16,0.03404837509271377,0.04146468857848797,0.016324801194544686,0.9081621351342536,281761.5710871011,Cytoplasm,RadialDistribution,
Image_Texture_Variance_Mito_10_02_256,0.1449828743746421,0.017398478173500383,0.0027920160694874063,0.8348266313823701,36892.528565879256,Image,Texture,Mito
Nuclei_Texture_DifferenceVariance_RNA_5_01_256,0.07676796534791426,0.09188911722502326,0.0006248861538314,0.8307180312732311,87915.56124504344,Nuclei,Texture,RNA
Cytoplasm_Texture_DifferenceEntropy_RNA_3_02_256,0.19637371726807684,0.04849493212182783,0.002529223335840737,0.7526021272742547,89427.55677696253,Cytoplasm,Texture,RNA
Cells_Granularity_11_ER,0.24787012930172708,0.03789153637369264,0.0033930637952613108,0.710845270529319,50061.97610742801,Cells,Granularity,ER
Cells_Texture_InfoMeas1_Mito_10_03_256,0.37527514166001014,0.03473489626775625,0.004210150593811785,0.585779811478422,109107.31503646116,Cells,Texture,Mito
Image_Texture_SumVariance_DNA_10_00_256,0.19850676716840687,0.04241063112057912,0.006617420690682512,0.7524651810203316,44302.196278838615,Image,Texture,DNA
Cytoplasm_Granularity_7_Mito,0.3728383885503464,0.026342176996161603,0.0032166715718301322,0.5976027628816619,122150.01794812281,Cytoplasm,Granularity,Mito
Cytoplasm_RadialDistribution_RadialCV_mito_tubeness_9of16,0.04905697614160646,0.16369147690249214,0.010987736417154628,0.7762638105387467,619540.4408993458,Cytoplasm,RadialDistribution,
Nuclei_Correlation_Overlap_Mito_RNA,0.21963848994656987,0.017495915014606837,0.004806132873905357,0.7580594621649179,31433.414123672388,Nuclei,Correlation,Mito
Nuclei_Texture_Entropy_DNA_3_01_256,0.3250033461114525,0.04573958479335862,0.00836675223414266,0.6208903168610462,110148.77880671271,Nuclei,Texture,DNA
Nuclei_Texture_InverseDifferenceMoment_DNA_5_01_256,0.29438290292268343,0.0349440529011874,0.00962004073010927,0.6610530034460199,92692.52953220933,Nuclei,Texture,DNA
Cells_Granularity_10_DNA,0.4406020452631021,0.022697270928621154,0.00144765564363014,0.5352530281646466,86658.14278594701,Cells,Granularity,DNA
Cytoplasm_Correlation_Manders_DNA_AGP,0.1436849012539451,0.12080711647162923,0.10737771856677548,0.6281302637076501,427684.4939842955,Cytoplasm,Correlation,AGP
Cells_Texture_SumVariance_RNA_3_03_256,0.3668748329724042,0.04835200601570113,0.0008387620689700413,0.5839343989429245,143946.1717133632,Cells,Texture,RNA
Cytoplasm_AreaShape_MinorAxisLength,0.2531664239447835,0.036163472632714654,0.0013990472852593299,0.7092710561372424,140010.33112416582,Cytoplasm,AreaShape,
Nuclei_Texture_Correlation_DNA_5_01_256,0.19333368896444805,0.03449007972621813,0.010277397390699144,0.7618988339186348,79831.13407178836,Nuclei,Texture,DNA
Cytoplasm_Texture_DifferenceEntropy_RNA_3_03_256,0.19114259026995545,0.048409204086653196,0.001969529511320848,0.7584786761320705,89995.99110119567,Cytoplasm,Texture,RNA
Cells_Texture_DifferenceVariance_RNA_3_02_256,0.06159032134137585,0.08046629644172609,0.0010771415010607881,0.8568662407158373,94544.55679923293,Cells,Texture,RNA
Cytoplasm_Texture_InfoMeas1_DNA_3_03_256,0.2001996913920952,0.04043330361828089,0.0030513245458023324,0.7563156804438216,72758.91602335038,Cytoplasm,Texture,DNA
Nuclei_Granularity_14_ER,0.341721779988389,0.02828176412421222,0.0037658685586226173,0.6262305873287761,43117.374144848145,Nuclei,Granularity,ER
Cells_Texture_Entropy_DNA_3_01_256,0.24756218190979257,0.034847802232993705,0.007315575499358396,0.7102744403578553,109164.27473725134,Cells,Texture,DNA
Cytoplasm_Texture_Correlation_DNA_5_02_256,0.10417309473858541,0.04330990412978151,0.0018609723434820044,0.850656028788151,57081.553486502526,Cytoplasm,Texture,DNA
Image_Texture_Correlation_DNA_5_02_256,0.3302856933710108,0.03570345438619593,0.0009283219191761421,0.633082530323617,125239.76198984927,Image,Texture,DNA
Nuclei_Correlation_K_AGP_ER,0.15489225731274525,0.03228231615737661,0.001304418315738944,0.8115210082141393,42284.334989325755,Nuclei,Correlation,AGP
Image_ImageQuality_TotalIntensity_OrigER,0.487581610248542,0.03235388628546271,0.0015959382874136262,0.4784685651785816,36747.59843602785,Image,ImageQuality,
Image_Texture_Entropy_DNA_10_00_256,0.46715767494350147,0.04281517981154742,0.0041042125218293864,0.4859229327231216,46801.90666633049,Image,Texture,DNA
Cytoplasm_Intensity_UpperQuartileIntensity_ER,0.25061097402327537,0.04349643771244599,0.0034139152033028394,0.7024786730609758,80327.1456000233,Cytoplasm,Intensity,ER
Nuclei_Texture_Correlation_DNA_3_01_256,0.09903247804112984,0.04782000851547847,0.01406488289725101,0.8390826305461406,49383.90072651352,Nuclei,Texture,DNA
Nuclei_Texture_AngularSecondMoment_RNA_5_01_256,0.11766239939151207,0.08168184782184851,0.0016512474109808912,0.7990045053756586,98372.44081027224,Nuclei,Texture,RNA
Cells_Intensity_IntegratedIntensity_DNA,0.24730055736248338,0.03700217275448243,0.0009301520529054154,0.7147671178301288,114087.01783870769,Cells,Intensity,DNA
Image_Texture_AngularSecondMoment_DNA_3_01_256,0.3303437769949445,0.062355187266296616,0.006640659222204951,0.6006603765165538,41868.09550204442,Image,Texture,DNA
Cells_Texture_InfoMeas1_AGP_3_01_256,0.1629347646823506,0.06348830619330335,0.0011209757470359981,0.7724559533773101,78044.05581559344,Cells,Texture,AGP
Cells_Texture_SumEntropy_ER_10_02_256,0.13256743624241601,0.05291096509663689,0.0008590023377294527,0.8136625963232176,90825.98719285522,Cells,Texture,ER
Image_ImageQuality_LocalFocusScore_OrigAGP_5,0.3384302800129236,0.0758868633406078,0.0036425318871759964,0.5820403247592927,198066.98044774018,Image,ImageQuality,
Cytoplasm_Texture_Variance_Mito_10_01_256,0.38863624035050565,0.033118750205422584,0.002873716747854706,0.5753712926962171,127392.34001209566,Cytoplasm,Texture,Mito
Image_Texture_Variance_RNA_10_02_256,0.3149876225849416,0.0217352954295992,0.001353726238702769,0.6619233557467564,30679.16828487982,Image,Texture,RNA
Cells_Correlation_K_Mito_AGP,0.1298670258480794,0.034396615638371285,0.0008868439601105205,0.8348495145534387,21684.886829304407,Cells,Correlation,AGP
Nuclei_Correlation_RWC_RNA_Mito,0.23984299315134372,0.011790620053015234,0.0025544941424877994,0.7458118926531532,48877.42857957448,Nuclei,Correlation,Mito
Nuclei_Texture_InfoMeas2_DNA_10_02_256,0.33626861481802395,0.04607630611953763,0.006948407883015647,0.6107066711794228,109028.72806922466,Nuclei,Texture,DNA
Image_ImageQuality_LocalFocusScore_OrigAGP_50,0.47130728802833377,0.06415799584921444,0.0003979520240348902,0.4641367640984169,462985.67754568375,Image,ImageQuality,
Nuclei_Texture_InverseDifferenceMoment_AGP_10_03_256,0.2826940678865033,0.035234536877079434,0.0011408636334023885,0.6809305316030149,60954.389940377725,Nuclei,Texture,AGP
Image_Texture_InfoMeas2_ER_5_03_256,0.48518621149638225,0.05415955760643987,0.001935813396886552,0.45871841750029135,260761.25184755848,Image,Texture,ER
Cytoplasm_AreaShape_Zernike_9_5,0.23986584423316762,0.026995536418638034,0.0018849996595475536,0.7312536196886468,49974.78433627548,Cytoplasm,AreaShape,
Cytoplasm_Texture_AngularSecondMoment_DNA_3_02_256,0.07138439210830164,0.04403198173047479,0.0037304635740698813,0.8808531625871536,59475.00046636691,Cytoplasm,Texture,DNA
Image_Texture_SumAverage_AGP_10_01_256,0.4757721179189591,0.03372358861424563,0.0015912396541297197,0.4889130538126656,32442.335310453098,Image,Texture,AGP
Nuclei_Texture_Correlation_ER_10_01_256,0.09923546393209202,0.08486978471508788,0.0010821073882215908,0.8148126439645985,118082.74090517127,Nuclei,Texture,ER
Nuclei_Texture_Variance_DNA_10_02_256,0.48470721625110114,0.04130973601541022,0.0022353018012528604,0.4717477459322358,252135.2210290714,Nuclei,Texture,DNA
Cytoplasm_RadialDistribution_MeanFrac_mito_tubeness_4of16,0.036614368176194484,0.03572931089183326,0.0021433802154702977,0.9255129407165019,177951.65414543278,Cytoplasm,RadialDistribution,
Cytoplasm_Intensity_MinIntensityEdge_Mito,0.07744101397997488,0.024637357789247485,0.004831853194563466,0.8930897750362141,19108.499491880757,Cytoplasm,Intensity,Mito
Cytoplasm_Texture_Correlation_Mito_10_03_256,0.33562048773883146,0.008416723955142518,0.003260271169875137,0.6527025171361509,65446.03007312129,Cytoplasm,Texture,Mito
Cytoplasm_Texture_InfoMeas2_RNA_10_03_256,0.137868581555533,0.045617051167826245,0.0027312587645477405,0.8137831085120931,71569.40705327764,Cytoplasm,Texture,RNA
Image_Texture_InfoMeas1_RNA_3_00_256,0.22361584659352784,0.027398219725679872,0.0013631415207203963,0.7476227921600718,39219.13524161084,Image,Texture,RNA
Nuclei_RadialDistribution_RadialCV_ER_4of4,0.3039615251490587,0.035114155955857734,0.002909244959197062,0.6580150739358864,73708.06589923838,Nuclei,RadialDistribution,ER
Cells_Texture_DifferenceEntropy_DNA_10_02_256,0.2674843420056846,0.03366029051459106,0.006417984289654535,0.6924373831900698,132808.4918140417,Cells,Texture,DNA
Cytoplasm_Texture_AngularSecondMoment_DNA_10_02_256,0.08921604936891052,0.039176111523526395,0.005950115421793907,0.8656577236857692,60123.9368722948,Cytoplasm,Texture,DNA
Image_ImageQuality_FocusScore_OrigAGP,0.30713226443185326,0.02251807943554434,0.005528797269959561,0.6648208588626429,51994.716112616516,Image,ImageQuality,
Cytoplasm_Texture_SumEntropy_ER_3_00_256,0.17362861984008904,0.0532126976177331,0.0012073831762282952,0.7719512993659495,84841.16989714128,Cytoplasm,Texture,ER
Cytoplasm_Texture_Correlation_Mito_10_01_256,0.3333403228363309,0.008371474982622681,0.004078095794986829,0.6542101063860596,66386.78787637304,Cytoplasm,Texture,Mito
Image_Texture_Entropy_AGP_3_03_256,0.46197826415269166,0.050822874349021045,0.0013596879398210986,0.48583917355846634,82381.96524707734,Image,Texture,AGP
Image_Texture_AngularSecondMoment_RNA_3_03_256,0.48299607507280073,0.04728300046277674,0.0071501354720365715,0.46257078899238596,183746.21191287006,Image,Texture,RNA
Image_Intensity_StdIntensity_Mito_BackgroundOnly,0.06393807893353856,0.014461585246456245,0.0022544659581296834,0.9193458698618755,25849.556895255613,Image,Intensity,Mito
Image_Texture_DifferenceEntropy_AGP_3_02_256,0.46499760702289467,0.04824829543533109,0.0014928274219526204,0.4852612701198215,81530.8024028822,Image,Texture,AGP
Nuclei_Correlation_RWC_Mito_RNA,0.25166861521827455,0.012174356185625266,0.003994950021872019,0.7321620785742281,35864.5546410851,Nuclei,Correlation,Mito
Nuclei_Texture_DifferenceVariance_DNA_10_03_256,0.13665774703542405,0.031977948854073276,0.020893557567091783,0.8104707465434109,54742.83578635149,Nuclei,Texture,DNA
Nuclei_Texture_SumEntropy_DNA_3_03_256,0.3618304230853648,0.04158419487703285,0.006397004430852847,0.5901883776067495,132625.8782936419,Nuclei,Texture,DNA
Cells_Texture_AngularSecondMoment_ER_5_02_256,0.10459753144867008,0.05883305927462169,0.0024340565119243362,0.8341353527647839,97946.60705049959,Cells,Texture,ER
Nuclei_Correlation_K_ER_DNA,0.2515953871279215,0.060481098424097775,0.0026261000364305865,0.6852974144115502,74877.18302166593,Nuclei,Correlation,DNA
Cytoplasm_Texture_InfoMeas1_ER_10_00_256,0.2720607881623816,0.03272022073310425,0.0031222358719695995,0.6920967552325445,97570.5858942772,Cytoplasm,Texture,ER
Image_Texture_SumAverage_DNA_10_00_256,0.46195343370091935,0.039545718694349606,0.0013788174997680378,0.49712203010496303,33891.15875196104,Image,Texture,DNA
Cells_Correlation_RWC_Mito_DNA,0.2519194391022099,0.034619718660300565,0.004717597170901577,0.7087432450665879,82279.80304419537,Cells,Correlation,DNA
Nuclei_Location_MaxIntensity_Z_RNA,0.0,0.0,0.0,0.0,0.0,Nuclei,Location,RNA
Image_Texture_SumVariance_AGP_5_03_256,0.3091726386948252,0.01304585835330973,0.001765627250315857,0.6760158757015492,39152.67544121852,Image,Texture,AGP
Cytoplasm_Texture_Contrast_Mito_5_03_256,0.4228248204601123,0.03268533368757221,0.0024921906818075406,0.5419976551705078,154001.10039608052,Cytoplasm,Texture,Mito
Cytoplasm_Granularity_3_ER,0.2748848803353122,0.06079401169598119,0.002494690898201781,0.6618264170705047,99576.72394471301,Cytoplasm,Granularity,ER
Cells_RadialDistribution_MeanFrac_Mito_3of4,0.11770194659232298,0.03557859145195782,0.008375011496798231,0.8383444504589209,57562.7146722235,Cells,RadialDistribution,Mito
Cytoplasm_RadialDistribution_FracAtD_mito_tubeness_13of20,0.23018969239847514,0.02371136597662658,0.002324114482933262,0.743774827141965,49596.16494872117,Cytoplasm,RadialDistribution,
Nuclei_Texture_Correlation_Mito_10_02_256,0.3798375425168885,0.019780974973996335,0.004041519574939448,0.5963399629341757,62642.92057247207,Nuclei,Texture,Mito
Image_Texture_Contrast_ER_5_03_256,0.27547378123545235,0.017080888474136312,0.001482235163145139,0.7059630951272663,23816.06454726455,Image,Texture,ER
Cells_Texture_Variance_RNA_10_03_256,0.3736952118904459,0.04714099998150543,0.0008843119657260679,0.5782794761623227,150736.34251395304,Cells,Texture,RNA
Image_Texture_InverseDifferenceMoment_AGP_10_01_256,0.47905089360459413,0.03785811096550562,0.001816568095847994,0.48127442733405235,54031.097889161974,Image,Texture,AGP
Nuclei_Texture_SumEntropy_RNA_5_01_256,0.13175852248695127,0.051758316435076925,0.0008063469943086231,0.8156768140836632,44776.113523494234,Nuclei,Texture,RNA
Cells_Texture_Variance_ER_3_01_256,0.3615712499186933,0.046251311167907,0.0011970022360002126,0.5909804366773995,141695.5065775555,Cells,Texture,ER
Nuclei_Correlation_Manders_AGP_RNA,0.36919452687387094,0.02687408236959098,0.007897044025997498,0.5960343467305407,191985.2472763267,Nuclei,Correlation,AGP
Cells_Texture_DifferenceVariance_Mito_3_02_256,0.04144857290841429,0.09351201863555486,0.0018587401040321956,0.8631806683519987,55107.2142670084,Cells,Texture,Mito
Cytoplasm_Texture_InverseDifferenceMoment_RNA_3_01_256,0.15062095615185844,0.04615559657009776,0.0007573897061213085,0.8024660575719226,81609.41516196949,Cytoplasm,Texture,RNA
Image_Intensity_MedianIntensity_Mito,0.21792026890620073,0.026071825320335272,0.0028853062460239033,0.7531225995274402,17464.409486139877,Image,Intensity,Mito
Cytoplasm_RadialDistribution_RadialCV_mito_tubeness_20of20,0.11273276191567876,0.076290417130466,0.004697813180712164,0.8062790077731431,39728.84252229796,Cytoplasm,RadialDistribution,
Nuclei_Texture_DifferenceEntropy_AGP_3_02_256,0.15673822089667272,0.052212087086391586,0.0013161387111156116,0.7897335533058201,59645.101390220174,Nuclei,Texture,AGP
Cells_Texture_InfoMeas2_ER_5_03_256,0.13950301962950035,0.053700884504055135,0.00123465588336273,0.8055614399830818,52150.27141108132,Cells,Texture,ER
Cytoplasm_RadialDistribution_MeanFrac_RNA_4of4,0.30478491771711946,0.0304819225765226,0.0033212751630844906,0.6614118845432735,115109.38313270049,Cytoplasm,RadialDistribution,RNA
Image_Texture_AngularSecondMoment_AGP_10_01_256,0.4512351842180089,0.06018773843059008,0.002286657415561654,0.4862904199358393,178552.08956683753,Image,Texture,AGP
Cells_Texture_InfoMeas2_Mito_3_01_256,0.08945831660405687,0.0780830700080899,0.0014718736240431438,0.8309867397638101,60899.93214320441,Cells,Texture,Mito
Image_Texture_SumAverage_DNA_10_03_256,0.4616163745952359,0.04041188172002839,0.0013872916024393516,0.49658445208229623,33883.94542304607,Image,Texture,DNA
Cells_Texture_InfoMeas2_AGP_10_02_256,0.1992487522476021,0.04688868058934524,0.0020687488664855357,0.751793818296567,48317.86769346018,Cells,Texture,AGP
Cytoplasm_RadialDistribution_MeanFrac_mito_tubeness_18of20,0.031651386366370556,0.15100807150275386,0.007630863217374137,0.8097096789135014,204577.4113867835,Cytoplasm,RadialDistribution,
Image_Texture_InverseDifferenceMoment_RNA_5_00_256,0.4801224555021214,0.037244539617475696,0.005112341331803389,0.4775206635485995,45589.10489945281,Image,Texture,RNA
Nuclei_Texture_InfoMeas2_ER_10_01_256,0.16939527159664602,0.040049939344129065,0.0027127703384769502,0.7878420187207479,50857.17106954818,Nuclei,Texture,ER
Image_Texture_AngularSecondMoment_AGP_3_02_256,0.4400267380326824,0.0631960957604442,0.002085732417062877,0.49469143378981056,164612.93042032857,Image,Texture,AGP
Cells_Texture_Variance_ER_3_00_256,0.36247798986397395,0.046196792933820785,0.001156517539821549,0.5901686996623836,142000.75333030184,Cells,Texture,ER
Nuclei_Texture_InfoMeas2_RNA_5_02_256,0.14902568349466147,0.04871108940092907,0.001827824707405476,0.8004354023970041,46279.6516854635,Nuclei,Texture,RNA
Image_Texture_Contrast_Mito_10_02_256,0.21005419707559467,0.009173515370709026,0.002008640481383742,0.7787636470723126,29050.633049880238,Image,Texture,Mito
Cytoplasm_Granularity_2_AGP,0.2619256655262679,0.035485091164046835,0.0008231293641059163,0.7017661139455793,72297.68619799797,Cytoplasm,Granularity,AGP
Nuclei_Granularity_2_RNA,0.20364216834841528,0.03457248839298815,0.002813203942521314,0.7589721393160753,46482.23048833453,Nuclei,Granularity,RNA
Nuclei_Texture_SumVariance_AGP_10_02_256,0.3529139015300886,0.04597869718296049,0.0037382608866255163,0.5973691404003253,149950.93196571612,Nuclei,Texture,AGP
Image_Texture_AngularSecondMoment_ER_3_01_256,0.48823132307091366,0.04283827463284255,0.0030531048708216176,0.4658772974254223,164770.54724717722,Image,Texture,ER
Cytoplasm_Texture_Correlation_DNA_5_01_256,0.04942862486966968,0.03663464071062657,0.0015590082328055632,0.9123777261868982,52499.68816856379,Cytoplasm,Texture,DNA
Image_Intensity_TotalIntensity_RNA,0.47563224867113246,0.031835126621212365,0.0015761243892642002,0.490956500318391,31132.88200505157,Image,Intensity,RNA
Cells_Correlation_Manders_ER_Mito,0.3431782785003098,0.03003432312811649,0.0013460706522076039,0.6254413277193661,85076.41675486119,Cells,Correlation,ER
Nuclei_Correlation_Correlation_AGP_DNA,0.3177934338797975,0.013451665635559284,0.0021068472898672216,0.666648053194776,39598.461470468465,Nuclei,Correlation,AGP
Cells_Correlation_Correlation_DNA_Mito,0.20278886519158484,0.055918732476502045,0.003535397957721866,0.7377570043741912,55431.68643559248,Cells,Correlation,DNA
Cells_Texture_DifferenceEntropy_ER_10_00_256,0.17282061112405003,0.04828954252396438,0.000945885436246276,0.7779439609157394,105541.18106473124,Cells,Texture,ER
Nuclei_RadialDistribution_MeanFrac_DNA_3of4,0.10807904630300905,0.03569676821064885,0.0021476466033464336,0.8540765388829957,87711.58892399009,Nuclei,RadialDistribution,DNA
Nuclei_Texture_InverseDifferenceMoment_AGP_3_00_256,0.17229069327256885,0.04397259263802451,0.004765378331975995,0.7789713357574306,53368.67478734126,Nuclei,Texture,AGP
Nuclei_Texture_InverseDifferenceMoment_RNA_3_02_256,0.16691587140986877,0.043144935101867406,0.0014015369165846193,0.7885376565716793,49338.02729311763,Nuclei,Texture,RNA
Cytoplasm_Texture_Contrast_Mito_5_00_256,0.4262294892755336,0.03188273888132363,0.0022866515012399356,0.5396011203419029,153281.3651304683,Cytoplasm,Texture,Mito
Cells_Texture_InfoMeas2_Mito_10_00_256,0.12387435311786894,0.059936628208664064,0.0034998426921005366,0.8126891759813665,47856.53230601951,Cells,Texture,Mito
Image_Threshold_WeightedVariance_NucleiIncludingEdges,0.40028526283722365,0.031675127946667915,0.007765925749092204,0.5602736834670162,31250.152258048984,Image,Threshold,
Nuclei_Texture_Entropy_RNA_10_02_256,0.1229099777577684,0.048616274525110324,0.0007947292155737423,0.8276790185015475,53128.597821074196,Nuclei,Texture,RNA
Cells_Correlation_K_ER_Mito,0.27116462432465266,0.018055091367120375,0.0023608059348645613,0.7084194783733623,37678.189212888414,Cells,Correlation,ER
Image_Texture_AngularSecondMoment_RNA_10_03_256,0.49174458091777673,0.046096305764985634,0.0058759637042681495,0.4562831496129696,202602.7103602477,Image,Texture,RNA
Cells_AreaShape_MaximumRadius,0.23157570036760985,0.0422540992015774,0.0009688576370183734,0.7252013427937943,131706.35176189675,Cells,AreaShape,
Cells_Texture_Entropy_AGP_10_00_256,0.15419146507724998,0.05388012428297757,0.001898385434350064,0.7900300252054223,67995.71668905806,Cells,Texture,AGP
Nuclei_Intensity_MinIntensity_Mito,0.14418560039693257,0.040994615382038746,0.0036947171936063928,0.8111250670274222,35614.24141170004,Nuclei,Intensity,Mito
Cells_Neighbors_SecondClosestDistance_5,0.43467750704855534,0.05756762720789895,0.0007063223625917768,0.507048543380954,291120.0092388851,Cells,Neighbors,
Nuclei_Correlation_K_Mito_DNA,0.07559086689535985,0.062081657477523935,0.002707955562297298,0.8596195200648189,31575.157059177436,Nuclei,Correlation,DNA
Nuclei_Texture_DifferenceVariance_ER_10_00_256,0.04966415009523288,0.08700378936918562,0.003168575990552951,0.8601634845450284,77532.99642782961,Nuclei,Texture,ER
Cells_RadialDistribution_FracAtD_AGP_3of4,0.1515329192974674,0.05476443091774918,0.002293529839373609,0.7914091199454097,129787.05274258176,Cells,RadialDistribution,AGP
Cells_Texture_SumEntropy_ER_3_03_256,0.14139964212990852,0.05704261345268225,0.0006784026813108238,0.8008793417360984,97747.3084645021,Cells,Texture,ER
Cytoplasm_Texture_Entropy_Mito_3_02_256,0.1500457586761716,0.0574833539388631,0.002351269266077736,0.7901196181188875,42904.61794695479,Cytoplasm,Texture,Mito
Cells_Texture_Entropy_AGP_3_03_256,0.15677723172995986,0.052760038747384295,0.0017207114093848801,0.7887420181132709,66037.88698573655,Cells,Texture,AGP
Nuclei_Texture_Contrast_ER_5_01_256,0.379099109974441,0.050407339307932605,0.0005543617602814527,0.569939188957345,156945.9777750813,Nuclei,Texture,ER
Cells_Texture_SumEntropy_RNA_5_01_256,0.11867173453638452,0.05563867270839488,0.0005628769207174196,0.8251267158345031,81770.9251468456,Cells,Texture,RNA
Nuclei_Texture_SumVariance_RNA_10_00_256,0.335834365595329,0.05133475018074827,0.0010920642536175827,0.6117388199703052,128442.56115849578,Nuclei,Texture,RNA
Cytoplasm_AreaShape_EquivalentDiameter,0.230360574267324,0.03724469008842679,0.0013963855607818788,0.7309983500834673,126195.11020771242,Cytoplasm,AreaShape,
Image_Texture_SumEntropy_RNA_3_00_256,0.4755218732539957,0.049690158675083175,0.007843458639637832,0.4669445094312833,110729.34526588974,Image,Texture,RNA
Image_Texture_SumAverage_DNA_5_02_256,0.46304034173239783,0.04040537117314443,0.0013894101825459796,0.49516487691191174,33651.47961930609,Image,Texture,DNA
Cells_Granularity_13_Mito,0.32364707677952953,0.026427933097010255,0.0015965144281084676,0.6483284756953518,41120.14376019238,Cells,Granularity,Mito
Cells_Texture_InfoMeas2_AGP_3_00_256,0.14750251061178035,0.04276350641487814,0.0012782318912635843,0.8084557510820779,50677.816226147144,Cells,Texture,AGP
Image_ImageQuality_TotalIntensity_OrigDNA,0.4685757566242989,0.036400631851599606,0.0019773578769942063,0.49304625364710725,32954.939927381405,Image,ImageQuality,
Cells_Texture_DifferenceEntropy_ER_10_03_256,0.1541541599089994,0.047228445651334446,0.0011092371109860655,0.7975081573286801,96350.06847677373,Cells,Texture,ER
Image_Intensity_MedianIntensity_ER,0.38141111651689386,0.04039851397604321,0.0035780468331118626,0.5746123226739511,21953.4640554426,Image,Intensity,ER
Image_Texture_AngularSecondMoment_ER_10_01_256,0.4954298898804117,0.04140305393531697,0.002935705329244427,0.4602313508550269,184057.0962777406,Image,Texture,ER
Nuclei_Texture_SumEntropy_DNA_5_00_256,0.3620670631321994,0.041431934601019106,0.00664251006729638,0.589858492199485,133436.69916386134,Nuclei,Texture,DNA
Cytoplasm_Texture_AngularSecondMoment_RNA_10_01_256,0.1379689296959354,0.07334258998594632,0.0008682838169923928,0.7878201965011259,124961.92069588303,Cytoplasm,Texture,RNA
Cytoplasm_Texture_Contrast_Mito_3_01_256,0.42904058353344227,0.031907188062399665,0.0021688753319080776,0.53688335307225,151547.73751072516,Cytoplasm,Texture,Mito
Cytoplasm_Correlation_K_AGP_RNA,0.2045348655063108,0.03678952643542406,0.005058962473699579,0.7536166455845655,51480.46822497843,Cytoplasm,Correlation,AGP
Cells_Texture_Contrast_Mito_5_03_256,0.4586869523825183,0.03391547257177123,0.0016341072141350024,0.5057634678315756,188726.66609083285,Cells,Texture,Mito
Image_Intensity_TotalIntensity_ER,0.4897124274241865,0.0320411673855066,0.0016080518027435258,0.4766383533875635,37093.8305276989,Image,Intensity,ER
Cells_Intensity_LowerQuartileIntensity_Mito,0.09743831776108304,0.03767131553398001,0.00771902408123708,0.8571713426237,29844.235765586083,Cells,Intensity,Mito
Image_Texture_Contrast_RNA_3_01_256,0.3213725255266676,0.027300002328303215,0.002557178990294115,0.648770293154735,22563.068451527615,Image,Texture,RNA
Image_ImageQuality_PercentMinimal_OrigER,0.019756693199913817,0.15104396269879328,0.04619129171879909,0.7830080523824938,425119.18603158597,Image,ImageQuality,
Image_Texture_InfoMeas1_DNA_5_02_256,0.21916315384814877,0.06737602804715209,0.0021511941071737767,0.7113096239975254,53362.153548670714,Image,Texture,DNA
Nuclei_Texture_Entropy_Mito_10_03_256,0.20444179382372757,0.054713690795826886,0.004797807315318735,0.7360467080651267,52347.8102295968,Nuclei,Texture,Mito
Cytoplasm_Texture_Entropy_AGP_5_00_256,0.18384539046746912,0.04371481957379898,0.001694905723822512,0.7707448842349094,55304.15594443587,Cytoplasm,Texture,AGP
Cells_Texture_InverseDifferenceMoment_RNA_3_03_256,0.13455076965916174,0.04355886301130003,0.0011645874487726231,0.8207257798807657,81868.60514155135,Cells,Texture,RNA
Cells_Texture_Entropy_Mito_3_03_256,0.1555184344138357,0.05912019381577921,0.0036259466550589516,0.7817354251153261,51368.1003332392,Cells,Texture,Mito
Image_Texture_SumVariance_ER_5_00_256,0.2929322685906486,0.01658053314109628,0.0009728449515310151,0.6895143533167242,37276.901052041656,Image,Texture,ER
Cells_Texture_InfoMeas2_DNA_10_01_256,0.27717285893371885,0.03429151893036436,0.00799926492372492,0.680536357212192,93129.8527190219,Cells,Texture,DNA
Cytoplasm_AreaShape_Extent,0.15700443581802553,0.0582332738307734,0.0015028162242453837,0.7832594741269557,85969.84239459521,Cytoplasm,AreaShape,
Nuclei_Texture_Correlation_AGP_3_00_256,0.29486051978970623,0.07090275151701743,0.004495512354936499,0.6297412163383398,88665.67018540615,Nuclei,Texture,AGP
Cytoplasm_Texture_InverseDifferenceMoment_Mito_3_01_256,0.18792057621352,0.05615798999563968,0.0029034743120475172,0.7530179594787928,49515.10171146288,Cytoplasm,Texture,Mito
Image_Texture_DifferenceVariance_AGP_10_02_256,0.367754106989039,0.036420815188139284,0.003346855576015409,0.5924782222468064,71371.30581454837,Image,Texture,AGP
Cells_Texture_Variance_AGP_5_03_256,0.3662324093666072,0.04867062972607075,0.003564957549154616,0.5815320033581673,163232.13236356448,Cells,Texture,AGP
Cells_Correlation_RWC_RNA_AGP,0.2539457304845641,0.04111559206031922,0.0035948639654554116,0.7013438134896613,67361.95068756399,Cells,Correlation,AGP
Cells_RadialDistribution_RadialCV_RNA_1of4,0.1700704935517974,0.025201791092270002,0.0031894621687246394,0.801538253187208,41373.229457087386,Cells,RadialDistribution,RNA
Image_ImageQuality_Correlation_OrigER_50,0.22046684663283478,0.01912778757156477,0.002321123669215975,0.7580842421263846,18448.115673596716,Image,ImageQuality,
Cells_Texture_DifferenceEntropy_AGP_3_00_256,0.1556180842137605,0.05135850265078506,0.001829040989717055,0.7911943721457373,71599.11991101509,Cells,Texture,AGP
Image_Texture_Entropy_ER_5_01_256,0.48910762116800766,0.044501567966992596,0.0031382791183057787,0.4632525317466939,88136.66056907814,Image,Texture,ER
Nuclei_RadialDistribution_FracAtD_DNA_4of4,0.1800197795974314,0.06022967608305853,0.0012026766666571507,0.7585478676528529,147928.35212302348,Nuclei,RadialDistribution,DNA
Cells_AreaShape_Zernike_9_5,0.1207962947660394,0.032227921910985884,0.000947539021363294,0.8460282443016114,53327.18622454502,Cells,AreaShape,
Cells_Texture_Variance_ER_5_02_256,0.3612020320742239,0.04583299502165695,0.001238960546069983,0.5917260123580491,141667.9433323528,Cells,Texture,ER
Image_Texture_Variance_AGP_3_01_256,0.3145620701485732,0.014269722173440122,0.0019699325766672055,0.6691982751013195,39970.85406700045,Image,Texture,AGP
Cells_RadialDistribution_FracAtD_RNA_3of4,0.0687847703083289,0.05336525067275228,0.003318380474783109,0.8745315985441356,94709.05601664889,Cells,RadialDistribution,RNA
Cells_Texture_Contrast_DNA_10_02_256,0.46910957570656964,0.03474429760105966,0.0016631266554798187,0.49448300003689083,234753.89000515678,Cells,Texture,DNA
Cytoplasm_Texture_Variance_AGP_5_01_256,0.3675839161747417,0.04720388027621827,0.0042983663084914985,0.5809138372405487,145591.734659433,Cytoplasm,Texture,AGP
Image_Texture_InverseDifferenceMoment_Mito_3_03_256,0.4146979564895666,0.038643574725129755,0.0021464563962065564,0.5445120123890971,43924.23257812063,Image,Texture,Mito
Cells_Texture_Contrast_RNA_10_01_256,0.41128219423325496,0.04027131822912447,0.001240735318047356,0.5472057522195732,172935.7972352936,Cells,Texture,RNA
Cells_Texture_DifferenceVariance_ER_5_00_256,0.05024144715815111,0.0796679248115845,0.0023818760485420773,0.8677087519817224,87855.32893914709,Cells,Texture,ER
Cytoplasm_AreaShape_BoundingBoxMinimum_Y,0.12314506695541551,0.053143522236828285,0.0005770822172976895,0.8231343285904585,42121.53156506413,Cytoplasm,AreaShape,
Cytoplasm_Texture_SumEntropy_RNA_5_03_256,0.15132687113373042,0.05272500588711643,0.001372827536196524,0.7945752954429567,79750.97899194947,Cytoplasm,Texture,RNA
Nuclei_Texture_Contrast_ER_3_00_256,0.36403861201894877,0.04959383925907305,0.00038252052907762103,0.5859850281929004,141440.68878644085,Nuclei,Texture,ER
Nuclei_Texture_Correlation_DNA_10_03_256,0.18238954705696686,0.034219078338544,0.007596541368619004,0.7757948332358701,70556.65452502095,Nuclei,Texture,DNA
Nuclei_Texture_InverseDifferenceMoment_ER_5_03_256,0.21131448111313456,0.0477987489781911,0.0016551421984313094,0.739231627710243,58539.63614496057,Nuclei,Texture,ER
Cytoplasm_Intensity_IntegratedIntensityEdge_Mito,0.16438114980310073,0.04341676395045379,0.0029641056084800657,0.7892379806379654,55073.8672138965,Cytoplasm,Intensity,Mito
Cytoplasm_Intensity_StdIntensityEdge_ER,0.3312826496109387,0.05443755784236989,0.00181851602970077,0.6124612765169907,110850.35702890962,Cytoplasm,Intensity,ER
Cytoplasm_Texture_AngularSecondMoment_RNA_10_00_256,0.13065633107141666,0.07089012987813793,0.0009171284522114476,0.797536410598234,122229.64166927006,Cytoplasm,Texture,RNA
Cytoplasm_Texture_InverseDifferenceMoment_RNA_10_00_256,0.130959156667357,0.04523291384365011,0.000727922039353325,0.8230800074496395,76585.8898557718,Cytoplasm,Texture,RNA
Cytoplasm_Texture_SumAverage_ER_3_01_256,0.22133466301598975,0.04287503218558209,0.002514350955556631,0.7332759538428716,77381.5127398981,Cytoplasm,Texture,ER
Image_Texture_SumAverage_RNA_5_03_256,0.4684942916194599,0.03257556039210502,0.001205416400230221,0.49772473158820485,31469.842044331206,Image,Texture,RNA
Nuclei_Texture_SumAverage_AGP_10_00_256,0.23901695219605984,0.03844686866894733,0.005104027592215544,0.7174321515427773,67535.6335579348,Nuclei,Texture,AGP
Image_Granularity_7_DNA,0.5121489935487784,0.04938615549163328,0.003594549169982918,0.43487030178960534,140583.8860086457,Image,Granularity,DNA
Cytoplasm_AreaShape_Zernike_9_1,0.2500492517505184,0.035643160262416235,0.0006167439437409003,0.7136908440433245,47224.764438788916,Cytoplasm,AreaShape,
Cytoplasm_Texture_SumVariance_RNA_10_01_256,0.388155205798509,0.04663247907607291,0.0004069285883457573,0.5648053865370724,143539.07983746348,Cytoplasm,Texture,RNA
Cytoplasm_Texture_SumAverage_ER_5_03_256,0.22716973376791727,0.04242721944724811,0.002774919845254383,0.7276281269395803,78004.17674787951,Cytoplasm,Texture,ER
Image_Granularity_7_RNA,0.1630958528676556,0.04332593844412512,0.0019439975434687156,0.7916342111447505,45728.864506686936,Image,Granularity,RNA
Cytoplasm_Granularity_4_DNA,0.4464699635296964,0.035428322998335406,0.0008728248355739856,0.5172288886363942,203187.21686036084,Cytoplasm,Granularity,DNA
Cytoplasm_Texture_InfoMeas1_Mito_10_01_256,0.36120170334438434,0.04089306678123988,0.0035934462872268974,0.5943117835871489,101782.73975052095,Cytoplasm,Texture,Mito
Image_ImageQuality_Correlation_OrigMito_20,0.19631810553544796,0.03621707171591264,0.0022829109760621647,0.7651819117725773,28554.53739076727,Image,ImageQuality,
Cytoplasm_Texture_AngularSecondMoment_RNA_5_00_256,0.12418779300323185,0.0690028034836113,0.0009640141076132781,0.8058453894055436,115260.57251825696,Cytoplasm,Texture,RNA
Cells_Texture_InfoMeas2_DNA_10_03_256,0.2795294401234775,0.037156473388601716,0.009182451988824683,0.6741316344990961,95760.5744008058,Cells,Texture,DNA
Cells_RadialDistribution_MeanFrac_AGP_4of4,0.37326178946216426,0.04649356870498475,0.0035923448743360904,0.5766522969585149,139771.714940034,Cells,RadialDistribution,AGP
Cells_Texture_DifferenceVariance_AGP_3_00_256,0.10314426587591603,0.05907816245149548,0.001229435931829512,0.8365481357407589,55364.891859367635,Cells,Texture,AGP
Cells_Texture_SumVariance_AGP_5_02_256,0.3623242497760143,0.048715635489471186,0.0032837320009416263,0.5856763827335729,159971.52758444796,Cells,Texture,AGP
Cells_Texture_Contrast_RNA_3_03_256,0.4367742551750938,0.04063995041121373,0.0018679221776280097,0.5207178722360645,191706.15295001393,Cells,Texture,RNA
Cytoplasm_Texture_DifferenceEntropy_AGP_5_02_256,0.18440011095275813,0.05169622036144037,0.0019489539587739936,0.7619547147270276,72510.21867306289,Cytoplasm,Texture,AGP
Nuclei_Intensity_MaxIntensity_DNA,0.4094139348865048,0.04592820569237638,0.0004645712187261886,0.5441932882023928,171769.68791195974,Nuclei,Intensity,DNA
Cells_Texture_DifferenceEntropy_Mito_3_00_256,0.2557107783281701,0.05429687463767162,0.0025420314959716892,0.6874503155381866,68303.00557940458,Cells,Texture,Mito
Cytoplasm_Texture_InfoMeas1_RNA_5_00_256,0.11641621573733255,0.05613232264371641,0.0026949636317197033,0.8247564979872313,70405.03672200383,Cytoplasm,Texture,RNA
Nuclei_Texture_Correlation_AGP_5_00_256,0.2024144568213356,0.08438881222470133,0.0028132185778879186,0.7103835123760751,85284.56478156848,Nuclei,Texture,AGP
Cells_Granularity_7_RNA,0.28861822881340904,0.03301681097974744,0.001022165586528359,0.6773427946203152,93878.34496306756,Cells,Granularity,RNA
Cells_Texture_Entropy_ER_5_00_256,0.1616646153810302,0.05321285745485043,0.0008101867909029257,0.7843123403732165,90450.34359659038,Cells,Texture,ER
Cells_Texture_SumVariance_Mito_3_02_256,0.41975142824891204,0.03992908584829463,0.0020885420164993606,0.5382309438862939,159272.07457249338,Cells,Texture,Mito
Image_Texture_InverseDifferenceMoment_Mito_3_02_256,0.40502895017407675,0.03591668759008879,0.0027810102185161353,0.5562733520173183,39917.56969411947,Image,Texture,Mito
Image_Texture_DifferenceVariance_RNA_5_01_256,0.36401852102000953,0.04474450857909687,0.0014716188078751375,0.5897653515930186,67453.4037534628,Image,Texture,RNA
Cells_Texture_InfoMeas2_AGP_10_03_256,0.26757032790069224,0.03948720300705737,0.0038269777906640157,0.6891154913015864,55569.00916123492,Cells,Texture,AGP
Nuclei_RadialDistribution_FracAtD_Mito_1of4,0.20165649301270097,0.05756436638133155,0.00045067079729623285,0.7403284698086713,123814.43865299193,Nuclei,RadialDistribution,Mito
Cells_Texture_DifferenceVariance_Mito_5_03_256,0.035459100062543956,0.09739139681916967,0.0019379685056087196,0.8652115346126776,63171.29297750171,Cells,Texture,Mito
Image_Texture_Variance_RNA_3_03_256,0.31401735474823456,0.02146045072246528,0.0013908872705786842,0.6631313072587215,30598.57681875883,Image,Texture,RNA
Image_Threshold_FinalThreshold_CellsIncludingEdges,0.09435886869130228,0.04776043669011745,0.00539063344713554,0.8524900611714449,36706.40155225686,Image,Threshold,
Image_Texture_DifferenceEntropy_ER_5_01_256,0.4899371883200834,0.049788164748568946,0.0017266719758297795,0.4585479749555179,99586.70565447166,Image,Texture,ER
Cells_Texture_InfoMeas1_DNA_5_03_256,0.2332198301414874,0.04992032979035396,0.003486512784557292,0.7133733272836014,104788.41171111842,Cells,Texture,DNA
Cytoplasm_Texture_SumAverage_AGP_5_02_256,0.270633978501597,0.009389718032789495,0.0034541362775731563,0.7165221671880403,33808.260812673776,Cytoplasm,Texture,AGP
Cells_Texture_DifferenceVariance_RNA_10_03_256,0.07765671930934932,0.0801906628190458,0.0006810541637402825,0.8414715637078646,112404.35649296425,Cells,Texture,RNA
Nuclei_AreaShape_Zernike_9_5,0.3227862323507453,0.03713219951038475,0.0011930587182542379,0.6388885094206156,59247.640307592956,Nuclei,AreaShape,
Cytoplasm_Correlation_RWC_DNA_Mito,0.2187620309662823,0.04353635705550207,0.0058776024749025236,0.7318240095033132,84860.40238658185,Cytoplasm,Correlation,DNA
Image_ImageQuality_MaxIntensity_OrigDNA,0.10358787714887355,0.04595850978538317,0.0033649584813417233,0.8470886545844015,86109.9933825202,Image,ImageQuality,
Cells_Texture_InfoMeas2_AGP_5_01_256,0.20423830787079317,0.04171494326930747,0.0009841745258795742,0.7530625743340198,45052.70468440883,Cells,Texture,AGP
Image_Texture_Contrast_ER_5_02_256,0.28739456472679253,0.017078370171805652,0.0015473514011773459,0.6939797137002245,22975.05703270548,Image,Texture,ER
Image_Texture_DifferenceEntropy_RNA_10_03_256,0.49411413039575963,0.04566303385911141,0.002395191992823042,0.457827643752306,96187.16915961436,Image,Texture,RNA
Nuclei_Texture_SumVariance_AGP_10_00_256,0.3561537210748424,0.0468898221542101,0.004131310536106443,0.592825146234841,149754.0380197177,Nuclei,Texture,AGP
Cytoplasm_Texture_Variance_ER_3_03_256,0.3713657234867027,0.04694001830350894,0.0014329465602881957,0.5802613116495002,150067.47731847432,Cytoplasm,Texture,ER
Nuclei_Texture_Contrast_Mito_3_00_256,0.48225513547586807,0.03719801368294055,0.0019904732541062738,0.47855637758708514,222799.9800946936,Nuclei,Texture,Mito
Cytoplasm_Texture_DifferenceEntropy_Mito_3_00_256,0.22702240069309854,0.048844051162118915,0.0025747488779479222,0.7215587992668346,55254.25790893854,Cytoplasm,Texture,Mito
Cytoplasm_Texture_InverseDifferenceMoment_AGP_10_01_256,0.16143119743341078,0.04052320866865266,0.0019113609368597404,0.7961342329610769,62263.16549365203,Cytoplasm,Texture,AGP
Cells_RadialDistribution_FracAtD_ER_2of4,0.12408726739706948,0.07149104252513507,0.0009166677249683148,0.8035050223528271,103802.98565844198,Cells,RadialDistribution,ER
Cytoplasm_Texture_SumEntropy_RNA_3_01_256,0.14935129466579647,0.051746804533686686,0.0015983788321717617,0.7973035219683452,79163.69478963575,Cytoplasm,Texture,RNA
Cells_Texture_SumAverage_DNA_10_02_256,0.21899961521995762,0.034167507417011786,0.004233646321213101,0.7425992310418175,101230.5039092798,Cells,Texture,DNA
Nuclei_Texture_Contrast_DNA_3_02_256,0.49459755644535,0.036964011880370344,0.0022983648023632433,0.46614006687191645,244072.69960770092,Nuclei,Texture,DNA
Image_Texture_SumVariance_ER_5_02_256,0.2928172891696468,0.016164257680410396,0.0010467525897337225,0.6899717005602092,37545.74253132474,Image,Texture,ER
Nuclei_Texture_DifferenceEntropy_DNA_5_03_256,0.38059020128139565,0.04066882704397093,0.00531211191213088,0.5734288597625025,145330.0575438241,Nuclei,Texture,DNA
Cytoplasm_Texture_SumAverage_RNA_5_02_256,0.1857432910901722,0.038803746371094974,0.0027992983920140436,0.7726536641467188,59820.30785180491,Cytoplasm,Texture,RNA
Cells_Granularity_15_DNA,0.10896015023481705,0.034687847222998815,0.002617404117727288,0.8537345984244569,31014.17645894097,Cells,Granularity,DNA
Cells_Texture_InfoMeas1_Mito_10_01_256,0.3734179329406033,0.036020319214440266,0.004419116960889555,0.5861426308840669,111671.79629126217,Cells,Texture,Mito
Nuclei_Texture_SumEntropy_RNA_10_01_256,0.1564659687660543,0.04618143947731172,0.0015681460478338374,0.7957844457088001,51969.88113898256,Nuclei,Texture,RNA
Cytoplasm_Intensity_LowerQuartileIntensity_Mito,0.07640154280899679,0.03820945108917093,0.009564464115002091,0.8758245419868301,26941.438576045643,Cytoplasm,Intensity,Mito
Image_Texture_Variance_DNA_3_00_256,0.22863798169503435,0.037691399770468766,0.004955727653952945,0.728714890880544,37700.152858982576,Image,Texture,DNA
Nuclei_Correlation_RWC_DNA_Mito,0.16411292998613833,0.029498265756916473,0.007334399031983143,0.7990544052249621,58647.81403738636,Nuclei,Correlation,DNA
Cells_Texture_InfoMeas2_RNA_5_03_256,0.14689620996329347,0.06197196819475526,0.001824973415759172,0.7893068484261923,69277.50081377858,Cells,Texture,RNA
Image_Texture_InfoMeas1_Mito_3_01_256,0.16898054689162662,0.021048492680576177,0.0034886754907772623,0.8064822849370199,31290.50311901657,Image,Texture,Mito
Cells_Texture_SumVariance_Mito_5_02_256,0.41313472824684555,0.04106089966672378,0.0021473316727893725,0.5436570404136414,157231.10458709113,Cells,Texture,Mito
Cytoplasm_Texture_InverseDifferenceMoment_ER_3_00_256,0.2388095143685087,0.04343320206310513,0.0013494403321582383,0.716407843236228,88561.15659299435,Cytoplasm,Texture,ER
Image_Texture_SumVariance_Mito_5_02_256,0.1321455490310546,0.019779164303726924,0.003277029754751139,0.8447982569104673,37556.09927364463,Image,Texture,Mito
Cytoplasm_Texture_InfoMeas1_DNA_5_03_256,0.20521464461875552,0.04116811107755517,0.00103196593762018,0.752585278366069,74327.22280914066,Cytoplasm,Texture,DNA
Cells_AreaShape_Zernike_5_5,0.24108088923106444,0.017478883507548632,0.0028959730260462763,0.7385442542353408,41214.73762098385,Cells,AreaShape,
Cytoplasm_Texture_InverseDifferenceMoment_DNA_3_01_256,0.10414856387836369,0.04558788058320424,0.005048752363583576,0.8452148031748485,88267.31193992845,Cytoplasm,Texture,DNA
Cells_Texture_Correlation_AGP_10_01_256,0.12218492629837382,0.05062318072951084,0.006362862644816182,0.8208290303272991,118393.29449255671,Cells,Texture,AGP
Cytoplasm_Texture_SumEntropy_ER_5_00_256,0.1729476967224818,0.05499321468817548,0.0012844163171394694,0.7707746722722032,87365.45308726799,Cytoplasm,Texture,ER
Image_Texture_Contrast_RNA_5_03_256,0.29875429507072304,0.021606316675237783,0.0022141587815881734,0.677425229472451,22018.11790659512,Image,Texture,RNA
Cytoplasm_AreaShape_Orientation,0.022076783824446417,0.0017250239701708018,0.0019326951917184667,0.9742654970136643,22677.61894929547,Cytoplasm,AreaShape,
Cytoplasm_RadialDistribution_RadialCV_mito_tubeness_5of16,0.030219699227445215,0.0281800399187906,0.006366518367698147,0.935233742486066,185220.59410164272,Cytoplasm,RadialDistribution,
Cells_RadialDistribution_FracAtD_mito_tubeness_8of20,0.2650482193001009,0.0492060380971121,0.0005450260791340168,0.6852007165236529,77039.46485045218,Cells,RadialDistribution,
Cells_RadialDistribution_FracAtD_Mito_3of4,0.1252749204357174,0.049528259818267306,0.0027304342100397346,0.8224663855359756,85859.69289885528,Cells,RadialDistribution,Mito
Image_Texture_DifferenceVariance_Mito_10_00_256,0.3696111248079226,0.020480134234531374,0.0036692973925127157,0.6062394435650333,54500.44823562051,Image,Texture,Mito
Image_Texture_SumEntropy_ER_5_00_256,0.48670172927258143,0.05251026855152712,0.00265280555190913,0.4581351966239824,109875.01318136288,Image,Texture,ER
Image_Texture_Contrast_ER_3_03_256,0.29907932496949385,0.017464657796966432,0.0015644395306317889,0.6818915777029079,22574.425271255037,Image,Texture,ER
Nuclei_Intensity_MeanIntensityEdge_RNA,0.23660489728193745,0.0386394095533306,0.0020928571713630445,0.7226628359933689,63580.391209818525,Nuclei,Intensity,RNA
Nuclei_RadialDistribution_MeanFrac_RNA_4of4,0.20182635913387878,0.03743864137629292,0.0010538347159372127,0.7596811647738911,53219.2135770671,Nuclei,RadialDistribution,RNA
Image_Texture_AngularSecondMoment_Mito_5_02_256,0.38887574983577944,0.06200420667933087,0.003463584199407027,0.5456564592854827,144988.12559439603,Image,Texture,Mito
Cells_Texture_Variance_AGP_3_03_256,0.365864523771722,0.049030467438824624,0.0036063635438724696,0.5814986452455809,162697.69415864616,Cells,Texture,AGP
Cells_Intensity_LowerQuartileIntensity_DNA,0.16913490231097025,0.07554096829161125,0.004531110359461504,0.750793019037957,95438.3571133842,Cells,Intensity,DNA
Cells_RadialDistribution_RadialCV_mito_tubeness_6of16,0.24370013930111858,0.015343125073915052,0.0015812299245610106,0.7393755057004053,42333.68540292479,Cells,RadialDistribution,
Nuclei_Intensity_MADIntensity_AGP,0.3298884099191613,0.05776439370397046,0.0013927706961513562,0.6109544256807169,127678.32703364018,Nuclei,Intensity,AGP
Cells_RadialDistribution_RadialCV_mito_tubeness_2of16,0.3472809294930268,0.050918942263848896,0.0012971014374072959,0.600503026805717,95490.22221370766,Cells,RadialDistribution,
Cytoplasm_Texture_Entropy_DNA_5_00_256,0.3086679727954034,0.026450901265873253,0.004208705707067329,0.6606724202316558,96768.45895439963,Cytoplasm,Texture,DNA
Cells_RadialDistribution_MeanFrac_mito_tubeness_3of20,0.33008299692854537,0.045441250678987785,0.00339965726858021,0.6210760951238865,133891.4801960226,Cells,RadialDistribution,
Cells_Texture_SumAverage_AGP_10_02_256,0.25579367766835837,0.01447592933272095,0.0032605966193039585,0.7264697963796168,43213.901655846,Cells,Texture,AGP
Cells_AreaShape_Zernike_6_2,0.1256743513526895,0.01106092121447574,0.0013849404709754846,0.8618797869618592,36361.69053196984,Cells,AreaShape,
Cytoplasm_Correlation_Overlap_AGP_DNA,0.14029101649265477,0.033345808947379485,0.007857856164792298,0.8185053183951735,37586.60609733783,Cytoplasm,Correlation,AGP
Cells_Texture_SumAverage_RNA_10_02_256,0.23168049759713497,0.03185462078217353,0.0033961937144273333,0.7330686879062642,68185.97319721774,Cells,Texture,RNA
Nuclei_Granularity_13_AGP,0.27459518447383896,0.040507820700407864,0.003972436028086868,0.6809245587976663,48814.334360929555,Nuclei,Granularity,AGP
Cytoplasm_Texture_Correlation_Mito_3_03_256,0.37545495819868874,0.041572613375078206,0.003261766525709526,0.5797106619005236,85829.86091657905,Cytoplasm,Texture,Mito
Cytoplasm_Texture_SumAverage_RNA_5_00_256,0.18512986700270007,0.03869752776402743,0.0029167991226220313,0.7732558061106505,59293.145695216714,Cytoplasm,Texture,RNA
Cytoplasm_Texture_Entropy_DNA_5_02_256,0.3060263886610776,0.026418932399202365,0.0042617684702603,0.6632929104694598,96733.40140396495,Cytoplasm,Texture,DNA
Image_Texture_InfoMeas1_Mito_3_03_256,0.17076173432093572,0.021366363068588502,0.003725413893651708,0.804146488716824,31618.29869072766,Image,Texture,Mito
Image_Texture_Entropy_Mito_10_00_256,0.46208560984906316,0.042030332700620635,0.0028076544884359724,0.4930764029618802,65591.33181439749,Image,Texture,Mito
Nuclei_Texture_AngularSecondMoment_Mito_10_03_256,0.03505469938677865,0.08268849722019023,0.007928744401698913,0.8743280589913323,53408.87657300496,Nuclei,Texture,Mito
Nuclei_Texture_InfoMeas1_Mito_3_00_256,0.2455804795808941,0.03326638223093869,0.0051177209886693505,0.7160354171994978,54071.91745957634,Nuclei,Texture,Mito
Nuclei_Texture_SumEntropy_Mito_5_00_256,0.29798182591362743,0.050201479364059415,0.005324347833495869,0.6464923468888174,79168.22434776255,Nuclei,Texture,Mito
Image_Texture_Contrast_ER_10_00_256,0.26952919663402525,0.016284623836212733,0.0009553465482610373,0.713230832981501,24307.00743623516,Image,Texture,ER
Image_Texture_DifferenceEntropy_Mito_10_00_256,0.45311209745069364,0.04419690821907262,0.0014657596022866893,0.501225234727947,82946.8966929796,Image,Texture,Mito
Image_Texture_InfoMeas2_Mito_3_03_256,0.44006235044670583,0.052966778394864675,0.0032990840917576677,0.5036717870666718,178210.28176990972,Image,Texture,Mito
Image_Texture_SumEntropy_ER_10_02_256,0.48777957737636696,0.05331947942128457,0.0023694510761807616,0.4565314921261678,113795.75620088281,Image,Texture,ER
Cytoplasm_Texture_DifferenceEntropy_ER_5_01_256,0.20310422928993643,0.05530769738354182,0.0016015473202243035,0.7399865260062974,111287.5601219997,Cytoplasm,Texture,ER
Cytoplasm_Texture_AngularSecondMoment_DNA_10_00_256,0.08909197329280025,0.03804927442627467,0.006765538630338183,0.8660932136505869,62208.77855415568,Cytoplasm,Texture,DNA
Nuclei_RadialDistribution_FracAtD_AGP_1of4,0.128383960127345,0.06595175942519554,0.00024494309019099884,0.8054193373572685,95926.18985889996,Nuclei,RadialDistribution,AGP
Image_Texture_DifferenceEntropy_ER_3_00_256,0.47360269164049035,0.053665122130693584,0.0019907185235352146,0.4707414677052809,87017.25456618055,Image,Texture,ER
Cytoplasm_RadialDistribution_RadialCV_AGP_2of4,0.29908192556099134,0.04418325191516072,0.002768730050701903,0.6539660924731461,106269.50349530323,Cytoplasm,RadialDistribution,AGP
Cells_Granularity_5_AGP,0.5008691743390185,0.041157602945334625,0.0009674781816556427,0.4570057445339913,233058.90835941597,Cells,Granularity,AGP
Nuclei_Correlation_Correlation_Mito_RNA,0.270259718363243,0.03320195100090486,0.003905131238837337,0.6926331993970147,55768.554505409964,Nuclei,Correlation,Mito
Nuclei_AreaShape_Zernike_8_2,0.0809999756630006,0.009601039763670065,0.0005356026574204266,0.9088633819159089,23831.922267362825,Nuclei,AreaShape,
Cytoplasm_Texture_SumVariance_Mito_5_00_256,0.3689051170731883,0.03355656373761319,0.003226589948680969,0.5943117292405176,118859.26741411709,Cytoplasm,Texture,Mito
Image_Intensity_MADIntensity_AGP__BackgroundOnly,0.15948379483716177,0.010053622756526477,0.008070920111144375,0.8223916622951672,23689.666233133023,Image,Intensity,AGP
Nuclei_Texture_Correlation_RNA_10_03_256,0.11425784499718668,0.0859661237432112,0.0007919429829901973,0.7989840882766119,115155.08895570313,Nuclei,Texture,RNA
Nuclei_Texture_InfoMeas2_RNA_5_03_256,0.16822004542402386,0.04998996893468347,0.0016039172811765558,0.7801860683601161,53069.88561651479,Nuclei,Texture,RNA
Cytoplasm_Texture_InfoMeas1_ER_5_03_256,0.17832778244724687,0.024299049671053435,0.002198005612196771,0.7951751622695029,62767.231720069394,Cytoplasm,Texture,ER
Image_Texture_Contrast_AGP_3_00_256,0.3579353684521493,0.019493927610320837,0.0017321359681428338,0.6208385679693871,31910.547641148587,Image,Texture,AGP
Cytoplasm_Texture_Contrast_AGP_5_00_256,0.3610385223263385,0.04676734099374392,0.0037617704903139004,0.5884323661896037,146381.640501315,Cytoplasm,Texture,AGP
Cytoplasm_Texture_Contrast_ER_3_00_256,0.4329167737485781,0.04104167906620343,0.002018854501917202,0.5240226926833014,192101.60333223388,Cytoplasm,Texture,ER
Nuclei_Texture_Variance_DNA_5_02_256,0.49984952297393914,0.038828011217940314,0.0019563590310594276,0.45936610677706113,255517.900038752,Nuclei,Texture,DNA
Image_Granularity_2_ER,0.4433053438956241,0.03052214698093666,0.0015580223949607916,0.5246144867284787,101951.28740574421,Image,Granularity,ER
Nuclei_Texture_SumVariance_RNA_5_03_256,0.35174247562929634,0.05181855534701564,0.000937723948338822,0.5955012450753492,137440.4717034084,Nuclei,Texture,RNA
Cells_Intensity_UpperQuartileIntensity_Mito,0.26052470189197874,0.04617777694125792,0.004752719209566978,0.6885448019571964,75125.84696029054,Cells,Intensity,Mito
Nuclei_Texture_Variance_RNA_3_03_256,0.36362020841684345,0.050675148827730776,0.0011140684498215727,0.5845905743056042,142693.1170468604,Nuclei,Texture,RNA
Cells_RadialDistribution_FracAtD_mito_tubeness_10of16,0.21675361015825065,0.033553088199824506,0.0015266780733339635,0.7481666235685909,34946.10623103705,Cells,RadialDistribution,
Image_Texture_InverseDifferenceMoment_RNA_10_00_256,0.4895890102793286,0.03475984210001988,0.003952750722179647,0.4716983968984719,50689.60345521188,Image,Texture,RNA
Cells_Granularity_1_RNA,0.18752188433936806,0.06285241718932603,0.0049609952037451156,0.7446647032675608,78819.92301086814,Cells,Granularity,RNA
Nuclei_Texture_InfoMeas1_Mito_10_02_256,0.42241252938205615,0.039280512912843825,0.0017633387222214575,0.5365436189828784,136360.2659393406,Nuclei,Texture,Mito
Cells_Texture_InverseDifferenceMoment_RNA_10_02_256,0.10444283668450141,0.04181762256684825,0.0008145182111838993,0.8529250225374665,78365.20488963716,Cells,Texture,RNA
Image_ImageQuality_Scaling_OrigRNA,0.0,0.0,0.0,0.0,0.0,Image,ImageQuality,
Cells_Texture_AngularSecondMoment_Mito_5_02_256,0.0670361660016108,0.08521725970225397,0.0025324790288709757,0.8452140952672642,81097.02538921521,Cells,Texture,Mito
Cells_Texture_InverseDifferenceMoment_AGP_10_02_256,0.15291904952719057,0.042805457778124174,0.001319705696224507,0.8029557869984608,71481.45092260734,Cells,Texture,AGP
Image_Texture_AngularSecondMoment_DNA_5_00_256,0.33893713488701954,0.06052117856991662,0.006596628645777975,0.5939450578972859,42101.07970588337,Image,Texture,DNA
Nuclei_Granularity_12_ER,0.32234991453216066,0.030970455240576344,0.0024241285731703022,0.6442555016540927,47580.47252233577,Nuclei,Granularity,ER
Cells_RadialDistribution_MeanFrac_mito_tubeness_6of16,0.33875216778611006,0.03586822352832254,0.00128405706212326,0.6240955516234441,89839.96957900439,Cells,RadialDistribution,
Cells_Texture_InfoMeas1_ER_5_03_256,0.1177514768772527,0.04798669787022204,0.001575508346612878,0.8326863169059123,55401.15375499606,Cells,Texture,ER
Image_Texture_Entropy_RNA_10_00_256,0.48081355861639036,0.04340326206767801,0.006194633574071861,0.46958854574185965,86138.76271212175,Image,Texture,RNA
Nuclei_AreaShape_Zernike_1_1,0.2757497792999294,0.024297450155949037,0.001097538856866755,0.6988552316872548,32454.156234768543,Nuclei,AreaShape,
Cytoplasm_Intensity_MaxIntensity_AGP,0.283299226109465,0.04002772898211462,0.0025629318737792977,0.674110113034641,65974.05885676843,Cytoplasm,Intensity,AGP
Nuclei_Granularity_3_ER,0.37048090977241926,0.03148898924833641,0.0019787654766015256,0.5960513355026428,114146.68357766826,Nuclei,Granularity,ER
Cytoplasm_Texture_SumVariance_DNA_5_03_256,0.37905809109668437,0.023705302086653314,0.0017297040129629754,0.5955069028036993,145442.7495806316,Cytoplasm,Texture,DNA
Image_Texture_InverseDifferenceMoment_ER_3_01_256,0.47825783327624544,0.038674016877735515,0.002311693683919568,0.48075645616209955,49016.289483425746,Image,Texture,ER
Nuclei_Texture_Variance_Mito_5_01_256,0.469648677643798,0.04026281479741335,0.0031913345185764557,0.48689717304021213,226141.80766011606,Nuclei,Texture,Mito
Cells_Texture_Correlation_ER_3_00_256,0.1450969036197552,0.03830461069108201,0.005409620397013162,0.8111888652921495,42045.70973148568,Cells,Texture,ER
Image_Texture_AngularSecondMoment_AGP_5_03_256,0.44614027976587606,0.061142760093556854,0.0020596733386827578,0.4906572868018843,169501.04212986195,Image,Texture,AGP
Cells_Intensity_MassDisplacement_AGP,0.24014165462505396,0.0407392631033435,0.0037083955222724273,0.7154106867493301,93156.3850915737,Cells,Intensity,AGP
Cells_Neighbors_SecondClosestObjectNumber_5,0.5052124430913556,0.041219287523234456,0.0014467126813538015,0.4521215567040561,43973.69991734985,Cells,Neighbors,
Image_Texture_Entropy_Mito_3_02_256,0.45083442344422997,0.04428349226295328,0.0024703180448237437,0.502411766247993,64517.820111640176,Image,Texture,Mito
Image_Texture_Entropy_Mito_5_03_256,0.460180448085492,0.043096984397315075,0.0026094607321263275,0.4941131067850666,64908.92599657866,Image,Texture,Mito
Image_Texture_SumEntropy_RNA_3_01_256,0.47526726234322036,0.05011765302126439,0.007743535969541914,0.46687154866597336,112035.80816491057,Image,Texture,RNA
Nuclei_Correlation_K_AGP_DNA,0.3427045538963528,0.02854193174224393,0.0030608896713657107,0.6256926246900374,65843.50416707846,Nuclei,Correlation,AGP
Cells_Texture_SumEntropy_AGP_3_00_256,0.1562037919804094,0.05435334935845058,0.0013075360690577046,0.7881353225920822,71154.4610072166,Cells,Texture,AGP
Nuclei_Texture_Variance_Mito_10_01_256,0.4529442303531157,0.039329545858440756,0.0028321059826523585,0.5048941178057912,204978.157596348,Nuclei,Texture,Mito
Cells_AreaShape_Zernike_4_0,0.3686716385189791,0.030860561170103645,0.0009900044747226259,0.5994777958361946,82314.37769666722,Cells,AreaShape,
Cells_Texture_InverseDifferenceMoment_RNA_5_00_256,0.12731139791727014,0.044431326592525494,0.0009479878165889938,0.8273092876736152,82930.49936708475,Cells,Texture,RNA
Cytoplasm_Texture_Variance_ER_5_03_256,0.3704809011062767,0.04721447269971721,0.0015094426094628157,0.5807951835845433,151841.64730015997,Cytoplasm,Texture,ER
Image_Texture_SumAverage_RNA_3_00_256,0.46868821382746984,0.03270620655771139,0.0011929727887800194,0.4974126068260388,31491.163597546933,Image,Texture,RNA
Nuclei_Texture_DifferenceEntropy_RNA_5_03_256,0.1588761310679573,0.046338266391443464,0.0013008761324577894,0.7934847264081414,50672.91631084808,Nuclei,Texture,RNA
Image_ImageQuality_LocalFocusScore_OrigRNA_50,0.4776750105309757,0.0789726076368754,0.0008420885551511459,0.4425102932769977,513740.7955168462,Image,ImageQuality,
Nuclei_Texture_Correlation_AGP_10_02_256,0.07730138975165136,0.09048170759687119,0.0010461044026635776,0.831170798248814,109188.94893819434,Nuclei,Texture,AGP
Cytoplasm_Texture_Correlation_AGP_5_01_256,0.10832377099098799,0.07225122475906637,0.006318236803620335,0.8131067674463253,104285.64809641088,Cytoplasm,Texture,AGP
Image_Texture_DifferenceEntropy_Mito_5_00_256,0.43892481703365566,0.043914359010599535,0.001307285670916282,0.5158535382848285,73813.32100225853,Image,Texture,Mito
Nuclei_Texture_Entropy_AGP_3_02_256,0.18575795627312722,0.0445147543806927,0.0019655479895337685,0.7677617413566463,52141.30316291416,Nuclei,Texture,AGP
Nuclei_Texture_SumAverage_DNA_3_00_256,0.36204986556907454,0.03183932556363478,0.00557497163328944,0.6005358372340013,123236.00842648116,Nuclei,Texture,DNA
Image_ImageQuality_Correlation_OrigER_20,0.24908290718820614,0.02086480499131695,0.0045918233843658335,0.7254604644361111,21065.936080609208,Image,ImageQuality,
Nuclei_Texture_AngularSecondMoment_DNA_5_03_256,0.15735819497386325,0.031537942003494183,0.019226119282248388,0.7918777437403941,56173.860200215626,Nuclei,Texture,DNA
Cells_Correlation_RWC_AGP_DNA,0.21533863896573965,0.035373113859261854,0.0045585130594256095,0.744729734115573,75806.4009952303,Cells,Correlation,AGP
Image_Intensity_MedianIntensity_RNA_BackgroundOnly,0.17457504975324284,0.03743893062563565,0.0025611787007455834,0.7854248409203758,28178.330944630234,Image,Intensity,RNA
Image_Texture_Correlation_Mito_3_01_256,0.16418111024814716,0.022380932713978202,0.0020634110893793284,0.8113745459484953,28635.74068340886,Image,Texture,Mito
Nuclei_Texture_Correlation_Mito_3_01_256,0.14402906938625099,0.04293398625272338,0.007015077812887077,0.8060218665481386,29752.890896399265,Nuclei,Texture,Mito
Cells_RadialDistribution_FracAtD_DNA_3of4,0.31559439971936787,0.04070431813147016,0.0013286129717320612,0.6423726691774299,105862.67463199158,Cells,RadialDistribution,DNA
Cytoplasm_RadialDistribution_FracAtD_mito_tubeness_12of20,0.31577121389793217,0.027686379757255034,0.001929809255116592,0.6546125970896962,113352.82185187985,Cytoplasm,RadialDistribution,
Cytoplasm_RadialDistribution_RadialCV_mito_tubeness_16of16,0.14939128482222394,0.07041121365335568,0.003986484010798819,0.7762110175136215,43169.21638555002,Cytoplasm,RadialDistribution,
Image_Texture_InfoMeas1_ER_3_00_256,0.20914852836457515,0.034962679252295285,0.003249053386270124,0.7526397389968594,38043.0582248737,Image,Texture,ER
Image_Texture_Contrast_Mito_5_02_256,0.24064796942618075,0.006901485828075889,0.0016138602620489038,0.7508366844836944,28775.400452182934,Image,Texture,Mito
Image_Texture_InfoMeas2_ER_10_02_256,0.471058796405844,0.05181765818746376,0.0012563932802639353,0.47586715212642827,215936.15291012474,Image,Texture,ER
Cells_Correlation_RWC_DNA_ER,0.10791383356291173,0.05677346257693716,0.0042803089500116406,0.8310323949101395,64021.543803859066,Cells,Correlation,DNA
Image_Texture_SumAverage_RNA_3_03_256,0.46873658684476155,0.03267477589555735,0.0011886220733399433,0.49740001518634114,31463.57139624514,Image,Texture,RNA
Nuclei_Texture_DifferenceEntropy_RNA_10_00_256,0.11407164937266251,0.047796647802186835,0.0014348432588964354,0.8366968595662543,47457.11346857433,Nuclei,Texture,RNA
Cells_Texture_AngularSecondMoment_ER_5_03_256,0.10560048009878613,0.058638753702802165,0.0026349622916883673,0.8331258039067233,101479.80217491828,Cells,Texture,ER
Cells_AreaShape_Zernike_6_6,0.2822182489980864,0.028649369371310966,0.004113560575308305,0.6850188210552943,78177.41964579985,Cells,AreaShape,
Cells_RadialDistribution_RadialCV_mito_tubeness_5of20,0.22160324206643842,0.02402668222770179,0.0007544929134774625,0.7536155827923823,45760.862031924175,Cells,RadialDistribution,
Cytoplasm_Texture_AngularSecondMoment_RNA_10_03_256,0.13918861437836383,0.071533597007118,0.0008657909796771713,0.788411997634841,125891.64785336555,Cytoplasm,Texture,RNA
Image_Texture_InfoMeas2_DNA_5_00_256,0.3772640392432001,0.07183022055935738,0.00411927713947077,0.5467864630579717,152585.68567289662,Image,Texture,DNA
Cytoplasm_Texture_Entropy_AGP_3_02_256,0.1878814430629484,0.04211200806435877,0.001879323278153426,0.7681272255945393,53183.63473341281,Cytoplasm,Texture,AGP
Image_Texture_SumAverage_Mito_3_01_256,0.27062285495901534,0.02302707037083835,0.003057535014567346,0.703292539655579,21231.143979424254,Image,Texture,Mito
Image_Texture_InfoMeas1_Mito_3_00_256,0.1478016068254456,0.023261167051998984,0.00403948418286243,0.8248977419396929,36470.97526950758,Image,Texture,Mito
Cells_Texture_SumVariance_AGP_5_00_256,0.3732558674211154,0.04720784920966614,0.0030858175393013534,0.576450465829917,163094.76079831802,Cells,Texture,AGP
Cells_Texture_AngularSecondMoment_RNA_5_02_256,0.11577341431891569,0.0719346619178767,0.0009242026403730504,0.8113677211228346,123912.88788165408,Cells,Texture,RNA
Nuclei_Texture_DifferenceVariance_Mito_5_02_256,0.05094728065528626,0.0820990034714203,0.003425191369890647,0.8635285245034029,56539.20776063201,Nuclei,Texture,Mito
Cells_Texture_Correlation_AGP_10_02_256,0.10365276420829019,0.05842035933081371,0.0071972193244915494,0.8307296571364046,90770.25767124527,Cells,Texture,AGP
Cells_Texture_SumAverage_Mito_10_03_256,0.2488681739714699,0.05120085170798644,0.004936265349202647,0.694994708971341,68962.09044497699,Cells,Texture,Mito
Cells_Intensity_MeanIntensity_DNA,0.3383301089047916,0.022835259347893076,0.0030960486429445263,0.6357385831043708,105551.94926293824,Cells,Intensity,DNA
Cytoplasm_Texture_SumAverage_RNA_10_03_256,0.1953282865355354,0.035704104393911314,0.0029207367992821367,0.7660468722712711,56789.6610012479,Cytoplasm,Texture,RNA
Nuclei_Texture_Correlation_AGP_3_03_256,0.21162642537848866,0.08034706047319441,0.0038469098635814606,0.7041796042847355,81721.56280993758,Nuclei,Texture,AGP
Nuclei_Texture_Correlation_RNA_5_02_256,0.1487046916799151,0.07628120262302016,0.004820189489309836,0.7701939162077549,64423.331723187424,Nuclei,Texture,RNA
Cytoplasm_RadialDistribution_MeanFrac_mito_tubeness_15of20,0.0855895360026057,0.06562918425342104,0.0037599789788010985,0.8450213007651721,49104.71797313595,Cytoplasm,RadialDistribution,
Cytoplasm_RadialDistribution_RadialCV_Mito_4of4,0.2953755381995926,0.05300648096484948,0.0026486011741104942,0.6489693796614473,78162.50200653248,Cytoplasm,RadialDistribution,Mito
Cells_Correlation_K_AGP_RNA,0.1977743303647573,0.03213746717769865,0.0030358738344496905,0.7670523286230944,45560.43005385024,Cells,Correlation,AGP
Cells_Texture_AngularSecondMoment_Mito_3_02_256,0.06669187423898838,0.08350386471201551,0.002336036419443706,0.8474682246295524,76096.04637280336,Cells,Texture,Mito
Cytoplasm_RadialDistribution_FracAtD_ER_3of4,0.12515362376547012,0.05401616941626969,0.002981452708741914,0.8178487541095184,75909.7588207562,Cytoplasm,RadialDistribution,ER
Image_Granularity_10_DNA,0.2856045049874101,0.03108445307697182,0.0021539522879113916,0.6811570896477067,85163.86697485064,Image,Granularity,DNA
Image_Texture_InfoMeas1_AGP_10_03_256,0.29945768744449935,0.011375905053862392,0.001544553456605537,0.6876218540450327,18642.678439061667,Image,Texture,AGP
Nuclei_Texture_DifferenceVariance_DNA_5_02_256,0.1930468168335671,0.03195750151324151,0.01662030756149668,0.7583753740916948,60210.11877196569,Nuclei,Texture,DNA
Image_Texture_SumAverage_Mito_10_01_256,0.27042837660239344,0.023069579546202514,0.0031382271688064753,0.7033638166825976,21220.210965415383,Image,Texture,Mito
Nuclei_AreaShape_Zernike_9_3,0.25161468979679885,0.03559550239022511,0.000641922284489926,0.7121478855284861,47406.537430797885,Nuclei,AreaShape,
Cytoplasm_Texture_SumEntropy_AGP_3_02_256,0.18518289862449894,0.04566415157708509,0.002888364441072159,0.7662645853573438,60460.19478963534,Cytoplasm,Texture,AGP
Cytoplasm_Granularity_16_RNA,0.27442020773612746,0.023290942467252683,0.005042661356308964,0.6972461884403109,28683.286433832855,Cytoplasm,Granularity,RNA
Cells_Texture_InfoMeas2_Mito_10_02_256,0.12693499505216585,0.05719064957447425,0.0032279543316055645,0.8126464010417543,45717.32588002435,Cells,Texture,Mito
Cells_Texture_SumEntropy_Mito_5_01_256,0.14201673720821445,0.056471676356264745,0.0034805763430745453,0.7980310100924463,53166.87452648332,Cells,Texture,Mito
Image_Texture_Correlation_ER_10_00_256,0.34920415807674793,0.008068540527988641,0.0022065759904809044,0.6405207254047826,33868.018418053034,Image,Texture,ER
Nuclei_Granularity_12_Mito,0.28984325650461895,0.021305471161062767,0.001086621677044848,0.6877646506572734,37120.67060429469,Nuclei,Granularity,Mito
Image_Granularity_8_Mito,0.3128947015988252,0.04491312914402261,0.0042129316284868325,0.6379792376286654,40485.444826507395,Image,Granularity,Mito
Nuclei_RadialDistribution_RadialCV_ER_1of4,0.334274916706069,0.029552713119552893,0.0012422271212038907,0.6349301430531742,41417.36746106949,Nuclei,RadialDistribution,ER
Nuclei_Texture_DifferenceVariance_DNA_3_03_256,0.1986706279442455,0.0335769981663787,0.016095033837932513,0.7516573400514432,62592.51336535593,Nuclei,Texture,DNA
Nuclei_Granularity_11_DNA,0.4395669376193682,0.023327691840436433,0.0019356452628937059,0.5351697252773017,115460.0909372193,Nuclei,Granularity,DNA
Nuclei_Texture_InfoMeas1_RNA_10_02_256,0.31703991503953277,0.04333584004569644,0.0006672906985966368,0.6389569542161742,101427.63126216941,Nuclei,Texture,RNA
Cytoplasm_Texture_DifferenceEntropy_DNA_10_00_256,0.2262490686436837,0.05687320069153299,0.01845760759785931,0.6984201230669241,123041.26700527561,Cytoplasm,Texture,DNA
Cells_Granularity_14_AGP,0.22876124965048852,0.04823615426533873,0.0035626887503708736,0.7194399073338018,42572.734772056545,Cells,Granularity,AGP
Cells_Texture_InfoMeas1_ER_5_01_256,0.11822533254855036,0.04542801068442469,0.0015393188396216422,0.8348073379274032,54344.08938569486,Cells,Texture,ER
Cells_Texture_SumVariance_AGP_10_01_256,0.3535409796522718,0.04768662037437067,0.0033037840054259337,0.5954686159679315,146137.384150064,Cells,Texture,AGP
Cells_RadialDistribution_FracAtD_mito_tubeness_19of20,0.10456410524339262,0.07103331345483717,0.0019081305532131975,0.822494450748557,65384.6717901113,Cells,RadialDistribution,
Cells_Texture_InfoMeas2_ER_3_01_256,0.19214233381915055,0.05156107937096263,0.002245174866401183,0.7540514119434857,61770.09897044854,Cells,Texture,ER
Cells_Granularity_15_AGP,0.19689712906956627,0.04875822038764535,0.00478457499063328,0.7495600755521552,34659.26060561731,Cells,Granularity,AGP
Image_Intensity_LowerQuartileIntensity_ER__BackgroundOnly,0.1300972707017726,0.04904862254976733,0.004598654032627575,0.8162554527158324,37100.29181475166,Image,Intensity,ER
Nuclei_Texture_InfoMeas2_RNA_3_00_256,0.10292197648414025,0.05824117420056149,0.001729539387745984,0.8371073099275522,44143.73379215624,Nuclei,Texture,RNA
Nuclei_Texture_Variance_Mito_3_01_256,0.46908413339640764,0.040412527654881625,0.0028946179794029693,0.4876087209693078,225309.8872778204,Nuclei,Texture,Mito
Cytoplasm_Texture_DifferenceVariance_Mito_3_00_256,0.0464105762682159,0.09007116732208945,0.0016665316951654766,0.8618517247145292,53436.60211629083,Cytoplasm,Texture,Mito
Nuclei_Correlation_K_AGP_RNA,0.14617565025516926,0.02516233872933772,0.0016307792171904453,0.8270312317983026,33425.53508331082,Nuclei,Correlation,AGP
Nuclei_Granularity_3_AGP,0.39555132131959747,0.03198333414387536,0.0008755874610528138,0.5715897570754743,107592.93200621067,Nuclei,Granularity,AGP
Image_Granularity_15_AGP,0.09051356126865785,0.012769838343194659,0.002516124272938129,0.8942004761152095,17120.059585130424,Image,Granularity,AGP
Nuclei_RadialDistribution_FracAtD_AGP_3of4,0.1782457718735919,0.0730586488227654,0.0013907098850151596,0.7473048694186275,122791.04228487963,Nuclei,RadialDistribution,AGP
Nuclei_Texture_Entropy_DNA_5_00_256,0.32009350262583,0.045690628373398885,0.00818456569447263,0.6260313033062985,107315.45481022989,Nuclei,Texture,DNA
Cytoplasm_Texture_SumAverage_AGP_10_02_256,0.2760557316336231,0.008771523462467108,0.0034245678415417017,0.7117481770623679,34081.26836261481,Cytoplasm,Texture,AGP
Nuclei_Texture_SumVariance_DNA_3_03_256,0.49714209508720925,0.03958828280083745,0.0018492379744149507,0.4614203841375384,256648.11802704138,Nuclei,Texture,DNA
Cells_RadialDistribution_MeanFrac_mito_tubeness_7of16,0.2936589410710872,0.03335249333105134,0.0009276227321283242,0.6720609428657331,60162.30208334414,Cells,RadialDistribution,
Cells_Texture_Correlation_AGP_5_01_256,0.14394086759863203,0.05474366618384073,0.004795838673304519,0.7965196275442227,73422.476975227,Cells,Texture,AGP
Cytoplasm_Texture_Entropy_ER_3_03_256,0.19142220920633995,0.05266689373043592,0.0012352126630348758,0.7546756844001893,80494.18666919501,Cytoplasm,Texture,ER
Cytoplasm_Texture_InfoMeas1_AGP_5_01_256,0.25959549107863017,0.04288291964469671,0.0016799815967158576,0.6958416076799573,83735.35114394934,Cytoplasm,Texture,AGP
Image_Texture_Correlation_DNA_5_01_256,0.3105444965731922,0.03102874752261374,0.0007421505095049513,0.6576846053946891,113722.68831757198,Image,Texture,DNA
Cytoplasm_Texture_Contrast_RNA_10_00_256,0.4376870917225684,0.03791943203598333,0.001310795366025607,0.5230826808754225,187044.0046985545,Cytoplasm,Texture,RNA
Nuclei_Location_MaxIntensity_Z_AGP,0.0,0.0,0.0,0.0,0.0,Nuclei,Location,AGP
Cytoplasm_Number_Object_Number,0.5055498036051546,0.04071775314480008,0.0014690645171347193,0.4522633787329106,43978.126654096835,Cytoplasm,Number,
Nuclei_AreaShape_Center_Y,0.09652267023317189,0.06845619231047011,0.0005454257167529691,0.834475711739605,40270.02251853458,Nuclei,AreaShape,
Nuclei_Texture_AngularSecondMoment_AGP_5_00_256,0.08854143381137518,0.038156486356694594,0.0038906055615720164,0.8694114742703581,32915.78068465325,Nuclei,Texture,AGP
Nuclei_Texture_SumAverage_Mito_10_00_256,0.3005575953034384,0.04742604078630613,0.0033519111929123557,0.6486644527173431,87790.87616280865,Nuclei,Texture,Mito
Image_Intensity_UpperQuartileIntensity_RNA,0.47453393760337986,0.03966609624690153,0.0012144275065014579,0.4845855386432172,45095.45279399585,Image,Intensity,RNA
Nuclei_Texture_AngularSecondMoment_AGP_10_00_256,0.09645333441627882,0.034623651199452585,0.004239449138385833,0.8646835652458827,33000.79331606115,Nuclei,Texture,AGP
Image_Texture_Contrast_RNA_3_02_256,0.328536271487876,0.0315755469607607,0.002485740103888647,0.6374024414474747,23077.693482621995,Image,Texture,RNA
Nuclei_Correlation_RWC_RNA_DNA,0.08359881691563222,0.07082661629988735,0.004692227699124159,0.8408823390853561,67348.28100816402,Nuclei,Correlation,DNA
Nuclei_Correlation_Overlap_ER_Mito,0.2288607714645254,0.02851474428099578,0.003329859074286151,0.7392946251801926,52123.27675050571,Nuclei,Correlation,ER
Cytoplasm_Texture_Variance_Mito_10_00_256,0.38944441410422936,0.03354173284868718,0.0025327223883948344,0.5744811306586887,129480.13776995792,Cytoplasm,Texture,Mito
Nuclei_Texture_DifferenceEntropy_RNA_5_00_256,0.15818264192887893,0.04388718042381112,0.001128839199154215,0.7968013384481557,49641.60584115908,Nuclei,Texture,RNA
Nuclei_Intensity_UpperQuartileIntensity_ER,0.3085795561879317,0.05042316830094605,0.0005473674612985807,0.6404499080498237,114335.38752260883,Nuclei,Intensity,ER
Cytoplasm_Texture_Variance_ER_5_02_256,0.3724641321384065,0.04715696879750418,0.001350313279856419,0.5790285857842328,152276.3292532559,Cytoplasm,Texture,ER
Cytoplasm_Granularity_9_ER,0.18176576946712836,0.04769455070144129,0.0015410536060996359,0.7689986262253307,83397.17997821694,Cytoplasm,Granularity,ER
Cytoplasm_Texture_Correlation_Mito_5_02_256,0.4042798163248526,0.037586127348802366,0.0033550760060847857,0.5547789803202602,89620.42536323634,Cytoplasm,Texture,Mito
Image_Intensity_MeanIntensity_Mito_BackgroundOnly,0.07472075732106795,0.01728265735844544,0.004261853473504095,0.9037347318469825,18774.07133202561,Image,Intensity,Mito
Cytoplasm_RadialDistribution_FracAtD_mito_tubeness_18of20,0.03213836700268956,0.13994666519234908,0.0020770627489453994,0.8258379050560161,118221.48866257766,Cytoplasm,RadialDistribution,
Cells_Texture_Entropy_RNA_5_01_256,0.10603746660230798,0.04899740798897682,0.001305354445708549,0.8436597709630067,73206.39022466223,Cells,Texture,RNA
Cytoplasm_Texture_InfoMeas2_ER_3_02_256,0.253672181700498,0.03822261628547149,0.0038881937016941,0.7042170083123365,78730.30697290855,Cytoplasm,Texture,ER
Nuclei_Location_Center_Z,0.0,0.0,0.0,0.0,0.0,Nuclei,Location,
Cells_Texture_Correlation_DNA_10_00_256,0.2561880966551487,0.03531523192517223,0.0031787217586434747,0.7053179496610356,114696.19058155958,Cells,Texture,DNA
Image_Texture_DifferenceEntropy_AGP_3_01_256,0.4662624627002416,0.04846206124304492,0.001851322196869689,0.4834241538598437,88952.92667956161,Image,Texture,AGP
Cytoplasm_Texture_Entropy_DNA_3_01_256,0.2910298179451268,0.029566361864281097,0.004175658944238567,0.6752281612463535,95085.40144234366,Cytoplasm,Texture,DNA
Cells_Texture_Entropy_DNA_5_02_256,0.24702332130695315,0.034630775708067434,0.007350992629995459,0.710994910354984,109798.15464496089,Cells,Texture,DNA
Cytoplasm_Correlation_K_Mito_DNA,0.08957053137433105,0.07332470594003924,0.001484560539647495,0.8356202021459822,47836.47661778217,Cytoplasm,Correlation,DNA
Image_Texture_SumVariance_Mito_3_03_256,0.13267308682574,0.01944081184039745,0.003206995998327946,0.8446791053355346,37340.95736597773,Image,Texture,Mito
Nuclei_Intensity_LowerQuartileIntensity_RNA,0.23306973498314232,0.036431851214034965,0.0025453708571641473,0.7279530429456587,68147.90957848949,Nuclei,Intensity,RNA
Cytoplasm_Texture_Correlation_RNA_10_01_256,0.14030812067259385,0.0647623051519997,0.002064366387464266,0.7928652077879421,96162.11227016042,Cytoplasm,Texture,RNA
Nuclei_Texture_DifferenceEntropy_DNA_3_00_256,0.3821286258650335,0.04016530666854332,0.005743840920844324,0.5719622265455788,146103.96082478215,Nuclei,Texture,DNA
Cells_Texture_Entropy_AGP_3_02_256,0.15974680844742006,0.05096772697542673,0.0016732637943446523,0.7876122007828086,64157.08545531565,Cells,Texture,AGP
Cytoplasm_Texture_Correlation_Mito_5_00_256,0.3889490258894503,0.038642807814999604,0.0037800042621089726,0.5686281620334412,85642.52192218279,Cytoplasm,Texture,Mito
Cells_Texture_Correlation_ER_10_02_256,0.2080214532857039,0.040746735250716724,0.0029823508364115476,0.7482494606271678,87088.2839190831,Cells,Texture,ER
Image_Texture_InverseDifferenceMoment_ER_10_02_256,0.49169905926623125,0.034603114581963315,0.0028191520439200647,0.47087867410788536,54741.35044652185,Image,Texture,ER
Cells_Texture_SumVariance_ER_10_03_256,0.3164560519925215,0.04948742556519451,0.0009694585090597638,0.6330870639332241,118303.252314894,Cells,Texture,ER
Nuclei_Texture_Entropy_RNA_3_01_256,0.10054120207281035,0.047406149621743617,0.0013401919699451055,0.850712456335501,44451.31025297439,Nuclei,Texture,RNA
Cytoplasm_Granularity_10_DNA,0.2802666412157036,0.023897493194011882,0.0011569182506436465,0.694678947339641,64836.954196217375,Cytoplasm,Granularity,DNA
Nuclei_Texture_InfoMeas1_ER_3_01_256,0.2935055399423035,0.04297046854414962,0.0027014514763275366,0.6608225400372194,98409.81687406282,Nuclei,Texture,ER
Cytoplasm_Intensity_MedianIntensity_ER,0.18881336003623966,0.031306019622261406,0.006835410426240808,0.7730452099152582,53688.25386408394,Cytoplasm,Intensity,ER
Cytoplasm_Texture_SumAverage_AGP_3_02_256,0.27136033737660953,0.009906337340413912,0.003444922882702657,0.7152884024002739,33089.167729148154,Cytoplasm,Texture,AGP
Image_Texture_Contrast_RNA_10_02_256,0.28915130585770427,0.02281248761560433,0.0021991494594383564,0.6858370570672531,22293.715622442378,Image,Texture,RNA
Nuclei_Texture_SumAverage_ER_10_01_256,0.2588859547587945,0.047977093057545814,0.0018334871678465615,0.6913034650158132,86597.79538054985,Nuclei,Texture,ER
Nuclei_Location_MaxIntensity_Z_ER,0.0,0.0,0.0,0.0,0.0,Nuclei,Location,ER
Image_Texture_InverseDifferenceMoment_Mito_3_01_256,0.4159196559148863,0.03747847699542007,0.002330203079763174,0.5442716640099304,43436.396641195075,Image,Texture,Mito
Cytoplasm_Texture_Correlation_AGP_10_01_256,0.1300792330921605,0.06126521339351032,0.004966635922745003,0.8036889175915842,120639.1471007022,Cytoplasm,Texture,AGP
Cells_Texture_SumEntropy_RNA_10_01_256,0.12652509509880452,0.053584123505637495,0.00047880260433542666,0.8194119787912226,74268.45599852392,Cells,Texture,RNA
Cytoplasm_AreaShape_Zernike_2_2,0.3343047185461131,0.03971579702441459,0.002203675788416576,0.6237758086410558,97587.19780014822,Cytoplasm,AreaShape,
Cytoplasm_Texture_DifferenceEntropy_RNA_5_00_256,0.18581171288249868,0.04901997971042976,0.0014036004019770934,0.7637647070050945,90112.6081040847,Cytoplasm,Texture,RNA
Cells_Texture_InfoMeas2_ER_3_00_256,0.20920039760399609,0.051269189664027603,0.0022845777791435018,0.7372458349528328,73830.3614143734,Cells,Texture,ER
Cytoplasm_Granularity_3_RNA,0.38956295238938604,0.04262213257546007,0.003791857415153507,0.5640230576200003,131321.40169069628,Cytoplasm,Granularity,RNA
Image_Texture_Contrast_Mito_10_03_256,0.19354953450763074,0.011318328581449431,0.001929122268236154,0.7932030146426837,29801.522702078153,Image,Texture,Mito
Nuclei_Texture_SumAverage_ER_10_00_256,0.2630820282392713,0.04956281749991338,0.0011983696958893562,0.686156784564926,92475.40991477307,Nuclei,Texture,ER
Nuclei_Texture_Variance_Mito_10_03_256,0.4514996817318951,0.03998965787939628,0.0030158207514865585,0.505494839637222,203708.81590366724,Nuclei,Texture,Mito
Cells_Correlation_Manders_DNA_Mito,0.34580334696077164,0.011372938203478523,0.0020180778386924233,0.6408056369970574,84026.04931496852,Cells,Correlation,DNA
Image_ImageQuality_PercentMaximal_OrigRNA,0.030129694379937566,0.030460484852949346,0.005494227616205889,0.9339155931509072,138805.80562028344,Image,ImageQuality,
Nuclei_RadialDistribution_MeanFrac_RNA_1of4,0.16590038001062488,0.0409549852978708,0.0016132767418226602,0.7915313579496817,43794.29069907982,Nuclei,RadialDistribution,RNA
Image_Granularity_9_ER,0.3134747353141811,0.04181661852919827,0.0015540671410936185,0.643154579015527,39287.56318728175,Image,Granularity,ER
Nuclei_Texture_Contrast_RNA_10_00_256,0.35211175024184316,0.05072734815173627,0.0011030055226195908,0.5960578960838011,139646.6451461955,Nuclei,Texture,RNA
Nuclei_Texture_Entropy_DNA_10_03_256,0.12362989157940624,0.062051129443010014,0.010341328822268956,0.8039776501553147,85473.3298121391,Nuclei,Texture,DNA
Nuclei_Texture_InfoMeas1_RNA_3_03_256,0.2533345510209377,0.04452034223643149,0.002071486748329757,0.700073619994301,83175.29871514937,Nuclei,Texture,RNA
Cytoplasm_Texture_SumAverage_DNA_3_01_256,0.26439974753658213,0.031203104852216442,0.004841951574206977,0.6995551960369945,86870.8523769131,Cytoplasm,Texture,DNA
Cytoplasm_AreaShape_Zernike_3_1,0.17319693162322444,0.03296267470127577,0.007483713669529627,0.7863566800059701,51393.70147025543,Cytoplasm,AreaShape,
Image_ImageQuality_TotalArea_OrigAGP,0.0,0.0,0.0,0.0,0.0,Image,ImageQuality,
Nuclei_Texture_AngularSecondMoment_RNA_3_03_256,0.1014533345557165,0.07949927960984102,0.002048914694491679,0.8169984711399508,94278.08458365605,Nuclei,Texture,RNA
Nuclei_Texture_AngularSecondMoment_ER_10_00_256,0.06703931507979137,0.07410651353755184,0.0035046945739969568,0.8553494768086597,66069.80662997745,Nuclei,Texture,ER
Cytoplasm_Texture_Entropy_ER_10_02_256,0.17946948504682256,0.05437136146054716,0.0012971471303509202,0.7648620063622793,77025.08817121957,Cytoplasm,Texture,ER
Nuclei_Texture_SumVariance_RNA_3_02_256,0.3673581950409951,0.05153453134278733,0.0010189565476118577,0.5800883170686058,142807.6359947359,Nuclei,Texture,RNA
Cytoplasm_Texture_SumVariance_Mito_10_00_256,0.366860516912815,0.03427209437048241,0.002955219104505563,0.595912169612197,116565.70189201919,Cytoplasm,Texture,Mito
Image_ImageQuality_LocalFocusScore_OrigDNA_20,0.07437832988173969,0.08184442606400193,0.015441102617155329,0.8283361414371031,174110.9963174105,Image,ImageQuality,
Image_Texture_SumEntropy_AGP_10_03_256,0.4515788903266616,0.06137005790499425,0.001237722231701094,0.485813329536643,121013.42227313123,Image,Texture,AGP
Nuclei_Texture_AngularSecondMoment_DNA_5_02_256,0.16401231476284445,0.03163261911836167,0.01879371212346646,0.7855613539953273,56807.50215597705,Nuclei,Texture,DNA
Image_Texture_DifferenceVariance_AGP_3_02_256,0.3198509972338683,0.027892066312108353,0.005124147063752741,0.6471327893902707,50501.72853235126,Image,Texture,AGP
Nuclei_Texture_SumVariance_DNA_10_02_256,0.4709343548106389,0.04382485253988381,0.0023205338662013095,0.482920258783276,248301.34521658882,Nuclei,Texture,DNA
Image_Texture_SumAverage_Mito_3_02_256,0.2707096389255754,0.023019154962614082,0.0030435503280583586,0.7032276557837521,21221.49217170913,Image,Texture,Mito
Nuclei_Texture_AngularSecondMoment_DNA_3_00_256,0.16641398797183843,0.032693253136029936,0.018858800421158256,0.7820339584709733,58203.17054197375,Nuclei,Texture,DNA
Image_ImageQuality_ThresholdOtsu_OrigRNA_3FW,0.14367047479198075,0.022328405055932615,0.002205413198649664,0.8317957069534369,48987.89897871545,Image,ImageQuality,
Nuclei_Intensity_MaxIntensityEdge_RNA,0.29625301885809024,0.04375393338889378,0.0018447365308838465,0.6581483112221322,87013.40480286526,Nuclei,Intensity,RNA
Cells_Texture_Variance_RNA_5_02_256,0.3826003111426503,0.04603794330819353,0.0008082671461807487,0.5705534784029753,153788.20481030364,Cells,Texture,RNA
Cells_Intensity_UpperQuartileIntensity_RNA,0.24318770669385534,0.030280094039694443,0.0042018553238720915,0.7223303439425782,76591.48685419546,Cells,Intensity,RNA
Cells_Texture_Variance_DNA_3_02_256,0.4534296699139634,0.03786466984059558,0.0024046873478970744,0.506300972897544,218313.93238381387,Cells,Texture,DNA
Image_Granularity_3_Mito,0.1740639654680306,0.043143658536472285,0.005685545494082574,0.7771068305014145,30066.53933177718,Image,Granularity,Mito
Cells_AreaShape_EulerNumber,0.08167628002205626,0.024114573965323186,0.0031376723858289137,0.8910714736267916,44546.07526336392,Cells,AreaShape,
Image_Texture_Variance_AGP_5_01_256,0.314910031883202,0.014312589572427268,0.001968485311803384,0.6688088932325673,39900.17409000864,Image,Texture,AGP
Image_Texture_Correlation_DNA_5_03_256,0.3058760589164281,0.03280163727320204,0.0011268148756551721,0.6601954889347147,116376.52483785269,Image,Texture,DNA
Image_Texture_AngularSecondMoment_ER_5_01_256,0.49117415338174686,0.04308562361640296,0.0028409061647338314,0.4628993168371165,169215.6010759157,Image,Texture,ER
Cells_Texture_SumVariance_DNA_10_02_256,0.4236632656603948,0.042461590737022645,0.002871028750625247,0.5310041148519572,208108.2407443705,Cells,Texture,DNA
Image_Texture_SumEntropy_AGP_10_01_256,0.45162902278090555,0.06144452129804246,0.0012980880203409043,0.48562836790071107,120926.3486471823,Image,Texture,AGP
Nuclei_Texture_InfoMeas1_ER_10_00_256,0.35785312349967346,0.04245456618211621,0.0006243124601401978,0.5990679978580701,136050.6194330562,Nuclei,Texture,ER
Image_Texture_SumVariance_Mito_5_03_256,0.13144240334097895,0.019761312382952742,0.003401994119151976,0.8453942901569164,38136.55146842338,Image,Texture,Mito
Nuclei_AreaShape_Eccentricity,0.2695820173682189,0.02674416603079685,0.0009014611246341757,0.7027723554763501,67340.58169727241,Nuclei,AreaShape,
Nuclei_Texture_Contrast_ER_10_02_256,0.3592765428189744,0.05127966585074839,0.00033427256002736643,0.5891095187702499,153520.61495364096,Nuclei,Texture,ER
Nuclei_Location_MaxIntensity_Z_Mito,0.0,0.0,0.0,0.0,0.0,Nuclei,Location,Mito
Cytoplasm_Texture_SumAverage_Mito_5_00_256,0.20640488315991543,0.05657739670192478,0.003641269271577233,0.7333764508665827,58913.10755188577,Cytoplasm,Texture,Mito
Image_Intensity_MinIntensity_ER__BackgroundOnly,0.0736565416279499,0.1100724203222745,0.008375110287678494,0.8078959277620972,75052.31300653363,Image,Intensity,ER
Cells_Granularity_15_Mito,0.3181688903546068,0.021239057152873442,0.0018798553655239992,0.6587121971269958,31814.232342708947,Cells,Granularity,Mito
Nuclei_Texture_DifferenceVariance_DNA_3_02_256,0.2014394852713441,0.03342785880285339,0.01571597157794873,0.7494166843478538,60667.25569562319,Nuclei,Texture,DNA
Cells_Texture_AngularSecondMoment_RNA_10_01_256,0.13274307367712446,0.07453045862145205,0.000816754184797432,0.7919097135166262,133273.8348986354,Cells,Texture,RNA
Image_Texture_DifferenceVariance_DNA_5_02_256,0.1548812341360752,0.016349517500635777,0.0010585604127051232,0.8277106879505839,24364.618284391676,Image,Texture,DNA
Nuclei_RadialDistribution_MeanFrac_ER_2of4,0.13984417010114636,0.04153031921745132,0.0017399257026401579,0.8168855849787623,41266.74418177437,Nuclei,RadialDistribution,ER
Image_Texture_Contrast_RNA_5_01_256,0.3015422014954979,0.022752399749544117,0.0021169479650775262,0.6735884507898804,21733.59010587298,Image,Texture,RNA
Nuclei_Location_CenterMassIntensity_Y_AGP,0.09663920915255164,0.06841709894984199,0.0005382600320526948,0.8344054318655537,40283.13199817726,Nuclei,Location,AGP
Image_Texture_InfoMeas2_RNA_3_01_256,0.5215384726133406,0.05236870012924871,0.0015105854832358052,0.4245822417741748,320029.87740751833,Image,Texture,RNA
Cells_Neighbors_FirstClosestDistance_5,0.3696411116860138,0.059845863748217334,0.0006325966375564187,0.5698804279282124,244177.8110509982,Cells,Neighbors,
Cells_Texture_SumVariance_RNA_10_02_256,0.3450441667817368,0.04963091086079293,0.0006115653828090658,0.6047133569746612,131822.43320639257,Cells,Texture,RNA
Cells_RadialDistribution_FracAtD_mito_tubeness_2of16,0.36335517623071684,0.05021712600928015,0.0021233741984305605,0.5843043235615725,169502.5995311395,Cells,RadialDistribution,
Cytoplasm_Texture_InfoMeas1_DNA_5_01_256,0.20490800000301385,0.041499472378200813,0.0006098060635167453,0.7529827215552687,76119.99145545697,Cytoplasm,Texture,DNA
Nuclei_AreaShape_Zernike_8_6,0.10338238350234824,0.027268251046563757,0.002008987455784208,0.8673403779953038,35465.66726068524,Nuclei,AreaShape,
Nuclei_Texture_AngularSecondMoment_AGP_3_00_256,0.08792592822454655,0.039303971093581226,0.0039670659022745846,0.8688030347795976,32994.039924260826,Nuclei,Texture,AGP
Cytoplasm_Texture_InfoMeas2_ER_3_01_256,0.22292071911138508,0.033443372834175276,0.0037121562961169984,0.7399237517583227,66416.56991195763,Cytoplasm,Texture,ER
Nuclei_Texture_AngularSecondMoment_AGP_3_03_256,0.08927779202266267,0.038580769480127425,0.0034286184759889722,0.8687128200212209,33131.17704060914,Nuclei,Texture,AGP
Image_Texture_AngularSecondMoment_ER_10_03_256,0.49573525940372465,0.04098797922587642,0.0027947239263198496,0.460482037444079,184036.23404405272,Image,Texture,ER
Nuclei_Granularity_14_AGP,0.23208143724772382,0.03914387501907778,0.003346262473737937,0.7254284252594605,37556.41072677447,Nuclei,Granularity,AGP
Cells_Correlation_Overlap_AGP_RNA,0.21906423794315447,0.02273719437084004,0.004165482460884488,0.7540330852251209,34214.644455356916,Cells,Correlation,AGP
Image_Texture_SumVariance_ER_3_00_256,0.29185084330454575,0.01686831965318553,0.0009630836486084843,0.6903177533936602,37484.069513468865,Image,Texture,ER
Cells_Texture_InverseDifferenceMoment_DNA_5_02_256,0.22277361645704077,0.026823215584239755,0.005107673605556492,0.745295494353163,94370.68178100334,Cells,Texture,DNA
Image_Intensity_MeanIntensity_Mito,0.3042221961275395,0.021756549418893704,0.002145499435037208,0.6718757550185297,20594.321851170207,Image,Intensity,Mito
Cells_Correlation_Manders_DNA_RNA,0.18749074997500592,0.020671890508730726,0.004472063811971279,0.787365295704292,123609.43773087063,Cells,Correlation,DNA
Cells_Texture_Entropy_DNA_3_03_256,0.24693327061160147,0.034650981457964275,0.00742202756751899,0.7109937203629153,109699.38475196945,Cells,Texture,DNA
Cells_Granularity_15_RNA,0.31038388628886804,0.03131210555246563,0.004687239654865104,0.6536167685038012,34404.686567705976,Cells,Granularity,RNA
Cytoplasm_Texture_Contrast_ER_5_00_256,0.42427206907594506,0.04288579420062411,0.002008875314260522,0.5308332614091703,194280.98931260916,Cytoplasm,Texture,ER
Cytoplasm_Texture_AngularSecondMoment_Mito_10_02_256,0.08709631877617262,0.08463094305894464,0.002710673563513761,0.825562064601369,77870.41995215716,Cytoplasm,Texture,Mito
Image_Texture_Correlation_Mito_3_00_256,0.16202466567183713,0.020635409193455134,0.0018445652961006365,0.815495359838607,30226.321959993416,Image,Texture,Mito
Image_Texture_DifferenceVariance_DNA_10_01_256,0.20387420822449234,0.013058929387579837,0.0010010722671074809,0.7820657901208202,26924.026581575403,Image,Texture,DNA
Nuclei_Texture_DifferenceEntropy_ER_10_00_256,0.15537930871697633,0.050910727204522076,0.0013928717043261603,0.7923170923741755,58415.14120876102,Nuclei,Texture,ER
Nuclei_Texture_InfoMeas1_ER_3_03_256,0.29126328658638123,0.0438458869614648,0.002983124304968795,0.6619077021471851,99939.0563920339,Nuclei,Texture,ER
Cytoplasm_Texture_InfoMeas1_Mito_10_03_256,0.3606099872348838,0.03859751176393861,0.0029153716258547425,0.5978771293753228,97865.67198582545,Cytoplasm,Texture,Mito
Image_Intensity_MedianIntensity_ER__BackgroundOnly,0.1438837167295259,0.03700170070833163,0.0028542207187403257,0.8162603618434021,31128.439395824968,Image,Intensity,ER
Cytoplasm_Intensity_MADIntensity_DNA,0.378608032928574,0.02960082631198044,0.0030919853579086005,0.588699155401537,125097.24092010414,Cytoplasm,Intensity,DNA
Cells_Correlation_Correlation_DNA_RNA,0.17840922522119504,0.05832277787836589,0.004601984211599307,0.7586660126888397,48030.5035120266,Cells,Correlation,DNA
Image_Intensity_MADIntensity_ER__BackgroundOnly,0.14956683861115927,0.012289043819810498,0.006434757012369637,0.8317093605566607,27514.918501637385,Image,Intensity,ER
Nuclei_Texture_DifferenceEntropy_Mito_10_03_256,0.27069581929751385,0.05236673652138481,0.0025985278005236836,0.6743389163805776,67143.15028082799,Nuclei,Texture,Mito
Image_Texture_SumAverage_RNA_5_01_256,0.4684911592764061,0.03257770574980546,0.001205169194851768,0.4977259657789367,31470.822004996346,Image,Texture,RNA
Cells_RadialDistribution_RadialCV_DNA_3of4,0.23899974744996919,0.02288649215123245,0.003092759853680752,0.7350210005451175,43342.391400578505,Cells,RadialDistribution,DNA
Cytoplasm_RadialDistribution_RadialCV_mito_tubeness_9of20,0.029977493233115507,0.045854569247763356,0.058961828148993874,0.8652061093701273,533052.641402999,Cytoplasm,RadialDistribution,
Image_Texture_SumVariance_Mito_5_01_256,0.13158577001217103,0.019603689305232645,0.0031564619323017273,0.8456540787502946,37952.233899319996,Image,Texture,Mito
Nuclei_Texture_SumVariance_ER_3_01_256,0.3558472420685447,0.052452907284544124,0.0012742267580230751,0.5904256238888881,151957.2580906154,Nuclei,Texture,ER
Image_Texture_SumVariance_DNA_5_00_256,0.21667408611918623,0.03967117735604182,0.005545846861839161,0.7381088896629329,40286.609256274314,Image,Texture,DNA
Image_Texture_InverseDifferenceMoment_DNA_10_03_256,0.4725659924875256,0.040247951172850856,0.0028992465346624413,0.4842868098049611,39082.60998344482,Image,Texture,DNA
Image_Texture_InverseDifferenceMoment_AGP_3_03_256,0.46811388466896825,0.04138800668705827,0.0009725625987111966,0.4895255460452622,45121.88664240781,Image,Texture,AGP
Cells_Texture_AngularSecondMoment_Mito_5_01_256,0.0680911635759424,0.08599739056816816,0.002642770134713676,0.8432686757211758,84082.87706652525,Cells,Texture,Mito
Image_Granularity_14_AGP,0.11682664065778098,0.015288509383649418,0.0021599593674983784,0.8657248905910713,19840.159579854306,Image,Granularity,AGP
Nuclei_Granularity_1_ER,0.1831158195040386,0.056267895083531375,0.0031078791929330415,0.7575084062194969,47891.569931250604,Nuclei,Granularity,ER
Image_Texture_InfoMeas2_RNA_10_02_256,0.49688323643220994,0.047438066137832406,0.0010539383742114645,0.4546247590557462,240678.21973066585,Image,Texture,RNA
Cells_Texture_Correlation_AGP_3_02_256,0.1385334213631424,0.07029626689910903,0.00555142733592562,0.785618884401823,66904.76854537973,Cells,Texture,AGP
Cells_Correlation_Manders_DNA_AGP,0.13198365694781847,0.04336319291645021,0.005367663293751031,0.8192854868419802,264105.03639745706,Cells,Correlation,AGP
Cells_Texture_InverseDifferenceMoment_AGP_5_00_256,0.13145435469227723,0.042602838432325145,0.0011114657009569295,0.8248313411744407,68547.4318165523,Cells,Texture,AGP
Image_Texture_InfoMeas1_AGP_3_03_256,0.2751544909534857,0.019340197200414657,0.002233938548287606,0.703271373297812,21404.23363749055,Image,Texture,AGP
Nuclei_Texture_Entropy_RNA_10_01_256,0.16478043258932673,0.04498335187768485,0.0007892312238655386,0.789446984309123,55397.738698351415,Nuclei,Texture,RNA
Cytoplasm_Texture_Entropy_AGP_3_01_256,0.1844080834421739,0.04388018761215616,0.001803834638610857,0.7699078943070591,54509.54953414377,Cytoplasm,Texture,AGP
Cells_RadialDistribution_RadialCV_mito_tubeness_3of16,0.22038510154928562,0.041008841025170016,0.0007223695605419207,0.7378836878650025,57526.59569948509,Cells,RadialDistribution,
Image_Texture_SumVariance_Mito_10_02_256,0.1307045453969997,0.019338654943946,0.003557498035256186,0.8463993016237982,38586.62794962218,Image,Texture,Mito
Image_Granularity_12_ER,0.1615294075609721,0.02010933338055055,0.004272692061454351,0.8140885669970231,35362.533480613245,Image,Granularity,ER
Image_Texture_Correlation_Mito_10_03_256,0.24393487927928437,0.014149778173935201,0.001510910230038841,0.7404044323167415,23705.908749166687,Image,Texture,Mito
Cytoplasm_Texture_InverseDifferenceMoment_ER_3_01_256,0.22518345850959576,0.044260936906848715,0.0014616796956703287,0.7290939248878852,89142.50031156672,Cytoplasm,Texture,ER
Image_Texture_Entropy_Mito_10_03_256,0.46389061348847604,0.04243019106922316,0.002586229162095421,0.49109296628020543,66385.48592977841,Image,Texture,Mito
Nuclei_RadialDistribution_FracAtD_RNA_2of4,0.21184204181965874,0.056294413648863846,0.0008258531981883599,0.7310376913332891,104138.26391828572,Nuclei,RadialDistribution,RNA
Cytoplasm_Texture_SumVariance_Mito_3_00_256,0.3756212157672384,0.03360574767633706,0.003013239830439651,0.5877597967259849,121667.44586394826,Cytoplasm,Texture,Mito
Image_Texture_InverseDifferenceMoment_RNA_3_00_256,0.4649326822462597,0.0410716324520814,0.008265096854602565,0.4857305884470564,44057.798945108545,Image,Texture,RNA
Nuclei_RadialDistribution_MeanFrac_RNA_2of4,0.1661846188451562,0.04543979702691612,0.0014789597885053022,0.7868966243394223,44652.53108433241,Nuclei,RadialDistribution,RNA
Nuclei_Texture_Contrast_ER_3_02_256,0.3679366340949033,0.049882097454426705,0.0004956104119967797,0.5816856580386732,145260.17119525865,Nuclei,Texture,ER
Cytoplasm_Correlation_Overlap_ER_RNA,0.0964278221505572,0.06202834944992634,0.0036232828929788356,0.8379205455065377,44867.075259444464,Cytoplasm,Correlation,ER
Image_Texture_DifferenceEntropy_AGP_10_03_256,0.46333980014436427,0.05007843019228703,0.0013578020860578039,0.4852239675772909,113963.4019865293,Image,Texture,AGP
Cells_RadialDistribution_FracAtD_ER_4of4,0.10930986972516131,0.0693047442942457,0.0013484610111782615,0.8200369249694147,103248.14413905871,Cells,RadialDistribution,ER
Nuclei_Texture_InfoMeas1_RNA_3_01_256,0.2580439735000847,0.04297583668799764,0.0026458571523166664,0.6963343326596009,84124.95813657966,Nuclei,Texture,RNA
Nuclei_Texture_Correlation_DNA_3_02_256,0.08246115010269041,0.045513451416094246,0.015449524854310202,0.8565758736269052,41754.54891959921,Nuclei,Texture,DNA
Image_Texture_SumEntropy_RNA_5_02_256,0.47594812503160755,0.05047881973142774,0.0072561266232733694,0.46631692861369134,113155.63514690021,Image,Texture,RNA
Cytoplasm_Intensity_MeanIntensityEdge_RNA,0.19233749181897802,0.013850838332138023,0.011408187575428061,0.782403482273456,32872.87107930334,Cytoplasm,Intensity,RNA
Cytoplasm_Correlation_RWC_DNA_ER,0.06162631056425793,0.06948401667503508,0.006564166506444661,0.8623255062542624,83256.12902304422,Cytoplasm,Correlation,DNA
Cytoplasm_Texture_SumAverage_DNA_5_03_256,0.2583063071760927,0.03257281140442333,0.004490702683350062,0.7046301787361339,86729.75895373528,Cytoplasm,Texture,DNA
Cells_Texture_Contrast_Mito_10_03_256,0.4467578345239249,0.03735473358373237,0.0016927371001436453,0.514194694792199,182701.37377301534,Cells,Texture,Mito
Cytoplasm_Texture_InverseDifferenceMoment_ER_5_02_256,0.22241897859947493,0.04386720353807578,0.0012141869941077257,0.7324996308683416,87560.34289524228,Cytoplasm,Texture,ER
Cells_RadialDistribution_RadialCV_DNA_4of4,0.25092780186730285,0.014878049209383848,0.0034049407382335836,0.7307892081850796,33111.378435416496,Cells,RadialDistribution,DNA
Nuclei_Correlation_K_ER_Mito,0.3085669524374165,0.02036712278082452,0.004473189190072747,0.6665927355916863,41194.96755076317,Nuclei,Correlation,ER
Image_Texture_Entropy_AGP_3_02_256,0.4607204310895071,0.050973020909073595,0.0014389094429196868,0.48686763855849957,81740.64705497152,Image,Texture,AGP
Nuclei_Texture_DifferenceEntropy_AGP_10_01_256,0.13040484244510012,0.046901072091018486,0.0018881323301658739,0.8208059531337155,57440.099898775516,Nuclei,Texture,AGP
Image_Texture_SumVariance_DNA_5_02_256,0.21543190186716732,0.039476081543441885,0.005139096209992072,0.7399529203793989,40430.48531914446,Image,Texture,DNA
Cells_Texture_Variance_RNA_5_00_256,0.3825144335472919,0.04616587016383621,0.0008146700934705284,0.5705050261954013,154036.68180335648,Cells,Texture,RNA
Cytoplasm_Granularity_8_ER,0.24923964977225152,0.042331588179931184,0.0011167886237035643,0.7073119734241137,95762.93617374072,Cytoplasm,Granularity,ER
Nuclei_Location_CenterMassIntensity_Z_AGP,0.0,0.0,0.0,0.0,0.0,Nuclei,Location,AGP
Cells_Texture_SumAverage_AGP_5_00_256,0.2576335987316686,0.013107838617295912,0.0034323968281435293,0.725826165822892,41829.57439713116,Cells,Texture,AGP
Cytoplasm_Intensity_MassDisplacement_RNA,0.18835569581240985,0.04554409167122513,0.00500926598391662,0.7610909465324485,82470.17553960925,Cytoplasm,Intensity,RNA
Cytoplasm_RadialDistribution_MeanFrac_mito_tubeness_3of16,0.02305517709224673,0.22504198446696705,0.005132596821664223,0.746770241619122,223724.2048316389,Cytoplasm,RadialDistribution,
Nuclei_Granularity_6_AGP,0.49263396885328237,0.041252688109183366,0.0007201446130345511,0.4653931984244998,199956.5729656061,Nuclei,Granularity,AGP
Cells_RadialDistribution_FracAtD_mito_tubeness_10of20,0.19605356403146862,0.04057914648040863,0.0005656729571049732,0.7628016165310177,36576.79652015169,Cells,RadialDistribution,
Cytoplasm_Correlation_Manders_RNA_Mito,0.2745181807090823,0.03908498389339806,0.0024804724063696246,0.68391636299115,62335.75429632426,Cytoplasm,Correlation,Mito
Cells_Texture_Correlation_RNA_10_02_256,0.20717100914259282,0.03427180042740808,0.008979560219080432,0.7495776302109187,76741.35899373546,Cells,Texture,RNA
Cytoplasm_RadialDistribution_RadialCV_mito_tubeness_12of16,0.12184729197749448,0.039915813286210106,0.002854968043937669,0.8353819266923578,24468.834245630507,Cytoplasm,RadialDistribution,
Nuclei_Texture_SumAverage_Mito_5_01_256,0.31968285702849736,0.04780891175590804,0.0033079386831355354,0.629200292532459,96892.87467505824,Nuclei,Texture,Mito
Image_Texture_SumVariance_ER_3_03_256,0.29211561118435564,0.016208724148534453,0.0008749061118905702,0.6908007585552194,37479.52964996516,Image,Texture,ER
Cytoplasm_RadialDistribution_MeanFrac_mito_tubeness_8of16,0.04818269605276217,0.11582427470712997,0.019650704658568774,0.816342324581539,753991.9103110938,Cytoplasm,RadialDistribution,
Cells_Texture_AngularSecondMoment_AGP_10_01_256,0.13263099259744648,0.05223877668735326,0.0018082310144974909,0.8133219997007027,82156.40982294465,Cells,Texture,AGP
Cytoplasm_Texture_SumVariance_AGP_3_00_256,0.37514595363108344,0.04502682981234148,0.003933911856091665,0.5758933047004836,140420.95579327937,Cytoplasm,Texture,AGP
Nuclei_Granularity_8_DNA,0.3475232278574071,0.035409934208651565,0.0030195421332643736,0.6140472958006769,50350.814467546326,Nuclei,Granularity,DNA
Cytoplasm_Texture_InverseDifferenceMoment_Mito_3_00_256,0.19997376104484774,0.05368984680182778,0.003102249109163004,0.7432341430441615,50254.48013276414,Cytoplasm,Texture,Mito
Nuclei_Correlation_K_RNA_ER,0.24424154969989134,0.019599417825514335,0.0030515928750435243,0.7331074395995508,32879.57493117814,Nuclei,Correlation,ER
Cells_Texture_DifferenceEntropy_RNA_5_01_256,0.1625624471324144,0.04564345632093776,0.0008831727906327964,0.790910923756015,95895.36240878189,Cells,Texture,RNA
Nuclei_Texture_Entropy_DNA_5_01_256,0.3035442075720632,0.04714982775870853,0.00894545212474427,0.640360512544484,103569.63445729046,Nuclei,Texture,DNA
Nuclei_Texture_SumVariance_DNA_10_03_256,0.44446970701936045,0.04619918386413771,0.0024994530811916133,0.5068316560353102,226206.80953729482,Nuclei,Texture,DNA
Cytoplasm_Texture_SumAverage_RNA_5_03_256,0.18892758480359717,0.03816779830780482,0.0025005706801172656,0.7704040462084808,59882.67421890566,Cytoplasm,Texture,RNA
Image_Texture_InfoMeas2_Mito_5_00_256,0.42826949272649856,0.05494836570804038,0.003172839908389026,0.5136093016570722,165765.63086372043,Image,Texture,Mito
Nuclei_Granularity_3_DNA,0.43014262070246523,0.04314012648605705,0.0009350404479879465,0.5257822123634899,201487.8617780105,Nuclei,Granularity,DNA
Cytoplasm_Texture_InfoMeas1_Mito_5_01_256,0.22287071531659589,0.030710093754828856,0.001775458706923845,0.7446437322216514,70323.9290088906,Cytoplasm,Texture,Mito
Image_Intensity_StdIntensity_RNA,0.37747284784884466,0.026472476868722082,0.0007330312136718338,0.5953216440687615,45619.84769740257,Image,Intensity,RNA
Nuclei_RadialDistribution_MeanFrac_AGP_2of4,0.28501951686906857,0.030983479658762268,0.0010100347040738792,0.6829869687680953,64225.6264690332,Nuclei,RadialDistribution,AGP
Cells_Texture_InverseDifferenceMoment_AGP_5_03_256,0.13555083618201016,0.04336652867951813,0.0012702057703523342,0.8198124293681195,70189.18750481762,Cells,Texture,AGP
Cells_Texture_SumAverage_RNA_5_03_256,0.23033755784127777,0.033440226834829674,0.003429921603194336,0.7327922937206982,69264.982921608,Cells,Texture,RNA
Cells_Texture_InverseDifferenceMoment_Mito_3_02_256,0.2292126571082488,0.05912681657722709,0.0024268074044929253,0.7092337189100312,65449.285207490946,Cells,Texture,Mito
Nuclei_Texture_DifferenceEntropy_RNA_10_01_256,0.12101482586609043,0.048403963809522194,0.0013487192652065479,0.8292324910591808,47259.73635437597,Nuclei,Texture,RNA
Cytoplasm_Texture_InverseDifferenceMoment_DNA_5_03_256,0.0972094175261668,0.04450014336346548,0.004807451486694427,0.8534829876236733,88396.45995712915,Cytoplasm,Texture,DNA
Nuclei_Texture_SumEntropy_Mito_10_02_256,0.26162332495523566,0.050102119879107405,0.004320505499950083,0.6839540496657069,64605.09285240159,Nuclei,Texture,Mito
Nuclei_Texture_SumVariance_ER_5_01_256,0.3477346261429385,0.05253096312897268,0.0009748013233567489,0.5987596094047322,147768.4444062532,Nuclei,Texture,ER
Cells_Texture_Entropy_ER_3_01_256,0.16489092304324582,0.054162589586435966,0.0009232784304912342,0.780023208939827,92300.55571997585,Cells,Texture,ER
Cytoplasm_AreaShape_Zernike_1_1,0.2312283814100317,0.04074621471645994,0.0016798426254906818,0.7263455612480176,70594.45639819179,Cytoplasm,AreaShape,
Image_Texture_Correlation_ER_10_01_256,0.35135122707933397,0.00976585850001184,0.0015654916211549762,0.6373174227994992,32055.41493472331,Image,Texture,ER
Nuclei_AreaShape_Orientation,0.04311306450841905,0.0018203983431910027,0.0008498838084637048,0.9542166533399262,20907.35915529527,Nuclei,AreaShape,
Nuclei_Intensity_IntegratedIntensity_RNA,0.350538939837315,0.02254387553133736,0.001680615807013599,0.625236568824334,58810.13318179156,Nuclei,Intensity,RNA
Cells_Granularity_7_ER,0.29067053774373,0.03259445679189575,0.0016402549644972699,0.675094750499877,87941.25047747008,Cells,Granularity,ER
Cells_Correlation_Manders_ER_RNA,0.2529611759237611,0.04087814902817336,0.002520530596218381,0.7036401444518472,64801.220167386644,Cells,Correlation,ER
Cells_Correlation_Correlation_AGP_Mito,0.3251517566006006,0.04052839606485111,0.00323180612953385,0.6310880412050145,60725.897786346715,Cells,Correlation,AGP
Image_Texture_SumEntropy_AGP_5_03_256,0.45249330171337593,0.060695272830523644,0.0015191572939095826,0.48529226816219084,111850.43511960201,Image,Texture,AGP
Image_Texture_Correlation_Mito_5_02_256,0.1657740178730705,0.022660752811816884,0.0022204512697194564,0.8093447780453932,28513.254494275774,Image,Texture,Mito
Image_ImageQuality_LocalFocusScore_OrigER_50,0.45630240048534343,0.07885914986001277,0.0005124198004808064,0.46432602985416294,489340.6671671739,Image,ImageQuality,
Image_Granularity_6_RNA,0.2181055246099452,0.03029504315802905,0.0007863654414592454,0.7508130667905666,62514.73754070763,Image,Granularity,RNA
Image_Granularity_11_RNA,0.1657902733639625,0.010624094134166867,0.004154723783104931,0.8194309087187657,31655.243020963924,Image,Granularity,RNA
Cytoplasm_Texture_SumAverage_ER_5_00_256,0.2219641279340406,0.04302261059320617,0.002466611196668313,0.7325466502760849,77395.06706460525,Cytoplasm,Texture,ER
Cells_RadialDistribution_FracAtD_AGP_2of4,0.2507126671158311,0.05784926651264727,0.0013467304783005502,0.6900913358932211,153315.3285922769,Cells,RadialDistribution,AGP
Image_Texture_InverseDifferenceMoment_RNA_10_02_256,0.4903506596570855,0.03475553338757069,0.004040047931183297,0.47085375902416055,51081.927144155685,Image,Texture,RNA
Image_ImageQuality_LocalFocusScore_OrigDNA_50,0.2792728124084216,0.15556228168432962,0.011783848002749783,0.553381057904499,463832.17804378824,Image,ImageQuality,
Cells_Texture_SumVariance_ER_10_01_256,0.31709399857545506,0.049371394104927656,0.0010638397834349797,0.6324707675361823,118473.31118244157,Cells,Texture,ER
Image_Texture_SumVariance_DNA_3_01_256,0.22049864369444425,0.03878141985190807,0.005029384234199344,0.7356905522194482,39632.049254915306,Image,Texture,DNA
Nuclei_Texture_SumEntropy_Mito_3_03_256,0.29777826018648607,0.05057335511095189,0.005130681396208016,0.6465177033063542,79595.23161519022,Nuclei,Texture,Mito
Image_ImageQuality_LocalFocusScore_OrigER_10,0.3904713740126726,0.07708602991729677,0.004725047537287197,0.5277175485327434,324637.8289102813,Image,ImageQuality,
Cells_Correlation_Manders_ER_DNA,0.09128776404030702,0.10967260352955586,0.02052675629092694,0.7785128761392102,81613.94203174698,Cells,Correlation,DNA
Cytoplasm_RadialDistribution_FracAtD_ER_1of4,0.14950077704608258,0.05106686742171611,0.0032406937136234934,0.7961916618185778,85687.14132510472,Cytoplasm,RadialDistribution,ER
Image_Intensity_StdIntensity_AGP__BackgroundOnly,0.3081049582012038,0.02562886891907196,0.007603005245058399,0.6586631676346658,19638.200519239108,Image,Intensity,AGP
Cells_Texture_AngularSecondMoment_AGP_3_01_256,0.13609156225139468,0.05200126306642205,0.002199363538480516,0.8097078111437027,78439.31001267217,Cells,Texture,AGP
Image_Texture_SumAverage_DNA_3_00_256,0.4625611987833287,0.0400861243043939,0.0014026816642115803,0.49594999524806566,33768.62574390071,Image,Texture,DNA
Nuclei_Texture_Contrast_AGP_3_01_256,0.36208782166344805,0.04423664809357138,0.0035959416304586684,0.590079588612522,146417.52616019594,Nuclei,Texture,AGP
Cells_Texture_SumEntropy_AGP_5_00_256,0.15586493576928517,0.05548352513436395,0.0012501763134510327,0.7874013627829,73852.80093218587,Cells,Texture,AGP
Nuclei_Granularity_10_Mito,0.21137674207261153,0.028698349045921855,0.0005103404496812809,0.7594145684317853,27357.44679980095,Nuclei,Granularity,Mito
Cells_Granularity_12_DNA,0.32957773649548794,0.03172311800511042,0.0012763784229180767,0.6374227670764835,86831.4059731166,Cells,Granularity,DNA
Cytoplasm_RadialDistribution_FracAtD_mito_tubeness_6of16,0.029717305159788508,0.08489351135361944,0.03948726496989909,0.8459019185166929,503226.97109514754,Cytoplasm,RadialDistribution,
Cytoplasm_Texture_Contrast_AGP_5_02_256,0.37522987865938334,0.04486475934426019,0.003808774499233558,0.576096587497123,152853.45384949364,Cytoplasm,Texture,AGP
Image_Texture_DifferenceVariance_ER_5_00_256,0.36912024835583623,0.0319579537035751,0.004750123361733323,0.5941716745788553,50457.19433539928,Image,Texture,ER
Cytoplasm_RadialDistribution_RadialCV_mito_tubeness_14of16,0.18413661822937988,0.0739037602254885,0.0026980681386156624,0.739261553406516,51948.50160514126,Cytoplasm,RadialDistribution,
Image_Texture_Correlation_AGP_5_03_256,0.2640298230275031,0.011731618980688271,0.0015221696393693989,0.7227163883524392,25510.699664079653,Image,Texture,AGP
Cells_Correlation_RWC_RNA_Mito,0.2585809887859115,0.00828928488614477,0.0029756914477364993,0.7301540348802071,48158.2663257238,Cells,Correlation,Mito
Cytoplasm_Correlation_Manders_RNA_DNA,0.04295533483390506,0.13346481309811156,0.04453085626603257,0.7790489958019509,167532.33991173905,Cytoplasm,Correlation,DNA
Image_Texture_SumAverage_DNA_5_00_256,0.46236753683364595,0.039866064634131775,0.0014028786017277184,0.49636351993049455,33791.40021816445,Image,Texture,DNA
Image_Texture_InverseDifferenceMoment_AGP_10_03_256,0.4807213038990426,0.03764493536394325,0.0017685262587239091,0.4798652344782902,53284.62934548569,Image,Texture,AGP
Cytoplasm_Texture_InverseDifferenceMoment_AGP_5_02_256,0.1574533548548005,0.04060309415598362,0.0011985267405351103,0.8007450242486808,62317.60327033822,Cytoplasm,Texture,AGP
Cells_RadialDistribution_RadialCV_mito_tubeness_12of20,0.19346146140388396,0.0335407378318906,0.001189675624010068,0.7718081251402155,48552.01425278901,Cells,RadialDistribution,
Nuclei_Texture_InverseDifferenceMoment_RNA_5_00_256,0.14646517088932678,0.045059810666141564,0.0010606207241164308,0.8074143977204152,46715.38525146339,Nuclei,Texture,RNA
Image_Texture_Entropy_ER_10_01_256,0.48728007532915707,0.04506632483711092,0.002979953240756979,0.46467364659297516,90275.66568955162,Image,Texture,ER
Cytoplasm_RadialDistribution_FracAtD_Mito_2of4,0.16532660353664658,0.04360427322456271,0.002188330555307705,0.788880792683483,70246.57317169121,Cytoplasm,RadialDistribution,Mito
Cells_Texture_Contrast_ER_5_02_256,0.4276327937077998,0.040174410669468544,0.0013683281173822149,0.5308244675053495,189956.21421031753,Cells,Texture,ER
Cells_Texture_Entropy_AGP_5_03_256,0.15317562666747764,0.05472304368665409,0.001955789700482288,0.7901455399453859,68478.79324622484,Cells,Texture,AGP
Cytoplasm_Granularity_1_ER,0.22136955175215006,0.0555822408270292,0.005127366621911031,0.7179208407989096,79021.90772493643,Cytoplasm,Granularity,ER
Image_Texture_SumAverage_AGP_3_00_256,0.4768486638777701,0.03353789895145259,0.0015465337181026055,0.4880669034526748,32472.10540686075,Image,Texture,AGP
Cells_Texture_InfoMeas1_ER_5_02_256,0.1389752456607424,0.049917219193613804,0.002593364782076222,0.8085141703635675,47553.1566257011,Cells,Texture,ER
Image_Texture_Variance_ER_5_03_256,0.2946051018247764,0.01682352854355629,0.0009362213186838755,0.6876351483129834,37179.138823102156,Image,Texture,ER
Cells_Texture_InfoMeas2_Mito_10_01_256,0.18749808446014282,0.05315189879205323,0.005606159673383815,0.7537438570744202,52062.47837507607,Cells,Texture,Mito
Image_Texture_AngularSecondMoment_DNA_5_03_256,0.3599424360238453,0.05680770805874684,0.00613855204853677,0.5771113038688711,43197.41655822373,Image,Texture,DNA
Cells_Texture_DifferenceEntropy_ER_5_00_256,0.19945899932396025,0.048619945080246495,0.0009365776587045211,0.7509844779370887,110221.86697333728,Cells,Texture,ER
Nuclei_Intensity_LowerQuartileIntensity_ER,0.2610377924648281,0.045502015005544155,0.0014845092191697925,0.6919756833104579,90134.69483268219,Nuclei,Intensity,ER
Image_Texture_SumVariance_AGP_10_03_256,0.311583656595085,0.012679275061170413,0.0016900001584016758,0.6740470681853428,38984.27388030765,Image,Texture,AGP
Image_Texture_InfoMeas1_ER_3_01_256,0.24232560804500677,0.02834777495851528,0.0029621186867911367,0.7263644983096867,31355.447353147712,Image,Texture,ER
Image_Texture_DifferenceEntropy_RNA_10_01_256,0.4927885915149782,0.04564844919835651,0.0026522075708679876,0.4589107517157973,95833.57415424971,Image,Texture,RNA
Cells_Texture_InfoMeas1_ER_10_02_256,0.15576000402065357,0.043023625458844514,0.0011897332430937328,0.8000266372774082,72097.21734724939,Cells,Texture,ER
Nuclei_Texture_Correlation_RNA_10_01_256,0.1157648723103905,0.08164642658525863,0.000943950001438182,0.8016447511029127,116157.17278779608,Nuclei,Texture,RNA
Image_Texture_DifferenceEntropy_ER_5_03_256,0.4907979385933342,0.0502782711973497,0.001502486064691332,0.4574213041446248,99744.55999406251,Image,Texture,ER
Cells_RadialDistribution_RadialCV_mito_tubeness_1of20,0.32643243078484746,0.011605927991274693,0.0009754803963349953,0.6609861608275427,42689.22309811694,Cells,RadialDistribution,
Cytoplasm_Texture_AngularSecondMoment_AGP_10_00_256,0.16871551802915388,0.04882749551986133,0.0019536905745912363,0.7805032958763937,77151.94520470746,Cytoplasm,Texture,AGP
Nuclei_Texture_SumAverage_DNA_10_01_256,0.16470224931373473,0.036578579922168376,0.004568725026845909,0.7941504457372509,61723.71797477055,Nuclei,Texture,DNA
Image_Texture_InfoMeas2_RNA_5_02_256,0.517075894995591,0.05183968463596628,0.0015941379307876473,0.4294902824376552,311885.8184977764,Image,Texture,RNA
Cells_Texture_Correlation_RNA_3_00_256,0.11733764348081666,0.03856772901989438,0.005140022726304033,0.8389546047729849,32949.06866247186,Cells,Texture,RNA
Nuclei_Texture_Contrast_DNA_3_01_256,0.5012170458656745,0.036083574843310935,0.0021705646773831438,0.46052881461363143,243846.41535905097,Nuclei,Texture,DNA
Nuclei_Texture_Entropy_ER_5_02_256,0.18364723963953983,0.04906218528843342,0.0013166049503151366,0.7659739701217116,51607.566343973274,Nuclei,Texture,ER
Nuclei_Texture_SumVariance_RNA_5_00_256,0.36122749778319696,0.052027462048763136,0.0008560680376598639,0.58588897213038,140940.9504240645,Nuclei,Texture,RNA
Cells_Texture_SumEntropy_DNA_5_00_256,0.2342363232396841,0.034447310871706764,0.007740238167406865,0.7235761277212023,110340.10664490782,Cells,Texture,DNA
Cells_Texture_AngularSecondMoment_AGP_3_00_256,0.1435370794795422,0.05123404800376474,0.002093577543152649,0.8031352949735405,76581.95795669267,Cells,Texture,AGP
Cytoplasm_Texture_Entropy_ER_3_01_256,0.1916757508709115,0.05303249787483597,0.0013694151472860873,0.7539223361069665,81110.81611509928,Cytoplasm,Texture,ER
Cells_Texture_Contrast_AGP_5_00_256,0.3600074692137606,0.04766601305087569,0.0032776804548936846,0.58904883728047,153838.98918445423,Cells,Texture,AGP
Nuclei_Texture_Correlation_RNA_5_00_256,0.1529202802215378,0.07524957509849012,0.0061709456041801536,0.7656591990757919,64026.37672286709,Nuclei,Texture,RNA
Nuclei_Texture_InfoMeas1_DNA_10_02_256,0.46177538287222686,0.03483028938040395,0.0026122625008080246,0.5007820652465611,181697.37273406738,Nuclei,Texture,DNA
Nuclei_Texture_DifferenceVariance_RNA_3_02_256,0.06348396606211243,0.09101199538736954,0.0008788112750051324,0.8446252272755129,82118.77415256674,Nuclei,Texture,RNA
Cells_Texture_InfoMeas1_Mito_10_02_256,0.23023303656907315,0.03856519741706604,0.00267945488762832,0.7285223111262326,72536.2523409879,Cells,Texture,Mito
Nuclei_Location_CenterMassIntensity_X_RNA,0.0681242153903632,0.03322618320931833,0.00040133902880788036,0.8982482623715106,24346.83385755416,Nuclei,Location,RNA
Image_Texture_InfoMeas1_DNA_10_01_256,0.3788965494814386,0.056497867686372986,0.005193628288871006,0.5594119545433174,77000.00212369273,Image,Texture,DNA
Cytoplasm_Texture_InfoMeas1_AGP_5_00_256,0.2187928209256797,0.049202240329039894,0.0009952133082697095,0.7310097254370107,85137.86980169898,Cytoplasm,Texture,AGP
Cells_Texture_DifferenceVariance_RNA_10_02_256,0.06775283282124867,0.08097984867157934,0.0006044236369666605,0.8506628948702054,109121.98418956429,Cells,Texture,RNA
Cells_Texture_Entropy_RNA_10_01_256,0.1031314439191062,0.051742319034234555,0.0006718200509697661,0.8444544169956893,68287.69825701811,Cells,Texture,RNA
Cells_Texture_Entropy_ER_3_02_256,0.17011679928786852,0.05313181873530393,0.001025762999715273,0.7757256189771122,91501.81107325065,Cells,Texture,ER
Nuclei_Texture_AngularSecondMoment_RNA_10_01_256,0.1516037103458864,0.07708803938286711,0.0010054067343932209,0.7703028435368532,100331.18478239265,Nuclei,Texture,RNA
Cells_Texture_InfoMeas1_Mito_3_02_256,0.18226677027693414,0.05094421902417641,0.0026414413307235497,0.764147569368166,45427.103277631046,Cells,Texture,Mito
Cells_Correlation_K_DNA_RNA,0.24061582598563533,0.010924706111379998,0.004446970197196309,0.7440124977057884,32614.35889344154,Cells,Correlation,DNA
Cytoplasm_Texture_AngularSecondMoment_AGP_10_03_256,0.17690012749735412,0.04923181059778133,0.0020421064048911975,0.7718259554999733,78674.95433165922,Cytoplasm,Texture,AGP
Cells_AreaShape_MeanRadius,0.23077581563694888,0.0409163198739822,0.0006664534730448898,0.7276414110160241,125205.82541993412,Cells,AreaShape,
Cells_RadialDistribution_RadialCV_mito_tubeness_11of16,0.15912183819475956,0.04690939507062924,0.0018788346417956312,0.7920899320928156,58816.337396492105,Cells,RadialDistribution,
Cytoplasm_RadialDistribution_MeanFrac_mito_tubeness_4of20,0.031256707242509014,0.056397859647740904,0.04069913832831861,0.8716462947814314,134534.6978080024,Cytoplasm,RadialDistribution,
Nuclei_Texture_SumEntropy_RNA_3_02_256,0.137654542305058,0.052328835552644934,0.0008910896150501395,0.809125532527247,47137.92917799474,Nuclei,Texture,RNA
Cells_Granularity_10_ER,0.18001780276291324,0.037807222516863685,0.0032589300022928193,0.7789160447179303,46857.39571390567,Cells,Granularity,ER
Cytoplasm_Texture_Contrast_DNA_5_03_256,0.3932088494030505,0.027252037036797475,0.001147096315504757,0.5783920172446474,160074.8433183674,Cytoplasm,Texture,DNA
Cytoplasm_Texture_Correlation_RNA_3_03_256,0.20016436384973296,0.041544681105316957,0.007353654491810559,0.7509373005531396,62108.46381119055,Cytoplasm,Texture,RNA
Cytoplasm_Texture_InverseDifferenceMoment_Mito_3_02_256,0.20116139347671905,0.05439223017240553,0.0028225691181016114,0.7416238072327739,50132.93946840671,Cytoplasm,Texture,Mito
Cells_Correlation_K_Mito_ER,0.17164976902858387,0.01570683245543786,0.004073236397579779,0.8085701621183985,17630.210025013548,Cells,Correlation,ER
Cytoplasm_Correlation_Manders_DNA_RNA,0.3788271048435978,0.049674633837863864,0.005848834182444013,0.5656494271360945,176011.86518990883,Cytoplasm,Correlation,DNA
Cytoplasm_Texture_InfoMeas2_DNA_5_02_256,0.24214390154775794,0.04014408569327599,0.002446549459132079,0.7152654632998339,74702.75811531799,Cytoplasm,Texture,DNA
Cytoplasm_Texture_SumVariance_ER_5_00_256,0.34337763288470163,0.0496266621152963,0.0011589560036824444,0.6058367489963196,136582.08315247882,Cytoplasm,Texture,ER
Cytoplasm_Granularity_12_DNA,0.25339787801378955,0.04303898488783214,0.0020841359481753156,0.7014790011502031,69733.80824809443,Cytoplasm,Granularity,DNA
Cytoplasm_Texture_SumVariance_Mito_5_01_256,0.3671417351879482,0.033729602583264025,0.0032444698248899045,0.5958841924038979,117066.93760793714,Cytoplasm,Texture,Mito
Cells_AreaShape_Zernike_1_1,0.19314159199053121,0.013397837877333816,0.0005573135311749666,0.79290325660096,44153.66195851259,Cells,AreaShape,
Image_Texture_AngularSecondMoment_DNA_3_00_256,0.31611489628741835,0.06420754135016246,0.007929916739518362,0.6117476456229007,41709.198333397806,Image,Texture,DNA
Image_Texture_SumVariance_RNA_10_02_256,0.31710163870301994,0.020108930116810426,0.0010330206348553596,0.6617564105453143,31301.653289834707,Image,Texture,RNA
Nuclei_Texture_InverseDifferenceMoment_RNA_3_03_256,0.15194047973433444,0.044547195347484296,0.0013139726278228062,0.8021983522903584,47204.02856396476,Nuclei,Texture,RNA
Cells_Texture_Variance_DNA_10_03_256,0.431281660226851,0.0404695356691299,0.003014780159570719,0.5252340239444484,213074.3757466913,Cells,Texture,DNA
Image_ImageQuality_Correlation_OrigMito_5,0.23445303305045845,0.01896993665673573,0.005125112246333956,0.7414519180464718,18136.16831327068,Image,ImageQuality,
Cytoplasm_Texture_InverseDifferenceMoment_AGP_10_00_256,0.15238018447878746,0.04161127861819958,0.002009881260062389,0.8039986556429506,63207.79944608969,Cytoplasm,Texture,AGP
Cytoplasm_Texture_InverseDifferenceMoment_DNA_10_03_256,0.11164378127799672,0.03920508645175576,0.0070350303134542914,0.8421161019567933,81751.4471385569,Cytoplasm,Texture,DNA
Cytoplasm_Texture_InverseDifferenceMoment_AGP_5_03_256,0.15138106963437192,0.04156057838186318,0.0011758973404790817,0.8058824546432859,63538.56201408702,Cytoplasm,Texture,AGP
Image_ImageQuality_LocalFocusScore_OrigAGP_20,0.43065587716113696,0.07246237823243164,0.012955723208802358,0.48392602139762897,429345.81194789923,Image,ImageQuality,
Cells_Texture_Correlation_DNA_10_02_256,0.2639387560562075,0.034411221016043624,0.002959953313099699,0.6986900696146492,117894.79227043479,Cells,Texture,DNA
Cytoplasm_Texture_SumEntropy_ER_10_02_256,0.1696236052969367,0.0549916534633218,0.001176777690582059,0.7742079635491594,85967.5902140617,Cytoplasm,Texture,ER
Nuclei_Intensity_MassDisplacement_Mito,0.25161710261448017,0.03950019480817819,0.003188837320191767,0.7056938652571498,41964.761459572546,Nuclei,Intensity,Mito
Cells_RadialDistribution_RadialCV_mito_tubeness_11of20,0.2382160787159472,0.027029742038323482,0.0015591775862880978,0.7331950016594412,46139.30699635637,Cells,RadialDistribution,
Cytoplasm_Texture_DifferenceVariance_AGP_5_00_256,0.12659840954120477,0.05846347707240987,0.001208591133285252,0.8137295222531001,58365.67284083648,Cytoplasm,Texture,AGP
Image_Intensity_LowerQuartileIntensity_RNA_BackgroundOnly,0.16165400709259817,0.043945983861768234,0.0052266723156175485,0.7891733367300161,29712.79285657451,Image,Intensity,RNA
Cells_Texture_AngularSecondMoment_RNA_3_00_256,0.1161480757707543,0.0703794374912158,0.0011500788843298913,0.8123224078537,119554.45007054409,Cells,Texture,RNA
Image_Texture_DifferenceVariance_Mito_10_01_256,0.38687194227073346,0.023594485992890414,0.003987144703256388,0.5855464270331197,64215.6262114407,Image,Texture,Mito
Nuclei_Intensity_MinIntensityEdge_DNA,0.12288456720306262,0.06495695287229551,0.011069095498652192,0.8010893844259898,102877.93954454741,Nuclei,Intensity,DNA
Cytoplasm_RadialDistribution_MeanFrac_RNA_2of4,0.3551801109914304,0.030162727421565862,0.004541554055200212,0.6101156075318037,128048.00359113843,Cytoplasm,RadialDistribution,RNA
Cells_Texture_Variance_ER_5_00_256,0.36086645904075165,0.04619468700555994,0.0011645471353718669,0.5917743068183164,140991.85111524563,Cells,Texture,ER
Cytoplasm_RadialDistribution_FracAtD_mito_tubeness_5of16,0.033144012535715243,0.04030049650663013,0.01610544651034242,0.9104500444473121,282977.0618733952,Cytoplasm,RadialDistribution,
Cytoplasm_Texture_DifferenceEntropy_Mito_10_01_256,0.16775267155257587,0.053574883290678235,0.0018581125762425715,0.7768143325805034,53896.768089819,Cytoplasm,Texture,Mito
Cells_RadialDistribution_RadialCV_mito_tubeness_14of20,0.16266866677930322,0.047682590900324937,0.0013368287510510852,0.7883119135693207,60817.20410132245,Cells,RadialDistribution,
Cytoplasm_Correlation_RWC_Mito_ER,0.15910131177518771,0.027677007601966612,0.004960922456947071,0.8082607581658986,42865.783626263525,Cytoplasm,Correlation,ER
Cells_Texture_Variance_AGP_5_00_256,0.3672934328528691,0.04874212181452307,0.0033362076890324954,0.5806282376435753,163506.40732391283,Cells,Texture,AGP
Cytoplasm_RadialDistribution_MeanFrac_mito_tubeness_12of16,0.08770815500083504,0.06570371786310919,0.003925151016591898,0.8426629761194638,49439.093412338145,Cytoplasm,RadialDistribution,
Nuclei_RadialDistribution_RadialCV_AGP_3of4,0.3799721369838637,0.03803032158616674,0.0021491293579498035,0.5798484120720198,96361.51138976657,Nuclei,RadialDistribution,AGP
Cytoplasm_Texture_SumAverage_Mito_3_00_256,0.20254183719072832,0.0574121026316368,0.0036674069888131245,0.7363786531888218,57932.83471417632,Cytoplasm,Texture,Mito
Cells_Texture_SumAverage_AGP_3_01_256,0.25928222394453276,0.013093430222275696,0.003397586657986367,0.7242267591752053,41138.4002079476,Cells,Texture,AGP
Cells_Texture_InfoMeas2_RNA_10_03_256,0.10095321286398355,0.05475546082411665,0.0005696160759240877,0.8437217102359758,67495.38000282421,Cells,Texture,RNA
Image_Intensity_StdIntensity_AGP,0.3832187652366856,0.017935890014693236,0.0013504126872401002,0.5974949320613812,53253.20898335492,Image,Intensity,AGP
Image_Texture_DifferenceEntropy_DNA_3_01_256,0.448739404471406,0.044561695386583625,0.004173461470563493,0.5025254386714468,47068.499849186985,Image,Texture,DNA
Image_Texture_Entropy_RNA_10_01_256,0.4827084051673449,0.04316720953262327,0.0063727029410734935,0.4677516823589582,88059.66371640185,Image,Texture,RNA
Nuclei_Correlation_K_RNA_Mito,0.3516106208107966,0.02452344204190833,0.0032353793429058817,0.6206305578043892,49704.19545655833,Nuclei,Correlation,Mito
Nuclei_Texture_AngularSecondMoment_Mito_5_01_256,0.044296393485584784,0.07977844984170084,0.007886637118906026,0.8680385195538084,51145.17466238349,Nuclei,Texture,Mito
Image_Intensity_TotalIntensity_RNA_BackgroundOnly,0.3385376518261449,0.025145383702689466,0.014390163042364063,0.6219268014288016,44739.15764310794,Image,Intensity,RNA
Image_Texture_Contrast_ER_3_01_256,0.29864976303784535,0.018063812933006664,0.0016348082150055984,0.6816516158141424,22570.30585829421,Image,Texture,ER
Image_Granularity_6_AGP,0.2764746152098334,0.03990467381770438,0.0015617052642099445,0.6820590057082523,69853.1712179599,Image,Granularity,AGP
Cytoplasm_RadialDistribution_MeanFrac_mito_tubeness_16of16,0.08498532099644991,0.07423259453067499,0.008183434624644749,0.8325986498482303,46354.6162948849,Cytoplasm,RadialDistribution,
Cells_Intensity_MeanIntensity_Mito,0.23948659977528147,0.04788477194264987,0.0052438092614585,0.7073848190206101,61933.52006156968,Cells,Intensity,Mito
Nuclei_Texture_InfoMeas2_RNA_3_03_256,0.1358935921555517,0.0505638912336046,0.0017963482989186335,0.811746168311925,42897.779564369725,Nuclei,Texture,RNA
Cytoplasm_Texture_InverseDifferenceMoment_AGP_3_00_256,0.15266118801067957,0.03700717865500386,0.0013144692187558322,0.8090171641155607,58182.27980956562,Cytoplasm,Texture,AGP
Cells_Texture_InfoMeas1_ER_3_01_256,0.15278203459795886,0.04960964524473607,0.003185023256766785,0.7944232969005384,45870.17234781916,Cells,Texture,ER
Cells_Texture_InfoMeas1_ER_3_03_256,0.14959595685152569,0.04930186235062621,0.002586434902851459,0.7985157458949966,45847.771752492845,Cells,Texture,ER
Cells_Texture_Variance_AGP_3_02_256,0.3655206375066785,0.04944867172687907,0.0035073582964086666,0.5815233324700336,162210.48360615544,Cells,Texture,AGP
Image_Intensity_TotalArea_Mito,0.0,0.0,0.0,0.0,0.0,Image,Intensity,Mito
Nuclei_Texture_Variance_AGP_3_02_256,0.3753771177307048,0.04509323281277071,0.0037712103527037036,0.5757584391038209,162010.794966423,Nuclei,Texture,AGP
Cells_Texture_AngularSecondMoment_Mito_3_03_256,0.06723441411445649,0.08454548546763986,0.002258136697639839,0.8459619637202638,79604.2898529608,Cells,Texture,Mito
Image_Texture_AngularSecondMoment_Mito_5_01_256,0.3928684969601347,0.06085993817877788,0.0036393701123862534,0.5426321947487012,148489.7035311135,Image,Texture,Mito
Nuclei_Granularity_5_RNA,0.4028146560416245,0.02566609063429681,0.0009053889037877583,0.5706138644202909,121173.23443444949,Nuclei,Granularity,RNA
Nuclei_Location_CenterMassIntensity_X_Mito,0.06809035614848291,0.03328762617134473,0.000410586248678663,0.8982114314314936,24380.483569179723,Nuclei,Location,Mito
Cytoplasm_Texture_InfoMeas2_DNA_10_01_256,0.18961101751631854,0.0818578866618448,0.006329012331749333,0.7222020834900874,112555.35397109542,Cytoplasm,Texture,DNA
Nuclei_Texture_InfoMeas1_AGP_3_02_256,0.29100713112064674,0.0351863185989742,0.004179245018125074,0.669627305262254,68461.62312259979,Nuclei,Texture,AGP
Image_Texture_DifferenceEntropy_ER_10_01_256,0.49651635593230004,0.04811431788971986,0.0019878439173529436,0.4533814822606272,108291.51872760103,Image,Texture,ER
Nuclei_Texture_SumAverage_AGP_5_00_256,0.27522926379021606,0.037384094703657895,0.0027138633232656134,0.6846727781828604,72974.6910770997,Nuclei,Texture,AGP
Nuclei_Texture_AngularSecondMoment_AGP_10_01_256,0.08275734292117988,0.030622232450339,0.004059924680291346,0.8825604999481897,37823.622750721166,Nuclei,Texture,AGP
Cells_Texture_Correlation_AGP_3_01_256,0.16745760895757383,0.07111359374244856,0.003940108439615448,0.7574886888603621,64830.736625121455,Cells,Texture,AGP
Cytoplasm_Intensity_UpperQuartileIntensity_RNA,0.20722859964543347,0.035892481873980184,0.004916955625822921,0.7519619628547634,63407.24464084882,Cytoplasm,Intensity,RNA
Cytoplasm_Texture_SumAverage_DNA_3_02_256,0.26946764740253415,0.030679451914068342,0.004653397196928447,0.6951995034864691,87982.12751677996,Cytoplasm,Texture,DNA
Cells_Granularity_6_Mito,0.42609236689882224,0.028319240159434416,0.001954711396457755,0.5436336815452857,159613.05785391614,Cells,Granularity,Mito
Cells_Texture_InfoMeas1_AGP_10_01_256,0.34447443694881436,0.04262709926912619,0.00327702362756518,0.6096214401544944,114643.86954314285,Cells,Texture,AGP
Cytoplasm_Texture_Correlation_DNA_10_03_256,0.03602540819897983,0.04240279361645091,0.002857408601508964,0.9187143895830603,60381.71354878944,Cytoplasm,Texture,DNA
Cells_Texture_Variance_RNA_3_01_256,0.38289026063175824,0.04613837456124486,0.0008178740073562774,0.5701534907996406,153660.83132845428,Cells,Texture,RNA
Nuclei_Correlation_Manders_AGP_Mito,0.31601560123109157,0.017511822649525863,0.0014817336811821327,0.6649908424382005,85782.31213704191,Nuclei,Correlation,AGP
Nuclei_Intensity_IntegratedIntensityEdge_AGP,0.3630701534354383,0.013885053470707932,0.0030532927821882733,0.6199915003116655,47102.062875938675,Nuclei,Intensity,AGP
Image_Texture_InfoMeas2_Mito_10_01_256,0.32185090710099584,0.04668884456728177,0.00344620292862399,0.6280140454030985,69799.02250383237,Image,Texture,Mito
Image_Granularity_2_DNA,0.5219985484219877,0.03928503127497306,0.0016817807137063153,0.4370346395893329,194360.25134185355,Image,Granularity,DNA
Image_Texture_Contrast_DNA_5_02_256,0.32307538936973357,0.024973806501316437,0.0018935008929303165,0.6500573032360196,24476.7211001421,Image,Texture,DNA
Nuclei_Texture_InfoMeas1_RNA_5_03_256,0.3344627597135047,0.04527364263164012,0.0006484338956378122,0.6196151637592173,114717.39301813574,Nuclei,Texture,RNA
Cells_RadialDistribution_MeanFrac_mito_tubeness_19of20,0.1775995117133419,0.03363025394149987,0.002087726598345648,0.7866825077468126,42522.92328463613,Cells,RadialDistribution,
Cytoplasm_Texture_InverseDifferenceMoment_Mito_10_02_256,0.14656550930040751,0.05879029044401621,0.002462601943314527,0.7921815983122616,44778.69270836755,Cytoplasm,Texture,Mito
Cytoplasm_AreaShape_MedianRadius,0.21107734980030793,0.041270621552628374,0.0008524248738512426,0.7467996037732124,114559.35805516603,Cytoplasm,AreaShape,
Image_Texture_InfoMeas1_ER_3_02_256,0.2078462961857032,0.03485096043956875,0.003488896187972655,0.7538138471867555,38272.20611039079,Image,Texture,ER
Cells_Texture_DifferenceVariance_Mito_3_00_256,0.042269854719790056,0.09327198288045475,0.0019147965509498449,0.8625433658488053,54920.960767202836,Cells,Texture,Mito
Cytoplasm_Texture_Contrast_Mito_10_02_256,0.4128642975426969,0.03394351611064453,0.00288804002805976,0.5503041463185989,149397.33982810864,Cytoplasm,Texture,Mito
Cytoplasm_Texture_Contrast_DNA_3_03_256,0.3929761512238968,0.027314662255948623,0.001409742836185155,0.5782994436839695,159246.7502009765,Cytoplasm,Texture,DNA
Image_Texture_Variance_RNA_5_02_256,0.31421175864373746,0.021669351321636738,0.0013881797850504268,0.6627307102495754,30658.20192885476,Image,Texture,RNA
Cytoplasm_Granularity_12_Mito,0.26450602806540086,0.03132254856073215,0.000829128020371839,0.7033422953534952,47004.066036114564,Cytoplasm,Granularity,Mito
Image_Texture_Correlation_ER_5_01_256,0.34691547709265436,0.0068466743657918374,0.002262025095911144,0.6439758234456426,36016.94999025292,Image,Texture,ER
Nuclei_Texture_InfoMeas1_DNA_5_01_256,0.45848975444670986,0.03790716002064225,0.0023228765336688177,0.5012802089989791,190327.07040184378,Nuclei,Texture,DNA
Nuclei_Texture_Contrast_DNA_3_03_256,0.5017603652367936,0.036115781506388826,0.0019621948925346564,0.46016165836428313,246932.53844117146,Nuclei,Texture,DNA
Cytoplasm_Intensity_MADIntensity_Mito,0.31743268112980066,0.044490344620174746,0.0033829104163775043,0.6346940638336472,82735.88222329525,Cytoplasm,Intensity,Mito
Cytoplasm_Texture_SumVariance_DNA_10_00_256,0.30965203076146064,0.046081674028014996,0.010052387301231406,0.6342139079092929,174379.70892323944,Cytoplasm,Texture,DNA
Image_Texture_Entropy_AGP_5_03_256,0.4630266061769992,0.051550070496219236,0.001266855229910093,0.4841564680968716,83271.84970585919,Image,Texture,AGP
Cells_Texture_DifferenceEntropy_Mito_10_02_256,0.21598320326704254,0.05520544790991477,0.002398121824775283,0.7264132269982674,70269.19200798651,Cells,Texture,Mito
Cells_Granularity_12_ER,0.3036419623065576,0.037370761213989946,0.003325831347096263,0.6556614451323561,51099.84816099745,Cells,Granularity,ER
Cells_Texture_SumEntropy_Mito_3_03_256,0.13677797693581342,0.057222094146088816,0.003327614583206973,0.802672314334891,51750.60102287261,Cells,Texture,Mito
Nuclei_RadialDistribution_FracAtD_ER_4of4,0.1959361146923732,0.06396261329733986,0.0005786727644973962,0.7395225992457896,118266.12520133877,Nuclei,RadialDistribution,ER
Nuclei_RadialDistribution_FracAtD_Mito_2of4,0.21532673781057882,0.05790304933005103,0.00035870354006914434,0.726411509319301,138470.7517167963,Nuclei,RadialDistribution,Mito
Nuclei_Texture_InverseDifferenceMoment_AGP_5_03_256,0.210054253018141,0.04110765074120292,0.0029856828609691067,0.7458524133796869,55154.811968652764,Nuclei,Texture,AGP
Image_Texture_InverseDifferenceMoment_Mito_5_00_256,0.4190136105701973,0.038764766146209585,0.0023042664869389754,0.5399173567966542,45736.7499011658,Image,Texture,Mito
Cells_Texture_Entropy_DNA_10_03_256,0.19947643092275602,0.03852124636893122,0.0070620274749893745,0.7549402952333234,97008.88483531837,Cells,Texture,DNA
Cytoplasm_Texture_DifferenceVariance_RNA_3_00_256,0.06580238240250734,0.07905254591858533,0.0023530657991194122,0.852792005879788,82199.92338816068,Cytoplasm,Texture,RNA
Image_Texture_Variance_DNA_5_00_256,0.2286115367037811,0.03760161569541606,0.004905461613515764,0.728881385987287,37695.79148211841,Image,Texture,DNA
Cells_Texture_InfoMeas2_Mito_10_03_256,0.18852271182981611,0.05143541724487898,0.005566739302662239,0.7544751316226426,51077.905415528534,Cells,Texture,Mito
Nuclei_Texture_Entropy_Mito_5_01_256,0.2956509117014527,0.05402664642092551,0.006198538584259633,0.6441239032933622,79929.12525219812,Nuclei,Texture,Mito
Cells_Intensity_MinIntensityEdge_RNA,0.3081094559590098,0.02316820686992109,0.005028223748909133,0.6636941134221601,43812.80169568884,Cells,Intensity,RNA
Nuclei_Texture_Variance_Mito_3_02_256,0.46820589756581804,0.04047350324376765,0.002906362170734601,0.48841423701967973,223636.71105386532,Nuclei,Texture,Mito
Nuclei_AreaShape_MajorAxisLength,0.4554076912046103,0.008830763532928604,0.0005506137002814569,0.5352109315621796,142436.92805160614,Nuclei,AreaShape,
Image_Granularity_4_ER,0.3046787671726455,0.025182300620099882,0.002256519353727397,0.6678824128535271,73026.38586418674,Image,Granularity,ER
Cytoplasm_Texture_Variance_Mito_5_01_256,0.38909745777212895,0.03384968723020511,0.003273693171160223,0.5737791618265057,128832.04342438313,Cytoplasm,Texture,Mito
Cells_Texture_Entropy_AGP_10_01_256,0.157021425324032,0.050993243007348435,0.0017344275092230485,0.7902509041593966,65690.57547439294,Cells,Texture,AGP
Image_Texture_SumAverage_AGP_5_03_256,0.4761659628226183,0.03366167437446475,0.0015570369376021727,0.48861532586531475,32498.411935546377,Image,Texture,AGP
Cells_Texture_Contrast_AGP_10_03_256,0.36933049078135527,0.0480945695502345,0.002871316968496994,0.5797036226999133,171013.96344309748,Cells,Texture,AGP
Cells_Texture_Contrast_Mito_3_01_256,0.45752325311958975,0.03340338500098093,0.0017673719645398208,0.5073059899148895,181196.03815121512,Cells,Texture,Mito
Cells_Texture_InfoMeas1_DNA_10_01_256,0.34023075334659436,0.040453284039040235,0.005685276799053838,0.6136306858153115,125516.9245561413,Cells,Texture,DNA
Nuclei_Intensity_MaxIntensity_Mito,0.3641130523633882,0.04795128153696153,0.0030282516337983853,0.5849074144658519,102008.27825820868,Nuclei,Intensity,Mito
Cytoplasm_Texture_SumVariance_Mito_10_01_256,0.3679313467249239,0.0340486789643925,0.00333964792496817,0.5946803263857153,116442.91303676015,Cytoplasm,Texture,Mito
Nuclei_Texture_SumVariance_AGP_3_00_256,0.39039671194503967,0.04364499041636251,0.004107221282867816,0.5618510763557301,167398.26432735578,Nuclei,Texture,AGP
Cytoplasm_Granularity_6_Mito,0.4326457833323416,0.028409615329007605,0.0012197978881813886,0.5377248034504695,168734.446128669,Cytoplasm,Granularity,Mito
Cells_Texture_SumAverage_Mito_10_00_256,0.2540860044309776,0.05130611998786651,0.0049319963233992025,0.6896758792577568,72463.5696912223,Cells,Texture,Mito
Cytoplasm_Texture_Contrast_Mito_10_00_256,0.41332937855632534,0.03297092325787576,0.0025837021203500422,0.5511159960654489,149010.8982919596,Cytoplasm,Texture,Mito
Nuclei_Texture_Contrast_AGP_5_00_256,0.36456140571384305,0.043159007542178655,0.003382613353561736,0.5888969733904165,147820.41293549282,Nuclei,Texture,AGP
Nuclei_Location_Center_X,0.06812802841072664,0.033200606677372166,0.0003983335793016229,0.8982730313325995,24308.395945470947,Nuclei,Location,
Cells_Intensity_MedianIntensity_RNA,0.1795629314223277,0.03332174805822213,0.012480194678855137,0.774635125840595,54824.44492500402,Cells,Intensity,RNA
Cells_Granularity_10_AGP,0.3624671200189964,0.04165796595488458,0.0013932566233298904,0.5944816574027892,91564.16104929747,Cells,Granularity,AGP
Cells_Texture_Contrast_Mito_3_03_256,0.45705826200199495,0.0332491310969625,0.0018273611745370352,0.5078652457265056,184833.5683695524,Cells,Texture,Mito
Cells_Texture_DifferenceEntropy_DNA_10_00_256,0.266349188992282,0.034455297263611934,0.006791553970124357,0.6924039597739816,132938.03968104708,Cells,Texture,DNA
Cells_Texture_SumAverage_AGP_10_03_256,0.25682770202439137,0.014262010449369995,0.0033113926704307563,0.725598894855808,42435.06225482379,Cells,Texture,AGP
Cells_Texture_InverseDifferenceMoment_RNA_10_00_256,0.10600818052230891,0.041555964260773834,0.0007824041801926237,0.8516534510367245,78505.69865938014,Cells,Texture,RNA
Nuclei_Texture_InfoMeas1_AGP_5_01_256,0.40144629133782445,0.03737533949278178,0.0024516630164268705,0.5587267061529669,137408.03793968415,Nuclei,Texture,AGP
Nuclei_Texture_Variance_AGP_3_01_256,0.374685022161071,0.04549531657129632,0.0039206788859980956,0.5758989823816346,163120.13925507918,Nuclei,Texture,AGP
Cells_Intensity_StdIntensityEdge_DNA,0.31477035299553957,0.029914428764243117,0.00615776683542187,0.6491574514047955,60949.57393668211,Cells,Intensity,DNA
Image_Intensity_PercentMaximal_RNA_BackgroundOnly,0.14551278362798958,0.009817489653372325,0.001141260822690742,0.8435284658959474,27994.162264456078,Image,Intensity,RNA
Image_Texture_SumVariance_DNA_10_01_256,0.18596677287318475,0.04224180960306982,0.006602990962714449,0.765188426561031,47398.006555435175,Image,Texture,DNA
Image_Texture_SumAverage_Mito_10_03_256,0.27040740939427743,0.02307946308359083,0.003137151109070255,0.7033759764130614,21215.0540077577,Image,Texture,Mito
Nuclei_Texture_AngularSecondMoment_ER_3_00_256,0.056850016375180355,0.07621868474930567,0.0030592079400066706,0.8638720909355072,63225.6049924317,Nuclei,Texture,ER
Cells_Texture_SumVariance_RNA_3_02_256,0.3737021529501074,0.047574821560140014,0.0009092213652597608,0.5778138041244928,147994.25927302992,Cells,Texture,RNA
Cytoplasm_Texture_DifferenceVariance_RNA_5_03_256,0.07398448762558037,0.07837287729874867,0.0012042354668535108,0.8464383996088174,93646.59467882566,Cytoplasm,Texture,RNA
Image_Intensity_MaxIntensity_Mito,0.08368297934531344,0.008877418163139108,0.0046763657639579525,0.9027632367275895,12999.912174940742,Image,Intensity,Mito
Image_Texture_Contrast_DNA_3_02_256,0.28443858080649487,0.028372321811172427,0.0025319940889764947,0.6846571032933562,24607.04534396347,Image,Texture,DNA
Cytoplasm_Texture_SumVariance_DNA_10_01_256,0.2885213792117578,0.05570819104410469,0.005626325183577161,0.6501441045605604,168891.00451311233,Cytoplasm,Texture,DNA
Cells_RadialDistribution_RadialCV_ER_4of4,0.2609409445170972,0.03707211403448653,0.006360266688921118,0.6956266747594952,59510.87900445856,Cells,RadialDistribution,ER
Cytoplasm_Texture_DifferenceEntropy_RNA_10_00_256,0.16702701252169735,0.05047602444855287,0.0006755029529677365,0.781821460076782,89052.14138966605,Cytoplasm,Texture,RNA
Image_Texture_Variance_DNA_10_01_256,0.22990783756082167,0.037148576984619444,0.0052437459220377675,0.7276998395325212,37722.9739933683,Image,Texture,DNA
Cells_RadialDistribution_FracAtD_DNA_4of4,0.13400732048662276,0.04676880349387337,0.0025821426880882213,0.8166417333314155,77644.5855765075,Cells,RadialDistribution,DNA
Nuclei_Texture_DifferenceEntropy_ER_10_03_256,0.1338383580444099,0.04893085013224454,0.0009300076567333618,0.8163007841666121,50605.54728908555,Nuclei,Texture,ER
Cytoplasm_Texture_Contrast_DNA_3_01_256,0.38923047109605724,0.02746741054560101,0.0016304609585782457,0.5816716573997635,158947.87174718478,Cytoplasm,Texture,DNA
Nuclei_Texture_SumEntropy_AGP_10_00_256,0.1433974203908389,0.04758774875779599,0.0013466676750592886,0.8076681631763059,54214.767401340185,Nuclei,Texture,AGP
Cytoplasm_Texture_Variance_AGP_3_02_256,0.3671754997271428,0.04730071957325861,0.003926773822807934,0.5815970068767907,140611.70585559105,Cytoplasm,Texture,AGP
Cells_Texture_SumVariance_DNA_10_00_256,0.42767719205510546,0.04123535707328403,0.002911895612924024,0.5281755552586865,207214.54554925204,Cells,Texture,DNA
Cells_Intensity_IntegratedIntensityEdge_ER,0.14130189311328745,0.03190408617755907,0.004626659934757029,0.8221673607743964,62916.68530416612,Cells,Intensity,ER
Nuclei_Texture_SumVariance_Mito_10_03_256,0.4231818967242235,0.04067727372226526,0.0038051385895776888,0.5323356909639336,180830.95590066427,Nuclei,Texture,Mito
Image_ImageQuality_Scaling_OrigMito,0.0,0.0,0.0,0.0,0.0,Image,ImageQuality,
Image_Texture_SumVariance_RNA_3_03_256,0.3137093083130459,0.021231509944117013,0.0012919498897927687,0.6637672318530443,30314.805791483526,Image,Texture,RNA
Cells_Texture_DifferenceVariance_ER_3_01_256,0.050172065941983965,0.08085625097191386,0.0021774094016669466,0.8667942736844352,85641.34979786692,Cells,Texture,ER
Nuclei_Granularity_7_DNA,0.4870745095821712,0.03669405205829356,0.0036292225248467347,0.47260221583468837,95325.08629418912,Nuclei,Granularity,DNA
Nuclei_Texture_InfoMeas1_Mito_5_01_256,0.393579639171983,0.03900154364416896,0.0038589024309966004,0.5635599147528514,128049.98734431455,Nuclei,Texture,Mito
Cells_Texture_DifferenceVariance_RNA_5_03_256,0.06502116107425726,0.08240615802550674,0.0006335512648775218,0.8519391296353584,106034.59905100908,Cells,Texture,RNA
Nuclei_AreaShape_Zernike_5_5,0.3940756206571211,0.0334756134866835,0.002787413315746856,0.5696613525404486,71780.86851865897,Nuclei,AreaShape,
Image_Texture_DifferenceEntropy_AGP_5_00_256,0.4667656480268875,0.04710550619716803,0.0018228488569557231,0.4843059969189887,91389.83975143367,Image,Texture,AGP
Image_Texture_Variance_Mito_3_00_256,0.1450227387393525,0.017345039572940934,0.002713161271849165,0.8349190604158574,36966.49678384415,Image,Texture,Mito
Cytoplasm_Texture_DifferenceEntropy_DNA_5_00_256,0.31277578482010543,0.028359474281712118,0.004074975063022098,0.6547897658351604,106966.94032392878,Cytoplasm,Texture,DNA
Cytoplasm_Granularity_15_ER,0.3252073612376473,0.03496545769278743,0.003805577494348244,0.6360216035752171,41231.029063003865,Cytoplasm,Granularity,ER
Nuclei_Correlation_RWC_Mito_ER,0.18666270967564197,0.021547463828967075,0.003641413950033634,0.7881484125453573,31262.9356138887,Nuclei,Correlation,ER
Image_Texture_Entropy_RNA_5_02_256,0.4733580251309152,0.04489805128706197,0.008182157553387217,0.4735617660286356,86642.97720748039,Image,Texture,RNA
Nuclei_Texture_InfoMeas2_DNA_5_02_256,0.36596994578745834,0.036995421102795974,0.007225376503358796,0.5898092566063868,112612.29396946379,Nuclei,Texture,DNA
Cytoplasm_Texture_SumEntropy_RNA_5_01_256,0.14986558110781967,0.052494044893797956,0.0014447809475805879,0.7961955930508018,78855.11589179805,Cytoplasm,Texture,RNA
Cytoplasm_Texture_DifferenceEntropy_AGP_5_00_256,0.17218305647451398,0.05378576324197158,0.0018186157422082172,0.7722125645413063,73076.28232949035,Cytoplasm,Texture,AGP
Cells_Texture_Entropy_RNA_5_02_256,0.11076453120948984,0.048289022944346574,0.0013700075828866128,0.839576438263277,74243.15075092876,Cells,Texture,RNA
Cytoplasm_Texture_DifferenceVariance_RNA_10_02_256,0.07781212856301106,0.07809795555028065,0.0008080361567799011,0.8432818797299284,97790.18880049308,Cytoplasm,Texture,RNA
Cells_Texture_DifferenceEntropy_Mito_5_01_256,0.23241018912854067,0.054680500004648254,0.0024906588824841363,0.7104186519843267,71028.37598546909,Cells,Texture,Mito
Cytoplasm_Intensity_IntegratedIntensity_DNA,0.22839258309629046,0.032457323566167214,0.0008482918696765522,0.7383018014678657,124337.70833270266,Cytoplasm,Intensity,DNA
Image_Texture_AngularSecondMoment_RNA_3_00_256,0.48267482404943485,0.04772907985210975,0.007112631738176014,0.4624834643602793,181411.1235472401,Image,Texture,RNA
Cytoplasm_Correlation_RWC_Mito_RNA,0.1792341048519337,0.01064909769474634,0.006697993049866978,0.8034188044034529,43463.962882269116,Cytoplasm,Correlation,Mito
Image_Texture_AngularSecondMoment_Mito_3_00_256,0.38470176264440914,0.06262243046447313,0.0036703855906247826,0.5490054213004929,141303.353356275,Image,Texture,Mito
Cells_Texture_InfoMeas1_ER_5_00_256,0.12874327446372852,0.050646905729526764,0.0026771558302231607,0.8179326639765215,49102.810336965675,Cells,Texture,ER
Nuclei_Texture_Correlation_RNA_5_03_256,0.11561510395864955,0.07629540776853205,0.005965523377394841,0.8021239648954236,89334.11026094944,Nuclei,Texture,RNA
Nuclei_Granularity_15_AGP,0.19862833725117393,0.03587529468618079,0.003856697955773064,0.7616396701068723,29143.047388948737,Nuclei,Granularity,AGP
Nuclei_Texture_AngularSecondMoment_DNA_10_02_256,0.1501726121620228,0.034329309647110055,0.022929460129548617,0.7925686180613185,53742.373151277076,Nuclei,Texture,DNA
Image_Texture_Variance_RNA_5_00_256,0.3136616343895131,0.021416738125288024,0.0013800736991602365,0.6635415537860386,30569.44768359398,Image,Texture,RNA
Nuclei_Texture_SumEntropy_AGP_10_03_256,0.14106912651826814,0.04347336546303512,0.002172797347243861,0.8132847106714529,51320.29280420087,Nuclei,Texture,AGP
Cytoplasm_Texture_Correlation_Mito_10_02_256,0.398651165741861,0.020497071149824048,0.0024388910282055927,0.5784128720801094,75186.72423819301,Cytoplasm,Texture,Mito
Cytoplasm_Texture_DifferenceEntropy_RNA_5_03_256,0.1798903978804363,0.047720882614341285,0.0011779315092396406,0.7712107879959827,89870.46361635497,Cytoplasm,Texture,RNA
Image_Texture_DifferenceVariance_Mito_5_02_256,0.33555019719363766,0.014893137567683701,0.0033661481289332567,0.6461905171097453,41274.05931063907,Image,Texture,Mito
Cells_RadialDistribution_MeanFrac_mito_tubeness_14of20,0.24511424818707864,0.024750584811767784,0.003538247396906609,0.726596919604247,58019.403952566274,Cells,RadialDistribution,
Cytoplasm_Texture_Variance_ER_10_01_256,0.3651446052045256,0.04633094393976103,0.0013390234773358615,0.5871854273783775,149681.6640940077,Cytoplasm,Texture,ER
Cytoplasm_Texture_Variance_DNA_10_02_256,0.30737731798730167,0.05503549609508539,0.008722352427937431,0.6288648334896755,179503.1925499605,Cytoplasm,Texture,DNA
Nuclei_Texture_InfoMeas2_Mito_3_02_256,0.19688755189457835,0.04560873139391297,0.006594155722171377,0.7509095609893373,44793.93648376722,Nuclei,Texture,Mito
Cells_Texture_InverseDifferenceMoment_RNA_3_02_256,0.14576149901369329,0.044898852135052084,0.0013127399362764989,0.8080269089149782,82458.39480824352,Cells,Texture,RNA
Cells_Texture_AngularSecondMoment_DNA_5_02_256,0.13717586433164444,0.027510828269661697,0.016412398565902243,0.8189009088327917,61698.92005243673,Cells,Texture,DNA
Image_Intensity_LowerQuartileIntensity_DNA,0.31267037764859085,0.030970154592685657,0.0027741405538633103,0.6535853272048602,15515.310117973442,Image,Intensity,DNA
Cells_RadialDistribution_MeanFrac_mito_tubeness_2of20,0.2570247832088833,0.05479197208843647,0.003606361515506409,0.6845768831871737,132036.7882465651,Cells,RadialDistribution,
Nuclei_Texture_AngularSecondMoment_ER_5_02_256,0.0635211605793506,0.0738501983546775,0.0035519113824230234,0.8590767296835489,66924.96436801912,Nuclei,Texture,ER
Cytoplasm_Texture_SumVariance_DNA_3_03_256,0.3859871068889273,0.023631090770752,0.0014519737986910875,0.5889298285416297,150502.4255514083,Cytoplasm,Texture,DNA
Image_ImageQuality_MedianIntensity_OrigMito,0.2258086175982504,0.024039094738944958,0.002804122044994374,0.7473481656178103,17002.82860644596,Image,ImageQuality,
Cells_Texture_SumVariance_ER_5_02_256,0.33397932150023585,0.04850138540070616,0.0012023884025051865,0.6163169046965529,130132.35421582611,Cells,Texture,ER
Cells_Intensity_MADIntensity_DNA,0.28656828913059795,0.03740352219765811,0.002425640266181965,0.673602548405562,100071.94300564169,Cells,Intensity,DNA
Cytoplasm_Texture_Variance_Mito_3_00_256,0.38621053563762797,0.033292846877415454,0.0029228678822911694,0.5775737496026654,125825.43996815204,Cytoplasm,Texture,Mito
Image_Intensity_StdIntensity_ER__BackgroundOnly,0.15895839584295055,0.010078226008196745,0.0017035468300363786,0.8292598313188163,21263.457570855666,Image,Intensity,ER
Nuclei_Texture_InfoMeas2_AGP_10_02_256,0.2609539482070606,0.030427566470330198,0.001215181961514038,0.7074033033610951,58448.87849962458,Nuclei,Texture,AGP
Cytoplasm_Texture_SumVariance_AGP_10_03_256,0.3511627344060344,0.04857995661844706,0.0030854418711320384,0.5971718671043865,132009.97778950728,Cytoplasm,Texture,AGP
Cells_RadialDistribution_FracAtD_mito_tubeness_11of16,0.30542022631041316,0.033096541666844226,0.0012533600661182667,0.6602298719566243,63545.202099233094,Cells,RadialDistribution,
Cells_Intensity_LowerQuartileIntensity_RNA,0.17311494825601922,0.02452359151041595,0.027162979402636667,0.7751984808309282,36648.56389279745,Cells,Intensity,RNA
Cells_Texture_InfoMeas1_Mito_5_03_256,0.1509189118357839,0.04518948764150696,0.0023699665051898863,0.8015216340175193,55690.59518614847,Cells,Texture,Mito
Cytoplasm_Granularity_5_ER,0.46334807991150456,0.0339674843365315,0.0006225651796404927,0.5020618705723233,207456.53032916135,Cytoplasm,Granularity,ER
Nuclei_Intensity_MaxIntensityEdge_ER,0.28833742811471796,0.0478101801946629,0.002281834729944936,0.6615705569606742,79673.67498637334,Nuclei,Intensity,ER
Cells_Correlation_RWC_RNA_DNA,0.28883830007393224,0.02922847700408447,0.005140088268595041,0.6767931346533883,81269.09411734581,Cells,Correlation,DNA
Nuclei_Texture_InfoMeas1_Mito_3_03_256,0.29572636229766663,0.033781621309971886,0.004101015634859831,0.6663910007575017,77494.03068435905,Nuclei,Texture,Mito
Image_ImageQuality_MinIntensity_OrigDNA,0.09698241994835277,0.0067304394857669895,0.0006905543831238002,0.8955965861827564,8675.311397223091,Image,ImageQuality,
Nuclei_AreaShape_Zernike_9_9,0.4502739236259031,0.039093636871108624,0.0042602080492332335,0.506372231453755,146392.75373242702,Nuclei,AreaShape,
Cytoplasm_Texture_Variance_ER_3_00_256,0.3690127032525449,0.047923160524863416,0.0013927691855895748,0.5816713670370021,148712.11645767448,Cytoplasm,Texture,ER
Cytoplasm_Texture_InfoMeas1_ER_3_02_256,0.21139322827733303,0.033208551926239255,0.001523749937382572,0.7538744698590453,42042.96719920909,Cytoplasm,Texture,ER
Image_Granularity_2_AGP,0.24870988019574464,0.026299260354693935,0.004764128002304943,0.7202267314472565,45940.27450100618,Image,Granularity,AGP
Nuclei_AreaShape_MedianRadius,0.4043261959077488,0.03391287822049131,0.0017505954730988836,0.5600103303986609,141898.93547941506,Nuclei,AreaShape,
Image_Texture_Entropy_RNA_10_02_256,0.47838676876902575,0.04428781479238102,0.0072521898504205005,0.47007322658817263,87194.46531770143,Image,Texture,RNA
Nuclei_Texture_Contrast_AGP_10_01_256,0.37059971410952425,0.04580600500791487,0.003593218320100218,0.5800010625624608,163053.0651257215,Nuclei,Texture,AGP
Cytoplasm_RadialDistribution_FracAtD_ER_2of4,0.14258090563280984,0.04970518679793903,0.003410094077245286,0.8043038134920057,80449.1283464799,Cytoplasm,RadialDistribution,ER
Image_Texture_Entropy_DNA_3_00_256,0.4002493063006522,0.05021931114739597,0.005376380558479018,0.5441550019934728,44747.87135385675,Image,Texture,DNA
Nuclei_Texture_Contrast_DNA_5_00_256,0.5017305932458687,0.03675561782509316,0.001968988348084744,0.45954480058095354,247424.57652382585,Nuclei,Texture,DNA
Nuclei_Texture_DifferenceVariance_DNA_3_00_256,0.20226345497502735,0.03356155209942446,0.01585534021266572,0.7483196527128824,61485.81117322475,Nuclei,Texture,DNA
Image_Texture_InfoMeas1_DNA_5_01_256,0.28323826041145406,0.06110265731728504,0.002890706023206027,0.6527683762480548,57100.377243698786,Image,Texture,DNA
Cytoplasm_RadialDistribution_FracAtD_mito_tubeness_11of20,0.04357550151773708,0.12816710784843582,0.010147054970062727,0.8181103356637643,686394.1450930989,Cytoplasm,RadialDistribution,
Cytoplasm_Texture_AngularSecondMoment_AGP_3_01_256,0.17501168195951008,0.04800318641093266,0.0019982377220843063,0.774986893907473,74766.88057782566,Cytoplasm,Texture,AGP
Cells_Texture_Contrast_ER_10_01_256,0.3913990370666515,0.041747161390572704,0.0014254805608907737,0.5654283209818851,168722.88942932093,Cells,Texture,ER
Cytoplasm_Granularity_13_DNA,0.17723564600758282,0.05277598032716995,0.004937671369693573,0.7650507022955536,51837.9123249531,Cytoplasm,Granularity,DNA
Image_Intensity_UpperQuartileIntensity_AGP__BackgroundOnly,0.18398352676218555,0.03555736437898049,0.01983911748586468,0.7606199913729692,35593.5211392217,Image,Intensity,AGP
Image_ImageQuality_MedianIntensity_OrigRNA,0.3712351685247263,0.04342678589350698,0.0021263133814660553,0.5832117322003006,20356.882361730102,Image,ImageQuality,
Nuclei_Intensity_MinIntensity_RNA,0.21346205303441756,0.013650274295961771,0.0031346404811995873,0.7697530321884211,29936.610107345834,Nuclei,Intensity,RNA
Nuclei_Texture_DifferenceVariance_AGP_10_02_256,0.06200027660003998,0.0622477076844684,0.0014733917847830984,0.8742786239307085,48662.98080611891,Nuclei,Texture,AGP
Cells_Texture_SumAverage_RNA_3_00_256,0.22473200831185183,0.03459163978843483,0.003333011108236101,0.7373433407914772,66575.53307031762,Cells,Texture,RNA
Cytoplasm_Texture_Correlation_AGP_5_03_256,0.11287309485029925,0.07151673726809753,0.005117421615121686,0.8104927462664815,102978.882933937,Cytoplasm,Texture,AGP
Cytoplasm_Texture_DifferenceEntropy_Mito_5_03_256,0.2029667099794327,0.051315742607754206,0.0024573850421776137,0.7432601623706354,57095.512117989194,Cytoplasm,Texture,Mito
Cells_Texture_Correlation_RNA_10_03_256,0.20384798512869276,0.04082897456826282,0.00568141650273752,0.749641623800307,100631.24116033048,Cells,Texture,RNA
Cytoplasm_Correlation_Overlap_DNA_ER,0.07624301887149884,0.04990955063279647,0.009829185597814207,0.8640182448978905,39692.5994744606,Cytoplasm,Correlation,DNA
Image_Texture_InverseDifferenceMoment_RNA_3_01_256,0.47489708621393234,0.03836603141336062,0.006857772948187735,0.47987910942451933,44967.26387023799,Image,Texture,RNA
Cells_RadialDistribution_RadialCV_RNA_3of4,0.13841367114442846,0.03421507461740353,0.002134063832721303,0.8252371904054466,35560.70197171025,Cells,RadialDistribution,RNA
Image_Texture_InfoMeas2_AGP_3_00_256,0.41412873852800147,0.062383746982466744,0.0022640238747207546,0.521223490614811,229812.71941279902,Image,Texture,AGP
Cells_Texture_Variance_ER_3_02_256,0.36269510726364984,0.04612458173746662,0.0011451099913922813,0.5900352010074912,141929.6613577825,Cells,Texture,ER
Cells_Texture_SumAverage_Mito_10_02_256,0.2539172049880004,0.051412623875725955,0.004742568619469978,0.6899276025168037,72374.06691282243,Cells,Texture,Mito
Image_Granularity_3_RNA,0.41460297863810347,0.02565705616803698,0.0025163947066438055,0.5572235704872157,91028.37984487522,Image,Granularity,RNA
Nuclei_Texture_SumAverage_Mito_5_02_256,0.3199335901733482,0.04798695277484726,0.0033672898886807313,0.6287121671631238,97302.81384241552,Nuclei,Texture,Mito
Cells_Texture_AngularSecondMoment_DNA_3_00_256,0.13662509553468005,0.028782264057269323,0.016511212724366665,0.8180814276836841,61571.31530030721,Cells,Texture,DNA
Cells_Texture_AngularSecondMoment_Mito_3_00_256,0.0669452565832914,0.08379718937331833,0.002393946164377996,0.8468636078790122,76419.33554302267,Cells,Texture,Mito
Cytoplasm_Texture_InfoMeas1_AGP_10_03_256,0.35804953743111345,0.03196160003677695,0.0031688130808733847,0.6068200494512362,90301.72013173197,Cytoplasm,Texture,AGP
Nuclei_Texture_SumEntropy_DNA_10_03_256,0.19150353583696147,0.05605422928311623,0.007760199083832894,0.7446820357960893,94298.96893789602,Nuclei,Texture,DNA
Nuclei_Texture_AngularSecondMoment_DNA_3_03_256,0.16630883834368088,0.03221934066697315,0.01880436043752075,0.7826674605518252,57574.49282828088,Nuclei,Texture,DNA
Image_ImageQuality_MeanIntensity_OrigAGP,0.483835714690884,0.03363208743054983,0.0018812023499708366,0.48065099552859547,33564.233458854,Image,ImageQuality,
Image_ImageQuality_MADIntensity_OrigAGP,0.37571428966419257,0.048863440132553726,0.0015045819224402198,0.5739176882808135,38193.873497617395,Image,ImageQuality,
Image_Granularity_2_RNA,0.40269856036747115,0.0393432252786319,0.0030147878004719905,0.5549434265534249,83833.78932916766,Image,Granularity,RNA
Nuclei_Texture_DifferenceVariance_ER_3_00_256,0.04216566123935405,0.08609800248572928,0.0036858851298103706,0.8680504511451063,72221.32713340712,Nuclei,Texture,ER
Cytoplasm_RadialDistribution_MeanFrac_mito_tubeness_1of20,0.03354291224824469,0.03739912316355117,0.049768411626398376,0.8792895529618057,572465.4048966176,Cytoplasm,RadialDistribution,
Cells_Neighbors_NumberOfNeighbors_Adjacent,0.510941778255956,0.04666478392952165,0.007650741532814246,0.43474269628170814,165206.45112197718,Cells,Neighbors,
Nuclei_Intensity_MeanIntensity_AGP,0.25545829182427293,0.037343516688706085,0.002482910396364292,0.7047152810906566,67880.89032522094,Nuclei,Intensity,AGP
Cells_Texture_SumAverage_RNA_3_01_256,0.22699527558815177,0.03458382021602137,0.003382592519343408,0.7350383116764836,67709.0686102858,Cells,Texture,RNA
Cells_Texture_SumVariance_RNA_5_03_256,0.35341540178114994,0.04924215058753587,0.0007574354657152167,0.596585012165599,137072.24898014445,Cells,Texture,RNA
Cytoplasm_RadialDistribution_RadialCV_mito_tubeness_8of20,0.03440238500493825,0.03568920762677382,0.01222923935040412,0.9176791680178837,221346.43318664448,Cytoplasm,RadialDistribution,
Cells_Texture_Variance_AGP_10_02_256,0.36387122815750716,0.049332726181182986,0.0037188199950746446,0.5830772256662351,163021.8201004229,Cells,Texture,AGP
Nuclei_Texture_SumAverage_RNA_3_02_256,0.26857175452071214,0.03897539096134843,0.001342353720597526,0.6911105007973419,80465.11596805629,Nuclei,Texture,RNA
Cytoplasm_Texture_SumVariance_Mito_5_02_256,0.3694115134247984,0.03321942436136255,0.0035925507039091392,0.5937765115099299,118499.00676634192,Cytoplasm,Texture,Mito
Image_Texture_SumAverage_RNA_10_03_256,0.46888992075011043,0.03239056968822048,0.0012338957130131195,0.4974856138486559,31476.350032480514,Image,Texture,RNA
Nuclei_Texture_SumAverage_Mito_5_03_256,0.3194749552310478,0.04791539842189518,0.0033982658908265186,0.6292113804562306,97143.31411827244,Nuclei,Texture,Mito
Cells_Correlation_RWC_RNA_ER,0.14491025731868823,0.03952840368207435,0.0027956268034813147,0.8127657121957562,51146.06647342125,Cells,Correlation,ER
Nuclei_Texture_DifferenceVariance_ER_3_03_256,0.044284658701253865,0.08760742007781612,0.002872235415224236,0.8652356858057056,74533.78555353824,Nuclei,Texture,ER
Cells_Texture_SumAverage_ER_5_01_256,0.2624133989329514,0.03894707765702408,0.0036566287045444335,0.6949828947054801,95039.14381065295,Cells,Texture,ER
Cells_Texture_SumEntropy_DNA_10_03_256,0.20548202067906796,0.0385878366255745,0.007143951250303647,0.7487861914450539,103794.08928014402,Cells,Texture,DNA
Cells_Texture_AngularSecondMoment_DNA_3_01_256,0.13699918682717957,0.02817859162198843,0.01675375481465649,0.8180684667361756,62266.38153030978,Cells,Texture,DNA
Cytoplasm_AreaShape_FormFactor,0.14773763575422075,0.037059779834623954,0.007331378847626011,0.8078712055635293,72697.19954727586,Cytoplasm,AreaShape,
Cytoplasm_Intensity_StdIntensity_DNA,0.31784722805257964,0.022625897172475023,0.0013850151788284224,0.6581418595961169,92084.00548863881,Cytoplasm,Intensity,DNA
Cytoplasm_RadialDistribution_MeanFrac_mito_tubeness_13of20,0.17786874818161558,0.02603334781258364,0.0022749429038223974,0.7938229611019785,33050.025887415904,Cytoplasm,RadialDistribution,
Image_Texture_SumVariance_AGP_10_01_256,0.3114304024809915,0.013276318487262564,0.0017256648173765903,0.6735676142143694,38910.95718556579,Image,Texture,AGP
Nuclei_RadialDistribution_RadialCV_DNA_4of4,0.34265406314309327,0.04653769606407081,0.0011426917290355346,0.6096655490638004,131032.83461089332,Nuclei,RadialDistribution,DNA
Cells_Texture_DifferenceEntropy_ER_3_03_256,0.2059813220057015,0.0480619968128751,0.0008829378360401361,0.7450737433453832,110428.28878108953,Cells,Texture,ER
Cytoplasm_Texture_DifferenceEntropy_DNA_5_03_256,0.307675719359813,0.027370520635213568,0.003022277334329723,0.6619314826706436,100658.6151282408,Cytoplasm,Texture,DNA
Image_Texture_InfoMeas1_RNA_5_03_256,0.3033551478621488,0.01665825734826547,0.0005710208806411251,0.6794155739089446,28198.447305555972,Image,Texture,RNA
Image_Granularity_13_AGP,0.1358104489473261,0.01575224014857133,0.002129554915520906,0.8463077559885815,21972.989155185096,Image,Granularity,AGP
Cytoplasm_Texture_SumAverage_AGP_5_01_256,0.27230564639822763,0.008904226765933535,0.003409335468455086,0.7153807913673836,33814.207789315056,Cytoplasm,Texture,AGP
Cytoplasm_Correlation_Manders_Mito_ER,0.1018405653241267,0.06702008810480549,0.011390553539966645,0.8197487930311012,47711.26319077322,Cytoplasm,Correlation,ER
Nuclei_Texture_DifferenceVariance_AGP_10_03_256,0.06419031859759766,0.0609319952426622,0.001623153758387862,0.8732545324013522,47232.8330673477,Nuclei,Texture,AGP
Cells_Texture_Correlation_ER_3_01_256,0.17265641519822578,0.03607052102478726,0.005804109496821194,0.7854689542801658,47750.05156980558,Cells,Texture,ER
Nuclei_Texture_SumAverage_ER_3_00_256,0.2947866953051348,0.04838493005777857,0.0008708274755789777,0.6559575471615077,103777.21260261942,Nuclei,Texture,ER
Nuclei_Texture_InverseDifferenceMoment_ER_3_01_256,0.21404847760483373,0.051112294744939175,0.0014556516808545427,0.7333835759693726,62471.13961973322,Nuclei,Texture,ER
Image_Texture_AngularSecondMoment_AGP_10_02_256,0.44979925783456554,0.060037357418980114,0.002079522692284751,0.48808386205416954,174228.02507447038,Image,Texture,AGP
Nuclei_Texture_Correlation_ER_5_01_256,0.10076180657160495,0.092312645586108,0.0018125538798053193,0.8051129939624817,82644.57390342708,Nuclei,Texture,ER
Cytoplasm_Texture_InfoMeas2_RNA_5_00_256,0.19174178945056758,0.05553573381413742,0.0028564849927357368,0.7498659917425593,82255.79003231935,Cytoplasm,Texture,RNA
Image_ImageQuality_FocusScore_OrigMito,0.18225239069453195,0.019481360165502115,0.0015890730420192434,0.7966771760979467,45199.15127688825,Image,ImageQuality,
Nuclei_Texture_SumVariance_Mito_10_02_256,0.44603780874854754,0.04096627568103227,0.002949489571230679,0.5100464259991895,202583.99595647567,Nuclei,Texture,Mito
Nuclei_Texture_Variance_AGP_5_02_256,0.37462968943888464,0.04538504335614709,0.003911939301441304,0.5760733279035269,162333.0519670888,Nuclei,Texture,AGP
Nuclei_Texture_SumVariance_AGP_3_02_256,0.38546174327624694,0.044193308958466855,0.004052547672524063,0.5662924000927622,165144.40150707497,Nuclei,Texture,AGP
Nuclei_Texture_SumAverage_ER_3_01_256,0.29433396299713566,0.048528376369184126,0.0008287415612289051,0.6563089190724513,104156.9393643208,Nuclei,Texture,ER
Cells_Intensity_StdIntensityEdge_Mito,0.2635062924743248,0.044678498960535155,0.005070736434373851,0.6867444721307662,59371.22658819801,Cells,Intensity,Mito
Image_Texture_AngularSecondMoment_DNA_5_01_256,0.36092582466533235,0.05676249986209983,0.006013088119231666,0.5762985873533362,42991.37185919952,Image,Texture,DNA
Nuclei_AreaShape_Zernike_3_1,0.351383234465908,0.05180149440160923,0.001127251445719311,0.5956880196867634,83624.93130726101,Nuclei,AreaShape,
Nuclei_Correlation_RWC_RNA_AGP,0.34822641995680065,0.023827051617612165,0.0007470311494761581,0.627199497276111,52794.8261821925,Nuclei,Correlation,AGP
Nuclei_Texture_SumAverage_DNA_5_03_256,0.3581950961897058,0.0322141941315005,0.0058078379330764925,0.6037828717457172,121998.762178334,Nuclei,Texture,DNA
Image_Texture_Entropy_ER_5_03_256,0.4887910014160306,0.04517138016767855,0.0032395475049630125,0.4627980709113278,89096.54334926662,Image,Texture,ER
Cytoplasm_Texture_SumEntropy_AGP_10_00_256,0.18813383957160038,0.05031482540626848,0.0023006095712624153,0.7592507254508687,65153.98968333039,Cytoplasm,Texture,AGP
Nuclei_Texture_SumVariance_ER_10_01_256,0.32310618674258024,0.052925192842287826,0.001262228107248222,0.6227063923078836,128638.15137182758,Nuclei,Texture,ER
Cytoplasm_Texture_Correlation_ER_10_00_256,0.1729652754712305,0.057227781581859816,0.002534856314070352,0.7672720866328393,109682.8651602531,Cytoplasm,Texture,ER
Cells_AreaShape_Orientation,0.04749115265617689,0.0013338345844003982,0.0019334385805191714,0.9492415741789036,23754.808311836474,Cells,AreaShape,
Nuclei_Location_MaxIntensity_Y_AGP,0.09732154550324326,0.06946422999069639,0.0006470157134340137,0.8325672087926264,40983.404952852536,Nuclei,Location,AGP
Cytoplasm_Texture_Correlation_RNA_10_02_256,0.17326799605052,0.055575221751592144,0.0029449362288432738,0.7682118459690447,90778.18854950188,Cytoplasm,Texture,RNA
Nuclei_Correlation_Correlation_AGP_RNA,0.3459256314422293,0.0350562064414106,0.0025128564879764387,0.6165053056283837,55629.220200166,Nuclei,Correlation,AGP
Cells_Granularity_8_RNA,0.21248505025264988,0.03603041291842866,0.0012175463117816275,0.7502669905171399,63507.59113643055,Cells,Granularity,RNA
Cells_Texture_Correlation_RNA_5_02_256,0.14507729256936971,0.03727151525564704,0.007238205206474325,0.810412986968509,40228.8067170578,Cells,Texture,RNA
Cells_Texture_InfoMeas1_ER_10_01_256,0.2865977105223504,0.04395915690129193,0.0031947762991801298,0.6662483562771776,114460.24380917085,Cells,Texture,ER
Image_Texture_SumAverage_Mito_5_03_256,0.2706373186420747,0.022976916309632344,0.0030696911932512633,0.7033160738550417,21224.658858471408,Image,Texture,Mito
Cytoplasm_Granularity_2_RNA,0.33418645995652885,0.0469323500975008,0.006695068833796043,0.6121861211121743,95212.76243472009,Cytoplasm,Granularity,RNA
Cytoplasm_RadialDistribution_FracAtD_RNA_3of4,0.10643714676309743,0.05677232168065507,0.0031461320498109373,0.8336443995064365,82300.41185792806,Cytoplasm,RadialDistribution,RNA
Nuclei_Texture_Variance_Mito_10_02_256,0.45939960037647154,0.03954773867143444,0.0027461358413062176,0.4983065251107878,215056.50360981026,Nuclei,Texture,Mito
Cells_Texture_InverseDifferenceMoment_ER_3_00_256,0.22142128402788197,0.044924148177084545,0.000891562625672752,0.7327630051693608,95306.58848695837,Cells,Texture,ER
Cells_AreaShape_Area,0.26330127604341147,0.03140618001649308,0.0015153271499005949,0.7037772167901949,143358.45795664875,Cells,AreaShape,
Cells_RadialDistribution_MeanFrac_DNA_3of4,0.24330415917105772,0.03807888249880531,0.0028236253282097473,0.7157933330019273,89690.53224083697,Cells,RadialDistribution,DNA
Cells_RadialDistribution_RadialCV_mito_tubeness_15of16,0.37112040970950716,0.03702500778763541,0.0025104201502242143,0.5893441623526332,122567.5070898268,Cells,RadialDistribution,
Cytoplasm_RadialDistribution_FracAtD_Mito_4of4,0.14928885711789636,0.046130315282302214,0.0024535246557946407,0.8021273029440068,72856.63788924213,Cytoplasm,RadialDistribution,Mito
Cells_Intensity_MassDisplacement_RNA,0.1899263771620949,0.042682461896827666,0.003231775206988067,0.7641593857340894,84789.27409351972,Cells,Intensity,RNA
Image_ImageQuality_PercentMinimal_OrigAGP,0.02391805034430724,0.16851736774559234,0.03780320520361778,0.7697613767064826,522072.5924974971,Image,ImageQuality,
Cells_Texture_SumAverage_RNA_5_02_256,0.22853800326437143,0.03423186044220816,0.00331418851512998,0.7339159477782905,68658.55178225336,Cells,Texture,RNA
Cells_Texture_Entropy_Mito_5_01_256,0.14670310294435193,0.05950722719930969,0.003684433252632473,0.7901052366037059,51937.8723044638,Cells,Texture,Mito
Image_Texture_InfoMeas1_Mito_10_00_256,0.24900748700971528,0.01933398873089583,0.004122661771208005,0.7275358624881808,24614.028943593064,Image,Texture,Mito
Image_Texture_SumAverage_AGP_3_01_256,0.4763465444358892,0.03360306668736328,0.001547925294410638,0.4885024635823368,32497.99714050003,Image,Texture,AGP
Cytoplasm_Texture_Variance_AGP_5_02_256,0.36636191947735824,0.047663100987382474,0.0042222720694960565,0.5817527074657632,143011.2437264868,Cytoplasm,Texture,AGP
Cells_Granularity_5_ER,0.44298768423289286,0.027572463972521666,0.0010065055180408615,0.5284333462765447,173911.774309059,Cells,Granularity,ER
Cells_Texture_SumEntropy_ER_5_01_256,0.13674126527765526,0.05528878172373265,0.0007309734000497548,0.8072389795985623,95926.98326421072,Cells,Texture,ER
Cytoplasm_Texture_InfoMeas1_AGP_3_00_256,0.15809757981358813,0.05246216550333662,0.000799194934979033,0.7886410597480962,79144.54234111859,Cytoplasm,Texture,AGP
Cytoplasm_Texture_InfoMeas1_DNA_10_02_256,0.1532606950679659,0.09732543688489718,0.009912455419401594,0.7395014126277354,117651.74079394202,Cytoplasm,Texture,DNA
Image_Texture_AngularSecondMoment_Mito_10_02_256,0.39769329656435076,0.06092739597221613,0.0037480974179437874,0.5376312100454894,153129.69901317416,Image,Texture,Mito
Cytoplasm_Texture_InfoMeas2_Mito_10_02_256,0.1690148738640663,0.05172864738146375,0.004995396997339654,0.7742610817571303,48881.88124917047,Cytoplasm,Texture,Mito
Image_Texture_Entropy_ER_3_02_256,0.49217661015718633,0.0464690621488905,0.0031013155405702226,0.4582530121533528,87764.37897062834,Image,Texture,ER
Nuclei_Texture_InfoMeas2_RNA_5_00_256,0.15200332014368492,0.049893352928506156,0.0016913496941356148,0.7964119772336733,46489.895269630324,Nuclei,Texture,RNA
Nuclei_Granularity_2_DNA,0.4700015333620238,0.035787949611882364,0.0009910218182033477,0.4932194952078905,198662.59611644835,Nuclei,Granularity,DNA
Cells_Granularity_6_RNA,0.3869566953196827,0.029364691005556037,0.0007248518273263425,0.582953761847435,140157.6148847776,Cells,Granularity,RNA
Cells_Texture_Variance_DNA_5_00_256,0.4549822229899379,0.03737195218954377,0.0023838431562911923,0.5052619816642271,218792.1992155591,Cells,Texture,DNA
Nuclei_Correlation_K_RNA_AGP,0.11543078933360684,0.06776090778433687,0.0011402894279115012,0.8156680134541449,62757.51798699418,Nuclei,Correlation,AGP
Nuclei_Texture_Contrast_AGP_10_00_256,0.3632755340130741,0.04597759071595605,0.0036564144840968574,0.5870904607868729,158330.87482634978,Nuclei,Texture,AGP
Image_Granularity_1_ER,0.4923199016237711,0.03203406820338589,0.000781898928596134,0.4748641312442468,141008.9128418471,Image,Granularity,ER
Cytoplasm_Intensity_MassDisplacement_DNA,0.16078894358207432,0.03180665940158065,0.0012648603582234577,0.8061395366581215,61494.7010373462,Cytoplasm,Intensity,DNA
Image_Texture_SumVariance_RNA_5_01_256,0.31560240115386134,0.021071199341392812,0.0011457917153881794,0.6621806077893576,30848.439799603642,Image,Texture,RNA
Cells_Texture_SumVariance_DNA_3_03_256,0.4432182028174601,0.0392330022182597,0.002473005009028912,0.5150757899552513,215144.04271894367,Cells,Texture,DNA
Cells_Texture_Correlation_ER_5_03_256,0.2057751221785466,0.03504275698921851,0.004985933224711492,0.7541961876075235,62951.079419735084,Cells,Texture,ER
Cells_Texture_Correlation_DNA_3_02_256,0.252959677304407,0.046941928391009045,0.006601828688477142,0.6934965656161067,98363.28558526155,Cells,Texture,DNA
Nuclei_Texture_InverseDifferenceMoment_AGP_5_02_256,0.20239916901690216,0.04380450065727731,0.00436257340261927,0.7494337569232012,55617.11379095486,Nuclei,Texture,AGP
Image_Texture_InfoMeas1_Mito_10_01_256,0.275350823837353,0.015048762685041704,0.005846878260596239,0.703753535217009,22761.934961311214,Image,Texture,Mito
Cytoplasm_Texture_SumEntropy_DNA_5_01_256,0.2812000876576028,0.027898183343277906,0.004649267652675114,0.6862524613464444,86895.91649651466,Cytoplasm,Texture,DNA
Cells_Texture_AngularSecondMoment_RNA_5_01_256,0.1180100303261683,0.07287805688729149,0.0009040564726314013,0.8082078563139089,127768.68163999802,Cells,Texture,RNA
Cytoplasm_Texture_InverseDifferenceMoment_AGP_10_03_256,0.16207674224694196,0.03845076660434867,0.0023542467567846397,0.7971182443919248,60697.79929610514,Cytoplasm,Texture,AGP
Cells_Correlation_K_DNA_Mito,0.25413468596413746,0.027723297481670912,0.0014142426914784728,0.7167277738627131,48323.2433721484,Cells,Correlation,DNA
Cells_Texture_DifferenceVariance_ER_10_00_256,0.05711143343341583,0.07453353850120371,0.002520443261087747,0.8658345848042928,95703.31887682114,Cells,Texture,ER
Cells_Texture_Entropy_ER_10_03_256,0.13888184056393946,0.050758663857847,0.0010803490014828082,0.8092791465767306,78369.93070823794,Cells,Texture,ER
Cells_Texture_Variance_AGP_10_01_256,0.3628228670962741,0.0493427751279421,0.0035357282029160196,0.5842986295728678,161268.86015912198,Cells,Texture,AGP
Cytoplasm_Texture_SumVariance_AGP_5_00_256,0.37366780155774804,0.045334676498811365,0.003931816129426734,0.5770657058140138,140916.3891314935,Cytoplasm,Texture,AGP
Cells_Texture_Variance_RNA_3_02_256,0.38352509549210767,0.04608255555091203,0.0008122474486208262,0.5695801015083594,154049.06061278755,Cells,Texture,RNA
Cells_Texture_SumEntropy_ER_5_02_256,0.13869583944087174,0.05713849192684224,0.0006943460355164102,0.8034713225967697,97335.99423698575,Cells,Texture,ER
Image_Texture_Correlation_DNA_3_03_256,0.32910671893513854,0.03884289237916448,0.0010034626261273766,0.6310469260595696,127292.31099770438,Image,Texture,DNA
Nuclei_Correlation_Overlap_DNA_RNA,0.31204793260813707,0.05478236922968346,0.005007342928693307,0.6281623552334862,107877.97009822431,Nuclei,Correlation,DNA
Nuclei_Texture_InfoMeas2_RNA_3_01_256,0.1404777436390265,0.051946711807881935,0.001871975527798785,0.8057035690252927,44216.27712817122,Nuclei,Texture,RNA
Image_Texture_SumVariance_AGP_5_00_256,0.31038686163398127,0.012877440037542267,0.001928201518929673,0.6748074968095469,38981.91864351274,Image,Texture,AGP
Image_Intensity_TotalArea_RNA_BackgroundOnly,0.46711777755844375,0.03615856480139044,0.006582637857236092,0.49014101978292973,57094.63220317192,Image,Intensity,RNA
Nuclei_Intensity_LowerQuartileIntensity_DNA,0.1350962607334041,0.018357854453027796,0.012738472210211658,0.8338074126033564,41662.30030020288,Nuclei,Intensity,DNA
Cells_AreaShape_Zernike_9_1,0.07706437934004602,0.01125231682381232,0.000536332215521944,0.9111469716206196,36672.25552549606,Cells,AreaShape,
Cytoplasm_Texture_DifferenceEntropy_RNA_10_03_256,0.16042038413671136,0.050343002845278526,0.000516741250054068,0.788719871767956,86043.58003141254,Cytoplasm,Texture,RNA
Image_Texture_DifferenceVariance_RNA_5_02_256,0.33947317839700003,0.046372851505152544,0.0015204591975834696,0.6126335109002639,61007.4700857581,Image,Texture,RNA
Image_Texture_SumEntropy_Mito_3_00_256,0.44059728711244156,0.048873919661640806,0.0033238049702468643,0.5072049882556707,80825.25034242464,Image,Texture,Mito
Nuclei_Texture_InfoMeas1_ER_3_00_256,0.20851623883783438,0.045413577838593504,0.0034977961990531937,0.742572387124519,66025.02574798207,Nuclei,Texture,ER
Nuclei_Intensity_MaxIntensity_AGP,0.2835881365390121,0.03926089858513758,0.0034363026103037854,0.6737146622655465,64826.44699678036,Nuclei,Intensity,AGP
Image_Texture_DifferenceVariance_ER_10_03_256,0.4204626150712568,0.03969661618241408,0.004371202652259913,0.5354695660940691,82269.30641952112,Image,Texture,ER
Nuclei_Texture_InfoMeas2_RNA_10_02_256,0.08109940195031515,0.0615747927612796,0.0019369947420316553,0.8553888105463736,59630.244237210565,Nuclei,Texture,RNA
Cells_RadialDistribution_FracAtD_mito_tubeness_20of20,0.18900942063639595,0.032077437440367826,0.002516762905846969,0.7763963790173893,69220.04746202781,Cells,RadialDistribution,
Cells_Texture_SumVariance_ER_3_00_256,0.3480908105522484,0.0484402134226714,0.0011613605234108077,0.6023076155016694,135706.54712153922,Cells,Texture,ER
Cells_Texture_DifferenceVariance_RNA_5_00_256,0.06344500764424352,0.08133559621637751,0.0007263652119700146,0.8544930309274089,101890.10347649138,Cells,Texture,RNA
Nuclei_Texture_InverseDifferenceMoment_DNA_3_03_256,0.3042410564248799,0.03916417485332891,0.008792558114526903,0.6478022106072644,98583.01790306352,Nuclei,Texture,DNA
Cytoplasm_Texture_InfoMeas1_RNA_10_02_256,0.23614166087573782,0.03871688210725821,0.003429446971061673,0.7217120100459422,87384.88909409412,Cytoplasm,Texture,RNA
Image_ImageQuality_PowerLogLogSlope_OrigDNA,0.4038008042151279,0.031373910246792265,0.00040728433765057867,0.5644180012004293,109923.05081680205,Image,ImageQuality,
Nuclei_Texture_SumVariance_Mito_3_01_256,0.45902672149406987,0.042671159722506735,0.0031765063859430895,0.4951256123974803,224864.88898523996,Nuclei,Texture,Mito
Nuclei_Texture_Contrast_RNA_10_01_256,0.3644070350274289,0.04866199249535538,0.0009274315566389614,0.5860035409205767,144051.2289330905,Nuclei,Texture,RNA
Image_Intensity_TotalIntensity_Mito_BackgroundOnly,0.424073481810312,0.03866787125318585,0.008500911880950342,0.5287577350555518,55163.25276988381,Image,Intensity,Mito
Cytoplasm_Texture_DifferenceEntropy_ER_5_00_256,0.21672635323856665,0.053417878757401796,0.0012461045495083803,0.7286096634545232,109756.64711487325,Cytoplasm,Texture,ER
Nuclei_Texture_DifferenceEntropy_Mito_10_01_256,0.27230195240251825,0.052164565766762414,0.0025013522036584856,0.6730321296270607,66986.92815305314,Nuclei,Texture,Mito
Cells_Texture_DifferenceEntropy_DNA_3_00_256,0.30129108722177267,0.03494645763049749,0.006490598182019649,0.6572718569657101,134175.2878342839,Cells,Texture,DNA
Nuclei_Location_CenterMassIntensity_X_ER,0.06809476398800704,0.03314796068438313,0.00039672599292299286,0.8983605493346869,24331.157909410707,Nuclei,Location,ER
Cells_Texture_SumEntropy_Mito_3_00_256,0.13419245258487975,0.05840144842418452,0.0034495732815168667,0.8039565257094189,50662.38793577779,Cells,Texture,Mito
Cytoplasm_RadialDistribution_MeanFrac_mito_tubeness_8of20,0.030827455387040136,0.055193984420163836,0.02473376908935879,0.8892447911034373,354076.4378581719,Cytoplasm,RadialDistribution,
Cytoplasm_Texture_SumEntropy_ER_10_00_256,0.17107246830974426,0.055819260607164786,0.0011178900782732393,0.7719903810048176,87756.87910498478,Cytoplasm,Texture,ER
Cells_Texture_Variance_Mito_3_02_256,0.42854159807290276,0.03865574311992252,0.002061219172711887,0.5307414396344629,162691.45072101065,Cells,Texture,Mito
Cytoplasm_AreaShape_MaxFeretDiameter,0.23725712451225364,0.033568303632103426,0.0016950766460308323,0.7274794952096121,123338.20499368964,Cytoplasm,AreaShape,
Image_Texture_Entropy_Mito_3_03_256,0.45453016439981136,0.04381686196356749,0.0025100222615015637,0.49914295137511966,64532.98162017849,Image,Texture,Mito
Cytoplasm_Granularity_2_Mito,0.31825113845335506,0.028862852010594443,0.0021192154677094938,0.6507667940683409,59798.5955982101,Cytoplasm,Granularity,Mito
Cytoplasm_RadialDistribution_RadialCV_AGP_4of4,0.3554271904680595,0.05071878500385949,0.005693722961892952,0.5881603015661881,131215.33359733567,Cytoplasm,RadialDistribution,AGP
Image_Intensity_MADIntensity_AGP,0.35639171410029546,0.05225602380149545,0.0022079302724852122,0.5891443318257239,38020.42099699905,Image,Intensity,AGP
Cytoplasm_Granularity_8_DNA,0.11710124460593492,0.012106969331985955,0.0023474713954721627,0.868444314666607,42125.269091206595,Cytoplasm,Granularity,DNA
Nuclei_Texture_Correlation_Mito_5_01_256,0.30288036980718763,0.02340681664858671,0.0054447354418298306,0.6682680781023959,43292.326135602896,Nuclei,Texture,Mito
Nuclei_Texture_SumAverage_DNA_5_00_256,0.36178418598719564,0.03217536611306304,0.005377261865007704,0.6006631860347336,123208.82892270914,Nuclei,Texture,DNA
Cells_Texture_SumVariance_DNA_5_01_256,0.4339937333667224,0.04102169008066577,0.0027616420883120776,0.5222229344642998,213836.8232439711,Cells,Texture,DNA
Cytoplasm_Granularity_12_ER,0.30216599047913606,0.03969743603125744,0.0028046852116533406,0.6553318882779532,58729.318975874034,Cytoplasm,Granularity,ER
Cytoplasm_Texture_Contrast_RNA_5_02_256,0.4580885921383189,0.036342163485894266,0.001795084239162086,0.5037741601366248,203893.8325219141,Cytoplasm,Texture,RNA
Cells_Texture_InfoMeas1_RNA_10_01_256,0.23024727202962633,0.04239509517149827,0.002540057822000967,0.7248175749768744,91260.77907995656,Cells,Texture,RNA
Cytoplasm_Intensity_MeanIntensity_AGP,0.28404778627834726,0.01054412771206601,0.004979279530089738,0.7004288064794971,32784.39833559446,Cytoplasm,Intensity,AGP
Nuclei_Texture_SumVariance_RNA_5_02_256,0.3584603767927241,0.05263496653616059,0.0009082724366178528,0.5879963842344976,140749.32579121942,Nuclei,Texture,RNA
Cytoplasm_Texture_Correlation_DNA_10_01_256,0.03369522950788153,0.04624177098220028,0.003495105537256984,0.9165678939726613,63282.23059642105,Cytoplasm,Texture,DNA
Image_ImageQuality_PowerLogLogSlope_OrigAGP,0.2940564150210674,0.014890629612714937,0.0006074307959100678,0.6904455245703076,32058.088510118738,Image,ImageQuality,
Nuclei_Granularity_9_Mito,0.15592498168478008,0.04406763079456172,0.0019053974305615242,0.7981019900900967,29212.59163810317,Nuclei,Granularity,Mito
Nuclei_Texture_AngularSecondMoment_AGP_3_01_256,0.08897684529885622,0.0391615865924809,0.0040005820742649596,0.867860986034398,33208.52027396833,Nuclei,Texture,AGP
Cells_Texture_DifferenceEntropy_Mito_5_02_256,0.24528485814814444,0.053716643456928795,0.002599133509093835,0.6983993648858329,70879.27099999861,Cells,Texture,Mito
Image_Texture_Entropy_Mito_5_00_256,0.456614559513661,0.04328617685362396,0.0024213406847442068,0.49767792294797086,64411.522071580905,Image,Texture,Mito
Cytoplasm_Texture_SumVariance_AGP_10_00_256,0.36499032375829077,0.045674124232713526,0.0033122977681683506,0.5860232542408275,136715.44301372115,Cytoplasm,Texture,AGP
Nuclei_Texture_Entropy_AGP_10_02_256,0.14824356947215434,0.037827412194539264,0.0016154823255612098,0.8123135360077451,45059.26134644254,Nuclei,Texture,AGP
Nuclei_Neighbors_PercentTouching_1,0.3475705536063492,0.03515772668383361,0.0017376873922303217,0.6155340323175867,65125.3818736019,Nuclei,Neighbors,
Cells_Texture_InfoMeas1_RNA_5_02_256,0.07285564247174857,0.06319846103176925,0.003678851178359102,0.860267045318123,69209.79699682728,Cells,Texture,RNA
Image_Texture_InverseDifferenceMoment_ER_3_00_256,0.4810514520615305,0.03828951239522721,0.0020903407954783633,0.478568694747764,45766.377961489605,Image,Texture,ER
Nuclei_Correlation_RWC_DNA_AGP,0.16401552566132507,0.013218106468468738,0.0033361631563502457,0.8194302047138559,46376.35030868645,Nuclei,Correlation,AGP
Nuclei_Texture_InfoMeas2_Mito_10_03_256,0.2466688230122321,0.050563782558991646,0.003491599822915186,0.6992757946058611,53926.05032873453,Nuclei,Texture,Mito
Image_Texture_InfoMeas1_Mito_3_02_256,0.1486248631224127,0.023138019141288227,0.003941841395235655,0.8242952763410635,36360.21863548499,Image,Texture,Mito
Cytoplasm_Correlation_RWC_ER_DNA,0.10474909847322189,0.04241656690043734,0.02478239841859084,0.82805193620775,93487.9993477213,Cytoplasm,Correlation,DNA
Image_ImageQuality_PowerLogLogSlope_OrigMito,0.16483161762746087,0.024145554408983413,0.002307996561049939,0.8087148314025059,22068.795576361124,Image,ImageQuality,
Image_Threshold_SumOfEntropies_CellsIncludingEdges,0.08288909353899428,0.026619367434273178,0.0006257636358599533,0.8898657753908725,45039.60262874084,Image,Threshold,
Cytoplasm_Correlation_Manders_DNA_ER,0.2110771652762122,0.07518479076030404,0.004445128612773996,0.7092929153507097,100865.4100832276,Cytoplasm,Correlation,DNA
Nuclei_Texture_Entropy_ER_3_02_256,0.1938881744605926,0.05052921335628082,0.0014425499081894468,0.7541400622749372,56450.85022912788,Nuclei,Texture,ER
Nuclei_Texture_SumAverage_RNA_10_01_256,0.23284850298010978,0.034930741971523765,0.0022305227149761785,0.7299902323333903,63494.70429457947,Nuclei,Texture,RNA
Nuclei_Texture_Variance_ER_10_00_256,0.34842595198709436,0.054312355158072596,0.0008796631535326671,0.5963820297013004,144628.07257014408,Nuclei,Texture,ER
Cells_RadialDistribution_FracAtD_mito_tubeness_16of16,0.17498665914978498,0.036081601154618635,0.00247907530786162,0.7864526643877348,64091.342799733946,Cells,RadialDistribution,
Cells_RadialDistribution_MeanFrac_mito_tubeness_7of20,0.3514835994128094,0.03691681303146439,0.0012927064589039966,0.6103068810968223,98731.77424547565,Cells,RadialDistribution,
Nuclei_Texture_AngularSecondMoment_ER_10_03_256,0.09615966301657689,0.06512239229319934,0.0035121202520407837,0.835205824438183,68461.55712774981,Nuclei,Texture,ER
Cells_Texture_InverseDifferenceMoment_Mito_5_02_256,0.2001621673218444,0.06458819199453342,0.0028293320936564293,0.7324203085899658,63366.64209397603,Cells,Texture,Mito
Image_Texture_SumEntropy_AGP_3_03_256,0.45273408438638846,0.060958925842981244,0.0016116464945306198,0.48469534327609964,108319.5291615049,Image,Texture,AGP
Image_Texture_Variance_AGP_10_03_256,0.3152743297594936,0.014150675400290656,0.0019520485543504204,0.6686229462858654,39859.71983442492,Image,Texture,AGP
Nuclei_RadialDistribution_RadialCV_AGP_4of4,0.3685405695431973,0.03491613703909326,0.0015684175480296851,0.5949748758696797,102219.6762877786,Nuclei,RadialDistribution,AGP
Cytoplasm_RadialDistribution_RadialCV_mito_tubeness_13of20,0.18824214357952299,0.0201656314591611,0.0023252112171739947,0.7892670137441419,40121.84133510044,Cytoplasm,RadialDistribution,
Image_Texture_InverseDifferenceMoment_RNA_5_03_256,0.48431968032628997,0.0366343843660682,0.004759367597052799,0.47428656771058897,48898.959655909624,Image,Texture,RNA
Cytoplasm_AreaShape_Solidity,0.16538567012874225,0.07198893237731417,0.0012797461718018807,0.7613456513221417,77915.48608207935,Cytoplasm,AreaShape,
Cells_Texture_SumVariance_RNA_5_01_256,0.35332236087248486,0.050103384848012196,0.0007871523239677745,0.5957871019555352,137580.28738843356,Cells,Texture,RNA
Image_Texture_DifferenceEntropy_RNA_5_01_256,0.4888130693510719,0.04589969694391739,0.003154589746332213,0.46213264395867854,85575.83603205596,Image,Texture,RNA
Cytoplasm_Texture_InfoMeas2_DNA_5_03_256,0.2497632347171069,0.037098774169613075,0.001873308971634669,0.7112646821416453,73649.32042435562,Cytoplasm,Texture,DNA
Nuclei_Texture_SumEntropy_ER_3_03_256,0.18598031906739848,0.050933682314511536,0.0014909323263654413,0.7615950662917246,62845.00599703194,Nuclei,Texture,ER
Cells_Texture_Variance_AGP_10_00_256,0.3664692201378836,0.04885380038085569,0.0035107562189088896,0.5811662232623519,163487.45642130607,Cells,Texture,AGP
Cytoplasm_Texture_SumEntropy_DNA_3_03_256,0.28406188129644877,0.02956238308478179,0.004765079315277289,0.681610656303492,87867.81376467642,Cytoplasm,Texture,DNA
Cytoplasm_Texture_Variance_DNA_3_02_256,0.39651301230680447,0.025718507018451436,0.0014322139996427636,0.5763362666751014,152298.7667528849,Cytoplasm,Texture,DNA
Cells_RadialDistribution_RadialCV_mito_tubeness_6of20,0.21631204062275103,0.02239773092929196,0.0012301072343915134,0.7600601212135655,45155.08656876454,Cells,RadialDistribution,
Cells_Neighbors_FirstClosestObjectNumber_Adjacent,0.5054173306734215,0.0404685110784547,0.0015683072906401024,0.45254585095748384,44111.27257534781,Cells,Neighbors,
Nuclei_Texture_Contrast_Mito_5_02_256,0.48096353442102846,0.03830619682137017,0.002508334046365849,0.47822193471123553,232350.34338362305,Nuclei,Texture,Mito
Cytoplasm_RadialDistribution_FracAtD_DNA_4of4,0.09946977296057882,0.06119975875663838,0.002462049320299897,0.8368684189624829,80570.48203170788,Cytoplasm,RadialDistribution,DNA
Nuclei_Texture_Entropy_RNA_3_02_256,0.10637900653199682,0.04643680676674063,0.0012335072350516726,0.8459506794662108,44587.36236721231,Nuclei,Texture,RNA
Image_Intensity_MinIntensity_RNA_BackgroundOnly,0.15364209088254,0.02131814628693877,0.003528516497157821,0.8215112463333634,24754.256134562376,Image,Intensity,RNA
Cells_Texture_Entropy_Mito_10_03_256,0.1294377378082825,0.05918684418439954,0.0033776191031111543,0.8079977989042069,47197.230056714936,Cells,Texture,Mito
Cytoplasm_Correlation_RWC_RNA_ER,0.1644274257324693,0.041999123599401444,0.005548494046763437,0.7880249566213658,47186.070193283864,Cytoplasm,Correlation,ER
Image_Texture_DifferenceEntropy_DNA_3_03_256,0.4474833785478879,0.04512654925257303,0.004478107202222811,0.5029119649973162,47371.79793828771,Image,Texture,DNA
Image_Texture_InverseDifferenceMoment_ER_5_02_256,0.4828725220298426,0.03821913373233968,0.0023671850654958435,0.4765411591723219,50202.286017561986,Image,Texture,ER
Cytoplasm_Texture_InfoMeas1_RNA_5_02_256,0.11635463454026085,0.05622106755361984,0.002431695520232989,0.8249926023858862,72625.34296250512,Cytoplasm,Texture,RNA
Image_ImageQuality_LocalFocusScore_OrigMito_5,0.22255330082185118,0.027642294144245235,0.00394754365370891,0.7458568613801947,68180.0599358842,Image,ImageQuality,
Cells_Texture_DifferenceEntropy_RNA_10_02_256,0.15437615637720506,0.04524621814497097,0.0007982356216666474,0.7995793898561573,94738.91504669152,Cells,Texture,RNA
Cytoplasm_Texture_SumEntropy_ER_3_02_256,0.17368047754166638,0.053065352383137004,0.0012645023130301537,0.7719896677621664,84453.33887235739,Cytoplasm,Texture,ER
Cytoplasm_Texture_DifferenceVariance_ER_5_03_256,0.06428644218959695,0.07814721906894193,0.0020526028261250435,0.8555137359153361,81994.93585543837,Cytoplasm,Texture,ER
Nuclei_Texture_InfoMeas1_AGP_10_01_256,0.41626015152333934,0.03348031743064677,0.001928585599135713,0.5483309454468782,130479.19776443212,Nuclei,Texture,AGP
Nuclei_Texture_InfoMeas2_Mito_10_00_256,0.27396461760395374,0.04838164631734365,0.0040834335859353,0.6735703024927673,61126.03554731824,Nuclei,Texture,Mito
Cytoplasm_Texture_Correlation_ER_3_03_256,0.20879195209259374,0.058636342139484765,0.003974277278266778,0.7285974284896548,96041.95396235898,Cytoplasm,Texture,ER
Cytoplasm_Texture_Correlation_RNA_5_03_256,0.19509246458473153,0.04666512500277116,0.005786113531853815,0.7524562968806435,79360.56995217256,Cytoplasm,Texture,RNA
Cells_Correlation_Overlap_AGP_Mito,0.16208241617503039,0.045624834770006964,0.003904179897493679,0.7883885691574689,40406.49497293174,Cells,Correlation,AGP
Nuclei_Texture_InfoMeas2_ER_5_01_256,0.2537448064325116,0.04227916644278057,0.002848418216765977,0.7011276089079418,73190.50322662128,Nuclei,Texture,ER
Cells_Texture_SumVariance_AGP_3_01_256,0.37107067861907017,0.0479267174837231,0.0032246677413978646,0.5777779361558089,162133.49870091496,Cells,Texture,AGP
Cells_Texture_Correlation_Mito_5_01_256,0.2477002046072249,0.05239891134910732,0.005010028063472926,0.694890855980195,58856.11290560286,Cells,Texture,Mito
Cytoplasm_Texture_InfoMeas1_AGP_5_03_256,0.23126391103146127,0.04371490220696801,0.0021534434931103153,0.7228677432684604,82310.0540817169,Cytoplasm,Texture,AGP
Cytoplasm_Texture_InfoMeas1_Mito_3_02_256,0.19138803422257053,0.0391097802696083,0.0014079114588690122,0.7680942740489521,50178.51576787786,Cytoplasm,Texture,Mito
Image_Texture_Variance_Mito_5_03_256,0.14495999913257085,0.01727244348005867,0.0026827458039370496,0.8350848115834334,36888.65889468686,Image,Texture,Mito
Nuclei_Texture_SumVariance_RNA_10_03_256,0.32944188334868296,0.050280748472536496,0.000984454046720482,0.6192929141320601,121096.78888863625,Nuclei,Texture,RNA
Nuclei_Intensity_MaxIntensity_RNA,0.25279279123142845,0.0433924914838585,0.001049340628617256,0.7027653766560957,71173.51574254234,Nuclei,Intensity,RNA
Cytoplasm_Texture_Contrast_ER_10_02_256,0.4015568496532964,0.04236757258352032,0.0018865672567265801,0.5541890105064566,179587.8959259054,Cytoplasm,Texture,ER
Cytoplasm_Texture_SumEntropy_DNA_10_02_256,0.20224961896066937,0.06721104671642528,0.02193239349749278,0.7086069408254125,117504.35458018952,Cytoplasm,Texture,DNA
Cells_Texture_SumVariance_ER_3_03_256,0.33911859676456424,0.04849801952004414,0.0012506740830534166,0.6111327096323382,132052.49334019923,Cells,Texture,ER
Cells_RadialDistribution_RadialCV_ER_1of4,0.2028112758492977,0.02456198797974199,0.00302888106695585,0.7695978551040044,41683.12291646267,Cells,RadialDistribution,ER
Cytoplasm_Texture_AngularSecondMoment_Mito_5_00_256,0.08096122084171699,0.08443740641795232,0.002443598436044586,0.8321577743042861,72995.50674759108,Cytoplasm,Texture,Mito
Nuclei_Texture_DifferenceEntropy_RNA_5_01_256,0.1592299201140625,0.04640138250083341,0.0012773563230115614,0.7930913410620926,49248.2198420388,Nuclei,Texture,RNA
Cytoplasm_Texture_Correlation_DNA_5_03_256,0.04995789184852978,0.03685309793490433,0.0011566366711246447,0.9120323735454413,51645.06730401439,Cytoplasm,Texture,DNA
Cells_Texture_InfoMeas1_DNA_5_02_256,0.14670568043071863,0.04308119976315696,0.002907396909910977,0.8073057228962135,78566.19721789047,Cells,Texture,DNA
Nuclei_Texture_SumAverage_DNA_3_01_256,0.3628918571596031,0.031930022172588945,0.005404065617586709,0.5997740550502212,123832.02173844169,Nuclei,Texture,DNA
Cells_RadialDistribution_MeanFrac_mito_tubeness_5of20,0.37090203916925857,0.037112477392563216,0.002049240880610192,0.589936242557568,124638.81043497942,Cells,RadialDistribution,
Nuclei_Texture_Variance_ER_10_03_256,0.35406170427473105,0.052942123639361474,0.0008123837854385562,0.5921837883004689,146791.07563833936,Nuclei,Texture,ER
Nuclei_Texture_DifferenceEntropy_DNA_10_00_256,0.32698218184560285,0.04470351901201219,0.006187147366913836,0.6221271517754712,120463.24176980782,Nuclei,Texture,DNA
Image_Texture_DifferenceEntropy_ER_5_00_256,0.4840337268846638,0.05138902097973753,0.0014955194366528455,0.4630817326989457,94035.49227674553,Image,Texture,ER
Cytoplasm_Texture_SumEntropy_RNA_3_02_256,0.14854943790560393,0.05129627211047631,0.0018244611361140132,0.7983298288478058,78159.75730695712,Cytoplasm,Texture,RNA
Cells_RadialDistribution_FracAtD_RNA_2of4,0.16285940400436744,0.06707464946665156,0.0011147658827672954,0.7689511806462137,117232.84268911273,Cells,RadialDistribution,RNA
Image_Texture_DifferenceVariance_RNA_10_00_256,0.38820318072015036,0.042284089055643126,0.0018199790484844482,0.5676927511757222,76408.59847518822,Image,Texture,RNA
Cells_Texture_AngularSecondMoment_DNA_5_03_256,0.1335336632059555,0.028352981431098104,0.016307881354120854,0.8218054740088255,61909.10297160417,Cells,Texture,DNA
Image_Intensity_PercentMaximal_ER,0.026041845249960893,0.06720623789128337,0.01115936606294157,0.8955925507958141,193571.64443615326,Image,Intensity,ER
Nuclei_Texture_SumEntropy_ER_3_00_256,0.18718298807805636,0.05163908144565637,0.0012710733350401052,0.7599068571412472,64338.758743516184,Nuclei,Texture,ER
Nuclei_Texture_SumAverage_AGP_3_01_256,0.27584067604253387,0.03713922810800009,0.0022977483374345795,0.6847223475120315,72823.92959866747,Nuclei,Texture,AGP
Cytoplasm_Texture_InverseDifferenceMoment_ER_10_03_256,0.176122705491973,0.04386225134412372,0.001123411256771424,0.7788916319071318,81632.24495259098,Cytoplasm,Texture,ER
Image_Texture_SumAverage_RNA_10_00_256,0.46860034074012386,0.0324695580332605,0.0011787703234948498,0.4977513309031209,31439.919046436324,Image,Texture,RNA
Cytoplasm_Texture_Variance_DNA_5_03_256,0.39013386183169463,0.02476295525113128,0.0010731754290525838,0.5840300074881215,153251.61921949827,Cytoplasm,Texture,DNA
Cells_AreaShape_Zernike_9_9,0.16342236262250562,0.026786416742916676,0.003018498055459487,0.8067727225791181,38574.03172118508,Cells,AreaShape,
Cells_RadialDistribution_MeanFrac_mito_tubeness_6of20,0.3553899474913633,0.03843708774721223,0.001689627500306754,0.6044833372611177,117972.44908535357,Cells,RadialDistribution,
Cytoplasm_Texture_InfoMeas1_AGP_3_02_256,0.08136098516245603,0.05969654093403048,0.0009027224808098781,0.8580397514227036,72404.55593467073,Cytoplasm,Texture,AGP
Image_Intensity_TotalArea_AGP__BackgroundOnly,0.46711777755844375,0.03615856480139044,0.006582637857236092,0.49014101978292973,57094.63220317192,Image,Intensity,AGP
Nuclei_Texture_SumVariance_AGP_3_03_256,0.3827664363700983,0.044364455973807844,0.004149938059296173,0.5687191695967977,165371.3349152679,Nuclei,Texture,AGP
Cells_RadialDistribution_RadialCV_mito_tubeness_12of16,0.18047220280391935,0.045536727538850366,0.0009065071345507301,0.7730845625226795,67851.4645032964,Cells,RadialDistribution,
Cells_Correlation_K_RNA_AGP,0.09749824590055636,0.06041069688931113,0.0012977799209688355,0.8407932772891638,54418.92773097639,Cells,Correlation,AGP
Cytoplasm_Texture_Entropy_DNA_10_01_256,0.1960053011344687,0.06315109504517989,0.013211122405170252,0.7276324814151811,113180.20658501473,Cytoplasm,Texture,DNA
Cells_Texture_InfoMeas1_RNA_5_01_256,0.07491410030156738,0.06109317496482441,0.0033375161691248305,0.8606552085644834,74956.5278066591,Cells,Texture,RNA
Nuclei_Texture_Correlation_AGP_5_02_256,0.1406877194112285,0.08969991522141713,0.003353522654296043,0.7662588427130583,79926.90603095331,Nuclei,Texture,AGP
Nuclei_Texture_InfoMeas2_ER_3_03_256,0.21064933334102212,0.04132798251922365,0.0030132599948518874,0.7450094241449023,53178.19012103609,Nuclei,Texture,ER
Image_Texture_InverseDifferenceMoment_RNA_3_03_256,0.4757424975691058,0.03852314189198947,0.00606011215456315,0.4796742483843417,45165.55537432455,Image,Texture,RNA
Cells_Texture_InfoMeas2_DNA_3_03_256,0.1480472294990486,0.036387208444298796,0.005748129765280858,0.8098174322913718,96570.65871719952,Cells,Texture,DNA
Image_Texture_InfoMeas2_DNA_5_03_256,0.332389448723136,0.07526427406341851,0.0044333289129860455,0.5879129483004595,142763.15704486409,Image,Texture,DNA
Image_Granularity_6_ER,0.24102246761856458,0.023884709803589456,0.002071689349914128,0.7330211332279319,63828.32979836747,Image,Granularity,ER
Cytoplasm_RadialDistribution_FracAtD_mito_tubeness_16of16,0.02819591003701489,0.1460066741721253,0.013494329064613429,0.8123030867262464,367752.3241020468,Cytoplasm,RadialDistribution,
Cells_Intensity_MaxIntensity_ER,0.248545704862588,0.05439681111003976,0.0015912479104756335,0.6954662361168965,71066.43401841864,Cells,Intensity,ER
Cells_AreaShape_MaxFeretDiameter,0.23750182383533258,0.03348531086801664,0.0016931328299673565,0.7273197324666835,123055.0606807812,Cells,AreaShape,
Cells_RadialDistribution_RadialCV_mito_tubeness_10of16,0.1842146262915658,0.03646588063275745,0.0013889871458169776,0.7779305059298598,49331.27552009715,Cells,RadialDistribution,
Cells_Texture_Correlation_DNA_3_00_256,0.24220973584872568,0.04829913378628019,0.00634209049903263,0.7031490398659616,97638.21395121983,Cells,Texture,DNA
Cells_Texture_Correlation_Mito_10_03_256,0.35514435575874076,0.01562640834852927,0.002745681202610306,0.6264835546901196,70724.74544735538,Cells,Texture,Mito
Cytoplasm_Texture_DifferenceVariance_ER_10_00_256,0.07214990338336137,0.07544070631649721,0.002189923044596401,0.850219467255545,86529.81977836524,Cytoplasm,Texture,ER
Cytoplasm_Texture_SumEntropy_ER_10_03_256,0.16440907411239983,0.05582293227332236,0.0009474665305127795,0.778820527083765,85020.24509500986,Cytoplasm,Texture,ER
Image_Granularity_12_RNA,0.20389248831744805,0.016793807219366647,0.003952598349460884,0.7753611061137244,33345.376816401484,Image,Granularity,RNA
Cytoplasm_RadialDistribution_MeanFrac_DNA_4of4,0.29459775469585125,0.009542397576731313,0.0015766296336333016,0.694283218093784,44542.10471782574,Cytoplasm,RadialDistribution,DNA
Cells_RadialDistribution_FracAtD_mito_tubeness_14of16,0.23519736593856722,0.03731456890742701,0.0007572706487402359,0.7267307945052656,43500.069563931254,Cells,RadialDistribution,
Cytoplasm_Correlation_Manders_AGP_Mito,0.254061969180825,0.04907225121414034,0.005451981870487149,0.6914137977345476,59768.450298845106,Cytoplasm,Correlation,AGP
Cytoplasm_Texture_Variance_AGP_10_03_256,0.35983190423757117,0.04776472424650059,0.003671715388364714,0.5887316561275635,142872.80205258992,Cytoplasm,Texture,AGP
Image_Intensity_MedianIntensity_AGP__BackgroundOnly,0.16617504227870822,0.03419979866404412,0.001689100146817499,0.7979360589104302,27356.149568089884,Image,Intensity,AGP
Image_Intensity_MADIntensity_Mito,0.3684396272330912,0.04440717235989009,0.0018532194822898653,0.5852999809247289,27427.282641240097,Image,Intensity,Mito
Cytoplasm_Texture_SumEntropy_DNA_5_02_256,0.29824829678910464,0.027536613010887574,0.004833003572908663,0.6693820866270991,92194.78718298691,Cytoplasm,Texture,DNA
Image_Texture_Variance_AGP_3_02_256,0.3144096191022574,0.014272330407063574,0.001975639429153162,0.6693424110615259,40000.6841376221,Image,Texture,AGP
Cells_Correlation_K_Mito_RNA,0.22375793785820894,0.014102394459392846,0.0034981570071606133,0.7586415106752377,19016.61409060253,Cells,Correlation,Mito
Cells_Texture_SumEntropy_RNA_10_00_256,0.11998515195052031,0.05458676437704734,0.0004988757830040913,0.8249292078894283,79050.3538754593,Cells,Texture,RNA
Cytoplasm_Texture_AngularSecondMoment_AGP_5_00_256,0.17390602127591936,0.048054044476475696,0.0020829840237742807,0.7759569502238306,75831.29008936377,Cytoplasm,Texture,AGP
Cells_Texture_SumVariance_ER_10_00_256,0.3187968490909783,0.05028233050195931,0.001051930487275515,0.6298688899197868,122724.6210931259,Cells,Texture,ER
Image_Texture_SumEntropy_Mito_3_03_256,0.4419021210440493,0.04899348911054905,0.0033135263487385066,0.5057908634966631,82471.42938652003,Image,Texture,Mito
Nuclei_RadialDistribution_MeanFrac_DNA_1of4,0.3270546031972235,0.049168863060157116,0.0002640733584854331,0.6235124603841339,116917.3066198199,Nuclei,RadialDistribution,DNA
Image_Texture_Correlation_RNA_3_00_256,0.2764880382172996,0.01099524722577407,0.0014664527715103528,0.711050261785416,41846.23767071447,Image,Texture,RNA
Cytoplasm_RadialDistribution_MeanFrac_RNA_1of4,0.35869019648441985,0.031186119852388134,0.004825485907476327,0.6052981977557157,129333.64934895864,Cytoplasm,RadialDistribution,RNA
Nuclei_Texture_InverseDifferenceMoment_Mito_5_03_256,0.3155896511584045,0.05453800645056916,0.0062656422471923994,0.6236067001438339,84761.72498663039,Nuclei,Texture,Mito
Cells_Texture_Contrast_Mito_10_01_256,0.45065965550092196,0.03651303711518991,0.001973521902342359,0.5108537854815458,184156.47951918852,Cells,Texture,Mito
Cytoplasm_Granularity_1_Mito,0.27763083104512826,0.05687934731822947,0.004481555545797768,0.6610082660908444,94613.85234730628,Cytoplasm,Granularity,Mito
Image_Texture_Correlation_DNA_3_01_256,0.33156861173062785,0.03684822386390042,0.0007852309735215064,0.6307979334319502,125460.26428634093,Image,Texture,DNA
Nuclei_Texture_DifferenceEntropy_ER_10_02_256,0.15596842528320579,0.05038882980883552,0.0009439921314851224,0.7926987527764735,57909.76512950953,Nuclei,Texture,ER
Nuclei_RadialDistribution_FracAtD_DNA_3of4,0.2014783928526846,0.03979883364364202,0.0016692577071125436,0.7570535157965608,124196.28438113676,Nuclei,RadialDistribution,DNA
Cells_Texture_AngularSecondMoment_RNA_3_01_256,0.11598875055576677,0.07100658346564807,0.0010173000371751812,0.8119873659414101,122675.26998454423,Cells,Texture,RNA
Cytoplasm_RadialDistribution_FracAtD_mito_tubeness_15of16,0.07412677172518874,0.11849816884206531,0.0038080051838966992,0.8035670542488491,69735.77118890198,Cytoplasm,RadialDistribution,
Cytoplasm_Texture_Correlation_Mito_3_02_256,0.33336429260397316,0.049364937690043104,0.0025894084849804717,0.6146813612210034,88889.13593271881,Cytoplasm,Texture,Mito
Cytoplasm_Texture_InverseDifferenceMoment_DNA_5_01_256,0.0954374820731356,0.045323489321047385,0.004632995568869015,0.854606033036948,87246.11645515385,Cytoplasm,Texture,DNA
Nuclei_Texture_Contrast_DNA_10_03_256,0.45415104409819523,0.04397128232357087,0.002308944675662086,0.4995687289025718,234393.55985181892,Nuclei,Texture,DNA
Cells_RadialDistribution_MeanFrac_AGP_1of4,0.32796220200545445,0.0446216496234919,0.002781047959183868,0.6246351004118698,115079.43161321971,Cells,RadialDistribution,AGP
Image_Texture_Correlation_AGP_5_02_256,0.27489285873349983,0.01172345615247012,0.0015993841144687313,0.7117843009995614,27876.83358553132,Image,Texture,AGP
Image_Texture_InfoMeas2_DNA_3_02_256,0.4221177106691693,0.06849890738635123,0.0038248639992687996,0.5055585179452107,166076.73596115987,Image,Texture,DNA
Cells_Texture_SumVariance_Mito_3_03_256,0.41488804479269636,0.04089537611587906,0.0020749786622434136,0.5421416004291811,157900.13810795278,Cells,Texture,Mito
Nuclei_Texture_SumAverage_ER_5_03_256,0.2927728946070582,0.04864887136931253,0.0009406521448200454,0.6576375818788093,103686.91167260153,Nuclei,Texture,ER
Nuclei_Texture_AngularSecondMoment_ER_3_03_256,0.061029060452972524,0.07457290284653414,0.0036578338586555374,0.8607402028418378,66048.6465551872,Nuclei,Texture,ER
Cells_RadialDistribution_MeanFrac_Mito_4of4,0.1971621968028929,0.054991956752082925,0.002437080711999755,0.7454087657330245,83524.77351069683,Cells,RadialDistribution,Mito
Cells_Texture_DifferenceVariance_ER_3_03_256,0.05008096745452745,0.08036651685490787,0.002303687453098883,0.8672488282374659,85742.05285177367,Cells,Texture,ER
Cells_Neighbors_PercentTouching_5,0.5019832577246416,0.04845549558039473,0.0073080574908372265,0.44225318920412643,190412.82396276342,Cells,Neighbors,
Image_Texture_DifferenceEntropy_DNA_10_00_256,0.480522315394797,0.04019902130178368,0.003990041633517292,0.47528862166990204,51801.380677400695,Image,Texture,DNA
Image_Texture_Variance_DNA_5_03_256,0.229950721671649,0.03748911347019808,0.004963966206828748,0.7275961986513241,37590.570146167636,Image,Texture,DNA
Nuclei_Texture_InverseDifferenceMoment_RNA_5_02_256,0.14850782152465092,0.04459632456053355,0.001145867515745188,0.8057499863990704,46749.955464951025,Nuclei,Texture,RNA
Cytoplasm_Texture_InfoMeas2_DNA_3_02_256,0.25221807445533834,0.039745898658420035,0.004330737499238343,0.7037052893870033,70796.60991967906,Cytoplasm,Texture,DNA
Cells_Texture_SumAverage_RNA_5_00_256,0.22766312398268143,0.03399391744560215,0.0033428215036867943,0.7350001370680296,68402.62399245308,Cells,Texture,RNA
Cytoplasm_Texture_SumAverage_Mito_10_01_256,0.20809438197572208,0.05599779060164162,0.0043247164489394006,0.7315831109736969,58169.45777524077,Cytoplasm,Texture,Mito
Nuclei_Texture_Contrast_RNA_10_03_256,0.3610058183153,0.05034843219912981,0.0007910702630083205,0.5878546792225618,142128.74099850247,Nuclei,Texture,RNA
Cells_Granularity_8_Mito,0.16933747150183193,0.0491387350390017,0.0032514552891807955,0.7782723381699856,68851.48023663025,Cells,Granularity,Mito
Image_Granularity_13_RNA,0.2279865623397211,0.022147394411740337,0.0034785271848287967,0.7463875160637098,30406.386348377044,Image,Granularity,RNA
Cytoplasm_Texture_AngularSecondMoment_RNA_3_01_256,0.12238584659504911,0.06919387267765202,0.0011038608377408785,0.807316419889558,114739.04915875926,Cytoplasm,Texture,RNA
Cells_RadialDistribution_RadialCV_mito_tubeness_15of20,0.18578946348247743,0.04432516514257112,0.0011814664916711165,0.7687039048832803,69346.55781537504,Cells,RadialDistribution,
Image_Texture_Contrast_AGP_5_00_256,0.3456697907288551,0.01641507927518907,0.0016098222780961307,0.6363053077178596,31239.757468599437,Image,Texture,AGP
Nuclei_RadialDistribution_RadialCV_RNA_3of4,0.18566968093426425,0.03819542094161543,0.0016179143621580332,0.7745169837619623,51477.91060100781,Nuclei,RadialDistribution,RNA
Cytoplasm_Texture_Contrast_AGP_10_00_256,0.3684574763285068,0.04575186284518618,0.003464566524112817,0.5823260943021942,153964.12171488773,Cytoplasm,Texture,AGP
Cells_Texture_Variance_RNA_10_01_256,0.3736143161545603,0.04729179879064442,0.0008193538301313644,0.5782745312246639,151708.52195223497,Cells,Texture,RNA
Cells_Texture_SumEntropy_AGP_10_03_256,0.15604365341721269,0.05568555525565064,0.0011005142018082382,0.7871702771253285,71384.16115052665,Cells,Texture,AGP
Nuclei_Texture_SumVariance_DNA_5_02_256,0.494108120643208,0.04038693510710472,0.002146330626008492,0.4633586136236788,257551.3975450911,Nuclei,Texture,DNA
Cytoplasm_Texture_InverseDifferenceMoment_AGP_3_03_256,0.15941413453168138,0.037968632658259546,0.0012296070980666678,0.8013876257119923,60782.80651241752,Cytoplasm,Texture,AGP
Cells_Intensity_MedianIntensity_DNA,0.25965278306826267,0.054786639276371174,0.004127160546289007,0.681433417109077,105711.53014914267,Cells,Intensity,DNA
Image_Texture_SumAverage_ER_5_03_256,0.48327331347455443,0.03269899681188954,0.0016336996072015848,0.48239399010635453,36662.80293270193,Image,Texture,ER
Image_Intensity_StdIntensity_ER,0.38356633062695106,0.022353896297254153,0.0006738038626424204,0.5934059692131525,53580.52864869775,Image,Intensity,ER
Nuclei_AreaShape_Zernike_6_2,0.359149543213009,0.024431320740006545,0.001848739953719416,0.614570396093265,51791.96025654355,Nuclei,AreaShape,
Image_Texture_Contrast_Mito_3_03_256,0.24871125743745484,0.006373524978472994,0.0015818972208874018,0.7433333203631848,28925.57951392704,Image,Texture,Mito
Cytoplasm_RadialDistribution_MeanFrac_AGP_3of4,0.4088945463841306,0.028724298206775738,0.0015701857055297295,0.560810969703564,136473.0121699776,Cytoplasm,RadialDistribution,AGP
Cytoplasm_Texture_SumAverage_DNA_5_00_256,0.2634368131638428,0.03337098333627737,0.0045357735912206435,0.6986564299086591,90821.23940449874,Cytoplasm,Texture,DNA
Cytoplasm_Texture_DifferenceVariance_Mito_10_03_256,0.05205241292319353,0.09765652628739567,0.0015355955748645842,0.8487554652145461,71321.3811929934,Cytoplasm,Texture,Mito
Image_Texture_AngularSecondMoment_AGP_3_03_256,0.4422988946188219,0.062392723511272195,0.00197812417177502,0.49333025769813105,165282.17113094404,Image,Texture,AGP
Cytoplasm_Texture_Variance_Mito_5_02_256,0.3877428845122199,0.03371619506914799,0.0030714037540383395,0.5754695166645938,127138.15860024697,Cytoplasm,Texture,Mito
Cytoplasm_RadialDistribution_RadialCV_RNA_2of4,0.17776682738667146,0.04356334177150451,0.00965452311549462,0.7690153077263295,56361.825604515696,Cytoplasm,RadialDistribution,RNA
Cytoplasm_RadialDistribution_FracAtD_mito_tubeness_10of16,0.2968558643043519,0.031263824743274785,0.0021076572791803665,0.6697726536731929,84102.17991429135,Cytoplasm,RadialDistribution,
Image_Texture_AngularSecondMoment_DNA_10_03_256,0.4256339028926266,0.047731320997167336,0.005116308000749783,0.5215184681094563,49365.19906223712,Image,Texture,DNA
Image_Texture_DifferenceVariance_DNA_3_02_256,0.14768092385847814,0.017762391163993058,0.0011496575960800314,0.8334070273814488,23872.695746794067,Image,Texture,DNA
Cells_Texture_SumVariance_ER_3_01_256,0.3388047721104191,0.04881529705929091,0.0011745606300266316,0.6112053702002633,132097.88829442672,Cells,Texture,ER
Cytoplasm_Texture_SumEntropy_AGP_3_00_256,0.18663210150691426,0.04563475883397936,0.002785214896640412,0.764947924762466,60876.417837281064,Cytoplasm,Texture,AGP
Cells_Intensity_UpperQuartileIntensity_AGP,0.23573944291365892,0.022820034740050593,0.004211373096085034,0.7372291492502053,51444.24670703469,Cells,Intensity,AGP
Image_Texture_InfoMeas1_DNA_10_03_256,0.3812417909768031,0.05477264713550969,0.005033661702398473,0.5589519001852887,78465.33188238896,Image,Texture,DNA
Nuclei_Correlation_Overlap_AGP_RNA,0.18511623227377505,0.0057689938615228765,0.00565187649068179,0.8034628973740203,36182.26029410881,Nuclei,Correlation,AGP
Nuclei_RadialDistribution_MeanFrac_AGP_3of4,0.34541559405378963,0.01760820065552729,0.0021864302164245047,0.6347897750742587,65817.78027069612,Nuclei,RadialDistribution,AGP
Image_Texture_Correlation_RNA_10_00_256,0.40724457145346904,0.008156700291099998,0.0010461859127501717,0.5835525423426807,47553.94228267143,Image,Texture,RNA
Cytoplasm_Correlation_RWC_ER_RNA,0.13453786809427404,0.053060289344492105,0.005832707080608248,0.8065691354806256,85592.62272848104,Cytoplasm,Correlation,ER
Image_Intensity_MADIntensity_Mito_BackgroundOnly,0.07243876069337449,0.012187577714999575,0.0092748897156042,0.9060987718760218,19194.051225023817,Image,Intensity,Mito
Cytoplasm_Texture_SumVariance_Mito_5_03_256,0.36729612710006304,0.03484547531123082,0.0032799827120365142,0.5945784148766696,119191.33402380763,Cytoplasm,Texture,Mito
Image_Texture_InverseDifferenceMoment_ER_5_03_256,0.4853217954863469,0.03570655663229642,0.002838217910510072,0.4761334299708466,52042.32592685056,Image,Texture,ER
Cells_RadialDistribution_RadialCV_RNA_2of4,0.15609785464762962,0.029233583814272265,0.0017698247693192302,0.8128987367687789,33282.03746913216,Cells,RadialDistribution,RNA
Image_Granularity_11_ER,0.2050223079273587,0.021320906232990367,0.004333840746819643,0.7693229450928312,36390.402248142935,Image,Granularity,ER
Nuclei_Texture_InfoMeas2_Mito_3_03_256,0.23769298787203186,0.043009567228104124,0.0057706888567611485,0.7135267560431029,53384.05830375299,Nuclei,Texture,Mito
Cells_Granularity_4_AGP,0.46714243222127283,0.038076608210804566,0.0008500220259732285,0.49393093754194944,192246.85420534448,Cells,Granularity,AGP
Nuclei_Texture_Variance_ER_3_03_256,0.3649339571597188,0.052915463231669214,0.0008829869820495642,0.5812675926265625,151885.85867091635,Nuclei,Texture,ER
Cytoplasm_Granularity_14_AGP,0.2286518589527892,0.05320928075248163,0.004016091990880225,0.714122768303849,48718.02413899856,Cytoplasm,Granularity,AGP
Cytoplasm_Texture_AngularSecondMoment_RNA_5_01_256,0.12494949746730583,0.07081020518743779,0.0011037925625453206,0.803136504782711,119811.8872285189,Cytoplasm,Texture,RNA
Cytoplasm_Texture_Variance_RNA_10_02_256,0.4100092667932618,0.04360114017496109,0.0006834327360497187,0.5457061602957275,165236.41670768958,Cytoplasm,Texture,RNA
Image_Texture_DifferenceVariance_ER_5_03_256,0.38763211031528455,0.03472908709950518,0.004216212973023709,0.5734225896121866,59073.722622444686,Image,Texture,ER
Image_ImageQuality_PercentMaximal_OrigMito,0.030864132232635545,0.05474341136335278,0.028424620082158597,0.885967836321853,262352.3744912582,Image,ImageQuality,
Cytoplasm_Texture_DifferenceEntropy_Mito_3_01_256,0.2197184035597623,0.05043384950932166,0.0026990858462905983,0.7271486610846255,56787.13972019612,Cytoplasm,Texture,Mito
Nuclei_Texture_SumVariance_AGP_10_01_256,0.33220805142456405,0.046507336910286565,0.004431964113626613,0.6168526475515229,134748.46768302022,Nuclei,Texture,AGP
Image_Texture_DifferenceEntropy_RNA_10_02_256,0.49164312807565164,0.04541399878413041,0.0029261654859040237,0.46001670765431396,90827.60388368253,Image,Texture,RNA
Image_Texture_DifferenceVariance_AGP_5_02_256,0.3440447092687004,0.03083268165501504,0.003916584362797459,0.6212060247134872,57486.01687695623,Image,Texture,AGP
Cytoplasm_Texture_Correlation_AGP_10_00_256,0.14020136593242433,0.0670053576846938,0.005261586526934789,0.787531689855947,116452.82820294856,Cytoplasm,Texture,AGP
Image_Texture_SumVariance_AGP_3_00_256,0.30934453867282785,0.012982993483736854,0.001962637966330564,0.6757098298771048,38992.67738808191,Image,Texture,AGP
Cytoplasm_Correlation_Correlation_DNA_ER,0.16191252954415475,0.04566182622578705,0.0020841906597532153,0.7903414535703049,50607.563585834534,Cytoplasm,Correlation,DNA
Cytoplasm_Texture_Entropy_RNA_10_03_256,0.13498026237180655,0.04898109066110841,0.000988989230345611,0.8150496577367395,70597.22146367081,Cytoplasm,Texture,RNA
Cytoplasm_Texture_InfoMeas1_Mito_3_03_256,0.17484732234039474,0.0333073489971124,0.00231799885561132,0.7895273298068816,52757.91673546862,Cytoplasm,Texture,Mito
Image_Texture_Variance_ER_10_00_256,0.2949068986781261,0.017342653403755622,0.0009276514805014178,0.6868227964376169,37043.438142444065,Image,Texture,ER
Cells_Texture_Variance_Mito_10_01_256,0.4252408105054768,0.039211481557919384,0.0020131622325975144,0.5335345457040064,162308.8469018281,Cells,Texture,Mito
Cells_RadialDistribution_RadialCV_mito_tubeness_3of20,0.29282141680153156,0.0522942690592612,0.001912025287090313,0.6529722888521169,82626.15372266452,Cells,RadialDistribution,
Cells_Texture_DifferenceVariance_AGP_3_02_256,0.10075482657833665,0.06025279819537566,0.0011370510398929256,0.8378553241863946,53393.45927137771,Cells,Texture,AGP
Cytoplasm_Correlation_K_Mito_AGP,0.1334808274528294,0.03287908839775145,0.001199137055369609,0.8324409470940495,21137.745393688965,Cytoplasm,Correlation,AGP
Nuclei_Texture_SumEntropy_ER_5_01_256,0.180822362014026,0.050093106075059506,0.001695409235551803,0.7673891226753627,60162.585648196444,Nuclei,Texture,ER
Cells_Texture_InverseDifferenceMoment_ER_3_01_256,0.20672338598850418,0.04502819477740553,0.0009822611156783737,0.747266158118412,94941.17743857497,Cells,Texture,ER
Cells_Texture_DifferenceEntropy_RNA_5_02_256,0.16682450987988107,0.04583623622191246,0.0013194701522939425,0.7860197837459125,95238.04003149201,Cells,Texture,RNA
Cells_Texture_AngularSecondMoment_ER_10_02_256,0.10639780270121502,0.058959149061873196,0.002764538688165862,0.831878509548746,103826.35533078591,Cells,Texture,ER
Cytoplasm_Texture_DifferenceEntropy_ER_10_00_256,0.1838881657288865,0.05727547799640755,0.001469698464552717,0.7573666578101532,104707.89146871073,Cytoplasm,Texture,ER
Cells_Texture_SumVariance_ER_5_01_256,0.32454567566137105,0.04983972123710245,0.0011791454602192056,0.6244354576413074,126617.72868297194,Cells,Texture,ER
Image_Texture_DifferenceEntropy_AGP_10_01_256,0.46413233485950517,0.04958423532485388,0.0014539177073056256,0.48482951210833525,112206.10026248186,Image,Texture,AGP
Cytoplasm_Granularity_16_DNA,0.06941757362172746,0.031174033910934453,0.004611366453244689,0.8947970260140935,23890.937472491823,Cytoplasm,Granularity,DNA
Image_Texture_DifferenceEntropy_DNA_5_01_256,0.47004322037632423,0.04116460721495687,0.0035385494510166465,0.48525362295770225,49184.82003476813,Image,Texture,DNA
Image_Texture_Entropy_DNA_10_03_256,0.4719447632182558,0.043310741883546035,0.004613065276018014,0.4801314296221801,48465.34830376411,Image,Texture,DNA
Image_Texture_InfoMeas2_Mito_3_02_256,0.4604914554243934,0.05167931911285125,0.0034137055459884926,0.48441551991676696,201378.6378888685,Image,Texture,Mito
Nuclei_Texture_Contrast_RNA_3_02_256,0.34798720023115504,0.04470387107973149,0.001636056508849539,0.605672872180264,132718.15736323944,Nuclei,Texture,RNA
Nuclei_Texture_Variance_AGP_3_00_256,0.37549120763252336,0.04541250956577025,0.003929642461922698,0.5751666403397837,162167.50781229697,Nuclei,Texture,AGP
Image_ImageQuality_Scaling_OrigAGP,0.0,0.0,0.0,0.0,0.0,Image,ImageQuality,
Cytoplasm_Texture_InfoMeas2_RNA_5_03_256,0.17170202990928796,0.049788812726062594,0.0020038525550289863,0.7765053048096205,77372.03598454295,Cytoplasm,Texture,RNA
Cytoplasm_Texture_InfoMeas2_ER_10_02_256,0.18971450228304435,0.030794379216816187,0.003132885035661952,0.7763582334644776,68118.45211633312,Cytoplasm,Texture,ER
Image_Texture_DifferenceEntropy_DNA_10_02_256,0.478443435941782,0.040683566422186235,0.003973479147737411,0.47689951848829437,50842.886035119285,Image,Texture,DNA
Nuclei_Texture_SumAverage_ER_5_00_256,0.2943898758403195,0.04824066617462697,0.000883150545503304,0.6564863074395503,104045.57674144185,Nuclei,Texture,ER
Cells_RadialDistribution_FracAtD_mito_tubeness_6of20,0.32810956338134456,0.050226416997540796,0.001356128343921244,0.6203078912771934,133615.17874595293,Cells,RadialDistribution,
Cells_Texture_SumAverage_RNA_10_01_256,0.23342524260426303,0.028718827524815402,0.0030622050888952997,0.7347937247820263,62931.574347368776,Cells,Texture,RNA
Cytoplasm_Texture_Correlation_ER_3_00_256,0.2030599159096105,0.057161796375019995,0.0053141159398085785,0.7344641717755609,85537.61778979372,Cytoplasm,Texture,ER
Cytoplasm_Texture_SumAverage_RNA_3_03_256,0.1850124851482826,0.039638293305994755,0.0028778739817937344,0.7724713475639289,58762.40757846112,Cytoplasm,Texture,RNA
Cells_Texture_Correlation_Mito_5_03_256,0.24911072366823248,0.05070324633514583,0.004729531441296516,0.6954564985553252,56113.739683121006,Cells,Texture,Mito
Cells_Texture_Contrast_RNA_3_01_256,0.43784870997389946,0.04092474942836651,0.0016873708875690763,0.5195391697101649,191753.75298912288,Cells,Texture,RNA
Nuclei_Granularity_2_ER,0.19619486960809818,0.04423266144368051,0.003097912230892065,0.7564745567173292,58189.76241223974,Nuclei,Granularity,ER
Image_Threshold_OrigThreshold_mito_bw,0.16863696343397133,0.020324547475390236,0.006901046575033922,0.8041374425156045,28334.597064938658,Image,Threshold,
Image_ImageQuality_Correlation_OrigMito_50,0.07151439305076708,0.02256296360217547,0.0027373865476506315,0.9031852567994069,27192.99687132455,Image,ImageQuality,
Image_Texture_InfoMeas1_ER_10_03_256,0.33379166020753837,0.017175143005459026,0.00232718236953919,0.6467060144174634,24042.569094248083,Image,Texture,ER
Cells_Texture_InverseDifferenceMoment_DNA_10_03_256,0.16697608790851512,0.03209316268934902,0.012712284022090315,0.7882184653800455,87730.73964964322,Cells,Texture,DNA
Cytoplasm_Texture_InfoMeas2_Mito_3_01_256,0.1251657220810061,0.06286175534453314,0.0017292283827093206,0.8102432941917515,64117.25414969919,Cytoplasm,Texture,Mito
Image_Texture_InfoMeas1_RNA_10_02_256,0.329243385676642,0.01522153335215224,0.0004545200146288685,0.655080560956577,26072.960399169904,Image,Texture,RNA
Image_Texture_SumEntropy_RNA_10_02_256,0.4760085330819895,0.052103597576187266,0.006753641501379129,0.4651342278404441,119287.70546470801,Image,Texture,RNA
Nuclei_Texture_InverseDifferenceMoment_DNA_5_02_256,0.3034732683355486,0.037120116471211294,0.009039855488333639,0.6503667597049064,97354.43642066493,Nuclei,Texture,DNA
Cytoplasm_Texture_DifferenceVariance_DNA_3_02_256,0.08892105464766834,0.03925283078842393,0.004306002598325453,0.8675201119655823,53634.900600492896,Cytoplasm,Texture,DNA
Cytoplasm_Texture_DifferenceVariance_RNA_5_02_256,0.06733842438350178,0.07899120851034307,0.0015952317671005841,0.8520751353390545,88241.57944107294,Cytoplasm,Texture,RNA
Nuclei_Texture_Entropy_Mito_5_02_256,0.30356890845606677,0.054277902915260814,0.00596747796644861,0.6361857106622237,83647.95920311198,Nuclei,Texture,Mito
Nuclei_Intensity_IntegratedIntensity_ER,0.3813136559443446,0.028181682607563527,0.0013225502308066228,0.5891821112172853,82030.83437829782,Nuclei,Intensity,ER
Cells_Granularity_13_DNA,0.23220541005862472,0.038082665570437636,0.0009231799387304723,0.7287887444322072,63545.9496401773,Cells,Granularity,DNA
Cells_RadialDistribution_RadialCV_Mito_3of4,0.18088443993302428,0.04350888356335341,0.0016828051442682463,0.7739238713593541,38785.02049433335,Cells,RadialDistribution,Mito
Cytoplasm_Texture_SumEntropy_Mito_3_02_256,0.1324130182208268,0.05835327284098747,0.0024798450068553237,0.8067538639313304,44358.43350760121,Cytoplasm,Texture,Mito
Nuclei_Location_MaxIntensity_X_ER,0.06836655502457598,0.03354309105777029,0.0003881560116797546,0.897702197905974,24302.004685719236,Nuclei,Location,ER
Cytoplasm_Texture_DifferenceEntropy_DNA_5_01_256,0.3039291334420809,0.02798653866060652,0.0030922526860177615,0.6649920752112948,101567.66977227846,Cytoplasm,Texture,DNA
Image_Texture_InfoMeas2_DNA_5_01_256,0.3336631107368928,0.07485660385798239,0.004521799084105679,0.5869584863210192,143786.8231501544,Image,Texture,DNA
Cells_Texture_SumVariance_DNA_5_00_256,0.4421026098469112,0.039912357092212566,0.0024093211084661712,0.5155757119524101,215410.30214454397,Cells,Texture,DNA
Cells_Texture_InverseDifferenceMoment_ER_10_00_256,0.162326584353792,0.04045076097566053,0.0010327560204886667,0.7961898986500588,90164.23969797403,Cells,Texture,ER
Cytoplasm_Texture_SumVariance_DNA_10_03_256,0.29713840792013785,0.05235416506034843,0.005207100419486098,0.6453003266000276,167174.1414695176,Cytoplasm,Texture,DNA
Nuclei_Texture_InverseDifferenceMoment_ER_10_02_256,0.23819795666020732,0.04061842455043114,0.0016631553026389056,0.7195204634867226,59290.6443376549,Nuclei,Texture,ER
Image_Texture_SumVariance_Mito_10_03_256,0.128355770067073,0.019320305469463544,0.003445950856808957,0.8488779736066546,38854.2408422402,Image,Texture,Mito
Image_Texture_Correlation_DNA_10_00_256,0.27549066830157,0.026629182911091977,0.0010745906634041385,0.696805558123934,101120.62715250583,Image,Texture,DNA
Cells_Texture_Variance_AGP_10_03_256,0.36092125181611284,0.049470363912902035,0.0035121595744047793,0.5860962246965803,160708.55381743138,Cells,Texture,AGP
Image_Texture_Entropy_RNA_3_01_256,0.472816574556528,0.04569123556254894,0.008226064351486474,0.47326612552943653,86327.34151156867,Image,Texture,RNA
Cells_Granularity_14_ER,0.3322656309479365,0.03565082575258587,0.004189612958986326,0.6278939303404911,46757.60158043886,Cells,Granularity,ER
Nuclei_AreaShape_Zernike_9_1,0.28466839554917706,0.026864335813213482,0.0006981150441789774,0.6877691535934306,47469.995631092344,Nuclei,AreaShape,
Cytoplasm_Granularity_1_RNA,0.20670737841818768,0.06552495980705372,0.005457211151900724,0.7223104506228579,83157.54804715177,Cytoplasm,Granularity,RNA
Cytoplasm_Intensity_IntegratedIntensity_Mito,0.2271607781145712,0.03960505198237995,0.0002921732899131765,0.7329419966131356,87295.11560112337,Cytoplasm,Intensity,Mito
Cells_Texture_DifferenceEntropy_DNA_5_03_256,0.2871691196639067,0.03322850330032675,0.006071132854009607,0.6735312441817568,134970.2045185222,Cells,Texture,DNA
Image_Texture_Contrast_AGP_3_02_256,0.3682787085706356,0.01864873902607268,0.0018888020283166903,0.611183750374975,32759.771913293618,Image,Texture,AGP
Cells_RadialDistribution_FracAtD_mito_tubeness_5of20,0.33265163553580107,0.04887811312066173,0.0016563531149874978,0.6168138982285496,141496.70655781182,Cells,RadialDistribution,
Nuclei_Texture_SumVariance_RNA_5_01_256,0.35156787284465824,0.052410663876927714,0.0009241005797038102,0.5950973626987102,136850.72283907008,Nuclei,Texture,RNA
Cytoplasm_Texture_DifferenceVariance_AGP_3_02_256,0.13161148353213548,0.055291472612939846,0.0013760760559726466,0.811720967798952,50769.41785147572,Cytoplasm,Texture,AGP
Nuclei_Texture_Variance_DNA_3_01_256,0.49968503469641573,0.03923800051894872,0.0019817603291407393,0.4590952044554949,255428.16163951257,Nuclei,Texture,DNA
Image_Texture_SumEntropy_ER_3_02_256,0.48751885055235655,0.05158602893260227,0.0026884567106725222,0.4582066638043687,106542.22033730749,Image,Texture,ER
Image_Texture_Correlation_Mito_5_03_256,0.17712021780874865,0.0208542237130278,0.0015094726561049841,0.8005160858221185,26255.42239301496,Image,Texture,Mito
Image_Texture_InverseDifferenceMoment_Mito_3_00_256,0.404176024930323,0.035809509387316224,0.0024193285116943237,0.5575951371706666,40601.293149943886,Image,Texture,Mito
Image_Texture_SumAverage_ER_5_00_256,0.4836109554303986,0.032672008522057906,0.0016256636651904857,0.48209137238235295,36570.15381718581,Image,Texture,ER
Cells_Texture_AngularSecondMoment_ER_5_00_256,0.10599286529951273,0.057584619012277335,0.0024247019742741974,0.8339978137139358,97465.53957296305,Cells,Texture,ER
Cytoplasm_Intensity_UpperQuartileIntensity_Mito,0.22448179470346094,0.04708300581731966,0.004339739306451012,0.7240954601727684,57632.254893340185,Cytoplasm,Intensity,Mito
Cells_Intensity_StdIntensityEdge_ER,0.31973056833439584,0.03784360095706029,0.004285953185105978,0.6381398775234379,78327.88013832374,Cells,Intensity,ER
Image_Texture_Entropy_Mito_5_01_256,0.4587005712944919,0.04304734036333922,0.002679206064542168,0.49557288227762675,64984.38717804015,Image,Texture,Mito
Image_Texture_SumAverage_ER_10_03_256,0.4831779187436965,0.03297628332382103,0.0015892547041372479,0.4822565432283453,36566.687048253734,Image,Texture,ER
Nuclei_Texture_SumEntropy_ER_3_01_256,0.18662402878812917,0.051378292111395385,0.001732344610645741,0.7602653344898297,63255.76250428737,Nuclei,Texture,ER
Image_Texture_DifferenceVariance_AGP_3_00_256,0.3283558743561118,0.028020289460110797,0.0049263150051378725,0.6386975211786395,52775.72060871804,Image,Texture,AGP
Cytoplasm_Texture_Entropy_ER_5_00_256,0.18964138826569832,0.05343594331194466,0.0011482572755546728,0.7557744111468024,79448.60307127703,Cytoplasm,Texture,ER
Cells_Intensity_MinIntensityEdge_DNA,0.06123207164374008,0.10055169947721493,0.005790131048332273,0.8324260978307129,135317.4458888357,Cells,Intensity,DNA
Nuclei_Granularity_1_AGP,0.35599712326412164,0.05116536689639009,0.0026734978549685716,0.5901640119845197,82572.28311865864,Nuclei,Granularity,AGP
Cells_Correlation_K_AGP_DNA,0.34426113327848534,0.04035715459206921,0.0017713134152027984,0.6136103987142427,74526.29165384786,Cells,Correlation,AGP
Cells_Texture_InverseDifferenceMoment_ER_10_03_256,0.13940453902463568,0.03803360251634054,0.0007686719402214211,0.8217931865188024,86825.75889694842,Cells,Texture,ER
Cells_Granularity_9_Mito,0.11512976089170215,0.0506067718761312,0.0022603584914304468,0.8320031087407362,47981.33908249567,Cells,Granularity,Mito
Nuclei_Texture_Variance_AGP_10_01_256,0.3566036661103388,0.047432231958426996,0.0036016784771509018,0.5923624234540833,152568.88613443135,Nuclei,Texture,AGP
Nuclei_RadialDistribution_MeanFrac_DNA_2of4,0.33580426460031154,0.04702028855739024,0.0002762151066027265,0.6168992317356955,118800.43870270762,Nuclei,RadialDistribution,DNA
Nuclei_Texture_SumAverage_AGP_5_02_256,0.27455912622597234,0.03767404069320794,0.002617404430408728,0.6851494286504111,73052.38901701392,Nuclei,Texture,AGP
Nuclei_Texture_InverseDifferenceMoment_Mito_10_02_256,0.3083793818808159,0.05279584357526184,0.00604631551061938,0.6327784590333029,78836.8405381398,Nuclei,Texture,Mito
Cytoplasm_Texture_Entropy_Mito_3_03_256,0.14607125797611478,0.05792610647039325,0.0022649690169059913,0.7937376665365861,43067.405885957094,Cytoplasm,Texture,Mito
Nuclei_AreaShape_Zernike_6_4,0.27839824696302334,0.03126883357733341,0.002150582831481149,0.6881823366281621,54043.349268858554,Nuclei,AreaShape,
Image_Texture_Correlation_ER_5_02_256,0.33010690711557794,0.008173535391015941,0.0025588833257072317,0.659160674167699,37124.65251091782,Image,Texture,ER
Image_Texture_Entropy_AGP_10_00_256,0.46297727171596753,0.05181919367281028,0.0012117591680789043,0.4839917754431434,85020.57847304513,Image,Texture,AGP
Cells_Texture_SumEntropy_AGP_10_02_256,0.15204719391920346,0.056478407994269154,0.001113888246138959,0.7903605098403884,74995.8322156658,Cells,Texture,AGP
Nuclei_AreaShape_BoundingBoxMinimum_X,0.0651698251519972,0.03385630453767048,0.0003450466978777914,0.9006288236124546,24321.65311195692,Nuclei,AreaShape,
Image_Texture_Contrast_DNA_5_00_256,0.31409054778082374,0.020194962763289595,0.0023305797366105566,0.6633839097192762,25098.889360485016,Image,Texture,DNA
Image_Texture_InfoMeas1_DNA_3_02_256,0.13510847770784842,0.08182000733743496,0.0013595139737449444,0.7817120009809716,51088.40838132076,Image,Texture,DNA
Cytoplasm_RadialDistribution_RadialCV_mito_tubeness_14of20,0.1169698074374645,0.035152470826381385,0.0028924454780294004,0.8449852762581247,23095.988391058396,Cytoplasm,RadialDistribution,
Cytoplasm_Texture_SumEntropy_RNA_10_01_256,0.15220117763617194,0.052606719404832,0.0006890402478455127,0.7945030627111506,75877.3370233632,Cytoplasm,Texture,RNA
Image_Texture_SumAverage_AGP_3_02_256,0.4763495633516657,0.03375107978910928,0.0015338730420465896,0.4883654838171785,32500.42425356533,Image,Texture,AGP
Nuclei_Texture_InfoMeas1_Mito_5_03_256,0.39608246208260095,0.037989383246843804,0.003197767096550143,0.5627303875740052,128643.68722300943,Nuclei,Texture,Mito
Nuclei_Texture_SumEntropy_Mito_10_00_256,0.2627834244513601,0.04933704456257205,0.004385516751399779,0.683494014234668,63279.09250178473,Nuclei,Texture,Mito
Cells_Texture_SumAverage_DNA_3_01_256,0.3076787172897126,0.026323279647665152,0.004154460656192567,0.6618435424064296,112373.67931954422,Cells,Texture,DNA
Cells_Texture_AngularSecondMoment_ER_10_01_256,0.11482514915787961,0.05968936244654924,0.002871505896945255,0.8226139824986259,107378.29352339325,Cells,Texture,ER
Cells_Texture_SumEntropy_RNA_10_03_256,0.12613584030449698,0.053655093493285316,0.0003916283718608276,0.8198174378303568,74660.74744808025,Cells,Texture,RNA
Cytoplasm_Intensity_MaxIntensityEdge_Mito,0.330907411120402,0.049733517306354544,0.003595966708260701,0.6157631048649826,90100.41024509384,Cytoplasm,Intensity,Mito
Cytoplasm_Texture_Correlation_AGP_5_02_256,0.07455258694832484,0.08549081755238275,0.008344780129492507,0.8316118153697999,97797.37884396696,Cytoplasm,Texture,AGP
Cells_Texture_SumAverage_AGP_3_02_256,0.2587939114860167,0.012825253680535872,0.003355548686144595,0.7250252861473028,40054.740956557725,Cells,Texture,AGP
Cells_Correlation_Manders_AGP_Mito,0.2851178748635653,0.02868074365068624,0.004970212013724825,0.6812311694720237,54383.01372770821,Cells,Correlation,AGP
Nuclei_Granularity_3_RNA,0.43789429176379463,0.02327336737411282,0.0013839220636170319,0.5374484187984755,125233.97350890154,Nuclei,Granularity,RNA
Cells_Texture_DifferenceVariance_ER_5_03_256,0.05290294937365801,0.07781388606983489,0.0026008178030724623,0.8666823467534347,93398.08927519413,Cells,Texture,ER
Cytoplasm_AreaShape_Zernike_5_3,0.33671915545194014,0.03853024346530371,0.0019587219959947494,0.6227918790867615,77095.49120380502,Cytoplasm,AreaShape,
Cells_Correlation_RWC_ER_AGP,0.0964885744775197,0.052365881136472864,0.0020556374176123804,0.849089906968395,76772.16201078173,Cells,Correlation,AGP
Cells_Texture_AngularSecondMoment_Mito_5_00_256,0.06734999712114687,0.08462337725408707,0.002561902206674571,0.8454647234180915,80874.47797629348,Cells,Texture,Mito
Image_Granularity_4_DNA,0.10883609937950224,0.055445693182942284,0.0007816458046220612,0.8349365616329335,73325.56180562443,Image,Granularity,DNA
Cytoplasm_Intensity_LowerQuartileIntensity_DNA,0.13012180733908058,0.08678216722898104,0.0025264710075314977,0.7805695544244069,88125.81758500088,Cytoplasm,Intensity,DNA
Cytoplasm_Texture_InfoMeas1_RNA_5_03_256,0.1497184530324709,0.04566399715543185,0.003730957391032492,0.8008865924210647,76598.76223406114,Cytoplasm,Texture,RNA
Nuclei_Texture_Variance_ER_3_00_256,0.3656772912310539,0.05334492080325146,0.001018260857198807,0.5799595271084959,152304.82472199068,Nuclei,Texture,ER
Nuclei_Texture_SumVariance_Mito_10_01_256,0.4224555015736026,0.040820228057285295,0.0038396565182909933,0.532884613850821,181315.59920607094,Nuclei,Texture,Mito
Image_Granularity_2_Mito,0.18306607653214943,0.0771914325770638,0.003688836746759284,0.7360536541440275,56973.029502900055,Image,Granularity,Mito
Nuclei_Texture_SumVariance_Mito_5_01_256,0.45711053584718037,0.042530372721479734,0.003403300587353478,0.4969557908439865,218622.58250189724,Nuclei,Texture,Mito
Cells_Texture_DifferenceVariance_RNA_3_03_256,0.06258031458222865,0.08160334319496176,0.0008923996544933685,0.8549239425683162,99651.91955697595,Cells,Texture,RNA
Cells_Correlation_Manders_Mito_ER,0.15338113342120896,0.04394903512699771,0.004333856754135221,0.798335974697658,28877.420229276468,Cells,Correlation,ER
Cytoplasm_Texture_SumEntropy_RNA_5_00_256,0.14996536489423934,0.05193641982683229,0.0016262566312225898,0.7964719586477058,79754.12805751002,Cytoplasm,Texture,RNA
Cells_Texture_Entropy_DNA_3_02_256,0.2481497424947464,0.03497264122947928,0.007293334608210543,0.7095842816675637,109040.43203996148,Cells,Texture,DNA
Cells_Texture_Variance_DNA_10_01_256,0.43322907244130826,0.04004352051834239,0.003093409697553708,0.5236339973427956,210812.7167825717,Cells,Texture,DNA
Cytoplasm_AreaShape_Perimeter,0.23492159096067458,0.033752576136330335,0.0028111036596580085,0.7285147292433369,138987.7385729518,Cytoplasm,AreaShape,
Image_Texture_Variance_Mito_10_03_256,0.14499214215408665,0.0172291975949782,0.002737442016347042,0.8350412182345881,36840.15429368554,Image,Texture,Mito
Image_Texture_DifferenceEntropy_ER_3_01_256,0.47856107469222475,0.05290214187668811,0.0017071172869426638,0.46682966614414456,92733.13466987907,Image,Texture,ER
Image_Texture_Variance_RNA_5_03_256,0.31491574897248675,0.021288350276821973,0.0013930513638101293,0.6624028493868812,30465.10333577839,Image,Texture,RNA
Cytoplasm_Texture_DifferenceEntropy_RNA_5_02_256,0.18707823532162915,0.047252968821674145,0.0017429351496357215,0.7639258607070609,90759.63846480937,Cytoplasm,Texture,RNA
Nuclei_Texture_Contrast_RNA_3_01_256,0.35564812220348746,0.04638718849392118,0.0016819635831069675,0.5962827257194844,135485.07293533423,Nuclei,Texture,RNA
Cells_Correlation_RWC_AGP_ER,0.28937825771302916,0.031144254890496343,0.0035631370261903603,0.6759143503702841,41513.05976255597,Cells,Correlation,AGP
Image_Texture_InverseDifferenceMoment_AGP_5_02_256,0.47127713969391377,0.04000668256612232,0.0010902158728856722,0.48762596186707813,46195.008254722925,Image,Texture,AGP
Cells_RadialDistribution_FracAtD_Mito_4of4,0.1576335257568656,0.05834103266203783,0.0012737850142448318,0.7827516565668516,101448.80188552794,Cells,RadialDistribution,Mito
Cells_RadialDistribution_MeanFrac_AGP_2of4,0.34545564459939737,0.04420786984362948,0.0036113996013097203,0.6067250859556634,121796.82255339224,Cells,RadialDistribution,AGP
Cells_RadialDistribution_RadialCV_AGP_1of4,0.1868800962163871,0.021747929476873974,0.0016549627530782123,0.7897170115536608,44121.27608595473,Cells,RadialDistribution,AGP
Cells_RadialDistribution_MeanFrac_mito_tubeness_5of16,0.37071707797491654,0.03706672094436534,0.0018722003028436235,0.5903440007778745,117493.317903838,Cells,RadialDistribution,
Cells_Texture_Variance_DNA_5_01_256,0.4543424768468571,0.037676751271134463,0.0023132722019512165,0.5056674996800572,218762.58588566445,Cells,Texture,DNA
Cytoplasm_Texture_SumEntropy_AGP_10_02_256,0.18195269663725347,0.05072479096957306,0.0023080765997391343,0.7650144357934343,65352.9304186681,Cytoplasm,Texture,AGP
Image_Texture_AngularSecondMoment_DNA_3_03_256,0.32892205735507934,0.06268857837358266,0.006902710710439303,0.6014866535608987,42233.28789481016,Image,Texture,DNA
Cells_Granularity_7_AGP,0.4803643718011116,0.03963624166117552,0.0018821238382784643,0.47811726269943444,209173.54294428352,Cells,Granularity,AGP
Nuclei_Correlation_RWC_AGP_ER,0.41294750189793694,0.031576575103057405,0.0010459089619712122,0.5544300140370346,47191.188880380956,Nuclei,Correlation,AGP
Cells_Intensity_MinIntensity_DNA,0.08801591807839995,0.10359300322784844,0.0019564450193849765,0.8064346336743666,139206.68982570586,Cells,Intensity,DNA
Cells_Texture_SumAverage_DNA_5_00_256,0.3061080952544129,0.026889371813671865,0.004116007444580804,0.6628865254873345,111720.69390705429,Cells,Texture,DNA
Image_Texture_AngularSecondMoment_ER_5_03_256,0.4906577191036347,0.04285157668459461,0.0029331749496730878,0.4635575292620977,169403.85517971747,Image,Texture,ER
Cells_Texture_Variance_DNA_5_02_256,0.45493119260556536,0.037140508675972295,0.0024062271958955233,0.5055220715225668,218890.35089333303,Cells,Texture,DNA
Nuclei_Texture_AngularSecondMoment_RNA_3_02_256,0.08891822506631858,0.07820064976600245,0.002783374566559314,0.8300977506011198,91261.69976584587,Nuclei,Texture,RNA
Image_Texture_DifferenceVariance_AGP_10_01_256,0.37749868882674015,0.03887923527771463,0.00333897949364762,0.5802830964018976,80911.46320400028,Image,Texture,AGP
Cells_Texture_InverseDifferenceMoment_ER_3_02_256,0.22336028503902525,0.045157323186955055,0.0008778304318930486,0.7306045613421266,97228.84754396489,Cells,Texture,ER
Image_Texture_Entropy_RNA_10_03_256,0.4830675895578061,0.04391046650972793,0.006296469056999884,0.466725474875466,87767.58712570411,Image,Texture,RNA
Cells_Texture_InfoMeas2_AGP_10_00_256,0.2458548511773642,0.04039459212634415,0.0012452525646778339,0.7125053041316138,48598.078412329785,Cells,Texture,AGP
Nuclei_Texture_Entropy_RNA_5_02_256,0.09871525800821847,0.04756673785620654,0.001133361623067885,0.8525846425125071,44514.39003887991,Nuclei,Texture,RNA
Image_Texture_Contrast_RNA_5_02_256,0.3105041431482588,0.027016679149667756,0.0025633331979770728,0.6599158445040965,22577.984336922604,Image,Texture,RNA
Cytoplasm_RadialDistribution_FracAtD_AGP_2of4,0.14183170965194297,0.0616838441510506,0.0034017165336267317,0.7930827296633797,93702.70633345452,Cytoplasm,RadialDistribution,AGP
Cytoplasm_Texture_Variance_ER_3_01_256,0.37047646676081136,0.047769030945077784,0.0013128448039225699,0.5804416574901883,150199.12353412647,Cytoplasm,Texture,ER
Image_Texture_SumEntropy_Mito_10_01_256,0.44847162610304686,0.04780210682899619,0.0023532548876689726,0.5013730121802881,85295.04637611777,Image,Texture,Mito
Cytoplasm_Intensity_MinIntensity_AGP,0.38086564899198133,0.020267157200198446,0.00373810765223406,0.5951290861555861,21927.69254467218,Cytoplasm,Intensity,AGP
Nuclei_Correlation_Overlap_AGP_DNA,0.3085708917420002,0.060335009766423954,0.005159943133592834,0.6259341553579829,91671.17178000073,Nuclei,Correlation,AGP
Cytoplasm_Texture_SumEntropy_AGP_3_01_256,0.18537692494264038,0.04728122281905496,0.0026642822672208522,0.7646775699710838,62308.470834145635,Cytoplasm,Texture,AGP
Nuclei_Intensity_StdIntensity_Mito,0.4327751875297584,0.049240926037860205,0.001683429320621921,0.5163004571117594,162542.2877926631,Nuclei,Intensity,Mito
Nuclei_Intensity_MeanIntensity_Mito,0.31507973597016997,0.04729962269377642,0.0027339357446210027,0.6348867055914327,91796.97236956295,Nuclei,Intensity,Mito
Cytoplasm_Texture_InfoMeas1_ER_5_01_256,0.17934005826145372,0.023358901358628857,0.00230672241037462,0.7949943179695428,63719.50642988809,Cytoplasm,Texture,ER
Image_ImageQuality_Correlation_OrigRNA_10,0.2587928553423828,0.01290374910221817,0.0014836991297890428,0.72681969642561,24793.893895957935,Image,ImageQuality,
Image_Intensity_MedianIntensity_RNA,0.3723510028725257,0.042790694340124634,0.0026319621776319767,0.5822263406097178,20727.9312338084,Image,Intensity,RNA
Image_Intensity_PercentMaximal_AGP__BackgroundOnly,0.15552130632592112,0.008311919189347724,0.002563155845625282,0.8336036186391059,27406.314193726965,Image,Intensity,AGP
Cytoplasm_Texture_SumAverage_DNA_3_00_256,0.269758376791812,0.030576605514797454,0.0046884036692341246,0.6949766140241563,88855.67469036755,Cytoplasm,Texture,DNA
Image_Texture_InverseDifferenceMoment_ER_3_03_256,0.4787202077875382,0.03893200091603181,0.00223862663399112,0.4801091646624388,49326.207105976195,Image,Texture,ER
Cells_Texture_AngularSecondMoment_DNA_10_01_256,0.10910826493838932,0.034073230102077995,0.020437895739329043,0.8363806092202036,60143.202089611026,Cells,Texture,DNA
Nuclei_Texture_Correlation_DNA_5_03_256,0.20086445471174694,0.03396278342446398,0.008863609008249645,0.7563091528555395,79639.74103869026,Nuclei,Texture,DNA
Nuclei_Texture_DifferenceVariance_ER_5_00_256,0.04536512952182414,0.08827035674331217,0.0030071664144993024,0.8633573473203645,75040.68876376373,Nuclei,Texture,ER
Cells_Texture_Contrast_AGP_3_02_256,0.3637082295346576,0.04348249050808219,0.0037293790286198,0.5890799009286405,146650.21343752375,Cells,Texture,AGP
Cytoplasm_Texture_SumEntropy_DNA_5_00_256,0.3012667579792737,0.02744126366441946,0.004908404644180402,0.6663835737121264,91532.5610688458,Cytoplasm,Texture,DNA
Image_ImageQuality_FocusScore_OrigDNA,0.19365554697099915,0.02134263750296343,0.0024009399484645174,0.7826008755775729,52956.10178374652,Image,ImageQuality,
Cells_Texture_Contrast_DNA_3_01_256,0.47876134944645,0.03388444136405408,0.001887822398429344,0.4854663867910666,233456.24680193822,Cells,Texture,DNA
Cells_AreaShape_Zernike_9_7,0.25496156571522594,0.027216711765824613,0.0016061805624665315,0.716215541956483,57234.35583328099,Cells,AreaShape,
Cells_Texture_InfoMeas2_DNA_5_01_256,0.20491942746321093,0.0411536931115369,0.005527514601422463,0.7483993648238297,110988.65976606627,Cells,Texture,DNA
Cytoplasm_RadialDistribution_RadialCV_mito_tubeness_10of20,0.036913840303964836,0.07898181375515273,0.03209526270435054,0.8520090832365318,706949.5946301844,Cytoplasm,RadialDistribution,
Image_Texture_Contrast_RNA_10_03_256,0.28849073666225183,0.020401654635970344,0.0016465450743151399,0.6894610636274627,21879.93530966709,Image,Texture,RNA
Image_Texture_DifferenceEntropy_RNA_5_03_256,0.4853716811842769,0.04801540813125943,0.0031395883792179006,0.4634733223052457,86924.73142891307,Image,Texture,RNA
Cells_RadialDistribution_MeanFrac_mito_tubeness_2of16,0.3107147031057298,0.049005749434208636,0.003173038964965882,0.6371065084950958,136896.55844910568,Cells,RadialDistribution,
Cells_RadialDistribution_RadialCV_Mito_1of4,0.28747253169585885,0.028772891345755156,0.0014582056474799394,0.6822963713109059,33941.21003038781,Cells,RadialDistribution,Mito
Cells_Texture_Contrast_AGP_10_02_256,0.377601182458473,0.045803184770231944,0.0030388080875105327,0.5735568246837845,170397.20395146526,Cells,Texture,AGP
Cells_Texture_Correlation_AGP_10_00_256,0.16085118488949043,0.05215887336649833,0.004539198698027734,0.7824507430459834,87202.25516646236,Cells,Texture,AGP
Cells_Granularity_6_AGP,0.5068595172091167,0.04187093726988503,0.0010641843993488475,0.45020536112164933,238297.8695322323,Cells,Granularity,AGP
Cytoplasm_Texture_InfoMeas1_RNA_5_01_256,0.15100736686039223,0.04431415496916876,0.003141594812612593,0.8015368833578264,73700.09200001185,Cytoplasm,Texture,RNA
Nuclei_Texture_Correlation_Mito_10_00_256,0.376572078559529,0.016216227433621246,0.004508201820659074,0.6027034921861907,62063.11399178407,Nuclei,Texture,Mito
Nuclei_Texture_Variance_ER_5_00_256,0.36460001314738194,0.0530956928511614,0.0008077305021992618,0.5814965634992575,151693.97978583048,Nuclei,Texture,ER
Cytoplasm_Granularity_10_Mito,0.1471184338225341,0.043982008602198516,0.0011139845736920877,0.8077855730015753,50666.55048658085,Cytoplasm,Granularity,Mito
Cells_Granularity_14_Mito,0.33212385577017667,0.025027643345975285,0.001996402984424583,0.6408520978994235,37159.825031564455,Cells,Granularity,Mito
Cytoplasm_Intensity_MeanIntensity_RNA,0.18972473013276128,0.02688941912202883,0.008736529018830737,0.7746493217263791,47644.75823588038,Cytoplasm,Intensity,RNA
Cells_Texture_SumAverage_RNA_5_01_256,0.23010612864843677,0.0331061392458944,0.003375944602605118,0.7334117875030637,68881.82320155478,Cells,Texture,RNA
Nuclei_Location_MaxIntensity_Y_DNA,0.09655196383609743,0.0687221124788789,0.0005191388511033059,0.8342067848339204,40440.87144832869,Nuclei,Location,DNA
Nuclei_Texture_AngularSecondMoment_DNA_5_01_256,0.15565909157498628,0.030804406990813462,0.019370639161295305,0.7941658622729049,56184.61060182565,Nuclei,Texture,DNA
Cytoplasm_Texture_Variance_AGP_3_00_256,0.36626645327659674,0.04741687960354299,0.00396221165164257,0.5823544554682177,140498.98444237167,Cytoplasm,Texture,AGP
Nuclei_Texture_DifferenceVariance_RNA_3_03_256,0.07033084574051705,0.09141821030746491,0.0007837685771002573,0.8374671753749178,85465.16292936554,Nuclei,Texture,RNA
Nuclei_Texture_Correlation_ER_10_03_256,0.09480923442831435,0.08942929270095254,0.0009971527442598817,0.8147643201264733,114333.8614823736,Nuclei,Texture,ER
Image_Intensity_StdIntensity_Mito,0.21280166387923033,0.0148155208343894,0.0014078064675291618,0.7709750088188512,29519.957846814963,Image,Intensity,Mito
Image_Texture_AngularSecondMoment_AGP_5_02_256,0.44485167137514536,0.06175830902636064,0.0020408621733735543,0.49134915742512053,167351.29213708494,Image,Texture,AGP
Cells_Granularity_16_ER,0.29082890354300506,0.02405208264776146,0.0037935015603514977,0.6813255122488819,27783.439173475606,Cells,Granularity,ER
Image_Texture_InfoMeas2_ER_3_02_256,0.5164263259534004,0.05504653958929437,0.0018268349220944525,0.4267002995352107,319993.9183615411,Image,Texture,ER
Nuclei_Texture_InverseDifferenceMoment_DNA_3_00_256,0.3042153077582683,0.03971494207277299,0.008403865145811732,0.6476658850231468,97974.74630797975,Nuclei,Texture,DNA
Nuclei_Texture_InfoMeas2_RNA_3_02_256,0.10026695843075979,0.06183885129369266,0.002534984841151799,0.8353592054343957,45064.032443607975,Nuclei,Texture,RNA
Image_Texture_InfoMeas2_RNA_3_03_256,0.5213541851768059,0.05227980279824595,0.001876974237039892,0.4244890377879082,320508.1867025721,Image,Texture,RNA
Image_Texture_SumVariance_AGP_10_00_256,0.31112152267349585,0.013283009131975904,0.0017591156691111583,0.6738363525254172,38973.477953690264,Image,Texture,AGP
Image_Texture_AngularSecondMoment_AGP_5_01_256,0.44697325010156425,0.06129348712022708,0.0020082416170618114,0.4897250211611469,170227.85311000387,Image,Texture,AGP
Nuclei_Texture_InfoMeas2_AGP_10_00_256,0.2619627293165704,0.03035589793362069,0.0010159481930200386,0.7066654245567889,57658.27816332686,Nuclei,Texture,AGP
Image_Texture_Correlation_DNA_3_02_256,0.33750606467922994,0.04203097298849946,0.0006971004329835329,0.619765861899287,127254.3606389659,Image,Texture,DNA
Image_Texture_Variance_ER_3_01_256,0.2946839862090053,0.01683341362336827,0.0009765806048146618,0.6875060195628118,37119.69802125221,Image,Texture,ER
Nuclei_Texture_Contrast_RNA_5_03_256,0.36881903205664773,0.04870019451447918,0.0011682392311210734,0.5813125341977521,144163.34701479637,Nuclei,Texture,RNA
Image_Texture_DifferenceVariance_Mito_3_01_256,0.3268744731875268,0.013183696145826613,0.0032374257277991833,0.6567044049388473,39235.87304323471,Image,Texture,Mito
Image_Granularity_9_Mito,0.34468167741505984,0.05481880458188847,0.003153556375833788,0.5973459616272178,40757.83584843924,Image,Granularity,Mito
Cells_RadialDistribution_FracAtD_mito_tubeness_2of20,0.28396175282644065,0.05944977696374251,0.002520004364480094,0.6540684658453366,160378.49960178105,Cells,RadialDistribution,
Image_Texture_Variance_DNA_10_00_256,0.22941997927474897,0.03760521747419709,0.005006479703424816,0.7279683235476291,37566.19957261293,Image,Texture,DNA
Cytoplasm_Texture_DifferenceVariance_Mito_5_03_256,0.04437813478121069,0.09515329459656134,0.0017927769571948078,0.8586757936650332,62031.424715944,Cytoplasm,Texture,Mito
Cells_Texture_InverseDifferenceMoment_ER_5_02_256,0.2008841581630539,0.04436671110762745,0.0007164492142826251,0.7540326815150361,97271.59106634442,Cells,Texture,ER
Image_Granularity_13_ER,0.22827886398764272,0.02114479924255475,0.003149762975139851,0.7474265737946627,31191.319247554078,Image,Granularity,ER
Nuclei_Texture_Correlation_AGP_3_01_256,0.21476457441484773,0.0851001221600472,0.002931562260825368,0.6972037411642797,84550.9581182966,Nuclei,Texture,AGP
Nuclei_Intensity_MinIntensityEdge_ER,0.19865870996015328,0.026940968697171195,0.00264425129221917,0.7717560700504564,41087.19551990728,Nuclei,Intensity,ER
Cells_Texture_Entropy_AGP_3_00_256,0.1568435285173472,0.05305800967939858,0.0017173415695596165,0.7883811202336947,64652.01192586488,Cells,Texture,AGP
Cytoplasm_Texture_InverseDifferenceMoment_RNA_5_00_256,0.1475427062989366,0.04590634434161665,0.0007613244681650398,0.8057896248912818,81842.98624206707,Cytoplasm,Texture,RNA
Cytoplasm_Texture_DifferenceVariance_RNA_10_03_256,0.08478513271091027,0.07782604546187855,0.0007580839314521554,0.8366307378957591,101461.76476501982,Cytoplasm,Texture,RNA
Cytoplasm_Texture_Correlation_ER_3_02_256,0.2045966390837932,0.05983177803940535,0.004058524436606056,0.7315130584401953,89382.27713567679,Cytoplasm,Texture,ER
Cells_Texture_InverseDifferenceMoment_RNA_3_00_256,0.14563345792220017,0.04460827751398791,0.0013114384375205548,0.8084468261262914,82976.64005594705,Cells,Texture,RNA
Cytoplasm_Intensity_MaxIntensityEdge_AGP,0.24064864137151767,0.03863344773500043,0.0031731810383871643,0.7175447298550947,60559.9080502969,Cytoplasm,Intensity,AGP
Cells_Texture_Entropy_Mito_10_00_256,0.13799055581966285,0.06030470454250189,0.0038036332616855012,0.7979011063761497,50468.94835406766,Cells,Texture,Mito
Cytoplasm_Texture_Entropy_ER_10_01_256,0.17701015850487267,0.05340551482975385,0.0012136714025223476,0.7683706552628511,75782.82436221244,Cytoplasm,Texture,ER
Image_Texture_SumVariance_Mito_3_01_256,0.1328942768731155,0.019525692154581584,0.003049619873942898,0.8445304110983599,37409.63727207501,Image,Texture,Mito
Cells_AreaShape_Zernike_3_3,0.2719007068299308,0.015270312254320786,0.0025378667184252977,0.710291114197323,41575.40361127324,Cells,AreaShape,
Nuclei_Texture_InfoMeas1_Mito_10_01_256,0.42938608260922756,0.03830609228293219,0.0012154566865266315,0.5310923684213136,134666.32086530395,Nuclei,Texture,Mito
Nuclei_Texture_SumEntropy_RNA_10_03_256,0.15675166814321506,0.048123743685638445,0.000979670710506167,0.7941449174606403,52041.51085637217,Nuclei,Texture,RNA
Cytoplasm_Granularity_16_ER,0.2918543121423139,0.028140123925004406,0.004930646408705748,0.6750749175239759,29940.52290147796,Cytoplasm,Granularity,ER
Cytoplasm_Texture_Contrast_RNA_3_01_256,0.45839110365736907,0.03762321798778252,0.0017503958048213028,0.5022352825500271,203558.9608130763,Cytoplasm,Texture,RNA
Nuclei_Texture_Variance_ER_10_02_256,0.34875689380887276,0.053525271048467736,0.0008018959057159458,0.5969159392369437,146207.3745061895,Nuclei,Texture,ER
Cells_Granularity_10_Mito,0.1316252390637272,0.036256379784125874,0.0011772352040898687,0.8309411459480571,34914.779078253676,Cells,Granularity,Mito
Cytoplasm_Texture_SumEntropy_DNA_3_02_256,0.2896670045043111,0.029177960288052914,0.004644428689234475,0.6765106065184016,88567.37092238694,Cytoplasm,Texture,DNA
Cells_Texture_Variance_AGP_3_01_256,0.3663266249685734,0.04872372336759094,0.003525913239860196,0.5814237384239754,162367.65185797052,Cells,Texture,AGP
Cytoplasm_Texture_DifferenceEntropy_AGP_5_01_256,0.1752988692152607,0.05607698213021288,0.0017920195510670908,0.7668321291034593,76139.18079860357,Cytoplasm,Texture,AGP
Image_Texture_InfoMeas1_Mito_5_03_256,0.21519503794881864,0.020606809738305202,0.0036910709979504678,0.7605070813149257,26755.797267467227,Image,Texture,Mito
Nuclei_AreaShape_Zernike_9_7,0.38230365158131224,0.044001885995259823,0.0010621722378483312,0.5726322901855797,91244.52874414177,Nuclei,AreaShape,
Cells_Granularity_13_RNA,0.33912791060246095,0.037394058180686654,0.0033026254697544047,0.620175405747098,52298.388667468666,Cells,Granularity,RNA
Cytoplasm_Correlation_Correlation_AGP_ER,0.27199130555978357,0.04824611391292305,0.004247774618872968,0.6755148059084205,55060.00619965139,Cytoplasm,Correlation,AGP
Image_Texture_DifferenceEntropy_AGP_10_02_256,0.4654158231473696,0.05037283364059355,0.0014532795287151995,0.4827580636833216,106096.0736108284,Image,Texture,AGP
Nuclei_Intensity_IntegratedIntensity_AGP,0.3636447434475847,0.020352334124762558,0.0015471959877119204,0.614455726439941,70998.47987936546,Nuclei,Intensity,AGP
Image_Texture_InfoMeas1_ER_10_02_256,0.32226318965214273,0.019799537803564297,0.0020500285607461233,0.6558872439835468,24922.618729379697,Image,Texture,ER
Nuclei_RadialDistribution_MeanFrac_Mito_3of4,0.31129958722384793,0.011386437793159562,0.003009254926537179,0.6743047200564554,64680.934040079985,Nuclei,RadialDistribution,Mito
Image_Texture_InfoMeas2_DNA_10_01_256,0.23057828291000734,0.04599724046854468,0.005018317157823832,0.7184061594636242,93028.05372329004,Image,Texture,DNA
Cytoplasm_Texture_InverseDifferenceMoment_Mito_5_00_256,0.18043620114468822,0.05604632832952936,0.0026640106730685237,0.7608534598527138,48353.46097191074,Cytoplasm,Texture,Mito
Cytoplasm_Texture_DifferenceEntropy_DNA_3_00_256,0.28712590113316844,0.032264168435041964,0.0047546241731020724,0.6758553062586875,103736.47742168434,Cytoplasm,Texture,DNA
Nuclei_Texture_AngularSecondMoment_RNA_3_01_256,0.10075784885168497,0.07965231930207843,0.002420711146526622,0.8171691206997099,93267.91022048623,Nuclei,Texture,RNA
Nuclei_Texture_Contrast_AGP_5_02_256,0.36856512485071424,0.04333811017079571,0.004291007663834539,0.5838057573146554,150101.05390764907,Nuclei,Texture,AGP
Nuclei_Texture_SumAverage_Mito_3_00_256,0.3189529618107321,0.04804227785191327,0.0033612218352873195,0.6296435385020674,96641.65806568664,Nuclei,Texture,Mito
Nuclei_Texture_SumAverage_RNA_3_01_256,0.26762534742574967,0.03893094678146782,0.0012804449280703187,0.6921632608647122,79943.65091375535,Nuclei,Texture,RNA
Image_Texture_Contrast_AGP_5_03_256,0.336483869376602,0.015561475268820235,0.001987224551883479,0.6459674308026943,32120.955776078386,Image,Texture,AGP
Cells_Texture_InfoMeas1_Mito_5_01_256,0.15094969648559653,0.04422274072618469,0.0021189348430726562,0.8027086279451461,56453.03284172721,Cells,Texture,Mito
Cytoplasm_Texture_InverseDifferenceMoment_ER_5_03_256,0.20650784741179998,0.04465842143258315,0.0012730582476422302,0.7475606729079746,86575.43718061912,Cytoplasm,Texture,ER
Cells_Texture_Variance_AGP_3_00_256,0.36604189049782243,0.04921847149820169,0.0035683639034084134,0.5811712741005675,162258.70421523164,Cells,Texture,AGP
Nuclei_Correlation_K_DNA_Mito,0.22930869852833158,0.0335162081413283,0.0019819677676761274,0.735193125562664,43580.679127976706,Nuclei,Correlation,DNA
Cytoplasm_Texture_InfoMeas2_AGP_3_03_256,0.15682560861862932,0.04606419362464869,0.0013661217809535335,0.7957440759757686,51938.05992828563,Cytoplasm,Texture,AGP
Nuclei_Texture_Entropy_Mito_3_03_256,0.30714633260485014,0.05408717996899496,0.005840310220077001,0.6329261772060779,84325.97177358587,Nuclei,Texture,Mito
Cells_Texture_InverseDifferenceMoment_ER_5_03_256,0.1801969410177272,0.04379750892056036,0.0008069047935652647,0.7751986452681472,96010.42419885739,Cells,Texture,ER
Nuclei_Texture_SumVariance_AGP_5_02_256,0.37790842339837266,0.044494493565354,0.003949661756361072,0.5736474212799123,163700.8073459779,Nuclei,Texture,AGP
Image_ImageQuality_LocalFocusScore_OrigER_20,0.39188009510425503,0.08385917903459988,0.022427019403449183,0.5018337064576959,442516.23437248514,Image,ImageQuality,
Image_Granularity_4_AGP,0.10566502657951152,0.03275979530862526,0.006022783299423193,0.85555239481244,41501.24223871947,Image,Granularity,AGP
Cells_Texture_InfoMeas1_DNA_10_03_256,0.34321329086776164,0.0425060775988281,0.006709396820160033,0.6075712347132503,126514.11119403265,Cells,Texture,DNA
Cells_Texture_Entropy_RNA_10_00_256,0.1025706965860037,0.04951074094111291,0.0009758292127431575,0.8469427332601401,70394.05598422048,Cells,Texture,RNA
Cells_Correlation_RWC_Mito_AGP,0.23386460145838167,0.030675607633237654,0.00528240522437443,0.7301773856840063,73653.65941359996,Cells,Correlation,AGP
Nuclei_Texture_Variance_AGP_10_00_256,0.3610990093042394,0.047716984439615154,0.003920914534701905,0.5872630917214435,155530.9270568292,Nuclei,Texture,AGP
Nuclei_RadialDistribution_RadialCV_ER_3of4,0.20623530522608383,0.04524669606642122,0.0011270835690885674,0.7473909151384064,65543.2042282186,Nuclei,RadialDistribution,ER
Cells_RadialDistribution_MeanFrac_mito_tubeness_15of20,0.2527334579055731,0.02982144733498296,0.004530383867240378,0.7129147108922036,59174.17298519796,Cells,RadialDistribution,
Cytoplasm_Granularity_14_RNA,0.3308501605703968,0.03814064809473241,0.004995823668395351,0.6260133676664755,48167.71505755381,Cytoplasm,Granularity,RNA
Nuclei_Intensity_MinIntensityEdge_Mito,0.14965299799690096,0.04167681000422425,0.003364308151901253,0.8053058838469735,35971.02750336942,Nuclei,Intensity,Mito
Nuclei_Texture_Variance_RNA_10_03_256,0.350364508371343,0.05127407425926862,0.0008104020773343108,0.597551015292054,136845.37195855292,Nuclei,Texture,RNA
Image_Intensity_MeanIntensity_RNA_BackgroundOnly,0.2623333847384079,0.020804034133919503,0.0046545644940936045,0.7122080166335791,25190.669374802408,Image,Intensity,RNA
Cells_Texture_SumAverage_AGP_3_00_256,0.25844195207983345,0.012918628956164531,0.0034178908152806974,0.7252215281487213,40067.52047684394,Cells,Texture,AGP
Image_Texture_InfoMeas1_RNA_5_02_256,0.27447201230307133,0.019836216488443456,0.0009163588653843924,0.7047754123431008,31731.04406825402,Image,Texture,RNA
Nuclei_Intensity_StdIntensityEdge_DNA,0.18263218282555482,0.026926440850539968,0.009175884138654977,0.7812654921852502,51089.067563886056,Nuclei,Intensity,DNA
Cytoplasm_Texture_InfoMeas1_ER_3_01_256,0.17983298956450836,0.02793464993295033,0.0014329083163837828,0.7907994521861575,41767.55791320128,Cytoplasm,Texture,ER
Image_Texture_SumAverage_AGP_5_02_256,0.47632286251198125,0.03387850727702552,0.001535321289090567,0.48826330892190273,32474.961409355594,Image,Texture,AGP
Nuclei_Intensity_MeanIntensityEdge_DNA,0.26190524089932044,0.05740178840600239,0.0032542132812638795,0.6774387574134133,86919.95929319409,Nuclei,Intensity,DNA
Cytoplasm_AreaShape_Zernike_6_4,0.2802236937080291,0.04218329737006689,0.0011411451548596833,0.6764518637670444,100163.82547066605,Cytoplasm,AreaShape,
Cells_Intensity_MADIntensity_AGP,0.29194640349713064,0.0505039546621961,0.003569165527405291,0.6539804763132679,100739.08905383697,Cells,Intensity,AGP
Nuclei_Texture_Contrast_RNA_10_02_256,0.3545429138610129,0.04940174784866431,0.0009850638098333085,0.5950702744804894,139143.82089635864,Nuclei,Texture,RNA
Image_Texture_DifferenceEntropy_ER_5_02_256,0.48112585094079025,0.05305256552419968,0.001722857451983332,0.46409872608302677,96510.30088849322,Image,Texture,ER
Nuclei_Correlation_K_ER_AGP,0.09769565013080228,0.057153295785106376,0.001208968175622124,0.8439420859084692,51272.01964946035,Nuclei,Correlation,AGP
Cells_RadialDistribution_FracAtD_mito_tubeness_15of16,0.10544036512859298,0.06887207598609577,0.0017199618884492203,0.823967596996862,58924.151626049206,Cells,RadialDistribution,
Cells_Texture_InfoMeas1_AGP_5_00_256,0.21216436585949672,0.05635658921757226,0.0013983191910043023,0.7300807257319267,87794.86893573651,Cells,Texture,AGP
Cytoplasm_Granularity_2_ER,0.2780398247776691,0.05286550117086637,0.0027624576225431254,0.6663322164289214,82486.3172091651,Cytoplasm,Granularity,ER
Nuclei_Texture_DifferenceVariance_ER_10_03_256,0.05248349350805676,0.08599606892319989,0.0034138675818921826,0.8581065699868511,74892.35877463766,Nuclei,Texture,ER
Cytoplasm_Correlation_Overlap_AGP_Mito,0.19937485906159927,0.04521710143339876,0.005478569641537812,0.7499294698634642,42029.83215630223,Cytoplasm,Correlation,AGP
Image_ImageQuality_LocalFocusScore_OrigMito_10,0.2894701126062267,0.0603304796517806,0.007395328143389513,0.6428040795986033,149024.3672246601,Image,ImageQuality,
Cells_Texture_AngularSecondMoment_ER_3_01_256,0.1060833528527369,0.058521825052387726,0.002247485532910058,0.8331473365619654,96616.16877518725,Cells,Texture,ER
Image_Texture_SumAverage_ER_3_01_256,0.4839035086486412,0.03296066915269496,0.0015961211724398571,0.4815397010262241,36662.54797649785,Image,Texture,ER
Nuclei_Texture_SumAverage_AGP_10_02_256,0.2400362114254608,0.03872166337302717,0.00488643756893641,0.7163556876325755,67289.14067716226,Nuclei,Texture,AGP
Image_Texture_SumVariance_ER_10_01_256,0.2988560230148278,0.01604527279312446,0.001291753676046549,0.6838069505160014,38354.235786719146,Image,Texture,ER
Cytoplasm_Texture_Contrast_Mito_3_00_256,0.42352424266496724,0.031287728475744674,0.0022154436982375447,0.5429725851610505,146524.65573022785,Cytoplasm,Texture,Mito
Cells_Intensity_MinIntensity_RNA,0.33273348078540665,0.02027310701842377,0.003210355483399129,0.6437830567127705,24553.267365964042,Cells,Intensity,RNA
Image_Texture_SumEntropy_Mito_5_02_256,0.4418714766837329,0.049155080156250815,0.0032751047851471843,0.5056983383748691,83184.56533030482,Image,Texture,Mito
Cytoplasm_Granularity_16_AGP,0.16110844580159772,0.04580694213132541,0.005158011387763645,0.7879266006793132,29241.266008191003,Cytoplasm,Granularity,AGP
Cells_Texture_SumAverage_ER_5_03_256,0.26170588284808993,0.03862041646633925,0.0036027680902668904,0.696070932595304,94916.82066595252,Cells,Texture,ER
Cytoplasm_Texture_InverseDifferenceMoment_DNA_10_01_256,0.11140674440615823,0.03965647348712575,0.0073803381514250315,0.8415564439552911,83894.66355072567,Cytoplasm,Texture,DNA
Nuclei_Texture_DifferenceVariance_AGP_3_02_256,0.06580233213063338,0.06146571350875869,0.001305032878731789,0.8714269214818761,46147.843302870635,Nuclei,Texture,AGP
Nuclei_Texture_Variance_DNA_10_00_256,0.48580452610637,0.04071689506053625,0.00221899222162402,0.47125958661146977,251787.42197790538,Nuclei,Texture,DNA
Nuclei_Texture_DifferenceVariance_RNA_10_03_256,0.09819395272289204,0.08870805889211039,0.0006345705846794083,0.812463417800318,89169.42921332971,Nuclei,Texture,RNA
Image_Texture_DifferenceEntropy_RNA_5_00_256,0.4827450755708549,0.04942279451978082,0.003083258603838412,0.4647488713055259,80827.82192573498,Image,Texture,RNA
Nuclei_Intensity_IntegratedIntensity_DNA,0.3170903919854689,0.028964898255422526,0.0013782256388146592,0.6525664841202939,65456.61875023804,Nuclei,Intensity,DNA
Cells_Texture_InverseDifferenceMoment_RNA_10_01_256,0.09293916300148913,0.041854660666423245,0.0009371580633799348,0.8642690182687076,75041.78760152233,Cells,Texture,RNA
Cytoplasm_Intensity_IntegratedIntensityEdge_AGP,0.26575481415802804,0.01569609048872157,0.0013263008440626202,0.7172227945091878,49763.89238810653,Cytoplasm,Intensity,AGP
Cells_AreaShape_Zernike_2_2,0.27852925564344483,0.021594368110680783,0.004256455974284105,0.6956199202715903,79993.8138380875,Cells,AreaShape,
Cytoplasm_Intensity_StdIntensity_RNA,0.3232475814536829,0.05365623273601445,0.0006269126021205285,0.6224692732081821,112584.07422938387,Cytoplasm,Intensity,RNA
Cytoplasm_Texture_AngularSecondMoment_Mito_10_01_256,0.09329892131407849,0.08557261348754217,0.0019228915412156373,0.8192055736571637,82108.6920484323,Cytoplasm,Texture,Mito
Image_Texture_SumAverage_DNA_5_01_256,0.46231282883912117,0.04014957050598138,0.0013918694523476828,0.49614573120254984,33765.853056930246,Image,Texture,DNA
Nuclei_Texture_SumVariance_DNA_3_00_256,0.5008292368219455,0.0389209575819067,0.0017765841844956526,0.4584732214116521,257424.79749364682,Nuclei,Texture,DNA
Cells_Texture_InverseDifferenceMoment_AGP_5_01_256,0.13061308563196225,0.045025033624682194,0.0012364118917476007,0.8231254688516079,70631.4248307863,Cells,Texture,AGP
Cytoplasm_Texture_SumEntropy_RNA_3_00_256,0.14793982373275247,0.05097118577776654,0.0016295096965857764,0.7994594807928952,76924.27880535452,Cytoplasm,Texture,RNA
Nuclei_Texture_Correlation_ER_3_02_256,0.1748976106994852,0.07810642563451332,0.002627170514159006,0.7443687931518423,50404.69207287363,Nuclei,Texture,ER
Nuclei_Correlation_RWC_AGP_DNA,0.12664736526274234,0.0340305588400766,0.00564508900401758,0.8336769868931635,53853.5658388788,Nuclei,Correlation,AGP
Nuclei_Texture_DifferenceVariance_Mito_5_01_256,0.04596026118817631,0.0829217657520683,0.0032395482203770062,0.8678784248393784,56647.98955774638,Nuclei,Texture,Mito
Nuclei_Texture_InfoMeas1_RNA_3_00_256,0.17412612713396078,0.04896089658834352,0.0018932226560868595,0.7750197536216088,64588.79758241732,Nuclei,Texture,RNA
Cells_Texture_SumVariance_Mito_10_00_256,0.4055855018443618,0.04152534064492345,0.0019363819657941053,0.5509527755449207,152170.55845836923,Cells,Texture,Mito
Cytoplasm_RadialDistribution_RadialCV_DNA_4of4,0.25085344803196313,0.024154819161525898,0.006762741287122714,0.7182289915193883,47487.16180806742,Cytoplasm,RadialDistribution,DNA
Cells_Texture_InverseDifferenceMoment_AGP_3_03_256,0.14114206473368798,0.0420002244706745,0.0012105154309833693,0.8156471953646542,66329.25963884349,Cells,Texture,AGP
Image_Texture_InfoMeas2_Mito_10_02_256,0.36525125519082685,0.05171149377752535,0.0028496216817172366,0.5801876293499306,100988.66334204357,Image,Texture,Mito
Nuclei_AreaShape_EulerNumber,0.023489940618010127,0.1414627483357971,0.004156985648923699,0.8308903253972689,754563.7704492791,Nuclei,AreaShape,
Cells_Texture_DifferenceVariance_Mito_3_03_256,0.03935418300428462,0.09433574709050138,0.0019456015602124445,0.8643644683450016,57146.59785788215,Cells,Texture,Mito
Nuclei_Intensity_MaxIntensityEdge_DNA,0.302963196557833,0.02305755875690548,0.004949395984274696,0.6690298487009869,59918.093835526524,Nuclei,Intensity,DNA
Image_Texture_Entropy_ER_3_03_256,0.492179968041438,0.04470609752928108,0.002990353360102735,0.4601235810691782,86437.60602956964,Image,Texture,ER
Cytoplasm_Correlation_K_DNA_RNA,0.1920695913973356,0.021542483476708587,0.0060859140275897824,0.780302011098366,34165.95589382408,Cytoplasm,Correlation,DNA
Cytoplasm_Texture_AngularSecondMoment_RNA_5_03_256,0.12723270388089317,0.06989295902460145,0.0009548946445918049,0.8019194424499135,119107.2028509306,Cytoplasm,Texture,RNA
Cytoplasm_Texture_DifferenceEntropy_Mito_10_03_256,0.1670008052308597,0.054437372659977445,0.002043269241482225,0.7765185528676807,54635.23870589273,Cytoplasm,Texture,Mito
Cells_AreaShape_BoundingBoxMaximum_Y,0.07108868800175558,0.07217233146867537,0.0005922208589033107,0.8561467596706657,49046.64186570838,Cells,AreaShape,
Cells_RadialDistribution_RadialCV_mito_tubeness_18of20,0.34301564727764466,0.03930859608030615,0.00387631802338603,0.6137994386186633,116680.47499725403,Cells,RadialDistribution,
Cells_Texture_InfoMeas2_RNA_3_03_256,0.1685703889355383,0.06891838425849726,0.0017211344664867841,0.7607900923394777,79939.31061523831,Cells,Texture,RNA
Image_Texture_InverseDifferenceMoment_ER_5_01_256,0.4856895700496674,0.03491871832540797,0.0025434108021037414,0.47684830082282087,51593.61014417454,Image,Texture,ER
Cytoplasm_Granularity_7_RNA,0.3875974359844123,0.02883647868163527,0.000884421755769611,0.5826816635781829,142816.50262549988,Cytoplasm,Granularity,RNA
Nuclei_RadialDistribution_MeanFrac_ER_4of4,0.17033588823700452,0.0381350910301859,0.0012640695999137364,0.7902649511328957,46691.429082260525,Nuclei,RadialDistribution,ER
Cytoplasm_Intensity_MeanIntensity_DNA,0.29328663832679996,0.05662010550431845,0.0021838298709721377,0.6479094262979094,117372.79137556348,Cytoplasm,Intensity,DNA
Cells_Texture_Variance_ER_10_02_256,0.3570303293751901,0.04646677404113956,0.0011685216956086445,0.5953343748880617,141332.5773835162,Cells,Texture,ER
Nuclei_Granularity_13_RNA,0.3374201064712557,0.033156621092296064,0.0027156623678759742,0.6267076100685722,49241.82520463194,Nuclei,Granularity,RNA
Nuclei_Granularity_14_DNA,0.21759577835802074,0.0303944833213888,0.0011344113826257803,0.7508753269379647,52827.90030344312,Nuclei,Granularity,DNA
Cells_Correlation_Manders_Mito_DNA,0.08675504878554721,0.10291963249798457,0.015823684053133225,0.794501634663335,99964.13235182535,Cells,Correlation,DNA
Nuclei_Texture_InverseDifferenceMoment_DNA_3_01_256,0.30419311905856117,0.037443321032573945,0.008537564002273035,0.6498259959065917,97080.47498929332,Nuclei,Texture,DNA
Cells_Texture_Correlation_DNA_3_01_256,0.2735342198267099,0.04419438156263422,0.006388866485251723,0.6758825321254042,106483.09027271456,Cells,Texture,DNA
Cells_Texture_Correlation_ER_10_03_256,0.18950310026657527,0.04622303997526232,0.0017269530014899753,0.7625469067566725,106067.55142170447,Cells,Texture,ER
Image_ImageQuality_PowerLogLogSlope_OrigER,0.1997144483956124,0.02628745856405821,0.0011516651250291973,0.7728464279153002,27641.51860341795,Image,ImageQuality,
Cytoplasm_RadialDistribution_MeanFrac_Mito_3of4,0.2822375505950554,0.016035499848549697,0.003431264506020938,0.6982956850503741,77650.24109992996,Cytoplasm,RadialDistribution,Mito
Cells_Correlation_Overlap_DNA_Mito,0.1765058590158725,0.029046059511972873,0.0243069205849519,0.7701411608872026,53353.00265838203,Cells,Correlation,DNA
Cytoplasm_Texture_SumEntropy_ER_5_02_256,0.17319954653030795,0.05543581181685642,0.0012874562264556817,0.7700771854263799,87633.00501432763,Cytoplasm,Texture,ER
Cells_Correlation_Overlap_AGP_ER,0.1813648339816661,0.0378600776108,0.004349339144597218,0.7764257492629366,40452.30583085477,Cells,Correlation,AGP
Cells_Texture_SumEntropy_Mito_10_02_256,0.14155992248993235,0.0564171788526481,0.003351459050314064,0.7986714396071055,51427.05923233328,Cells,Texture,Mito
Cytoplasm_Texture_SumVariance_AGP_3_02_256,0.36734261093535736,0.046162569997425566,0.004135700574481276,0.5823591184927359,138433.31203698993,Cytoplasm,Texture,AGP
Cytoplasm_Texture_DifferenceVariance_ER_3_00_256,0.06374718932009914,0.07682991175673806,0.0018085002460377225,0.8576143986771251,70595.89117596147,Cytoplasm,Texture,ER
Cytoplasm_Texture_DifferenceVariance_Mito_10_01_256,0.051935278343428676,0.0969989967066221,0.0016010546030388285,0.8494646703469103,70127.06376068613,Cytoplasm,Texture,Mito
Cells_Texture_SumAverage_ER_5_02_256,0.2612597005246774,0.03925315933789491,0.003464793952488876,0.6960223461849387,93577.8362241259,Cells,Texture,ER
Cells_Texture_InfoMeas2_Mito_5_03_256,0.09641271194473601,0.06696692114872504,0.0024381808436454854,0.8341821860628934,48911.201386979235,Cells,Texture,Mito
Nuclei_Location_MaxIntensity_X_DNA,0.06843750983173905,0.034220576508084924,0.0003997778686502194,0.8969421357915258,24418.567033091458,Nuclei,Location,DNA
Nuclei_Texture_Entropy_DNA_10_01_256,0.12483949985199634,0.06147443730755629,0.010691245679617387,0.80299481716083,84239.02296042207,Nuclei,Texture,DNA
Image_Texture_DifferenceVariance_DNA_3_01_256,0.1516322472893111,0.016893605283814034,0.0010150297279871618,0.8304591176988878,24137.83516666111,Image,Texture,DNA
Nuclei_Texture_InfoMeas2_AGP_10_01_256,0.2482162530850312,0.02584466816415843,0.0006639819947276918,0.7252750967560827,53973.64611125028,Nuclei,Texture,AGP
Cells_Texture_InfoMeas2_RNA_5_02_256,0.1662717230117178,0.06576694614999014,0.0021480893142250736,0.7658132415240669,77161.48594120044,Cells,Texture,RNA
Image_Texture_SumEntropy_RNA_5_00_256,0.47554350897404973,0.05041521280811447,0.007422078490490374,0.4666191997273454,113291.37410767512,Image,Texture,RNA
Nuclei_Granularity_1_DNA,0.16617506242308103,0.06049993536940314,0.004834124416424364,0.7684908777910916,93200.11913445732,Nuclei,Granularity,DNA
Image_Texture_SumAverage_AGP_3_03_256,0.4763476586023345,0.033602722232640374,0.001547870503500336,0.48850174866152474,32498.161112985203,Image,Texture,AGP
Image_Granularity_14_RNA,0.22599034446093433,0.02790588974567134,0.003258293294954268,0.74284547249844,28583.645350331055,Image,Granularity,RNA
Cytoplasm_Texture_SumAverage_ER_5_02_256,0.22433259691827673,0.043125357518685584,0.0025547758002988077,0.7299872697627389,77834.15227742997,Cytoplasm,Texture,ER
Cells_Texture_DifferenceVariance_ER_5_02_256,0.050054095248757015,0.07983924239957604,0.0022113855582021748,0.8678952767934648,88274.46403716542,Cells,Texture,ER
Image_Texture_Correlation_DNA_10_02_256,0.28311885454665603,0.025290319158133217,0.0009375600648418566,0.6906532662303689,101686.10467902782,Image,Texture,DNA
Nuclei_AreaShape_Zernike_4_0,0.18411325832675035,0.0246869298850417,0.0011002335890887573,0.7900995781991192,42967.49570078839,Nuclei,AreaShape,
Image_ImageQuality_TotalArea_OrigRNA,0.0,0.0,0.0,0.0,0.0,Image,ImageQuality,
Cytoplasm_Texture_SumEntropy_RNA_3_03_256,0.14971341574151123,0.0518314688691981,0.001623416125050652,0.7968316992642401,79625.65396172486,Cytoplasm,Texture,RNA
Nuclei_Texture_AngularSecondMoment_AGP_5_02_256,0.09020631256714742,0.03841344628096528,0.004086244283817974,0.8672939968680692,33528.97679650472,Nuclei,Texture,AGP
Image_Granularity_14_DNA,0.23430391284508223,0.03233944329676798,0.00303981238304139,0.7303168314751085,80559.04065148899,Image,Granularity,DNA
Nuclei_Correlation_K_DNA_ER,0.23438014845170857,0.020354316763771283,0.00441607660183184,0.7408494581826883,36489.47064541844,Nuclei,Correlation,DNA
Nuclei_Texture_AngularSecondMoment_Mito_10_02_256,0.044157614098321356,0.07930005113701942,0.008085057085748063,0.8684572776789112,51237.07374478115,Nuclei,Texture,Mito
Nuclei_Texture_Variance_Mito_5_03_256,0.4678595582719293,0.0403206238537932,0.002803532260168952,0.48901628561410854,225311.70214041538,Nuclei,Texture,Mito
Cells_Texture_DifferenceVariance_Mito_10_01_256,0.03657015009283461,0.10043046011718759,0.001880158152457704,0.86111923163752,71275.93161225822,Cells,Texture,Mito
Nuclei_Correlation_Manders_ER_AGP,0.20701460945883346,0.04420347016906224,0.007258700743201998,0.7415232196289022,199100.93920653127,Nuclei,Correlation,AGP
Cells_Correlation_Correlation_AGP_DNA,0.2753164996484595,0.024230433046526716,0.0031442001799076524,0.6973088671251062,31999.121755821223,Cells,Correlation,AGP
Cytoplasm_Texture_Variance_ER_5_00_256,0.3701332453437629,0.047320043977975505,0.001515786702833651,0.5810309239754279,150672.5282730264,Cytoplasm,Texture,ER
Nuclei_Texture_SumAverage_AGP_10_01_256,0.2408379131325942,0.03567420252537981,0.004832143270384106,0.7186557410716419,62875.813916141255,Nuclei,Texture,AGP
Cells_Texture_InfoMeas1_AGP_5_03_256,0.2035548838654691,0.05609696550760358,0.0020571802539119588,0.7382909703730153,89433.88344766872,Cells,Texture,AGP
Nuclei_Texture_Entropy_ER_3_01_256,0.1878006698942668,0.04908884651758959,0.0013348694759853417,0.7617756141121583,53483.9350022304,Nuclei,Texture,ER
Nuclei_Texture_SumAverage_ER_3_02_256,0.29478776125029804,0.04873641000744335,0.0008984233747813869,0.6555774053674772,103763.80290859018,Nuclei,Texture,ER
Cells_Texture_DifferenceEntropy_Mito_5_00_256,0.24509702042729511,0.054915163447563885,0.002978516218737212,0.6970092999064039,71335.69472656204,Cells,Texture,Mito
Cytoplasm_AreaShape_Area,0.25726164534252605,0.031431671064964035,0.001726116955940289,0.7095805666365697,134898.6618646377,Cytoplasm,AreaShape,
Cells_Texture_Correlation_ER_10_00_256,0.20587807142109402,0.03750938873352858,0.0036374677543811484,0.7529750720909962,79975.66929092076,Cells,Texture,ER
Cells_Texture_SumAverage_AGP_5_01_256,0.25882153632556876,0.013419810473807414,0.0033614775340682856,0.7243971756665556,42667.22052754194,Cells,Texture,AGP
Cytoplasm_RadialDistribution_MeanFrac_mito_tubeness_2of16,0.02945311800096019,0.013100271536907905,0.0006605607954395418,0.9567860496666923,14748.922675123587,Cytoplasm,RadialDistribution,
Image_Texture_Entropy_AGP_5_01_256,0.4648980535658232,0.050855920514704035,0.001158105188320825,0.48308792073115203,82695.98685565978,Image,Texture,AGP
Cytoplasm_AreaShape_Zernike_8_0,0.16479475144905867,0.03655292895644038,0.0013026642510441204,0.7973496553434568,40052.31862244988,Cytoplasm,AreaShape,
Image_Texture_Correlation_RNA_10_01_256,0.4186730346774922,0.008495804528484377,0.0006125983668783589,0.5722185624271451,43574.2894872992,Image,Texture,RNA
Nuclei_RadialDistribution_MeanFrac_AGP_1of4,0.2935681707591681,0.029428529728530883,0.0008599708144534638,0.6761433286978477,66208.98106383276,Nuclei,RadialDistribution,AGP
Nuclei_Intensity_MADIntensity_DNA,0.3830310285025532,0.04159383714686265,0.0005004789849222764,0.574874655365662,164438.59144677108,Nuclei,Intensity,DNA
Image_Texture_Variance_RNA_5_01_256,0.3149162176003715,0.02129041924615232,0.0013928871099745355,0.6624004760435017,30468.876298950854,Image,Texture,RNA
Image_Texture_AngularSecondMoment_DNA_10_00_256,0.40137634300235936,0.05080835709762628,0.005121295655730592,0.5426940042442839,44261.56505773617,Image,Texture,DNA
Image_Texture_AngularSecondMoment_Mito_10_00_256,0.3983778050425187,0.06120919929950523,0.0036897947043863476,0.5367232009535897,153937.88486440203,Image,Texture,Mito
Cytoplasm_RadialDistribution_RadialCV_mito_tubeness_13of16,0.1832470974495909,0.05984144047729442,0.002903640493614372,0.7540078215795004,43284.21905900381,Cytoplasm,RadialDistribution,
Nuclei_Correlation_RWC_DNA_ER,0.11239929609089035,0.061961432933456115,0.007742970357369883,0.8178963006182837,41851.92847308729,Nuclei,Correlation,DNA
Nuclei_Texture_DifferenceEntropy_DNA_5_02_256,0.3854844114295117,0.03889781778843927,0.0055008625888853194,0.5701169081931639,145902.86939027905,Nuclei,Texture,DNA
Cells_Intensity_UpperQuartileIntensity_ER,0.27027272437629024,0.03745643238694501,0.0035405711855611283,0.6887302720512036,104286.42796162191,Cells,Intensity,ER
Nuclei_Texture_DifferenceEntropy_ER_5_03_256,0.20397785485053072,0.0541016648408409,0.0007291359974116927,0.7411913443112168,74410.95395455103,Nuclei,Texture,ER
Cytoplasm_Texture_Contrast_ER_5_01_256,0.4146891584345227,0.04306748283822087,0.001800949268351723,0.5404424094589046,187913.34540999937,Cytoplasm,Texture,ER
Image_Texture_InverseDifferenceMoment_DNA_10_02_256,0.4707872321395767,0.03868724738563347,0.0024622208684407726,0.4880632996063492,37118.435325861734,Image,Texture,DNA
Nuclei_Texture_Correlation_AGP_10_01_256,0.0751949258792039,0.08823033290492216,0.0007842847722281776,0.8357904564436458,146529.4658823741,Nuclei,Texture,AGP
Cells_Texture_DifferenceEntropy_RNA_5_00_256,0.1664274002349931,0.0460053201789064,0.0011878457940713559,0.7863794337920291,94165.91273052756,Cells,Texture,RNA
Cytoplasm_RadialDistribution_FracAtD_mito_tubeness_4of16,0.034886655451631735,0.037190743760866805,0.0019425873433179966,0.9259800134441835,179410.6953851151,Cytoplasm,RadialDistribution,
Cytoplasm_Texture_DifferenceVariance_Mito_3_01_256,0.04443551773607487,0.0923759028086789,0.0015950825369374269,0.8615934969183089,56284.74511180882,Cytoplasm,Texture,Mito
Image_Texture_InfoMeas1_Mito_10_03_256,0.2755767692945111,0.014372110800335344,0.005711936727492689,0.7043391831776609,22810.939546619735,Image,Texture,Mito
Cells_Texture_SumEntropy_DNA_3_03_256,0.2327763956152474,0.03428273659371181,0.0075988199551602345,0.7253420478358805,109319.2483917393,Cells,Texture,DNA
Cytoplasm_RadialDistribution_FracAtD_Mito_3of4,0.15147981697184948,0.04510983362059469,0.0029537535785126036,0.8004565958290433,73478.30635029325,Cytoplasm,RadialDistribution,Mito
Cells_RadialDistribution_MeanFrac_DNA_4of4,0.1306271866620329,0.04234136985927034,0.00367629798552559,0.8233551454931711,72353.39330980468,Cells,RadialDistribution,DNA
Cells_Texture_DifferenceVariance_AGP_3_03_256,0.09889235074677276,0.06015530780196792,0.0009827449521490528,0.8399695964991102,56907.05647284082,Cells,Texture,AGP
Cytoplasm_AreaShape_Zernike_9_3,0.3437179344477092,0.03216627463930121,0.0015356999387288385,0.6225800909742608,57688.27270928498,Cytoplasm,AreaShape,
Cytoplasm_Texture_SumAverage_RNA_10_01_256,0.19651009548861015,0.03559223314113528,0.0031736433507123843,0.7647240280195421,57058.67305552222,Cytoplasm,Texture,RNA
Nuclei_Texture_Entropy_AGP_5_01_256,0.18430527108094902,0.04223043732110045,0.0017703969275770371,0.7716938946703735,49074.176968089494,Nuclei,Texture,AGP
Cytoplasm_Texture_DifferenceEntropy_ER_10_02_256,0.18267408282151162,0.05604435362210422,0.001483953866554561,0.7597976096898296,105514.90528229169,Cytoplasm,Texture,ER
Image_Texture_SumAverage_Mito_5_01_256,0.27063643558301276,0.02297735150744513,0.0030692874333064077,0.7033169254762357,21225.501852584042,Image,Texture,Mito
Nuclei_Texture_SumEntropy_ER_10_02_256,0.1388262559327623,0.04868279645020337,0.0012087264647904833,0.8112822211522438,50098.14580126328,Nuclei,Texture,ER
Cells_Texture_SumEntropy_DNA_3_01_256,0.23356674295184993,0.03491421376025545,0.0075528750825919104,0.7239661682053026,109262.38710905505,Cells,Texture,DNA
Cytoplasm_Granularity_14_ER,0.33262389360094013,0.03786770375718908,0.003920782258373945,0.6255876203834968,51691.42029762315,Cytoplasm,Granularity,ER
Nuclei_Texture_DifferenceEntropy_AGP_3_03_256,0.16515071392806951,0.051672994576805055,0.001406911073383018,0.7817693804217424,61104.90205636034,Nuclei,Texture,AGP
Image_Intensity_LowerQuartileIntensity_DNA_BackgroundOnly,0.13231041334333876,0.02805160108115536,0.0005975936606847929,0.839040391914821,29680.52926138215,Image,Intensity,DNA
Nuclei_Texture_DifferenceEntropy_DNA_3_02_256,0.3846509113769524,0.03871053020870251,0.005358081032575125,0.5712804773817699,146706.0160965608,Nuclei,Texture,DNA
Nuclei_Location_CenterMassIntensity_Y_ER,0.09660742493661766,0.06841388024421582,0.0005533102053867422,0.8344253846137798,40317.54329917859,Nuclei,Location,ER
Cytoplasm_Texture_Correlation_DNA_5_00_256,0.10725057206698807,0.044608569289838744,0.0018101722382056946,0.8463306864049674,56523.38692505832,Cytoplasm,Texture,DNA
Cells_Texture_SumAverage_ER_10_03_256,0.2556486877259277,0.0373152531354178,0.004068945838743892,0.7029671132999107,90243.44862146246,Cells,Texture,ER
Nuclei_Texture_SumAverage_DNA_10_03_256,0.16601013947309434,0.03653642052194875,0.004364117214470687,0.7930893227904863,60861.027198138385,Nuclei,Texture,DNA
Nuclei_Texture_SumVariance_Mito_5_02_256,0.4570647830435942,0.042741942712515836,0.0031489822062088983,0.49704429203768097,222114.45211131274,Nuclei,Texture,Mito
Cytoplasm_Granularity_6_DNA,0.19417912712130167,0.040721190257640476,0.002943099918984366,0.7621565827020734,59366.42877378724,Cytoplasm,Granularity,DNA
Image_Texture_Contrast_Mito_3_01_256,0.24666472387803387,0.007430470462840659,0.0019106336666581884,0.7439941719924672,28873.228559581625,Image,Texture,Mito
Image_Texture_SumVariance_AGP_10_02_256,0.30880672876740095,0.01363118288541287,0.0018832125789542053,0.675678875768232,39354.721975345645,Image,Texture,AGP
Cytoplasm_Correlation_RWC_AGP_ER,0.22460214397442696,0.041530654562721876,0.0019780780514297622,0.7318891234114213,38740.02873635509,Cytoplasm,Correlation,AGP
Image_Intensity_MeanIntensity_ER__BackgroundOnly,0.22805286752845594,0.02335348943680502,0.003232451699347527,0.7453611913353915,27534.782155244975,Image,Intensity,ER
Cells_Correlation_RWC_Mito_RNA,0.22384268859262713,0.01945156066089649,0.010013578926655704,0.7466921718198207,37749.33402940931,Cells,Correlation,Mito
Cytoplasm_Texture_Correlation_DNA_3_00_256,0.144465298323705,0.047553726751553435,0.0021550590853203874,0.8058259158394212,60931.16256751532,Cytoplasm,Texture,DNA
Nuclei_Intensity_StdIntensityEdge_Mito,0.35027170514357553,0.04565947259284391,0.0024832637766637983,0.6015855584869166,100936.83529443783,Nuclei,Intensity,Mito
Cytoplasm_RadialDistribution_RadialCV_mito_tubeness_15of20,0.119524782547636,0.03648700686069607,0.002672070811443706,0.8413161397802242,24315.062387237675,Cytoplasm,RadialDistribution,
Cells_Texture_Entropy_RNA_5_00_256,0.11164449488555213,0.048329977618724214,0.0013909282779379544,0.8386345992177856,74204.92438000499,Cells,Texture,RNA
Cytoplasm_Granularity_1_DNA,0.2609498100125283,0.025924465314956634,0.004594246696911239,0.7085314779756038,86134.87861145097,Cytoplasm,Granularity,DNA
Nuclei_Texture_InverseDifferenceMoment_DNA_10_01_256,0.25653902046880966,0.03219227774593696,0.01090891857868158,0.7003597832065718,65599.00110716761,Nuclei,Texture,DNA
Cytoplasm_Texture_Contrast_DNA_10_02_256,0.3102460296312721,0.055600425331837115,0.007789556815466694,0.6263639882214239,185379.5933244905,Cytoplasm,Texture,DNA
Cytoplasm_Intensity_MassDisplacement_AGP,0.2567098410127412,0.0398353289433355,0.005250983206846588,0.6982038468370767,88774.1743585319,Cytoplasm,Intensity,AGP
Nuclei_Texture_Entropy_RNA_10_03_256,0.16456883124940216,0.04483908820034446,0.0004238585196320823,0.7901682220306213,55163.76830162495,Nuclei,Texture,RNA
Image_Texture_Contrast_DNA_3_00_256,0.27939077545888913,0.022628192679253027,0.0026478557209058764,0.695333176140952,24814.021325740774,Image,Texture,DNA
Nuclei_Texture_InfoMeas2_DNA_5_01_256,0.3855009100777656,0.041633968448120076,0.0060609467927565915,0.5668041746813577,126811.20295488284,Nuclei,Texture,DNA
Cells_Texture_SumEntropy_AGP_5_03_256,0.15343891350180391,0.05629289376250743,0.0012265985061688394,0.7890415942295197,75225.31747308085,Cells,Texture,AGP
Cytoplasm_Texture_DifferenceVariance_Mito_5_01_256,0.04380536065804032,0.09602339616038061,0.001571130663052073,0.8586001125185271,62192.27203304066,Cytoplasm,Texture,Mito
Cells_Texture_Contrast_AGP_10_01_256,0.37363355156813954,0.04716405065575242,0.002804461388290601,0.5763979363878176,171932.80015273896,Cells,Texture,AGP
Image_Texture_AngularSecondMoment_Mito_10_01_256,0.40338712322057474,0.05975825790795703,0.003632805573069421,0.5332218132983987,158174.40188175286,Image,Texture,Mito
Cytoplasm_RadialDistribution_MeanFrac_ER_1of4,0.36212103463120093,0.028824738001173873,0.006451682012626654,0.6026025453549985,122342.81328243559,Cytoplasm,RadialDistribution,ER
Cytoplasm_Texture_SumEntropy_AGP_5_02_256,0.18426873627410612,0.04768415862813449,0.0026364812328414557,0.7654106238649179,62402.83972598049,Cytoplasm,Texture,AGP
Cytoplasm_Texture_DifferenceEntropy_RNA_3_01_256,0.1890023946650967,0.047612756795354,0.001801613792462239,0.7615832347470871,88896.03209896802,Cytoplasm,Texture,RNA
Nuclei_Intensity_StdIntensity_RNA,0.30714224407624136,0.047343191994279075,0.0005406048382985443,0.644973959091181,100084.34368575642,Nuclei,Intensity,RNA
Nuclei_Texture_DifferenceVariance_RNA_5_00_256,0.0728339088909901,0.0916634389892077,0.0006521717828578546,0.8348504803369444,85431.22901317164,Nuclei,Texture,RNA
Cytoplasm_Texture_SumAverage_DNA_3_03_256,0.26984767042677926,0.030046772021064847,0.00466457972694418,0.6954409778252117,88046.23456609048,Cytoplasm,Texture,DNA
Cells_Texture_SumAverage_ER_10_00_256,0.2607006301185435,0.038460826826927585,0.003880714876306432,0.6969578281782225,94721.89968657836,Cells,Texture,ER
Nuclei_Texture_SumAverage_ER_5_02_256,0.2945089817329996,0.04845196102160453,0.0008672566627510583,0.6561718005826449,103965.74896285888,Nuclei,Texture,ER
Nuclei_Texture_SumVariance_Mito_3_00_256,0.4610980746863845,0.04202635999528903,0.003007946731239332,0.4938676185870871,225692.34969073167,Nuclei,Texture,Mito
Cytoplasm_AreaShape_Zernike_4_2,0.3527931410779127,0.05003086141986446,0.0013126334638785813,0.5958633640383444,96375.0231918167,Cytoplasm,AreaShape,
Cytoplasm_Texture_Entropy_RNA_3_00_256,0.1363498455723305,0.04758629524091402,0.0016768394321029668,0.8143870197546526,70249.03885963006,Cytoplasm,Texture,RNA
Image_Texture_DifferenceVariance_DNA_10_02_256,0.17999754075396596,0.013986736444595539,0.0012941241086975753,0.8047215986927408,25745.229835834787,Image,Texture,DNA
Cytoplasm_RadialDistribution_RadialCV_mito_tubeness_1of16,0.0,0.0,0.0,0.0,0.0,Cytoplasm,RadialDistribution,
Nuclei_Texture_SumEntropy_DNA_10_02_256,0.2922093432284641,0.0491930868015786,0.00778461078568685,0.6508129591842705,113092.16066940743,Nuclei,Texture,DNA
Nuclei_Texture_SumVariance_ER_3_02_256,0.36125826524369636,0.05204897815290938,0.0012873109005388744,0.5854054457028554,152079.39077230362,Nuclei,Texture,ER
Cells_Texture_InfoMeas2_RNA_10_02_256,0.11772011542627046,0.05825719473416524,0.0012059742052064957,0.8228167156343579,65069.82463104815,Cells,Texture,RNA
Image_Texture_AngularSecondMoment_AGP_3_01_256,0.44436880381331356,0.06243037500806879,0.0020623984387013548,0.49113842273991637,166345.67917670408,Image,Texture,AGP
Cells_Granularity_6_DNA,0.3839742856176203,0.04245209420272493,0.0022614014470343337,0.5713122187326204,66651.39175661159,Cells,Granularity,DNA
Cytoplasm_RadialDistribution_FracAtD_ER_4of4,0.12296512309020806,0.051315209703074544,0.0031061466544330674,0.8226135205522843,79254.70913806555,Cytoplasm,RadialDistribution,ER
Cells_Texture_Correlation_DNA_5_02_256,0.2831974091550943,0.04095981438141558,0.005168912344364588,0.6706738641191254,108496.08698575478,Cells,Texture,DNA
Cytoplasm_Texture_Contrast_RNA_3_02_256,0.4593354702684943,0.037510217955614225,0.0017156613600025205,0.501438650415889,205360.15305086487,Cytoplasm,Texture,RNA
Cells_RadialDistribution_RadialCV_mito_tubeness_7of20,0.2392764403193726,0.015847205484529715,0.0015897517855287932,0.7432866024105689,42760.11223206417,Cells,RadialDistribution,
Image_Texture_SumAverage_ER_3_02_256,0.48371882685363193,0.03302802410501857,0.0015882892358704168,0.4816648598054789,36661.32917975738,Image,Texture,ER
Cytoplasm_Intensity_UpperQuartileIntensity_DNA,0.3209952643824174,0.05261768811621242,0.002483363071313567,0.6239036844300567,121297.71698087806,Cytoplasm,Intensity,DNA
Cytoplasm_Texture_SumAverage_RNA_3_00_256,0.18332769380102557,0.039442840453367205,0.0029164672992982427,0.774312998446309,57107.805434554975,Cytoplasm,Texture,RNA
Nuclei_Texture_AngularSecondMoment_RNA_5_02_256,0.10645533258152276,0.08068474052020157,0.0018245036252745256,0.8110354232730012,95347.88390910243,Nuclei,Texture,RNA
Cells_Texture_DifferenceEntropy_AGP_10_02_256,0.16612270685488817,0.05342189526993787,0.0015322205368756283,0.7789231773382983,85066.02053777118,Cells,Texture,AGP
Cytoplasm_Texture_Contrast_Mito_3_02_256,0.42917583633027834,0.031230830609399927,0.002515907501766471,0.5370774255585552,150230.86609416758,Cytoplasm,Texture,Mito
Cells_Texture_Contrast_DNA_10_00_256,0.46572534733913273,0.03737914541775322,0.0016858239562605969,0.49520968328685344,235438.24907036911,Cells,Texture,DNA
Cells_Texture_Contrast_ER_5_01_256,0.4223575711694585,0.040812896495837254,0.001334227072575745,0.5354953052621285,187337.6567592144,Cells,Texture,ER
Cytoplasm_Texture_SumAverage_DNA_10_02_256,0.1941161339484042,0.037741034895570846,0.004679216019863668,0.7634636151361613,88039.67975325111,Cytoplasm,Texture,DNA
Image_ImageQuality_Correlation_OrigAGP_50,0.14735438876069062,0.04040107440232145,0.008389735335821285,0.8038548015011666,18610.67438166173,Image,ImageQuality,
Nuclei_Texture_Variance_Mito_3_03_256,0.46813009984949666,0.040526247171866016,0.002952671841284004,0.48839098113735335,225407.6118464974,Nuclei,Texture,Mito
Image_Texture_Contrast_Mito_3_02_256,0.2626893354754481,0.006381314858645756,0.0015236412224000591,0.7294057084435062,29357.728940149056,Image,Texture,Mito
Image_Texture_Contrast_Mito_5_00_256,0.2392708064079355,0.0074837213049951876,0.0018646198001748587,0.7513808524868946,29134.217497280257,Image,Texture,Mito
Image_Texture_DifferenceVariance_AGP_10_00_256,0.37266470285722525,0.036057366166286624,0.0035747393685833916,0.5877031916079047,73934.84214038574,Image,Texture,AGP
Cells_RadialDistribution_MeanFrac_RNA_4of4,0.1742659343901349,0.056007680127817594,0.003637439495138789,0.7660889459869087,96381.66936110894,Cells,RadialDistribution,RNA
Cytoplasm_Texture_DifferenceEntropy_DNA_3_02_256,0.2904050930102977,0.03127875723966626,0.00444438729559207,0.6738717624544439,104518.36031346123,Cytoplasm,Texture,DNA
Nuclei_Correlation_Correlation_DNA_ER,0.23203155081052357,0.0067381318735139145,0.003286947282247285,0.7579433700337153,23933.295151395116,Nuclei,Correlation,DNA
Nuclei_Granularity_13_DNA,0.3010508923209654,0.02902817340038362,0.0007145720575683977,0.6692063622210825,75138.47575760771,Nuclei,Granularity,DNA
Nuclei_Texture_Contrast_DNA_3_00_256,0.4916497589115362,0.0377158790709169,0.002598130153357278,0.46803623186418963,242863.90410975635,Nuclei,Texture,DNA
Cells_Texture_Contrast_ER_5_03_256,0.4234120579839995,0.040376588870936723,0.0014531996890782305,0.5347581534559855,188185.72147868236,Cells,Texture,ER
Cells_Texture_InfoMeas1_AGP_5_01_256,0.22080370654469753,0.053675209804065684,0.001739492276426568,0.7237815913748102,90221.9145523474,Cells,Texture,AGP
Image_Texture_DifferenceVariance_AGP_5_01_256,0.359069146433081,0.03401835384086307,0.003788147860442521,0.6031243518656134,65477.981953555645,Image,Texture,AGP
Nuclei_Texture_AngularSecondMoment_AGP_3_02_256,0.08944062324398909,0.03932558621455759,0.004118407846912529,0.8671153826945408,33428.934206937774,Nuclei,Texture,AGP
Nuclei_Texture_Correlation_ER_10_00_256,0.08831506184639008,0.09195609728540327,0.001326752018255314,0.8184020888499514,108617.81628351207,Nuclei,Texture,ER
Image_Texture_SumEntropy_Mito_10_00_256,0.44530966531038135,0.04874752553694167,0.002699875464440841,0.503242933688236,84880.18804723515,Image,Texture,Mito
Nuclei_Texture_InfoMeas2_DNA_10_01_256,0.26685310726611294,0.05064134170456768,0.0077272134018789304,0.6747783376274405,91742.81374102147,Nuclei,Texture,DNA
Cells_Texture_SumVariance_AGP_3_03_256,0.3685701075241084,0.04802011127436984,0.00326945672392734,0.5801403244775943,162059.70913597845,Cells,Texture,AGP
Nuclei_Texture_SumEntropy_RNA_3_00_256,0.13843611522607743,0.05237622033530961,0.0008934689241055503,0.8082941955145074,46866.62833083069,Nuclei,Texture,RNA
Image_Texture_Correlation_AGP_3_02_256,0.25739900126828824,0.013643032812435781,0.0019912980050934273,0.7269666679141826,31376.25957718114,Image,Texture,AGP
Image_Texture_Entropy_AGP_3_01_256,0.4639766222052705,0.050460850593309736,0.0013575700368816234,0.4842049571645382,82244.47293596846,Image,Texture,AGP
Nuclei_Location_MaxIntensity_Y_RNA,0.09646594735015528,0.0690322912546887,0.000516510918272147,0.8339852504768839,40595.6592310448,Nuclei,Location,RNA
Image_ImageQuality_LocalFocusScore_OrigRNA_5,0.36397381208878476,0.08642987128760167,0.003676405347416976,0.5459199112761965,240226.67346108734,Image,ImageQuality,
Cells_Texture_AngularSecondMoment_RNA_5_00_256,0.11593793346474798,0.07101167830372261,0.0010450180582632822,0.812005370173266,124439.78678264572,Cells,Texture,RNA
Cells_Correlation_Overlap_Mito_RNA,0.20739750916822106,0.020857180746521264,0.0069989637210432585,0.7647463463642143,28209.963799568963,Cells,Correlation,Mito
Image_ImageQuality_MedianIntensity_OrigAGP,0.3927374274555738,0.05802265653824601,0.0033486220830007797,0.5458912939231795,28532.307447309788,Image,ImageQuality,
Cytoplasm_Texture_Correlation_DNA_3_02_256,0.126873454246142,0.04671183204784967,0.0022258881768173373,0.824188825529191,60751.2679443237,Cytoplasm,Texture,DNA
Nuclei_Granularity_14_Mito,0.34435140427277566,0.020762600399895224,0.0015319219827407559,0.6333540733445884,36497.48238913466,Nuclei,Granularity,Mito
Cytoplasm_Texture_SumEntropy_ER_3_01_256,0.1729833488685115,0.055044267999814225,0.0012475571967201443,0.7707248259349541,86916.20296087189,Cytoplasm,Texture,ER
Cytoplasm_Correlation_RWC_RNA_AGP,0.23105684070429888,0.04198985420005981,0.0036989415841193595,0.723254363511522,68105.50957591724,Cytoplasm,Correlation,AGP
Image_Texture_Correlation_ER_3_03_256,0.3165861080358449,0.010241506399452666,0.0028655336021123664,0.6703068519625901,38191.73656439816,Image,Texture,ER
Cells_Texture_Contrast_DNA_3_02_256,0.47395265583763724,0.03423240127541705,0.0023017807532950195,0.48951316213365065,232693.47456872105,Cells,Texture,DNA
Nuclei_Texture_InfoMeas2_AGP_3_01_256,0.283884364330776,0.023286309960740433,0.0023054066261516556,0.6905239190823319,52528.140164226264,Nuclei,Texture,AGP
Cytoplasm_Texture_Contrast_AGP_3_01_256,0.36150023129340886,0.045629058943139345,0.003903944998998647,0.588966764764453,142636.6603340735,Cytoplasm,Texture,AGP
Nuclei_Texture_InfoMeas1_RNA_5_00_256,0.2818768925257793,0.04680253924292981,0.0018852864478748745,0.669435281783416,94569.74190304789,Nuclei,Texture,RNA
Cells_Texture_DifferenceVariance_RNA_3_00_256,0.06276815540058046,0.0812236678641104,0.0010891735376496782,0.8549190031976595,95717.86191091944,Cells,Texture,RNA
Cytoplasm_Texture_Correlation_ER_5_01_256,0.19979668185295635,0.05836303414345195,0.0024505894996136534,0.7393896945039781,112672.11240335983,Cytoplasm,Texture,ER
Nuclei_AreaShape_FormFactor,0.3664756365685652,0.038041376789264086,0.0031817495057633654,0.5923012371364074,158581.53122285093,Nuclei,AreaShape,
Nuclei_Texture_InverseDifferenceMoment_AGP_10_01_256,0.2804976968510054,0.03529984261872684,0.0015047292074155149,0.6826977313228523,59667.91804086005,Nuclei,Texture,AGP
Cells_Texture_InverseDifferenceMoment_ER_10_01_256,0.13958447669318436,0.039502222958716,0.0011051018545268356,0.8198081984935728,88592.06669465362,Cells,Texture,ER
Cells_Intensity_IntegratedIntensity_RNA,0.26020722115593936,0.023938298232859895,0.0008767540888116761,0.7149777265223892,78916.57509660182,Cells,Intensity,RNA
Cells_RadialDistribution_MeanFrac_RNA_2of4,0.1543781075698941,0.05368584852449015,0.005353668270967509,0.7865823756346482,83237.60959229115,Cells,RadialDistribution,RNA
Cytoplasm_Texture_DifferenceEntropy_Mito_5_01_256,0.20139206848527963,0.05267796821600795,0.0025044407793752654,0.7434255225193371,57332.86474873666,Cytoplasm,Texture,Mito
Nuclei_Texture_InverseDifferenceMoment_Mito_10_03_256,0.2802452154575035,0.05293401889912821,0.0065055754625163945,0.6603151901808519,68860.466715091,Nuclei,Texture,Mito
Image_Texture_Contrast_AGP_10_00_256,0.31826310775459976,0.014942874886152053,0.001707049983782977,0.6650869673754652,31752.413940532777,Image,Texture,AGP
Cells_Texture_SumEntropy_Mito_10_00_256,0.14188440660130203,0.05648373963727692,0.0034664336668435544,0.7981654200945775,51425.27921177648,Cells,Texture,Mito
Image_Texture_Variance_Mito_5_00_256,0.14504970857711008,0.017335360152094657,0.002671930229189213,0.834943001041606,36933.464953717805,Image,Texture,Mito
Cells_Texture_InverseDifferenceMoment_AGP_5_02_256,0.14286498094400954,0.04322493399412976,0.0012925765317656935,0.812617508530095,68919.61525178964,Cells,Texture,AGP
Cells_Texture_Correlation_AGP_5_00_256,0.2126654280557132,0.05834884937327094,0.0034187789060410563,0.7255669436649747,66156.01690791688,Cells,Texture,AGP
Cells_Texture_SumAverage_Mito_3_03_256,0.2530323294160345,0.051219220815182695,0.004433228261859359,0.6913152215069234,71201.44643788348,Cells,Texture,Mito
Image_Texture_DifferenceEntropy_RNA_3_03_256,0.48040320421645166,0.05049831366945975,0.0035188718276319983,0.4655796102864568,79369.59492119848,Image,Texture,RNA
Cells_Texture_Entropy_AGP_10_02_256,0.15321083138940986,0.053425349925988914,0.0018189402140556658,0.7915448784705456,68127.94223119973,Cells,Texture,AGP
Nuclei_Texture_AngularSecondMoment_ER_3_01_256,0.061127112480659926,0.074703906237229,0.0034643765918278718,0.8607046046902833,66274.44104618675,Nuclei,Texture,ER
Nuclei_Texture_Contrast_ER_3_01_256,0.37236530728912687,0.051094279536199466,0.00039155192698239034,0.5761488612476914,148284.98871055784,Nuclei,Texture,ER
Cells_Texture_SumEntropy_RNA_10_02_256,0.12045251476190184,0.054335983046446344,0.0005098706366144039,0.8247016315550375,79503.54800736491,Cells,Texture,RNA
Image_Texture_DifferenceVariance_Mito_10_02_256,0.3702943417112047,0.02057646082374843,0.003893108220842758,0.6052360892442041,54499.85459345467,Image,Texture,Mito
Cells_Texture_DifferenceEntropy_AGP_5_03_256,0.1641331237415044,0.05412931979689835,0.0015407553729246625,0.7801968010886727,82406.84185133093,Cells,Texture,AGP
Nuclei_AreaShape_Solidity,0.4251980606297422,0.04864938285215115,0.003519374844248072,0.5226331816738586,184102.1942768382,Nuclei,AreaShape,
Nuclei_Texture_InfoMeas1_Mito_3_02_256,0.2462477582914527,0.033054210190482845,0.004308195047542833,0.7163898364705216,54950.18565298134,Nuclei,Texture,Mito
Cells_AreaShape_Zernike_5_3,0.3200392756131813,0.023034987160329472,0.0014976621646517034,0.6554280750618375,63509.616863480354,Cells,AreaShape,
Cells_Correlation_Correlation_ER_RNA,0.07195020404586887,0.10182764159753546,0.0020803905529917155,0.824141763803604,85146.17567772184,Cells,Correlation,ER
Cytoplasm_Texture_InfoMeas1_RNA_3_03_256,0.10691373974434495,0.05909696306213391,0.0027995987475369593,0.8311896984459841,70092.15421285633,Cytoplasm,Texture,RNA
Image_Texture_SumAverage_RNA_5_00_256,0.4684718426937301,0.03257534698480136,0.0011764829948878513,0.4977763273265807,31475.980399103406,Image,Texture,RNA
Image_Texture_Correlation_ER_3_01_256,0.31933579140887497,0.009918200561759967,0.0027304349775404742,0.6680155730518245,38637.61394482432,Image,Texture,ER
Cytoplasm_RadialDistribution_FracAtD_mito_tubeness_13of16,0.0481878851478521,0.06587512249160801,0.0062508793648641345,0.8796861129956758,35404.65833957693,Cytoplasm,RadialDistribution,
Nuclei_Texture_Entropy_ER_5_01_256,0.17487293713241298,0.04683173616710934,0.001545635399538967,0.7767496913009387,47334.90944084401,Nuclei,Texture,ER
Cytoplasm_AreaShape_Compactness,0.2628511511508421,0.05163553998674767,0.005739781913949491,0.6797735269484607,127382.93922817108,Cytoplasm,AreaShape,
Image_Texture_SumAverage_ER_10_01_256,0.48321967162215573,0.03294928067788575,0.0015878264215783294,0.48224322127838026,36553.593625769216,Image,Texture,ER
Cytoplasm_Correlation_RWC_Mito_AGP,0.20737306068916958,0.03409595279643053,0.006676528797520591,0.7518544577168792,78871.24304242077,Cytoplasm,Correlation,AGP
Nuclei_Texture_Correlation_Mito_10_01_256,0.3191126428599875,0.03324216093682723,0.004021727277297993,0.6436234689258873,102952.52552522608,Nuclei,Texture,Mito
Cytoplasm_AreaShape_Center_X,0.07304345654927477,0.035139043065703854,0.0004910720606497498,0.8913264283243716,23366.575146279858,Cytoplasm,AreaShape,
Cytoplasm_Granularity_10_AGP,0.36641128540943685,0.0447904325743015,0.0012325757234542011,0.5875657062928075,107413.18406047684,Cytoplasm,Granularity,AGP
Cytoplasm_Texture_DifferenceVariance_DNA_10_03_256,0.09681374341694648,0.037390211017641416,0.005017124333946751,0.8607789212314654,54798.79921189837,Cytoplasm,Texture,DNA
Cytoplasm_Texture_InfoMeas2_Mito_10_00_256,0.16886940100528705,0.049936182189517495,0.004213258709677293,0.7769811580955182,48542.78141604694,Cytoplasm,Texture,Mito
Nuclei_Texture_InverseDifferenceMoment_RNA_10_03_256,0.16462913468385396,0.04634815952537066,0.0002071698552039857,0.7888155359355714,45127.01568078205,Nuclei,Texture,RNA
Nuclei_Texture_DifferenceEntropy_AGP_10_02_256,0.1466152683737201,0.04947937495560334,0.001721360663202814,0.8021839960074738,60626.82352981574,Nuclei,Texture,AGP
Cytoplasm_RadialDistribution_MeanFrac_ER_2of4,0.3487819894937239,0.02909051320604753,0.005902022461771017,0.6162254748384575,122644.85398874918,Cytoplasm,RadialDistribution,ER
Cytoplasm_Texture_InfoMeas2_ER_3_03_256,0.22170393661644036,0.03325135081272835,0.0039736369557278875,0.7410710756151034,66891.04809401189,Cytoplasm,Texture,ER
Image_Texture_AngularSecondMoment_RNA_10_02_256,0.4873071967058482,0.04708488063467009,0.006542373202619753,0.45906554945686195,193887.19573359913,Image,Texture,RNA
Image_Texture_SumVariance_DNA_5_01_256,0.2090273677436685,0.04113744026717947,0.005809439572001361,0.7440257524171507,42211.32568115294,Image,Texture,DNA
Cells_Texture_DifferenceVariance_ER_10_01_256,0.06475390494305162,0.0731022994886204,0.0027387104918075813,0.8594050850765204,98375.88026529393,Cells,Texture,ER
Nuclei_Texture_SumAverage_DNA_10_02_256,0.24789664725626262,0.0382781213630602,0.0021233083648422527,0.7117019230158349,88935.66474083513,Nuclei,Texture,DNA
Nuclei_Texture_InfoMeas2_ER_10_03_256,0.16750490270162732,0.039710170453304126,0.0025505310567574806,0.7902343957883111,50857.0195516343,Nuclei,Texture,ER
Image_Intensity_TotalIntensity_AGP,0.48739385395964047,0.032922437666220966,0.0017623336443598142,0.4779213747297787,33961.29499414225,Image,Intensity,AGP
Cells_Texture_SumEntropy_DNA_5_03_256,0.23291673346788208,0.03490466523637308,0.007420854048755718,0.7247577472469892,112983.27412033043,Cells,Texture,DNA
Cells_Texture_AngularSecondMoment_DNA_10_03_256,0.10908327971408067,0.03480646016386188,0.02030867216141486,0.8358015879606426,60865.75348415082,Cells,Texture,DNA
Cytoplasm_Granularity_3_DNA,0.475397538168373,0.03246059980348163,0.001602742438983616,0.4905391195891618,223535.14930300668,Cytoplasm,Granularity,DNA
Cytoplasm_Texture_DifferenceEntropy_DNA_10_03_256,0.2174486806766008,0.054794914381036765,0.011833218454760203,0.7159231864876022,112549.03969705869,Cytoplasm,Texture,DNA
Nuclei_Texture_Correlation_ER_5_03_256,0.09945346988524607,0.09143417412751358,0.0019330873567981802,0.8071792686304421,81345.91431843227,Nuclei,Texture,ER
Image_Granularity_7_Mito,0.2908972837255399,0.02799271139054719,0.004170104545119435,0.6769399003387934,38106.26791080091,Image,Granularity,Mito
Cytoplasm_Texture_InfoMeas2_Mito_10_03_256,0.20389931974315526,0.05196816123200363,0.0036739239835985446,0.7404585950412426,47475.15700159345,Cytoplasm,Texture,Mito
Nuclei_Texture_DifferenceVariance_RNA_10_01_256,0.09640080401753504,0.08916013075156018,0.0006366401045813082,0.8138024251263235,88565.30888985487,Nuclei,Texture,RNA
Cells_Correlation_K_RNA_ER,0.23352771030682232,0.021872590333988393,0.001867114640489114,0.7427325847187002,31248.40423086683,Cells,Correlation,ER
Image_Texture_InfoMeas2_DNA_3_03_256,0.3965894163713173,0.07166807717649006,0.0038997615690383003,0.5278427448831543,156627.94031426887,Image,Texture,DNA
Image_Texture_SumAverage_Mito_5_00_256,0.27089489268493966,0.022957816204664357,0.00306174000713111,0.7030855511032649,21222.633381423602,Image,Texture,Mito
Nuclei_Texture_DifferenceVariance_RNA_5_02_256,0.07217593399015325,0.09246694622123436,0.0006152709375521076,0.8347418488510602,86383.29533990144,Nuclei,Texture,RNA
Cells_Texture_SumAverage_DNA_10_01_256,0.18792141315275981,0.0352259340777605,0.005881868586659551,0.7709707841828202,93612.09593056788,Cells,Texture,DNA
Cytoplasm_Texture_Contrast_DNA_5_01_256,0.3899472799824885,0.028600829504208825,0.0011113168487241589,0.5803405736645785,157799.83692546675,Cytoplasm,Texture,DNA
Nuclei_Texture_Variance_DNA_3_00_256,0.4988978554436807,0.03943482775774256,0.002073198976377773,0.4595941178221989,256184.97246900588,Nuclei,Texture,DNA
Image_Texture_SumAverage_DNA_3_03_256,0.4626674722291783,0.040174171409641114,0.001391305379225468,0.4957670509819551,33736.686785200975,Image,Texture,DNA
Image_ImageQuality_StdIntensity_OrigER,0.3898650285347186,0.021251633104083987,0.0008795566411549469,0.5880037817200424,51355.56005536149,Image,ImageQuality,
Image_Texture_Variance_AGP_5_02_256,0.3146372232602475,0.014260224285590394,0.0019790054903616387,0.6691235469638005,39963.075458538035,Image,Texture,AGP
Cells_AreaShape_Zernike_4_4,0.20336253426526404,0.02482675436878386,0.003240786280068786,0.7685699250858833,79655.14918814205,Cells,AreaShape,
Cytoplasm_Texture_SumAverage_AGP_5_03_256,0.2724603022861927,0.008944006217757552,0.0032681898256372213,0.7153275016704126,34027.14276950698,Cytoplasm,Texture,AGP
Image_Texture_Variance_RNA_10_03_256,0.3147958517783297,0.02137568507036964,0.0013382849556677965,0.6624901781956329,30610.94167785442,Image,Texture,RNA
Cells_Texture_DifferenceEntropy_AGP_3_03_256,0.16420803115211396,0.05225354297234343,0.0017491861208644207,0.7817892397546782,76891.03096655759,Cells,Texture,AGP
Cytoplasm_RadialDistribution_FracAtD_mito_tubeness_14of20,0.1635188863401801,0.035688145807826095,0.002661498391677796,0.798131469460316,23616.680000258824,Cytoplasm,RadialDistribution,
Cytoplasm_Texture_Variance_Mito_3_01_256,0.38762633525312723,0.033291304571312186,0.003081603406156476,0.5760007567694041,126348.33971177306,Cytoplasm,Texture,Mito
Image_Texture_SumVariance_AGP_3_02_256,0.3095772196964933,0.013574984171764769,0.001960054215927098,0.6748877419158149,39232.07518700331,Image,Texture,AGP
Cells_Texture_SumEntropy_RNA_5_00_256,0.12016963180593564,0.05536193924914215,0.0007358807666903946,0.8237325481782317,82721.05179588805,Cells,Texture,RNA
Image_ImageQuality_Correlation_OrigRNA_5,0.16174533246741435,0.023733322174574523,0.0020663340163769982,0.8124550113416342,22256.05663488266,Image,ImageQuality,
Image_Texture_DifferenceEntropy_ER_3_03_256,0.4798137924650487,0.05186177636609626,0.0018573099290105988,0.46646712123984463,92815.52380862214,Image,Texture,ER
Image_Texture_InverseDifferenceMoment_RNA_10_01_256,0.4920540310605846,0.03440779567045736,0.003681011169135672,0.46985716209982237,54224.87774394492,Image,Texture,RNA
Cytoplasm_Texture_SumEntropy_ER_5_01_256,0.17197906261685977,0.05474535666349909,0.0011619066289206498,0.7721136740907204,87163.0579390371,Cytoplasm,Texture,ER
Cells_Texture_SumVariance_Mito_5_03_256,0.40934548575836316,0.041869157979265104,0.0020778186624418036,0.54670753759993,155578.5946633169,Cells,Texture,Mito
Cytoplasm_Granularity_3_AGP,0.3019661812698643,0.04098607925463765,0.001113337040487891,0.6559344024350101,102606.01606310905,Cytoplasm,Granularity,AGP
Cytoplasm_Texture_InfoMeas1_DNA_3_00_256,0.20304841277659763,0.041390175340651224,0.0040827538633778256,0.7514786580193734,72770.97247130718,Cytoplasm,Texture,DNA
Nuclei_Texture_SumVariance_ER_10_02_256,0.3314345816721634,0.05351571906115387,0.0010047893852731837,0.6140449098814097,139659.73124141165,Nuclei,Texture,ER
Cytoplasm_Texture_DifferenceEntropy_DNA_3_03_256,0.30214477247486293,0.030822545493475528,0.003921128629034986,0.6631115534026264,104727.09691463574,Cytoplasm,Texture,DNA
Cells_RadialDistribution_MeanFrac_mito_tubeness_9of16,0.16044259278693546,0.023984859088401964,0.0008133951818543193,0.8147591529428082,26914.064485578412,Cells,RadialDistribution,
Nuclei_Texture_Contrast_RNA_3_03_256,0.3560387927805519,0.04686317405392984,0.0015885036570132737,0.595509529508505,136859.01902602904,Nuclei,Texture,RNA
Image_Intensity_PercentMaximal_DNA,0.02865087566585701,0.08133824155474619,0.006168104129356159,0.8838427786500406,277636.4145135715,Image,Intensity,DNA
Cytoplasm_Texture_DifferenceVariance_RNA_5_00_256,0.06907014916574988,0.0782068897168324,0.0018600799111176,0.8508628812063002,88899.46168163054,Cytoplasm,Texture,RNA
Image_ImageQuality_MinIntensity_OrigMito,0.07048356819617585,0.010750144917286911,0.002341653982119279,0.9164246329044179,14647.093491861633,Image,ImageQuality,
Image_Texture_Contrast_AGP_5_01_256,0.3348856258181832,0.01507928569769858,0.0016315532204743313,0.6484035352636438,31189.763022787043,Image,Texture,AGP
Cytoplasm_Texture_InfoMeas2_DNA_3_00_256,0.26166176303688066,0.038112842860144686,0.003762028113309354,0.6964633659896654,73526.98718701808,Cytoplasm,Texture,DNA
Cells_Texture_AngularSecondMoment_AGP_3_02_256,0.14091255458417792,0.05197138544352148,0.002154575620339484,0.8049614843519611,75815.8071723296,Cells,Texture,AGP
Nuclei_AreaShape_Perimeter,0.4005186375990036,0.018225198908575314,0.0006584651368294326,0.5805976983555917,177128.77294430876,Nuclei,AreaShape,
Cytoplasm_Texture_Entropy_Mito_10_00_256,0.13169473942980456,0.05919304621251746,0.002308806891600195,0.8068034074660778,42881.05268550053,Cytoplasm,Texture,Mito
Image_Texture_DifferenceVariance_Mito_3_02_256,0.3095347287489741,0.01125803798024857,0.0029318988591123295,0.6762753344116649,35452.876704700844,Image,Texture,Mito
Cells_Texture_SumVariance_ER_10_02_256,0.31773963410966616,0.04903528049222655,0.001166709729399361,0.6320583756687079,122026.67639017105,Cells,Texture,ER
Image_Intensity_PercentMaximal_AGP,0.021948235150707127,0.11163668787172822,0.010549026482619355,0.8558660504949454,105265.2393873106,Image,Intensity,AGP
Nuclei_Texture_InfoMeas1_Mito_3_01_256,0.2974495897916794,0.03473911803368043,0.004269374972625319,0.6635419172020147,78294.41220883536,Nuclei,Texture,Mito
Cytoplasm_Texture_SumEntropy_DNA_5_03_256,0.2848175237113278,0.02761086037109388,0.004935829966359085,0.6826357859512193,87066.41915339616,Cytoplasm,Texture,DNA
Cells_Texture_Entropy_Mito_5_00_256,0.15326303104496783,0.05962291662297147,0.0036618934833583068,0.7834521588487025,51513.297437462505,Cells,Texture,Mito
Cytoplasm_Texture_InverseDifferenceMoment_AGP_5_01_256,0.14554129419671807,0.043633182073863144,0.0012708732414539927,0.8095546504879648,64263.466090963644,Cytoplasm,Texture,AGP
Nuclei_Texture_DifferenceVariance_Mito_3_01_256,0.05185386395401774,0.08302913438829294,0.0035046790748653454,0.861612322582824,56125.88487664429,Nuclei,Texture,Mito
Nuclei_Texture_DifferenceEntropy_DNA_10_03_256,0.23380247055327577,0.051533026099071094,0.00624997252236639,0.7084145308252866,96944.4131671531,Nuclei,Texture,DNA
Cells_RadialDistribution_RadialCV_mito_tubeness_2of20,0.3976277264890231,0.051976159679192044,0.0010133101359895286,0.5493828036957953,116695.77331565137,Cells,RadialDistribution,
Nuclei_Texture_InfoMeas2_ER_10_00_256,0.1936873917898641,0.0422820807184344,0.0025735238224108025,0.7614570036692907,55091.53066286014,Nuclei,Texture,ER
Cells_Texture_SumVariance_RNA_3_01_256,0.36685541030729235,0.04814290527161201,0.0008494617405310811,0.5841522226805645,144156.7236198153,Cells,Texture,RNA
Nuclei_Location_MaxIntensity_X_RNA,0.0678460757562025,0.03328791281559365,0.000353386783639665,0.8985126246445642,24170.669196805058,Nuclei,Location,RNA
Cytoplasm_Texture_DifferenceVariance_DNA_3_03_256,0.09124066379464707,0.03852561910596738,0.003866220858973121,0.8663674962404124,54677.53535359586,Cytoplasm,Texture,DNA
Nuclei_Texture_SumEntropy_DNA_5_01_256,0.35952343775893836,0.04304703912522022,0.0061279282741777946,0.5913015948416634,132643.26438899714,Nuclei,Texture,DNA
Cytoplasm_Texture_SumAverage_AGP_3_01_256,0.27043934022849386,0.009672369261724347,0.00361541815793802,0.7162728723518437,33274.024543788735,Cytoplasm,Texture,AGP
Image_Texture_SumAverage_ER_3_03_256,0.48388740929063095,0.03295759579307087,0.001596474167507303,0.4815585207487908,36664.91828426931,Image,Texture,ER
Nuclei_Intensity_LowerQuartileIntensity_AGP,0.22045550062530556,0.031119899087374576,0.0033625008565727897,0.7450620994307471,52997.63713380642,Nuclei,Intensity,AGP
Nuclei_Texture_Entropy_AGP_5_03_256,0.1849369434830836,0.04217600051314326,0.0018960060285253277,0.7709910499752478,49771.900163626866,Nuclei,Texture,AGP
Cells_Texture_Contrast_RNA_5_01_256,0.4414395163310077,0.039026412625915545,0.0016278070832793721,0.5179062639597974,193158.4209777229,Cells,Texture,RNA
Cells_RadialDistribution_RadialCV_mito_tubeness_7of16,0.2215533097453693,0.023223109861008985,0.001829732831119287,0.7533938475625025,42208.30542607164,Cells,RadialDistribution,
Cytoplasm_RadialDistribution_MeanFrac_mito_tubeness_6of16,0.030178055268639953,0.08446100627446045,0.040489067477107815,0.8448718709797919,503525.55575813394,Cytoplasm,RadialDistribution,
Image_Texture_InfoMeas1_RNA_5_00_256,0.27236790750494067,0.0194794126383218,0.0009700719753575322,0.70718260788138,31341.523788395258,Image,Texture,RNA
Cytoplasm_Texture_Entropy_AGP_5_02_256,0.18527619171306312,0.044513023066467906,0.0018913478199449418,0.7683194374005241,55053.34627769343,Cytoplasm,Texture,AGP
Image_Texture_SumEntropy_Mito_3_01_256,0.4424909688920114,0.04890973738183093,0.003243747326101824,0.5053555464000558,82022.0992513179,Image,Texture,Mito
Nuclei_Texture_SumAverage_RNA_5_01_256,0.26516943278020166,0.038857090423732726,0.001356900620678607,0.6946165761753871,78338.26274730841,Nuclei,Texture,RNA
Cytoplasm_Correlation_Overlap_Mito_RNA,0.22725240389900367,0.03351286917475193,0.004656126764156044,0.7345786001620884,45895.31770049286,Cytoplasm,Correlation,Mito
Cytoplasm_Texture_AngularSecondMoment_DNA_5_00_256,0.07105106121077873,0.0438552294344417,0.0036782972451965853,0.881415412109583,62686.99602385124,Cytoplasm,Texture,DNA
Cytoplasm_Texture_InfoMeas2_ER_10_03_256,0.2127098009314462,0.03237967734967452,0.0023528729128242656,0.7525576488060551,71482.963469588,Cytoplasm,Texture,ER
Image_Texture_InverseDifferenceMoment_DNA_3_01_256,0.4408827163444437,0.040462128693646814,0.0032611411798911948,0.5153940137820183,34641.441275443496,Image,Texture,DNA
Cytoplasm_RadialDistribution_MeanFrac_mito_tubeness_17of20,0.036799727778394464,0.11347849982322479,0.006567643972567141,0.8431541284258136,123154.82423339861,Cytoplasm,RadialDistribution,
Image_Texture_SumEntropy_AGP_3_02_256,0.4534491840491353,0.06031598369285261,0.001659541807007458,0.48457529045100456,104751.4237148515,Image,Texture,AGP
Cells_Texture_SumVariance_AGP_5_01_256,0.36770530308663213,0.04749628586555736,0.0030577523688758604,0.5817406586789347,159466.43560240013,Cells,Texture,AGP
Cytoplasm_Texture_SumVariance_Mito_10_03_256,0.3692181792690176,0.0338465079998506,0.002579458125217714,0.5943558546059141,116588.33724472721,Cytoplasm,Texture,Mito
Cells_RadialDistribution_MeanFrac_mito_tubeness_12of16,0.2551673286903995,0.02967230769420717,0.004346727857379339,0.7108136357580139,60521.679342773554,Cells,RadialDistribution,
Image_Texture_InfoMeas2_AGP_10_03_256,0.39484773359556147,0.04682400709514382,0.002696786958684354,0.5556314723506104,112011.91356466859,Image,Texture,AGP
Image_Texture_Entropy_RNA_3_00_256,0.4693327243342966,0.04693357890188123,0.008964491873004144,0.47476920489081803,87357.23056821105,Image,Texture,RNA
Image_ImageQuality_Correlation_OrigDNA_10,0.3473465784152679,0.02814205219569185,0.003583294144034065,0.6209280752450062,57577.32371638003,Image,ImageQuality,
Cytoplasm_Texture_AngularSecondMoment_DNA_5_03_256,0.06095728244666458,0.046272756287582296,0.0034297988763368004,0.8893401623894164,59443.88470775093,Cytoplasm,Texture,DNA
Cells_Texture_SumVariance_Mito_10_01_256,0.39842563558727717,0.04096590736491631,0.0021303741772065064,0.5584780828706001,146521.57543193013,Cells,Texture,Mito
Cytoplasm_Texture_SumAverage_RNA_10_02_256,0.19101342188937392,0.03732631740689513,0.002983468046498986,0.768676792657232,59187.31651954688,Cytoplasm,Texture,RNA
Nuclei_RadialDistribution_RadialCV_DNA_1of4,0.4394281794718076,0.04322043558417261,0.0018131321593263846,0.5155382527846935,142202.73590566742,Nuclei,RadialDistribution,DNA
Nuclei_Intensity_MedianIntensity_AGP,0.24874346797818053,0.0384740940116699,0.0023217497247897726,0.7104606882853597,69437.90196387615,Nuclei,Intensity,AGP
Cells_Neighbors_SecondClosestObjectNumber_Adjacent,0.5052124430913556,0.041219287523234456,0.0014467126813538015,0.4521215567040561,43973.69991734985,Cells,Neighbors,
Cytoplasm_Correlation_Manders_RNA_ER,0.10280654933342234,0.07353414926163436,0.003454726238286944,0.8202045751666563,41060.215391385995,Cytoplasm,Correlation,ER
Nuclei_Texture_Entropy_AGP_5_02_256,0.18715346969068825,0.044329328142337886,0.001898399073829526,0.7666188030931442,51350.701820458366,Nuclei,Texture,AGP
Cytoplasm_Texture_Entropy_Mito_3_00_256,0.14848405075577353,0.05769199410795258,0.0022769653891978243,0.791546989747076,42812.34924693368,Cytoplasm,Texture,Mito
Nuclei_Texture_Variance_RNA_5_00_256,0.3628121046544963,0.05090439597315675,0.0011228503984943429,0.5851606489738527,142734.88878050484,Nuclei,Texture,RNA
Cells_RadialDistribution_RadialCV_mito_tubeness_19of20,0.3650741357642708,0.03448807602132171,0.0029214407613986065,0.5975163474530089,116764.92958640272,Cells,RadialDistribution,
Image_Texture_DifferenceVariance_DNA_10_03_256,0.20396872877910235,0.012731255730676832,0.0011532681006374515,0.7821467473895835,27130.83945315343,Image,Texture,DNA
Cytoplasm_Texture_InverseDifferenceMoment_ER_10_02_256,0.19753115850849995,0.04232305509536734,0.001313168819756676,0.758832617576376,82063.79640781067,Cytoplasm,Texture,ER
Image_Intensity_PercentMaximal_ER__BackgroundOnly,0.13435301472124725,0.00365725331093764,0.002536279933107595,0.8594534520347075,31195.249855101894,Image,Intensity,ER
Nuclei_Texture_Variance_DNA_10_01_256,0.45340999294360906,0.043949917777112865,0.0023016654736473085,0.5003384238056308,232862.7942358426,Nuclei,Texture,DNA
Cells_Texture_InverseDifferenceMoment_AGP_3_00_256,0.13475082573483207,0.04270022638285086,0.0011816610661708597,0.8213672868161462,65435.443925048676,Cells,Texture,AGP
Cytoplasm_Texture_SumAverage_AGP_3_03_256,0.27146891294323544,0.009585473923398936,0.0032860583572381823,0.7156595547761274,33582.95119246292,Cytoplasm,Texture,AGP
Cytoplasm_AreaShape_MeanRadius,0.21164059682713457,0.042163063126425426,0.0008361553180475591,0.7453601847283924,120610.69192212872,Cytoplasm,AreaShape,
Image_Texture_Contrast_ER_10_03_256,0.2717230997978319,0.014551641110756198,0.0012101520368725928,0.7125151070545394,24897.20813061353,Image,Texture,ER
Nuclei_Texture_Entropy_DNA_10_00_256,0.21111703453774375,0.05315352506702975,0.01061456037775601,0.7251148800174704,92583.16218943185,Nuclei,Texture,DNA
Image_ImageQuality_TotalIntensity_OrigRNA,0.47756813701619566,0.030963860183620368,0.0014682360706492494,0.4899997667295347,30992.21946185741,Image,ImageQuality,
Nuclei_Texture_SumVariance_Mito_3_02_256,0.4604383661673599,0.04262738824501063,0.003172753847322927,0.4937614917403065,225070.52950944522,Nuclei,Texture,Mito
Cells_Texture_Contrast_AGP_3_03_256,0.3629901281554011,0.046705203056366155,0.0037480071767621924,0.5865566616114705,153436.84876255714,Cells,Texture,AGP
Image_Texture_Entropy_ER_10_00_256,0.487981685211219,0.044318982577062974,0.002897842411799678,0.46480148979991825,89213.67844296183,Image,Texture,ER
Cytoplasm_AreaShape_Zernike_7_1,0.3277901713450897,0.04915097917860591,0.0015789858126033995,0.6214798636637011,52962.03441207507,Cytoplasm,AreaShape,
Nuclei_Texture_AngularSecondMoment_DNA_10_03_256,0.0336689641828305,0.047980280034223846,0.01715599499615884,0.9011947607867868,64761.8028382698,Nuclei,Texture,DNA
Nuclei_Texture_Entropy_ER_5_03_256,0.17424337832080652,0.04689601211990067,0.0016012902083831716,0.7772593193509096,47230.56701071953,Nuclei,Texture,ER
Cells_Intensity_MeanIntensityEdge_ER,0.201198879755874,0.01980833747009505,0.02271133749291677,0.7562814452811141,39377.53883467075,Cells,Intensity,ER
Cells_Texture_DifferenceVariance_RNA_3_01_256,0.06258511930030593,0.08142096125991163,0.0008637990711988138,0.8551301203685836,98855.46941634992,Cells,Texture,RNA
Nuclei_Intensity_LowerQuartileIntensity_Mito,0.26447239879545575,0.04340775416074122,0.0031304323894253317,0.6889894146543777,71141.0652506362,Nuclei,Intensity,Mito
Image_Texture_SumEntropy_ER_5_01_256,0.4868399877330916,0.053435288016849415,0.0026023181691634625,0.4571224060808955,112159.15542495777,Image,Texture,ER
Nuclei_Texture_DifferenceEntropy_Mito_5_02_256,0.3567869454443309,0.0535285482165391,0.0032478593025617574,0.5864366470365682,113021.97383867837,Nuclei,Texture,Mito
Cells_Texture_Correlation_ER_5_00_256,0.17817661164291174,0.036506319119719854,0.0067108551771345604,0.7786062140602338,50806.41176743973,Cells,Texture,ER
Cytoplasm_Intensity_MedianIntensity_DNA,0.2132871083565361,0.0696823856602243,0.005114247219793245,0.7119162587634463,102366.91833467432,Cytoplasm,Intensity,DNA
Nuclei_Texture_SumAverage_Mito_3_01_256,0.3193827237687366,0.048010789828709405,0.0033446610271476865,0.6292618253754062,97111.76121170081,Nuclei,Texture,Mito
Cytoplasm_Texture_Contrast_RNA_5_03_256,0.45148809245478244,0.03674003812228366,0.00159770914750434,0.5101741602754295,198001.5445878688,Cytoplasm,Texture,RNA
Cytoplasm_RadialDistribution_FracAtD_mito_tubeness_2of20,0.02993137276196609,0.0019259479819115385,0.0022386057791963527,0.965904073476926,1199.6642104281318,Cytoplasm,RadialDistribution,
Nuclei_Texture_Variance_RNA_3_00_256,0.3658953111807939,0.05057693902367219,0.0010871218370354869,0.5824406279584985,142762.85490749235,Nuclei,Texture,RNA
Nuclei_Location_CenterMassIntensity_Y_Mito,0.09645011275793496,0.06839335530321282,0.0005444215477460778,0.834612110391106,40283.80613513239,Nuclei,Location,Mito
Nuclei_Texture_InfoMeas1_Mito_5_02_256,0.3274764627578623,0.035416331665015,0.0038164687339899248,0.6332907368431328,92712.99502044506,Nuclei,Texture,Mito
Nuclei_Texture_InverseDifferenceMoment_DNA_5_00_256,0.29842889618907203,0.03845520591035741,0.009046270373637696,0.6540696275269328,97195.26552632723,Nuclei,Texture,DNA
Cells_Texture_AngularSecondMoment_Mito_10_03_256,0.07461931687461988,0.08601787100483593,0.002283913876349122,0.8370788982441951,87620.07478629064,Cells,Texture,Mito
Image_Intensity_MaxIntensity_AGP__BackgroundOnly,0.16847243726642977,0.0080312444203896,0.0016242825705335877,0.821872035742647,19660.227231464556,Image,Intensity,AGP
Nuclei_Intensity_MassDisplacement_DNA,0.4311907300438762,0.04224961579769717,0.0010904407241327848,0.5254692134342938,162008.63771329477,Nuclei,Intensity,DNA
Image_Texture_SumAverage_ER_5_01_256,0.4832911278485692,0.032717642556065914,0.0016308792637310108,0.4823603503316339,36663.18180983601,Image,Texture,ER
Nuclei_Texture_DifferenceEntropy_Mito_5_00_256,0.3564904094977893,0.0524313123548549,0.0032927452367981225,0.5877855329105577,109610.01744709129,Nuclei,Texture,Mito
Cells_Texture_SumVariance_AGP_3_00_256,0.37583173460014935,0.04748697424951373,0.003244028385551161,0.5734372627647857,164537.56336234004,Cells,Texture,AGP
Nuclei_Texture_DifferenceVariance_RNA_10_00_256,0.07663826869828148,0.09365931205379499,0.0006458750676903404,0.8290565441802332,88741.4617343272,Nuclei,Texture,RNA
Cells_Texture_InverseDifferenceMoment_Mito_10_02_256,0.15232403666393252,0.06329492909997256,0.0032615122598560918,0.7811195219762388,56206.64442823433,Cells,Texture,Mito
Cytoplasm_Texture_InverseDifferenceMoment_Mito_5_03_256,0.16208009191840522,0.058820897201265765,0.0027708005514150637,0.776328210328914,46845.02385648186,Cytoplasm,Texture,Mito
Cytoplasm_Texture_SumVariance_RNA_5_02_256,0.38855563385601893,0.046729609092582836,0.0004740838071151703,0.564240673244283,147929.58004456045,Cytoplasm,Texture,RNA
Cytoplasm_Texture_InverseDifferenceMoment_DNA_3_00_256,0.09870742002378731,0.04676230437436167,0.004955601967802446,0.8495746736340486,87467.9946475309,Cytoplasm,Texture,DNA
Cells_RadialDistribution_FracAtD_ER_1of4,0.12973707625693967,0.07500725582896883,0.0007041678462432789,0.7945515000678482,107456.13014361069,Cells,RadialDistribution,ER
Cells_Texture_SumAverage_Mito_3_00_256,0.25043040385005727,0.05170446875664864,0.004438620743316794,0.6934265066499773,70158.48950227982,Cells,Texture,Mito
Nuclei_AreaShape_Zernike_2_0,0.43865750473027304,0.02895329043739042,0.0013299962422524678,0.5310592085900842,110377.59899563304,Nuclei,AreaShape,
Nuclei_Granularity_4_Mito,0.48612513098291577,0.031049175176465528,0.0008334927835062058,0.48199220105711243,175074.8381199822,Nuclei,Granularity,Mito
Nuclei_Intensity_IntegratedIntensityEdge_DNA,0.2973263796426806,0.051305965603188536,0.000515535841312437,0.6508521189128185,103046.5135424055,Nuclei,Intensity,DNA
Cytoplasm_RadialDistribution_MeanFrac_ER_4of4,0.3007683024070601,0.02711071401245622,0.0037618257711836147,0.6683591578093001,112349.636137923,Cytoplasm,RadialDistribution,ER
Nuclei_Texture_SumAverage_Mito_10_03_256,0.2910247791221493,0.04750496118062242,0.003680549066629655,0.6577897106305987,81567.43093529099,Nuclei,Texture,Mito
Cells_Correlation_K_AGP_ER,0.21075023127387107,0.023667432043861906,0.0005268091081826981,0.7650555275740842,45369.03118091348,Cells,Correlation,AGP
Cells_Texture_DifferenceEntropy_Mito_3_03_256,0.24938029701287742,0.054439836407898325,0.0025994179954908865,0.6935804485837335,70342.21408079972,Cells,Texture,Mito
Cells_Granularity_11_RNA,0.3164820093598401,0.031648906547448126,0.002294551827141748,0.64957453226557,52868.51098465802,Cells,Granularity,RNA
Cells_Texture_Variance_Mito_5_02_256,0.4283339847492197,0.038603577575036435,0.0020165721064131325,0.5310458655693306,163093.90558067657,Cells,Texture,Mito
Cytoplasm_Texture_Variance_ER_3_02_256,0.3710751783785717,0.04760524649411278,0.0013196448023737393,0.5799999303249419,149837.22314549854,Cytoplasm,Texture,ER
Nuclei_Texture_InfoMeas2_DNA_10_03_256,0.2659206442716609,0.05202859504878316,0.008298770807488531,0.6737519898720674,92602.6114509666,Nuclei,Texture,DNA
Image_ImageQuality_TotalArea_OrigMito,0.0,0.0,0.0,0.0,0.0,Image,ImageQuality,
Nuclei_Texture_SumAverage_DNA_3_02_256,0.3624106428693547,0.03168571490193669,0.00549697075012565,0.600406671478583,123688.87905121178,Nuclei,Texture,DNA
Image_Texture_SumAverage_RNA_3_01_256,0.4687288990718574,0.03267169113231109,0.0011887212024946445,0.49741068859333687,31463.07660367308,Image,Texture,RNA
Cytoplasm_Texture_SumAverage_ER_5_01_256,0.22585618450637826,0.04230904119562281,0.002629963893896463,0.7292048104041025,78742.1100921127,Cytoplasm,Texture,ER
Cytoplasm_Texture_Contrast_RNA_5_00_256,0.45609708189110526,0.03735439915604657,0.0018037546376381236,0.5047447643152102,202631.63731051306,Cytoplasm,Texture,RNA
Image_ImageQuality_MADIntensity_OrigMito,0.350660526071856,0.040942472869271856,0.0014083931545839502,0.6069886079042882,26084.081973161177,Image,ImageQuality,
Nuclei_Texture_AngularSecondMoment_AGP_10_02_256,0.09776735844688615,0.03373955229597263,0.004298824456612181,0.864194264800529,33311.11819576104,Nuclei,Texture,AGP
Cytoplasm_Texture_InverseDifferenceMoment_ER_3_02_256,0.2401678780761678,0.04379548232255266,0.0009811603406459548,0.7150554792606336,89003.36317353218,Cytoplasm,Texture,ER
Nuclei_Texture_DifferenceVariance_ER_10_02_256,0.05032949476740327,0.086481666578439,0.0030380718112262804,0.8601507668429313,77889.425986646,Nuclei,Texture,ER
Cells_Intensity_MinIntensity_AGP,0.382635235719416,0.021137032444674204,0.0036718477450635805,0.5925558840908463,22281.41331355049,Cells,Intensity,AGP
Nuclei_Intensity_MinIntensity_AGP,0.2599422999366524,0.01520183872914155,0.0037945831081477545,0.7210612782260583,29977.10213092275,Nuclei,Intensity,AGP
Image_ImageQuality_Correlation_OrigER_5,0.141436939652181,0.014298882844097683,0.002741271026700633,0.8415229064770208,13595.070634022395,Image,ImageQuality,
Nuclei_Correlation_RWC_ER_DNA,0.07702608025838292,0.06971921732948491,0.004763036494930342,0.8484916659172018,58585.85612495055,Nuclei,Correlation,DNA
Nuclei_Texture_Entropy_AGP_5_00_256,0.18621127541199506,0.04469616301901723,0.0018210760721139895,0.7672714854968737,51026.02722128534,Nuclei,Texture,AGP
Image_Texture_DifferenceVariance_DNA_5_00_256,0.15480915250207272,0.016363429507025642,0.0009466053217959634,0.8278808126691056,24410.69158727707,Image,Texture,DNA
Nuclei_RadialDistribution_MeanFrac_AGP_4of4,0.3254418972902037,0.026275115033013656,0.0013171648389683971,0.6469658228378142,75370.65674651653,Nuclei,RadialDistribution,AGP
Image_Texture_SumEntropy_Mito_10_02_256,0.4448933349364524,0.04942265904669427,0.002685302444959056,0.5029987035718944,85513.31656437335,Image,Texture,Mito
Cytoplasm_Texture_Variance_AGP_10_02_256,0.3638216391609349,0.04785599934069968,0.00387926432915202,0.5844430971692134,144783.25818298888,Cytoplasm,Texture,AGP
Cytoplasm_Texture_Correlation_ER_5_03_256,0.1986667602510872,0.060007393867179085,0.0027949000937129488,0.7385309457880208,112455.30384542861,Cytoplasm,Texture,ER
Cytoplasm_Texture_SumAverage_RNA_3_01_256,0.18548609874313157,0.03943357984531929,0.003000441015934626,0.7720798803956146,58859.78783775571,Cytoplasm,Texture,RNA
Nuclei_Location_MaxIntensity_X_Mito,0.06720776892173776,0.033659279726090376,0.000425714625197221,0.8987072367269746,24657.636606965913,Nuclei,Location,Mito
Cytoplasm_Correlation_K_RNA_Mito,0.3143235360318699,0.019797257199822636,0.0021983484686805424,0.663680858299627,39975.30180616729,Cytoplasm,Correlation,Mito
Nuclei_Texture_InfoMeas1_DNA_3_02_256,0.35617350045073765,0.03734450499325993,0.0067068513958256065,0.5997751431601768,127737.53997350756,Nuclei,Texture,DNA
Nuclei_Intensity_UpperQuartileIntensity_RNA,0.2861550285603483,0.042665561892396286,0.0010427571434431888,0.6701366524038123,89068.36068059722,Nuclei,Intensity,RNA
Nuclei_Intensity_StdIntensityEdge_ER,0.33806610191685404,0.04337605504643391,0.0029030382555873366,0.6156548047811247,99080.64413372337,Nuclei,Intensity,ER
Image_Texture_InfoMeas2_DNA_5_02_256,0.37913682537894877,0.07211205566491485,0.004343004234605151,0.5444081147215312,153005.43687195517,Image,Texture,DNA
Image_Texture_InfoMeas1_AGP_3_00_256,0.24983076888769756,0.022109628789822276,0.0020724373293852117,0.7259871649930949,22478.646997949123,Image,Texture,AGP
Image_Intensity_LowerQuartileIntensity_AGP__BackgroundOnly,0.154130508352797,0.038333445067894954,0.003970856025511506,0.8035651905537966,27275.870146202633,Image,Intensity,AGP
Cells_Texture_Contrast_RNA_10_03_256,0.41018661283576713,0.040597143682600985,0.001114509141560444,0.5481017343400715,173726.4216597643,Cells,Texture,RNA
Cytoplasm_Texture_Entropy_AGP_10_01_256,0.18685663926891682,0.046060311118119396,0.0017587876749843563,0.7653242619379794,59675.73012436378,Cytoplasm,Texture,AGP
Nuclei_Texture_Contrast_Mito_3_03_256,0.48181643857907613,0.03835003234355947,0.0021911345309714903,0.4776423945463929,229640.08433664156,Nuclei,Texture,Mito
Cytoplasm_Texture_SumVariance_DNA_5_02_256,0.3860088271740877,0.02435917520419542,0.0014951133484546054,0.5881368842732623,151018.43763817407,Cytoplasm,Texture,DNA
Image_Texture_InverseDifferenceMoment_AGP_3_02_256,0.4637828792190512,0.0431960203189592,0.0010909082524194885,0.49193019220957,42654.12698800533,Image,Texture,AGP
Cells_Granularity_15_ER,0.32553857007511783,0.031941782925377186,0.0027398090042765155,0.6397798379952285,37016.958394967274,Cells,Granularity,ER
Cells_RadialDistribution_RadialCV_mito_tubeness_9of20,0.23242612050000278,0.024538997119589956,0.0018389148795258706,0.7411959675008813,43923.745656339015,Cells,RadialDistribution,
Cells_Texture_DifferenceEntropy_DNA_3_02_256,0.30292487657103984,0.0335695512679217,0.006654560492565404,0.6568510116684732,134782.83657094114,Cells,Texture,DNA
Cytoplasm_AreaShape_Zernike_9_7,0.33366117461238276,0.02948143996435478,0.0023224872956499627,0.6345348981276124,65006.95145548144,Cytoplasm,AreaShape,
Image_Texture_Variance_RNA_3_02_256,0.313659925012032,0.02165513249542042,0.0013860710680963942,0.6632988714244511,30662.174115381848,Image,Texture,RNA
Nuclei_Texture_DifferenceEntropy_ER_5_01_256,0.20604209726351994,0.052860401595707165,0.0009604815679886661,0.7401370195727843,72505.69954724939,Nuclei,Texture,ER
Cells_RadialDistribution_FracAtD_RNA_1of4,0.16586027528480576,0.07213384708767626,0.0011148956738098134,0.7608909819537082,120045.4297911587,Cells,RadialDistribution,RNA
Nuclei_Texture_DifferenceEntropy_ER_5_02_256,0.20171384242651452,0.05242213343192328,0.0007654837895606785,0.7450985403520015,73389.8505900384,Nuclei,Texture,ER
Image_Texture_Correlation_Mito_5_01_256,0.1778418754138485,0.02095862821849693,0.0013631637243781837,0.7998363326432764,26728.20645036693,Image,Texture,Mito
Cytoplasm_RadialDistribution_MeanFrac_Mito_1of4,0.3523493686185728,0.022080520900463887,0.0035641773809301385,0.6220059331000332,87206.59444301898,Cytoplasm,RadialDistribution,Mito
Image_Texture_Variance_ER_10_01_256,0.29518441698269554,0.017256520247625196,0.0008642436255990393,0.6866948191440803,37003.5294814564,Image,Texture,ER
Cells_AreaShape_Zernike_8_0,0.20150368738741756,0.010896493956469336,0.000714133597078749,0.7868856850590343,42912.621086605104,Cells,AreaShape,
Nuclei_Texture_Variance_AGP_5_01_256,0.3747105904001026,0.0458803946488202,0.004099041250634464,0.5753099737004428,162677.9298220105,Nuclei,Texture,AGP
Nuclei_Intensity_MeanIntensityEdge_Mito,0.26503519213947657,0.050070795082814555,0.0032326140089772386,0.6816613987687317,69247.70821050197,Nuclei,Intensity,Mito
Image_Granularity_5_RNA,0.31594083967137104,0.026734827094011628,0.0011316264774132655,0.6561927067572041,93490.38753927269,Image,Granularity,RNA
Image_Intensity_MedianIntensity_Mito_BackgroundOnly,0.0758240562258268,0.020475258885427335,0.004692183695586462,0.8990085011931594,19156.75368639322,Image,Intensity,Mito
Cells_Texture_InfoMeas1_ER_3_00_256,0.17455257678808755,0.05589520647925143,0.0023465547431981574,0.7672056619894629,47026.510219570395,Cells,Texture,ER
Cells_Texture_SumVariance_RNA_5_02_256,0.36231571390085765,0.04859630212322836,0.0008247532825990327,0.5882632306933149,141841.68173136227,Cells,Texture,RNA
Cells_Texture_AngularSecondMoment_ER_5_01_256,0.10553907126573843,0.05894923233542063,0.002697229319244344,0.8328144670795966,101614.15670388263,Cells,Texture,ER
Cells_RadialDistribution_MeanFrac_DNA_2of4,0.13121717412273434,0.036413868429597956,0.0048042377834582985,0.8275647196642094,58826.80031624671,Cells,RadialDistribution,DNA
Cytoplasm_Texture_SumAverage_Mito_3_02_256,0.20370694507203588,0.05699081525983614,0.003712744624717656,0.7355894950434103,58008.27872783861,Cytoplasm,Texture,Mito
Cells_Texture_Contrast_ER_3_01_256,0.42736259174272717,0.04053318340377369,0.0013809866658463846,0.5307232381876528,188064.30352020304,Cells,Texture,ER
Cytoplasm_Correlation_Manders_ER_AGP,0.08988565906824697,0.16767004769443658,0.014409973856198067,0.7280343193811184,450455.09545618633,Cytoplasm,Correlation,AGP
Image_Texture_DifferenceEntropy_AGP_3_00_256,0.46360157026803794,0.04869071030635086,0.002322667497467133,0.4853850519281441,83899.32835487353,Image,Texture,AGP
Nuclei_Texture_DifferenceVariance_AGP_5_00_256,0.06384766717634988,0.06201259495361912,0.0014498811337284089,0.8726898567363026,47815.65946815501,Nuclei,Texture,AGP
Cytoplasm_Intensity_LowerQuartileIntensity_ER,0.16079681205770818,0.022693635337523155,0.026621872597906077,0.7898876800068625,39010.492603162595,Cytoplasm,Intensity,ER
Cells_Texture_AngularSecondMoment_DNA_5_00_256,0.13637393091946984,0.02751496205502735,0.01640299141510328,0.8197081156103996,62006.599513809546,Cells,Texture,DNA
Cytoplasm_RadialDistribution_MeanFrac_mito_tubeness_11of20,0.04510066875106892,0.147136440190151,0.01217484712554346,0.7955880439332366,672806.4358801743,Cytoplasm,RadialDistribution,
Image_Texture_SumEntropy_ER_3_03_256,0.487039089303272,0.051838482967707544,0.0026884601787553948,0.45843396755026505,108923.08001732198,Image,Texture,ER
Cells_Texture_SumVariance_Mito_5_00_256,0.41294745821212586,0.041369086986933895,0.0020648145450429803,0.5436186402558972,157576.32909983903,Cells,Texture,Mito
Cytoplasm_Texture_Correlation_ER_10_03_256,0.1502108581396919,0.05866888044003277,0.0014451579412032007,0.7896751034790721,111132.76056105817,Cytoplasm,Texture,ER
Cells_Texture_InfoMeas2_AGP_3_03_256,0.13657117974185437,0.05075462591073593,0.0010675669685564345,0.8116066273788533,48203.48929962766,Cells,Texture,AGP
Cytoplasm_Texture_SumVariance_DNA_3_00_256,0.38915825879963456,0.02373048156599316,0.0017274093184681902,0.5853838503159042,153775.47903537212,Cytoplasm,Texture,DNA
Nuclei_Correlation_K_DNA_RNA,0.24525865570552377,0.012004360862630807,0.003957685435100428,0.7387792979967451,32375.791422324135,Nuclei,Correlation,DNA
Cytoplasm_RadialDistribution_RadialCV_mito_tubeness_18of20,0.1933669590439333,0.07340099718524959,0.002958701131337554,0.7302733426394795,47359.27534389908,Cytoplasm,RadialDistribution,
Nuclei_Texture_InfoMeas2_AGP_10_03_256,0.2503548616108717,0.02654767449563639,0.0010918436625219391,0.7220056202309699,53953.8628976904,Nuclei,Texture,AGP
Cytoplasm_Texture_InfoMeas1_RNA_3_00_256,0.10075676246133579,0.06698129868849277,0.0028845883067246795,0.8293773505434466,70059.45188693177,Cytoplasm,Texture,RNA
Cells_Correlation_Manders_RNA_AGP,0.07170207160337541,0.18049268045055075,0.014445266593001778,0.733359981353072,440718.7458184665,Cells,Correlation,AGP
Nuclei_Texture_Entropy_DNA_10_02_256,0.20945705063507142,0.05448608678425562,0.010868649417993119,0.7251882131626799,93129.59190271124,Nuclei,Texture,DNA
Nuclei_Texture_SumEntropy_AGP_3_01_256,0.18441089265106408,0.04884254103830667,0.0014331933224913385,0.765313372988138,60954.81088577198,Nuclei,Texture,AGP
Cytoplasm_RadialDistribution_RadialCV_mito_tubeness_Overflow,0.0,0.0,0.0,0.0,0.0,Cytoplasm,RadialDistribution,
Image_Texture_Correlation_Mito_10_02_256,0.20476704868973727,0.017571672931645112,0.001190854685855227,0.7764704236927623,25254.747451262076,Image,Texture,Mito
Nuclei_Correlation_RWC_RNA_ER,0.17022662439768077,0.017093484690649245,0.0027903127307240534,0.809889578180946,29287.961548660427,Nuclei,Correlation,ER
Nuclei_Granularity_11_ER,0.2764425518559029,0.029545756827461918,0.002749044408590534,0.6912626469080447,41326.18757671271,Nuclei,Granularity,ER
Cells_RadialDistribution_FracAtD_mito_tubeness_18of20,0.1777020712791545,0.045678412357180474,0.0011941931611200037,0.775425323202545,41201.01135458496,Cells,RadialDistribution,
Image_Texture_InverseDifferenceMoment_Mito_5_01_256,0.42856568975116904,0.040742389275645566,0.002325384838930195,0.5283665361342552,48498.01001882435,Image,Texture,Mito
Cells_Texture_InfoMeas1_DNA_3_02_256,0.07379690620552821,0.0502222312024614,0.005227527596856147,0.8707533349951542,70592.0977904438,Cells,Texture,DNA
Image_Texture_SumEntropy_DNA_10_00_256,0.456611093252204,0.04576039769903809,0.003704311816247105,0.49392419723251085,50197.143582178054,Image,Texture,DNA
Cytoplasm_AreaShape_Zernike_7_5,0.3482756842375921,0.03565198155754605,0.0018009193362762855,0.6142714148685855,77968.11811994169,Cytoplasm,AreaShape,
Cytoplasm_Texture_Variance_ER_10_02_256,0.36887846419183096,0.04610896766718695,0.0013671703507296706,0.5836453977902523,151985.58793576318,Cytoplasm,Texture,ER
Image_Texture_SumAverage_Mito_10_02_256,0.2705161977612921,0.023135429467293942,0.0030713537697039813,0.70327701900171,21209.9900682636,Image,Texture,Mito
Image_Intensity_UpperQuartileIntensity_RNA_BackgroundOnly,0.18332853615593517,0.02963675391603972,0.02427366770811644,0.7627610422199087,40751.213813376846,Image,Intensity,RNA
Cytoplasm_Intensity_IntegratedIntensity_RNA,0.24627460763225192,0.024870625093089453,0.0007735685118687825,0.7280811987627898,81336.22790449011,Cytoplasm,Intensity,RNA
Nuclei_RadialDistribution_MeanFrac_ER_3of4,0.20127515720513858,0.017378463908044105,0.0036056736435850973,0.7777407052432324,41149.11306947723,Nuclei,RadialDistribution,ER
Cells_Texture_InverseDifferenceMoment_ER_5_00_256,0.1999394142876682,0.04460165727258421,0.0009342980908429948,0.7545246303489045,94539.13976115876,Cells,Texture,ER
Cells_Texture_Contrast_Mito_5_02_256,0.45947895588795695,0.03335822289266332,0.001791657285585705,0.505371163933794,186586.6104422463,Cells,Texture,Mito
Cytoplasm_AreaShape_Zernike_7_7,0.29599945227547303,0.016872163842857616,0.00317964211775221,0.6839487417639172,37291.86893067574,Cytoplasm,AreaShape,
Cytoplasm_Texture_Contrast_Mito_10_03_256,0.3981813660121234,0.03373005589231503,0.0024277007400235824,0.5656608773555379,140565.72653355068,Cytoplasm,Texture,Mito
Cytoplasm_AreaShape_BoundingBoxMaximum_Y,0.07111990360983243,0.07197794649596795,0.0006307170990331874,0.8562714327951665,49108.97329077197,Cytoplasm,AreaShape,
Nuclei_Granularity_5_Mito,0.45974592875560283,0.033537592769252396,0.0015231271494957391,0.505193351325649,174252.27115927983,Nuclei,Granularity,Mito
Nuclei_Texture_InverseDifferenceMoment_RNA_10_00_256,0.1628075387723367,0.044177974140369114,0.00041700796781151393,0.7925974791194828,44564.79493453179,Nuclei,Texture,RNA
Cytoplasm_Texture_DifferenceVariance_RNA_10_01_256,0.08492564126806723,0.07834092128174215,0.0008461626954012143,0.8358872747547894,102039.85909346119,Cytoplasm,Texture,RNA
Image_Texture_InfoMeas2_RNA_10_03_256,0.4803070278779966,0.045141009769039335,0.0009112937968717247,0.4736406685560923,182848.94517990266,Image,Texture,RNA
Image_Texture_SumAverage_Mito_5_02_256,0.27061864369218075,0.023012910491185506,0.003053313181069708,0.703315132635564,21200.320838754145,Image,Texture,Mito
Cells_Texture_SumAverage_Mito_5_02_256,0.25422438523855106,0.05129704276330922,0.004402715719567309,0.6900758562785725,71864.87387641877,Cells,Texture,Mito
Cells_Texture_SumVariance_Mito_5_01_256,0.4088437783075377,0.04157333449749257,0.0020856515777720663,0.5474972356171977,155129.56765430322,Cells,Texture,Mito
Image_Texture_DifferenceEntropy_AGP_5_02_256,0.46505034461231876,0.04930693136960759,0.0014881219993448684,0.4841546020187288,92230.36401617926,Image,Texture,AGP
Cytoplasm_Texture_SumVariance_DNA_10_02_256,0.2970888982249818,0.05453084655290302,0.010106992483100853,0.6382732627390143,174677.53870616885,Cytoplasm,Texture,DNA
Cytoplasm_Texture_Contrast_ER_10_03_256,0.3837125687269594,0.04316702386247622,0.001644455082623281,0.571475952327941,164706.37169317564,Cytoplasm,Texture,ER
Cells_RadialDistribution_FracAtD_mito_tubeness_9of20,0.22983498161449922,0.04722200395336531,0.0004703059097266761,0.7224727085224087,54323.81961300211,Cells,RadialDistribution,
Nuclei_Texture_SumAverage_AGP_5_01_256,0.27497491116882067,0.03742381414278443,0.002601093827215602,0.6850001808611793,72794.55196060607,Nuclei,Texture,AGP
Cytoplasm_Granularity_8_AGP,0.44989417926509445,0.04379210238631596,0.0015414874603898036,0.5047722308881998,172687.4578701468,Cytoplasm,Granularity,AGP
Nuclei_Texture_DifferenceEntropy_DNA_3_01_256,0.38364229041155445,0.03966915153850497,0.0053077897430264835,0.5713807683069141,146436.55813761693,Nuclei,Texture,DNA
Nuclei_Texture_Variance_AGP_3_03_256,0.37503430636486484,0.04549728400515997,0.0038162287816618607,0.5756521808483133,162529.68432224824,Nuclei,Texture,AGP
Cells_Texture_Correlation_AGP_5_02_256,0.10776475033849675,0.07056908275492482,0.006601834563818902,0.8150643323427595,71925.8804694219,Cells,Texture,AGP
Cytoplasm_RadialDistribution_MeanFrac_mito_tubeness_19of20,0.0726877606872974,0.10547382064333942,0.0045349628008833475,0.8173034558684797,73891.274305817,Cytoplasm,RadialDistribution,
Cytoplasm_Texture_SumEntropy_Mito_10_01_256,0.13048649199095985,0.06171602452699015,0.0021076410568621807,0.8056898424251878,48497.8096309597,Cytoplasm,Texture,Mito
Cells_Texture_InfoMeas2_Mito_5_02_256,0.0916429697079375,0.07471039012588113,0.0015780091520220649,0.8320686310141593,56196.50250951381,Cells,Texture,Mito
Image_Texture_SumEntropy_ER_5_03_256,0.48678642202373096,0.053534016740521675,0.0026293845371929666,0.45705017669855436,112139.16469074527,Image,Texture,ER
Cells_Granularity_14_DNA,0.15260251335596967,0.03757164459781621,0.002680411843009736,0.8071454302032045,42434.64884920289,Cells,Granularity,DNA
Cells_Texture_SumEntropy_RNA_5_02_256,0.11963032771885151,0.055235456229763946,0.0008020641323626076,0.8243321519190219,82850.22809964026,Cells,Texture,RNA
Cytoplasm_Texture_Variance_RNA_3_00_256,0.4076871252878982,0.04546441003794826,0.0006810322387451711,0.5461674324354084,162021.21819449437,Cytoplasm,Texture,RNA
Nuclei_AreaShape_Compactness,0.38936544421912217,0.039551821365433545,0.0028290140389810093,0.5682537203764634,183461.11811714753,Nuclei,AreaShape,
Cytoplasm_Texture_AngularSecondMoment_Mito_5_02_256,0.08060719607298533,0.08365031009539163,0.00261706560016639,0.8331254282314567,72152.3244544396,Cytoplasm,Texture,Mito
Cytoplasm_Texture_Entropy_RNA_5_00_256,0.13566997364745323,0.047907154107397515,0.0014261022717418081,0.8149967699734074,70549.16835875735,Cytoplasm,Texture,RNA
Nuclei_Texture_Correlation_RNA_3_02_256,0.19421287323327707,0.06510950932134453,0.003591281913522622,0.7370863355318559,49089.67800910803,Nuclei,Texture,RNA
Cells_Texture_Variance_ER_3_03_256,0.3617164412951158,0.04602300526392222,0.0011883441102844214,0.5910722093306776,141563.27510815006,Cells,Texture,ER
Cytoplasm_Texture_InfoMeas2_DNA_3_03_256,0.2533386326733343,0.039277995030712456,0.0024941795110875707,0.7048891927848656,73527.95765210988,Cytoplasm,Texture,DNA
Cells_AreaShape_Zernike_0_0,0.20980974831799784,0.035811823242963246,0.002107627414901213,0.7522708010241378,87476.2721810636,Cells,AreaShape,
Nuclei_Neighbors_NumberOfNeighbors_1,0.2934400395468725,0.052126502932780705,0.0016395938940486434,0.6527938636262981,73210.95176408597,Nuclei,Neighbors,
Cytoplasm_Texture_SumEntropy_DNA_10_00_256,0.2085422179941653,0.06108328633026056,0.020119072848832614,0.7102554228267415,116190.4517940806,Cytoplasm,Texture,DNA
Cytoplasm_Texture_AngularSecondMoment_ER_10_03_256,0.1352617802539761,0.05555411872843989,0.0018042887843296952,0.8073798122332543,92322.1331994764,Cytoplasm,Texture,ER
Nuclei_Correlation_Manders_Mito_DNA,0.4303846894352074,0.07703719858639332,0.033456830108823644,0.4591212818695756,290290.85800116893,Nuclei,Correlation,DNA
Cytoplasm_Texture_AngularSecondMoment_AGP_3_02_256,0.17879648490809985,0.04736058967582804,0.0019053689390793169,0.7719375564769929,72937.02654617841,Cytoplasm,Texture,AGP
Cells_Texture_SumEntropy_DNA_5_01_256,0.23203325509390885,0.035634929805019894,0.007265770816340963,0.7250660442847302,112853.91250722096,Cells,Texture,DNA
Cytoplasm_Intensity_StdIntensityEdge_AGP,0.2980987444909125,0.055015246912395475,0.0021249487002546292,0.6447610598964374,89975.57605913226,Cytoplasm,Intensity,AGP
Cytoplasm_Texture_Variance_DNA_3_01_256,0.39169470043351,0.02535777642653272,0.0015048855230967307,0.5814426376168607,153756.547901668,Cytoplasm,Texture,DNA
Nuclei_Texture_AngularSecondMoment_AGP_10_03_256,0.08102380446900345,0.030859001613013335,0.003050844512527108,0.8850663494054561,38065.777238847535,Nuclei,Texture,AGP
Cells_Texture_Correlation_DNA_10_01_256,0.21116948335882216,0.03551936065208462,0.0033739359301812924,0.749937220058912,103589.7954828582,Cells,Texture,DNA
Image_Texture_DifferenceEntropy_AGP_5_01_256,0.4673610488352057,0.04879198092996015,0.0014566858347689507,0.48239028440006526,97539.807265362,Image,Texture,AGP
Nuclei_Texture_InfoMeas2_DNA_10_00_256,0.3368871246935338,0.04367477515416831,0.007232704229089269,0.6122053959232087,107200.55183961388,Nuclei,Texture,DNA
Cells_Texture_Contrast_DNA_10_03_256,0.44184604324739296,0.038429453586729556,0.0023561024663879223,0.5173684006994895,222669.81108942305,Cells,Texture,DNA
Nuclei_Texture_SumAverage_DNA_5_01_256,0.35826292597107934,0.03228878849323438,0.005724582887060793,0.6037237026486255,122067.27962959482,Nuclei,Texture,DNA
Cytoplasm_Texture_AngularSecondMoment_DNA_3_01_256,0.0691010321364701,0.04503049801811066,0.0039011194721775373,0.8819673503732417,59978.126462547574,Cytoplasm,Texture,DNA
Cytoplasm_Correlation_Correlation_AGP_DNA,0.24487863127783058,0.03602924870931569,0.0026645427519217256,0.716427577260932,55347.8507626262,Cytoplasm,Correlation,AGP
Image_Intensity_MaxIntensity_Mito_BackgroundOnly,0.1771629886458894,0.008205161881344,0.0006273845486793045,0.8140044649240873,18380.697387880682,Image,Intensity,Mito
Image_Texture_Variance_AGP_10_01_256,0.3152071557959325,0.014149365404111151,0.0019569238463216024,0.6686865549536347,39858.78353099659,Image,Texture,AGP
Image_Texture_SumVariance_ER_10_00_256,0.2972485848616898,0.016134285946996542,0.0011383285769374538,0.6854788006143762,38137.10756740565,Image,Texture,ER
Cells_Texture_SumVariance_Mito_10_02_256,0.40576201824092706,0.04124957877465802,0.0020758770629721196,0.5509125259214429,150458.70966478833,Cells,Texture,Mito
Cells_Intensity_MassDisplacement_Mito,0.1964972524303541,0.04903722049976221,0.0032841889012489005,0.7511813381686349,80580.09828377,Cells,Intensity,Mito
Image_Texture_SumAverage_ER_10_00_256,0.48351209317629873,0.03230431603150105,0.0016509298014158408,0.48253266099078446,36465.59215409827,Image,Texture,ER
Nuclei_Texture_InfoMeas1_AGP_10_00_256,0.3917714847670198,0.038830909639401674,0.0015419184634215453,0.567855687130157,130328.44275646945,Nuclei,Texture,AGP
Cells_RadialDistribution_RadialCV_Mito_4of4,0.2929614870801423,0.05261709190881475,0.0014019847573599395,0.6530194362536829,70181.6478052379,Cells,RadialDistribution,Mito
Cytoplasm_Texture_Entropy_ER_10_03_256,0.17568246483915684,0.052325070350412076,0.0010292572870136522,0.7709632075234175,74973.12486375704,Cytoplasm,Texture,ER
Cells_Texture_Entropy_AGP_5_00_256,0.1544010170993903,0.054325604113393655,0.001812992345012584,0.7894603864422035,67028.57409287481,Cells,Texture,AGP
Cells_Texture_DifferenceEntropy_AGP_10_00_256,0.1590836215484942,0.055633667390397865,0.001490661343776661,0.7837920497173312,86237.9790059115,Cells,Texture,AGP
Cells_Texture_Correlation_RNA_3_01_256,0.130574497653886,0.039258850470548175,0.007073749203709242,0.8230929026718565,37080.0007467884,Cells,Texture,RNA
Cells_Texture_DifferenceVariance_Mito_3_01_256,0.038701519039760116,0.0945826980866773,0.0019885851777860287,0.8647271976957767,57412.480056745204,Cells,Texture,Mito
Cytoplasm_RadialDistribution_RadialCV_mito_tubeness_2of16,0.030318309367566066,0.009514116965304674,0.000915264360509496,0.9592523093066198,9976.681279731369,Cytoplasm,RadialDistribution,
Cytoplasm_Texture_DifferenceEntropy_ER_10_03_256,0.1694646321374957,0.05514173768711808,0.0016202518792876352,0.7737733782960986,98155.34158185232,Cytoplasm,Texture,ER
Cytoplasm_Texture_DifferenceVariance_AGP_3_01_256,0.1259251976113709,0.05897619316003136,0.0012242929415672778,0.8138743162870306,56198.90465711705,Cytoplasm,Texture,AGP
Nuclei_Texture_DifferenceVariance_Mito_10_03_256,0.036921321698652865,0.08682094268783773,0.0027815597921405444,0.8734761758213688,58300.32098688821,Nuclei,Texture,Mito
Cytoplasm_Correlation_Overlap_AGP_ER,0.14411893848801516,0.053336382517454275,0.004373081562042944,0.7981715974324877,48486.148821713316,Cytoplasm,Correlation,AGP
Image_Texture_SumAverage_RNA_10_01_256,0.46889276981131256,0.03239099179651237,0.0012342747447013375,0.4974819636474737,31473.58432534943,Image,Texture,RNA
Cells_Texture_AngularSecondMoment_DNA_3_03_256,0.13682656557869424,0.02806120905663886,0.016356369972629813,0.8187558553920371,61593.73961727818,Cells,Texture,DNA
Cytoplasm_RadialDistribution_MeanFrac_Mito_4of4,0.2894987621226104,0.022790744517258328,0.0018676057418731294,0.6858428876182583,79915.98829473273,Cytoplasm,RadialDistribution,Mito
Cytoplasm_Texture_Variance_DNA_10_00_256,0.3184847986782964,0.04644923646344431,0.0092377219664954,0.625828242891764,178380.23188707378,Cytoplasm,Texture,DNA
Cells_Texture_SumEntropy_RNA_3_00_256,0.12095477104190917,0.052524724615522565,0.0009114913683086307,0.8256090129742596,78891.16651689538,Cells,Texture,RNA
Cytoplasm_Intensity_MaxIntensityEdge_RNA,0.2965531301714089,0.04444348500601392,0.0015933442381480401,0.6574100405844292,88879.87680539885,Cytoplasm,Intensity,RNA
Nuclei_AreaShape_BoundingBoxArea,0.47758941024185275,0.004600251732692995,0.0009094489373322635,0.5169008890881222,151269.98736045283,Nuclei,AreaShape,
Image_Texture_Correlation_AGP_10_02_256,0.29445758390084537,0.012070262444515876,0.0011502613826639585,0.6923218922719749,28457.18036990154,Image,Texture,AGP
Nuclei_Location_CenterMassIntensity_X_AGP,0.06821294239724118,0.03323436461496475,0.00038676066848385734,0.8981659323193102,24350.650955782123,Nuclei,Location,AGP
Nuclei_Texture_DifferenceVariance_ER_10_01_256,0.053513200496882456,0.08365071491650408,0.00329145646272995,0.8595446281238835,74430.88351133192,Nuclei,Texture,ER
Cytoplasm_Texture_Variance_Mito_3_02_256,0.3860390999987473,0.03362016117115176,0.003050556670645896,0.577290182159455,125929.66848317099,Cytoplasm,Texture,Mito
Image_ImageQuality_StdIntensity_OrigRNA,0.38324814277988173,0.026155030775142234,0.0006816125030490578,0.5899152139419269,43502.25540052796,Image,ImageQuality,
Cells_Texture_SumAverage_DNA_3_02_256,0.30722268426403515,0.02631223245967003,0.004162429893668029,0.6623026533826268,111892.92766428048,Cells,Texture,DNA
Cells_AreaShape_Zernike_9_3,0.08740154824449564,0.02103895519449428,0.0003629273649796667,0.8911965691960304,38752.180017633786,Cells,AreaShape,
Cells_Texture_InfoMeas2_ER_3_03_256,0.18915898085140398,0.05287775950698335,0.0018655098254845798,0.7560977498161281,62035.03874108226,Cells,Texture,ER
Cytoplasm_Texture_Variance_Mito_10_02_256,0.3897569147137903,0.03360553704629009,0.0028074358655690024,0.5738301123743506,128972.15509798966,Cytoplasm,Texture,Mito
Image_Texture_AngularSecondMoment_ER_10_00_256,0.49286801642670136,0.04220663222569963,0.0029148370134861002,0.462010514334113,174935.15375360247,Image,Texture,ER
Image_Texture_Contrast_RNA_10_00_256,0.2899334967730108,0.020341040528699606,0.0015265410411451686,0.6881989216571444,21990.410649679365,Image,Texture,RNA
Image_Texture_InfoMeas1_AGP_3_01_256,0.2827526161199589,0.016671376179171714,0.0021179957534618807,0.6984580119474074,21041.44904218158,Image,Texture,AGP
Image_Texture_SumEntropy_ER_5_02_256,0.4870158169328241,0.05235981039975492,0.0026108971893663026,0.45801347547805465,109488.52337935643,Image,Texture,ER
Image_Texture_SumVariance_RNA_3_00_256,0.31323614107449854,0.02114384297138327,0.0012948804530137556,0.6643251355011045,30395.417988917092,Image,Texture,RNA
Image_Texture_SumAverage_DNA_3_01_256,0.46267637797875,0.04016459735985272,0.0013924339858727886,0.4957665906755246,33738.27745906499,Image,Texture,DNA
Image_Texture_Variance_DNA_3_02_256,0.22914905365769017,0.03790665518777673,0.004822763043103336,0.7281215281114296,37643.7863545402,Image,Texture,DNA
Cells_Texture_InfoMeas2_ER_10_03_256,0.16307352858753327,0.04903957367716576,0.0020658102691232124,0.7858210874661778,72964.7741948535,Cells,Texture,ER
Image_Texture_SumEntropy_AGP_5_00_256,0.4535632288921205,0.06049470456469725,0.0015482873964259359,0.4843937791467563,109483.71240696363,Image,Texture,AGP
Cytoplasm_Texture_InfoMeas2_Mito_5_03_256,0.13502206789883486,0.0511481281850017,0.0034936134286429076,0.8103361904875206,50769.09904334214,Cytoplasm,Texture,Mito
Image_Texture_SumAverage_AGP_10_00_256,0.47653045852470716,0.03343188154269933,0.0015819766632331127,0.48845568326936034,32492.848617792508,Image,Texture,AGP
Cells_Granularity_13_ER,0.3305668346838139,0.03626579737537376,0.004720326872215641,0.6284470410685967,53627.54753610889,Cells,Granularity,ER
Cells_Texture_Contrast_Mito_5_00_256,0.4574953905559262,0.033192915506256145,0.00175691988302992,0.5075547740547878,183507.77506239826,Cells,Texture,Mito
Cells_Texture_InfoMeas1_ER_3_02_256,0.1878831313449694,0.056100284590583124,0.0026866571948420638,0.7533299268696054,48158.165864542105,Cells,Texture,ER
Cells_Texture_SumEntropy_Mito_5_03_256,0.14023842819444426,0.056842858414395805,0.0034626843367442568,0.7994560290544157,53173.94033311642,Cells,Texture,Mito
Cytoplasm_Texture_Entropy_Mito_5_02_256,0.1442156717723783,0.05915147010641182,0.0023719125375516823,0.7942609455836582,43153.16266056586,Cytoplasm,Texture,Mito
Image_Texture_DifferenceVariance_ER_3_00_256,0.33844986407720995,0.029258880330684953,0.00423079534204897,0.6280604602500561,40398.482969824036,Image,Texture,ER
Cells_Texture_DifferenceVariance_AGP_10_03_256,0.09226036649574634,0.062027593927398816,0.0013465310897735107,0.8443655084870814,63172.94912275314,Cells,Texture,AGP
Cytoplasm_Intensity_IntegratedIntensity_ER,0.29121474042872214,0.03655027803020153,0.00025697239468929145,0.6719780091463871,111160.71289408434,Cytoplasm,Intensity,ER
Image_Texture_InfoMeas1_AGP_5_01_256,0.31247592078868164,0.013657941082648747,0.002006036688670516,0.671860101439999,19672.268600491167,Image,Texture,AGP
Nuclei_Texture_Variance_ER_3_02_256,0.3660850916864212,0.05281297236006489,0.0009697480195902219,0.5801321879339237,151816.77035221492,Nuclei,Texture,ER
Cells_Granularity_14_RNA,0.32747357776619956,0.03813445312242147,0.00395340789094033,0.6304385612204386,43918.20969231345,Cells,Granularity,RNA
Cells_Texture_Correlation_DNA_10_03_256,0.20921437692786324,0.03565463661624788,0.003514209508463404,0.7516167769474255,103208.17117262969,Cells,Texture,DNA
Cytoplasm_Texture_InfoMeas2_RNA_10_02_256,0.1488712857592462,0.045126661583250224,0.002046529476064968,0.8039555231814386,70502.57813614735,Cytoplasm,Texture,RNA
Image_Texture_Correlation_RNA_5_00_256,0.3338631365500943,0.00877878074953216,0.0014482282581207459,0.6559098544422529,43789.48196993665,Image,Texture,RNA
Cytoplasm_Texture_Entropy_AGP_5_01_256,0.1819973839958872,0.04600115909066282,0.0018479645534466116,0.7701534923600033,57357.76178671187,Cytoplasm,Texture,AGP
Nuclei_Texture_SumEntropy_Mito_3_02_256,0.2973785927095009,0.0502849424199851,0.005181306172440795,0.6471551586980733,79357.37216463391,Nuclei,Texture,Mito
Cytoplasm_Texture_SumEntropy_Mito_10_02_256,0.13146678849468585,0.05952398085044652,0.0024066669164230794,0.8066025637384445,47744.69808073898,Cytoplasm,Texture,Mito
Cytoplasm_Texture_AngularSecondMoment_ER_3_01_256,0.12318926019715606,0.053431687447490085,0.0013609998513247708,0.822018052504029,84786.05567981137,Cytoplasm,Texture,ER
Cells_Texture_Contrast_DNA_3_00_256,0.469462714971147,0.03558677019947003,0.0021868598441340537,0.49276365498524904,231498.0059032092,Cells,Texture,DNA
Cells_Texture_Correlation_DNA_5_00_256,0.2751163271747132,0.04161150158987475,0.005377607111869585,0.6778945641235424,109057.96699794944,Cells,Texture,DNA
Cells_Texture_Variance_Mito_10_00_256,0.427457006328941,0.03902017486400271,0.0018526792729041757,0.5316701395341521,164002.81740100356,Cells,Texture,Mito
Image_Texture_SumEntropy_ER_10_03_256,0.4893796585856281,0.05385753898296492,0.0022826354274672984,0.4544801670039396,117487.1422513031,Image,Texture,ER
Cells_Texture_DifferenceVariance_DNA_3_00_256,0.2520709999542019,0.022011407054214303,0.013756835781315232,0.7121607572102686,67224.33463818037,Cells,Texture,DNA
Image_Texture_InfoMeas1_AGP_3_02_256,0.25058614442005755,0.021217460977416672,0.00206386074081156,0.7261325338617142,22430.199473562727,Image,Texture,AGP
Nuclei_Texture_Correlation_DNA_5_00_256,0.12778964866987735,0.041906256965185636,0.011552453194728252,0.8187516411702087,53268.73367929556,Nuclei,Texture,DNA
Nuclei_Texture_Contrast_DNA_5_01_256,0.5048881160205246,0.0367966196228821,0.0017617793849736363,0.45655348497161957,250653.4396100327,Nuclei,Texture,DNA
Image_Threshold_SumOfEntropies_NucleiIncludingEdges,0.15628948181863087,0.03254596267810017,0.00348682421027844,0.8076777312929906,63499.996413115376,Image,Threshold,
Nuclei_Texture_Correlation_RNA_3_03_256,0.17381789331587189,0.07530322845685158,0.004236529746574695,0.7466423484807019,57986.26640390017,Nuclei,Texture,RNA
Cytoplasm_Texture_AngularSecondMoment_ER_10_02_256,0.12544073979180276,0.055260678091295874,0.0016327032270094088,0.817665878889892,90520.08202588139,Cytoplasm,Texture,ER
Cytoplasm_Granularity_2_DNA,0.47961124065950633,0.03697749667870381,0.0027571677253800933,0.48065409493640987,229543.86450556922,Cytoplasm,Granularity,DNA
Nuclei_RadialDistribution_MeanFrac_Mito_2of4,0.31602827337485334,0.027110749467439608,0.0011806260734723625,0.6556803510842346,92466.4633587223,Nuclei,RadialDistribution,Mito
Image_Intensity_TotalArea_ER__BackgroundOnly,0.46711777755844375,0.03615856480139044,0.006582637857236092,0.49014101978292973,57094.63220317192,Image,Intensity,ER
Cells_Correlation_RWC_ER_Mito,0.2222881074560074,0.023955964628813806,0.002820145676391258,0.7509357822387875,69494.89736527149,Cells,Correlation,ER
Cells_Correlation_RWC_AGP_RNA,0.29445225173484346,0.030676495673568255,0.0052557330008544826,0.6696155195907337,39516.73746679771,Cells,Correlation,AGP
Image_Intensity_PercentMaximal_RNA,0.028736589558533216,0.05695018046618116,0.00367413556129983,0.9106390944139857,121289.72096074642,Image,Intensity,RNA
Nuclei_Texture_AngularSecondMoment_RNA_10_02_256,0.11679095517851994,0.08223088107587861,0.0011864969656787431,0.7997916667799227,99535.53630641138,Nuclei,Texture,RNA
Cytoplasm_Granularity_5_RNA,0.4964226843446468,0.030490196460051733,0.0009597036159327474,0.47212741557936866,231544.45536069904,Cytoplasm,Granularity,RNA
Nuclei_Texture_InfoMeas1_ER_10_02_256,0.3592836248320905,0.04255121284214184,0.0007437115980220178,0.5974214507277456,135358.23106731492,Nuclei,Texture,ER
Image_ImageQuality_FocusScore_OrigER,0.24096730629591093,0.029549625937255835,0.002301864645025414,0.7271812031218078,56349.9793275533,Image,ImageQuality,
Cytoplasm_Texture_AngularSecondMoment_Mito_3_02_256,0.07921127562128033,0.08216136401093513,0.00260347839532581,0.8360238819724588,67291.15808101902,Cytoplasm,Texture,Mito
Cytoplasm_Texture_InfoMeas2_AGP_3_02_256,0.1626214473165972,0.04425126523785405,0.0022407509942761867,0.7908865364512726,56955.97577964779,Cytoplasm,Texture,AGP
Image_Texture_DifferenceEntropy_ER_10_00_256,0.4960408633782044,0.0472697533124904,0.001453954948382813,0.45523542836092246,102449.40719413238,Image,Texture,ER
Nuclei_ObjectSkeleton_NumberTrunks_mito_skel,0.2384821377714579,0.02837002967514787,0.002340054968238546,0.7308077775851558,74469.19391509044,Nuclei,ObjectSkeleton,
Nuclei_Texture_AngularSecondMoment_RNA_3_00_256,0.09023993496604443,0.07803587253431916,0.0028549390942371835,0.8288692534053993,91305.25989685665,Nuclei,Texture,RNA
Nuclei_Texture_Contrast_ER_5_00_256,0.37173319352700546,0.04985009833651968,0.000532223192440121,0.5778844849440347,148362.45945052337,Nuclei,Texture,ER
Nuclei_Texture_Entropy_ER_5_00_256,0.18349512021743605,0.04805150606200025,0.0012070671678651378,0.7672463065526987,50359.18568593355,Nuclei,Texture,ER
Nuclei_Granularity_10_DNA,0.4833516981217233,0.02172696729810028,0.0013025697230680568,0.4936187648571084,105008.76187346868,Nuclei,Granularity,DNA
Nuclei_Texture_Entropy_RNA_5_01_256,0.094924154429793,0.048216662900099364,0.0011614303950427758,0.8556977522750648,46121.182278449705,Nuclei,Texture,RNA
Image_Granularity_9_RNA,0.21585595937992202,0.03382243757181489,0.001421414166113626,0.7489001888821495,36472.140704207355,Image,Granularity,RNA
Cells_Texture_SumAverage_Mito_5_03_256,0.25575993310107425,0.051406343001385094,0.004430201550046917,0.6884035223474937,72444.62587574276,Cells,Texture,Mito
Nuclei_Texture_DifferenceVariance_AGP_3_01_256,0.06464581564786118,0.06233854776603731,0.0013820370712401477,0.8716335995148614,47521.03935925918,Nuclei,Texture,AGP
Cells_Intensity_MinIntensityEdge_AGP,0.38954267378493906,0.022045334184831514,0.002753230882623899,0.5856587611476054,22998.16921985016,Cells,Intensity,AGP
Cells_Texture_Correlation_RNA_5_01_256,0.18087304155760023,0.03309463646351416,0.009968535552779325,0.7760637864261064,53013.98203282679,Cells,Texture,RNA
Cytoplasm_Texture_Contrast_AGP_10_02_256,0.3751091122737212,0.04528627932405274,0.0035049050524109536,0.576099703349815,157036.33542269663,Cytoplasm,Texture,AGP
Cytoplasm_Texture_DifferenceEntropy_RNA_3_00_256,0.19455938046212365,0.050547292008100986,0.0027376966730129466,0.7521556308567624,89014.2329701629,Cytoplasm,Texture,RNA
Cells_Texture_SumVariance_ER_3_02_256,0.34824252826655877,0.04786248905375651,0.0012146366634941776,0.6026803460161906,135307.192192887,Cells,Texture,ER
Cytoplasm_Texture_Correlation_AGP_10_02_256,0.10214490782607359,0.07169374521596684,0.007907767649928354,0.8182535793080312,115459.48656318896,Cytoplasm,Texture,AGP
Image_Texture_DifferenceEntropy_AGP_3_03_256,0.4627127333068542,0.0493623590212884,0.0020134112979796146,0.4859114963738778,89716.53224412963,Image,Texture,AGP
Nuclei_Texture_Entropy_Mito_10_02_256,0.25182490630422394,0.054482987745299714,0.00530120398058288,0.6883909019698934,64095.52532355289,Nuclei,Texture,Mito
Cytoplasm_Texture_DifferenceVariance_AGP_10_02_256,0.1248490435684283,0.05835046925298976,0.0012048847745361484,0.8155956024040458,59488.868448596215,Cytoplasm,Texture,AGP
Cytoplasm_RadialDistribution_RadialCV_mito_tubeness_16of20,0.17275521346733028,0.054375887715783805,0.0024077593775111384,0.7704611394393747,40068.178562711575,Cytoplasm,RadialDistribution,
Nuclei_Texture_SumAverage_Mito_3_03_256,0.3194645898752175,0.04798111457885609,0.0033935184219283376,0.6291607771239981,97062.3708339672,Nuclei,Texture,Mito
Image_Texture_InfoMeas2_ER_5_01_256,0.4871802529612404,0.053712885430149605,0.0016718415214610357,0.4574350200871489,261562.71114888228,Image,Texture,ER
Image_Texture_Entropy_RNA_5_01_256,0.47651244698546585,0.04407212013584145,0.007153559120765629,0.4722618737579271,86424.37156778292,Image,Texture,RNA
Cytoplasm_Texture_SumEntropy_DNA_3_00_256,0.28933393426199433,0.029345593984545455,0.00442565859543725,0.6768948131580229,89500.82016270302,Cytoplasm,Texture,DNA
Cells_Granularity_11_DNA,0.39123238249453596,0.02823860271344999,0.0017404986331780782,0.5787885161588361,106774.04671226529,Cells,Granularity,DNA
Nuclei_AreaShape_Zernike_4_4,0.31803928484781774,0.015717164043512075,0.0009766518277049307,0.6652668992809653,42767.29633879695,Nuclei,AreaShape,
Cytoplasm_Texture_SumEntropy_Mito_5_03_256,0.1345817170444139,0.05929953497329795,0.0025077364019409926,0.8036110115803471,46715.06377544325,Cytoplasm,Texture,Mito
Cells_Texture_Entropy_ER_10_02_256,0.14531850612417518,0.05171927584465688,0.000806190127483343,0.8021560279036846,86111.9459673531,Cells,Texture,ER
Cytoplasm_RadialDistribution_FracAtD_RNA_4of4,0.10710746965723497,0.057463809478553333,0.0030721804813017245,0.8323565403829101,87250.36358325773,Cytoplasm,RadialDistribution,RNA
Nuclei_Texture_DifferenceEntropy_ER_10_01_256,0.13460246095878373,0.04744820404792396,0.000992376226274895,0.8169569587670173,51569.72527696578,Nuclei,Texture,ER
Cytoplasm_Intensity_MaxIntensityEdge_DNA,0.2658778336297409,0.02974226475944986,0.005462539879690295,0.6989173617311188,70003.68581125492,Cytoplasm,Intensity,DNA
Cytoplasm_Texture_Contrast_ER_3_03_256,0.4295571282845443,0.04239094663708133,0.002013790513294082,0.5260381345650803,196119.88582096138,Cytoplasm,Texture,ER
Nuclei_Texture_Entropy_Mito_10_01_256,0.20842639238016794,0.05311349140413936,0.004797566275274154,0.7336625499404186,51240.1869036596,Nuclei,Texture,Mito
Nuclei_RadialDistribution_FracAtD_Mito_4of4,0.2175829553316708,0.060651191713457696,0.0008771464395529456,0.7208887065153187,161002.1128002458,Nuclei,RadialDistribution,Mito
Nuclei_Texture_DifferenceEntropy_ER_3_01_256,0.19794842932187504,0.05312024617402667,0.000789664616937755,0.7481416598871605,71581.44305319391,Nuclei,Texture,ER
Nuclei_Texture_SumAverage_RNA_10_03_256,0.23115615533996178,0.03464284452485751,0.002360371394019783,0.7318406287411611,63403.60177825258,Nuclei,Texture,RNA
Cytoplasm_Correlation_K_DNA_Mito,0.2730669002408204,0.03426219749685086,0.0012700967603063013,0.6914008055020224,54333.286834979175,Cytoplasm,Correlation,DNA
Cells_Granularity_12_RNA,0.33041060618830315,0.03930661116479958,0.0038934965254072426,0.62638928612149,58693.34945272799,Cells,Granularity,RNA
Image_Texture_DifferenceEntropy_Mito_10_03_256,0.46152363629435106,0.04283982085938695,0.0012183992206052244,0.4944181436256568,84548.59212564903,Image,Texture,Mito
Image_Texture_SumVariance_ER_5_03_256,0.29446957035945265,0.01634788729894379,0.0009343890917413135,0.6882481532498622,38223.71585106229,Image,Texture,ER
Image_Texture_Variance_AGP_10_02_256,0.3138670451606838,0.014171509645368178,0.0019643314890513373,0.6699971137048967,39901.564580691804,Image,Texture,AGP
Image_Granularity_10_ER,0.2966591476205572,0.026847210054697434,0.0020346808299501213,0.6744589614947953,37708.062646857565,Image,Granularity,ER
Nuclei_Neighbors_FirstClosestObjectNumber_1,0.5056463954347508,0.04064961096239807,0.0014694811068865956,0.45223451249596464,43894.632366151156,Nuclei,Neighbors,
Image_Granularity_3_DNA,0.21992317060249203,0.05644169442886498,0.0005188947431522881,0.7231162402254908,109354.94602599365,Image,Granularity,DNA
Cells_Correlation_RWC_DNA_RNA,0.09848109124757233,0.050036768771618126,0.00373048238721015,0.8477516575935995,73987.5550493043,Cells,Correlation,DNA
Image_Texture_InfoMeas2_RNA_5_03_256,0.5066281883618591,0.051022701897172354,0.0011883517052246853,0.44116075803574384,286823.46139525657,Image,Texture,RNA
Nuclei_Texture_AngularSecondMoment_Mito_3_01_256,0.04930335883580577,0.0781886501356344,0.008868142023996373,0.8636398490045634,50507.11778569773,Nuclei,Texture,Mito
Image_Texture_DifferenceEntropy_DNA_3_02_256,0.41537017848002833,0.04782068841929386,0.004505765202663433,0.5323033678980144,46291.64803703216,Image,Texture,DNA
Nuclei_Correlation_Correlation_AGP_Mito,0.256556227553191,0.013545154289614508,0.0018608287479930374,0.7280377894092014,50219.246656949865,Nuclei,Correlation,AGP
Image_Texture_Correlation_DNA_5_00_256,0.31931235512221035,0.037104853116078015,0.0007409289904313411,0.6428418627712803,122259.43488360742,Image,Texture,DNA
Image_Texture_Entropy_ER_3_00_256,0.4922385279590504,0.04550310774883386,0.0031912804977732396,0.45906708379434263,87444.92982416347,Image,Texture,ER
Cytoplasm_Texture_SumVariance_AGP_10_01_256,0.354448876527497,0.04735600049786117,0.0035898599271404737,0.5946052630475012,131817.50248347828,Cytoplasm,Texture,AGP
Image_Texture_Correlation_AGP_3_03_256,0.2451029695935986,0.01476355636996243,0.0020924483436797108,0.7380410256927593,26888.61937484814,Image,Texture,AGP
Nuclei_Location_MaxIntensity_Y_Mito,0.0961433469337795,0.06866359253518226,0.000464724410204975,0.8347283361208332,40638.147714763036,Nuclei,Location,Mito
Cells_Texture_Contrast_Mito_3_02_256,0.45429208255759346,0.033594180091969336,0.0019232448652791113,0.5101904924851581,179006.625360746,Cells,Texture,Mito
Cells_Granularity_3_AGP,0.3947765879288999,0.03498502831762261,0.0010656739695332094,0.5691727097839442,134123.9383094987,Cells,Granularity,AGP
Cytoplasm_Texture_SumEntropy_Mito_3_03_256,0.1334996647560598,0.05837781621171181,0.002498816413460339,0.805623702618768,44896.674097414536,Cytoplasm,Texture,Mito
Image_Texture_Entropy_AGP_5_00_256,0.4642699627955619,0.05042576921677287,0.0012260777099159523,0.48407819027774934,82065.84549278562,Image,Texture,AGP
Cytoplasm_Texture_SumAverage_AGP_3_00_256,0.2708894524579183,0.009642802278368728,0.0033904000818984906,0.7160773451818144,33139.13999482969,Cytoplasm,Texture,AGP
Cells_AreaShape_Solidity,0.18005549450129396,0.0400682453423357,0.00906538953663814,0.7708108706197322,111165.37567080345,Cells,AreaShape,
Cytoplasm_Granularity_5_DNA,0.35448786297055285,0.028197809102154567,0.0017019654629437892,0.6156123624643488,104735.18975503629,Cytoplasm,Granularity,DNA
Cytoplasm_Intensity_MADIntensity_RNA,0.29304847750793767,0.05019901714406331,0.002792697759319423,0.6539598075886797,98744.31543570489,Cytoplasm,Intensity,RNA
Nuclei_Granularity_10_RNA,0.2789856861071568,0.015860821183941467,0.002626655273103354,0.7025268374357984,35947.64775836207,Nuclei,Granularity,RNA
Nuclei_Texture_SumVariance_Mito_3_03_256,0.45731546308291665,0.042820909534698574,0.003234342761513004,0.4966292846208717,225497.66032186832,Nuclei,Texture,Mito
Cells_Intensity_MaxIntensityEdge_Mito,0.2166803817605773,0.042421618788763354,0.005318260336986304,0.735579739113673,45462.39984666548,Cells,Intensity,Mito
Cells_Texture_InverseDifferenceMoment_Mito_3_00_256,0.22712694217698973,0.05928635833323294,0.0032949312623259306,0.7102917682274514,64631.6853083193,Cells,Texture,Mito
Cytoplasm_Texture_AngularSecondMoment_ER_10_01_256,0.13672305494931256,0.05580940821588368,0.001678879274467625,0.8057886575603361,91131.81461826511,Cytoplasm,Texture,ER
Cytoplasm_Texture_Variance_ER_5_01_256,0.37003689097788484,0.047073867049259116,0.0013951530977616446,0.5814940888750944,151324.5158699893,Cytoplasm,Texture,ER
Image_Texture_Contrast_AGP_10_02_256,0.32155755800215247,0.015157328662171784,0.0019687172358555933,0.6613163960998202,31952.476938235202,Image,Texture,AGP
Image_Texture_Contrast_DNA_10_02_256,0.35260431020015304,0.02780751660965526,0.0026866641239048543,0.6169015090662869,25812.572580965778,Image,Texture,DNA
Cells_Texture_DifferenceEntropy_RNA_3_00_256,0.16904567670669543,0.04639601818284477,0.001497070073777948,0.7830612350366819,91490.2546790743,Cells,Texture,RNA
Cytoplasm_Texture_SumVariance_DNA_5_00_256,0.382416799193689,0.02464385566796759,0.0017213066233869169,0.5912180385149565,152793.73296797706,Cytoplasm,Texture,DNA
Nuclei_Intensity_MedianIntensity_Mito,0.3082247894975026,0.04604304997042722,0.0025277821491843508,0.6432043783828858,90549.12146146399,Nuclei,Intensity,Mito
Nuclei_Texture_AngularSecondMoment_ER_10_01_256,0.0939127250728938,0.06553336393014986,0.0032748774369394215,0.837279033560017,68484.80067393373,Nuclei,Texture,ER
Nuclei_Texture_DifferenceEntropy_Mito_3_00_256,0.3596803413375313,0.05304656235726212,0.003570886716235073,0.5837022095889715,111432.18742626005,Nuclei,Texture,Mito
Nuclei_Texture_Entropy_RNA_5_03_256,0.09525580907118193,0.04846014746599884,0.0011303906810923865,0.8551536527817267,45976.010042318754,Nuclei,Texture,RNA
Cytoplasm_Texture_Correlation_DNA_3_03_256,0.07086055704082234,0.04037560334003783,0.0027559872190505087,0.8860078524000894,50704.92438605291,Cytoplasm,Texture,DNA
Cytoplasm_Texture_InverseDifferenceMoment_AGP_3_01_256,0.15210834889839978,0.040695109922675755,0.0013647756417363116,0.8058317655371882,59678.64693800239,Cytoplasm,Texture,AGP
Cells_AreaShape_Zernike_7_3,0.13414384479758945,0.02268451370364164,0.0015005979998945328,0.8416710434988743,42398.33726960746,Cells,AreaShape,
Cytoplasm_Texture_InfoMeas2_RNA_3_01_256,0.20401050786839645,0.05602025106534251,0.0033396864302897605,0.7366295546359712,84848.80902332722,Cytoplasm,Texture,RNA
Cells_Texture_InfoMeas2_RNA_5_00_256,0.16157677473367513,0.06472766215526832,0.0022054249161020576,0.7714901381949545,76224.99125866318,Cells,Texture,RNA
Cytoplasm_Texture_SumAverage_RNA_3_02_256,0.18348586797300018,0.03945827659616659,0.0029198344079390476,0.7741360210228941,57910.62741511234,Cytoplasm,Texture,RNA
Cytoplasm_Texture_InverseDifferenceMoment_RNA_5_02_256,0.14557583339796715,0.04546781740076187,0.0006712073340664818,0.8082851418672045,80494.09300951331,Cytoplasm,Texture,RNA
Nuclei_Texture_DifferenceEntropy_Mito_10_02_256,0.31419466020604053,0.05300167789835763,0.003069669051115337,0.6297339928444865,86030.88967850503,Nuclei,Texture,Mito
Nuclei_Neighbors_SecondClosestObjectNumber_1,0.5058654168262207,0.04098935140727602,0.0015282125612132338,0.45161701920528996,44633.38080305017,Nuclei,Neighbors,
Nuclei_Texture_Correlation_DNA_10_01_256,0.18017333702396487,0.03337292956094296,0.006654214046438729,0.7797995193686535,70172.17049002933,Nuclei,Texture,DNA
Image_Granularity_4_RNA,0.38369778073531935,0.02855945887760627,0.00163716905695015,0.5861055913301242,115281.44448467315,Image,Granularity,RNA
Cells_Texture_SumAverage_DNA_3_03_256,0.3074455479202393,0.026488364197425514,0.004257258565410701,0.6618088293169244,112563.96541840711,Cells,Texture,DNA
Nuclei_AreaShape_BoundingBoxMaximum_Y,0.10061854820172844,0.06813828406037428,0.0005563068907390223,0.8306868608471583,40774.38265185384,Nuclei,AreaShape,
Cytoplasm_RadialDistribution_FracAtD_mito_tubeness_7of20,0.03172174365038955,0.08436649528633874,0.0403241025383557,0.843587658524916,495946.96504543116,Cytoplasm,RadialDistribution,
Cells_Granularity_4_RNA,0.48600623356335115,0.029573436034171008,0.0007601250307739499,0.48366020537170384,213811.65274595172,Cells,Granularity,RNA
Nuclei_RadialDistribution_MeanFrac_Mito_1of4,0.31763101711232267,0.030437258694349646,0.0012580627880322088,0.6506736614052955,96742.9873692368,Nuclei,RadialDistribution,Mito
Cells_Texture_Correlation_ER_3_03_256,0.16811760752067031,0.03697250982261821,0.005669695663751124,0.7892401869929604,46965.8602325718,Cells,Texture,ER
Cytoplasm_Texture_SumAverage_RNA_5_01_256,0.18924727624270932,0.037808936379244866,0.0030396708804624794,0.7699041164975833,59759.51446139902,Cytoplasm,Texture,RNA
Nuclei_Texture_InverseDifferenceMoment_Mito_3_00_256,0.346627074782184,0.055496531148951075,0.005808390728954266,0.5920680033399106,108518.93514682754,Nuclei,Texture,Mito
Nuclei_RadialDistribution_FracAtD_ER_1of4,0.17251756326100137,0.058609543111849,0.0005115068356012953,0.7683613867915483,84829.34976850572,Nuclei,RadialDistribution,ER
Cells_Texture_DifferenceVariance_DNA_5_03_256,0.22538431226159802,0.02112012592487893,0.01426554571249302,0.7392300161010301,61311.72413223671,Cells,Texture,DNA
Cells_Texture_InfoMeas1_AGP_10_00_256,0.2942733094459574,0.051280707690498285,0.0014079019727412938,0.6530380808908031,102848.98989028597,Cells,Texture,AGP
Image_Intensity_MaxIntensity_RNA_BackgroundOnly,0.17311674808668023,0.018134295605508787,0.0022815858185075664,0.8064673704893034,25227.43153079986,Image,Intensity,RNA
Nuclei_Texture_InfoMeas1_AGP_10_03_256,0.4240530168989224,0.03294682523848948,0.0014869895117777087,0.5415131683508103,131101.19696485426,Nuclei,Texture,AGP
Nuclei_Texture_SumVariance_ER_3_03_256,0.35690434594285303,0.052700079805994844,0.0012999232840831326,0.5890956509670691,152206.63509459552,Nuclei,Texture,ER
Cells_Texture_Variance_RNA_5_03_256,0.38113113611868976,0.046181576896504116,0.0007903299250517991,0.5718969570597543,153910.45470624714,Cells,Texture,RNA
Image_Granularity_14_Mito,0.16267447212464167,0.012224382354599073,0.0014913768266286165,0.8236097686941307,33562.11525380344,Image,Granularity,Mito
Cytoplasm_Correlation_Manders_ER_DNA,0.06222137517722952,0.12152340301012372,0.049132471662136405,0.7671227501505105,140095.99467026355,Cytoplasm,Correlation,DNA
Cytoplasm_Intensity_MassDisplacement_Mito,0.18665086222811944,0.05160478838594352,0.003836773707289804,0.7579075756786472,74647.18432290327,Cytoplasm,Intensity,Mito
Cytoplasm_RadialDistribution_MeanFrac_mito_tubeness_11of16,0.11719751692767205,0.03733272148037163,0.002170515456902969,0.8432992461350534,28630.483104493964,Cytoplasm,RadialDistribution,
Image_ImageQuality_StdIntensity_OrigDNA,0.3824125947881474,0.04338848144722391,0.0034205995035474957,0.5707783242610811,49449.450095237116,Image,ImageQuality,
Nuclei_AreaShape_Zernike_8_8,0.38259066865141717,0.03723980939766766,0.003808128810491998,0.5763613931404231,75588.68767845232,Nuclei,AreaShape,
Nuclei_Granularity_6_ER,0.360059597365945,0.024116153476841085,0.001472289042002252,0.6143519601152118,96351.83083491932,Nuclei,Granularity,ER
Cells_RadialDistribution_MeanFrac_mito_tubeness_10of20,0.21043800395618942,0.02560747512569038,0.0004292217492490045,0.7635252991688711,34120.56340956701,Cells,RadialDistribution,
Cytoplasm_AreaShape_Zernike_9_9,0.2608635760681344,0.018345091528623986,0.002957122264336388,0.7178342101389054,36688.93421154324,Cytoplasm,AreaShape,
Cytoplasm_Granularity_7_AGP,0.4904671077347918,0.04194261642911885,0.0016028212522495775,0.4659874545838397,222468.42835347244,Cytoplasm,Granularity,AGP
Cytoplasm_Texture_Entropy_RNA_3_03_256,0.13576650928590375,0.04768497517195043,0.0016370277010418622,0.814911487841104,70899.33465394293,Cytoplasm,Texture,RNA
Cells_RadialDistribution_MeanFrac_ER_1of4,0.1119840168015505,0.06368487149485953,0.003792906351026659,0.8205382053525633,73620.37964005608,Cells,RadialDistribution,ER
Cytoplasm_Correlation_RWC_AGP_RNA,0.17300786912900734,0.050243532180014934,0.007719385548449546,0.7690292131425283,49865.85258676426,Cytoplasm,Correlation,AGP
Image_Texture_AngularSecondMoment_Mito_10_03_256,0.4039281725641837,0.0602107421125328,0.0036268297099834052,0.5322342556133002,158170.77409670842,Image,Texture,Mito
Cells_Texture_Correlation_Mito_5_02_256,0.21230691890693706,0.06085618338491694,0.004283371647056718,0.7225535260610892,58010.70117664957,Cells,Texture,Mito
Cells_Texture_Variance_Mito_3_03_256,0.42796071757471443,0.038628234742356944,0.002060489546030459,0.5313505581368981,162618.48252819316,Cells,Texture,Mito
Cells_Intensity_MeanIntensity_AGP,0.24609789524376968,0.014445518829306336,0.004555905813516481,0.7349006801134075,38087.41732720749,Cells,Intensity,AGP
Cytoplasm_RadialDistribution_RadialCV_mito_tubeness_19of20,0.24194557968190492,0.0677222472108281,0.003395061755487705,0.6869371113517793,48636.530145334174,Cytoplasm,RadialDistribution,
Cells_Texture_InverseDifferenceMoment_AGP_10_01_256,0.14614319897592154,0.04178007001560483,0.0018474553469717103,0.8102292756615019,69934.54738971603,Cells,Texture,AGP
Nuclei_Texture_Correlation_ER_5_02_256,0.14114243399051568,0.09168522718387706,0.0025169038165109175,0.7646554350090964,64333.55632132221,Nuclei,Texture,ER
Nuclei_Texture_DifferenceVariance_AGP_5_02_256,0.06251547459337317,0.0634343787535076,0.001492555102687104,0.8725575915504321,47869.82363640457,Nuclei,Texture,AGP
Nuclei_Texture_SumEntropy_DNA_3_01_256,0.36187543692334545,0.04231111504592381,0.006076562097383359,0.5897368859333474,133615.6519015604,Nuclei,Texture,DNA
Cytoplasm_Texture_Entropy_AGP_10_00_256,0.1825702672731683,0.04679466810962454,0.0015344279277821333,0.7691006366894251,58547.7732334481,Cytoplasm,Texture,AGP
Image_Texture_DifferenceVariance_Mito_10_03_256,0.3872164500677161,0.02398495005274805,0.003939597365783482,0.5848590025137523,64514.38531491233,Image,Texture,Mito
Cells_Texture_SumAverage_DNA_5_02_256,0.3071304779116384,0.026391055907161964,0.004031279146820451,0.6624471870343792,112105.8786845735,Cells,Texture,DNA
Cells_Texture_Correlation_ER_5_01_256,0.20392322176825875,0.03456227116259992,0.005088817101761726,0.7564256899673796,61903.49656844287,Cells,Texture,ER
Image_Texture_DifferenceVariance_Mito_5_01_256,0.352032371838122,0.01798614251702799,0.0034176488522267997,0.6265638367926231,46956.666171209756,Image,Texture,Mito
Nuclei_Granularity_8_AGP,0.4026719161333513,0.046689220930332356,0.0008202252762148823,0.5498186376601015,128898.36620229228,Nuclei,Granularity,AGP
Image_Texture_SumVariance_ER_3_01_256,0.2921721573616992,0.01679495388980811,0.0009348839915138729,0.6900980047569788,37408.5669543417,Image,Texture,ER
Nuclei_Texture_Correlation_DNA_3_00_256,0.0787055467803827,0.04743141704111391,0.01552439591560391,0.8583386402628996,43392.287361570794,Nuclei,Texture,DNA
Cells_Texture_SumAverage_RNA_10_03_256,0.23397605832131987,0.02862244618977941,0.0031211663499803584,0.7342803291389204,63134.283940575275,Cells,Texture,RNA
Cytoplasm_Texture_InfoMeas2_AGP_10_02_256,0.22594915802442236,0.03396032315828984,0.0040059004047880604,0.7360846184124997,47659.35954051763,Cytoplasm,Texture,AGP
Image_Texture_Correlation_Mito_3_03_256,0.16487247107835126,0.0235231661992765,0.0019501905672362418,0.809654172155136,28653.2442977698,Image,Texture,Mito
Image_Texture_Variance_ER_3_03_256,0.29468700061312086,0.016828766110269254,0.0009775273528723502,0.6875067059237374,37120.50755271396,Image,Texture,ER
Cells_RadialDistribution_MeanFrac_mito_tubeness_17of20,0.21365421111967103,0.034592402138752185,0.0005099643455597689,0.7512434223960169,41613.12195985773,Cells,RadialDistribution,
Cytoplasm_Texture_SumAverage_DNA_5_01_256,0.2539416996633032,0.03347831455644545,0.0046673355074554786,0.7079126502727959,86859.24766658974,Cytoplasm,Texture,DNA
Image_Intensity_TotalIntensity_ER__BackgroundOnly,0.3357707697495238,0.03134214175531168,0.011430546690243924,0.6214565418049205,46626.80227047795,Image,Intensity,ER
Cells_Correlation_RWC_ER_DNA,0.26661873052246116,0.020533241356192906,0.005500664689638446,0.7073473634317076,67831.76718440105,Cells,Correlation,DNA
Cytoplasm_Texture_Entropy_RNA_5_02_256,0.13627424950541994,0.04830955532462464,0.0015276481763471716,0.8138885469936084,71348.49060331407,Cytoplasm,Texture,RNA
Cytoplasm_Texture_InfoMeas2_Mito_3_03_256,0.1260235309860928,0.061145753892710174,0.0020464233860166253,0.8107842917351804,62675.07033862075,Cytoplasm,Texture,Mito
Cells_Texture_SumAverage_ER_10_02_256,0.25988733293991334,0.03856202571647759,0.0039098424068243435,0.6976407989367848,95038.30644713964,Cells,Texture,ER
Cytoplasm_Intensity_LowerQuartileIntensity_RNA,0.21320841535585303,0.019462005180460044,0.026041891149012855,0.7412876883146741,31928.088538518685,Cytoplasm,Intensity,RNA
Nuclei_Texture_Entropy_AGP_3_03_256,0.18734198336370703,0.044486532099919075,0.0018291514701344153,0.7663423330662396,51267.74690846826,Nuclei,Texture,AGP
Nuclei_Texture_InfoMeas2_DNA_5_00_256,0.36330848340746974,0.038355369927792836,0.0068413326405579785,0.5914948140241795,112402.36935255889,Nuclei,Texture,DNA
Nuclei_Texture_SumEntropy_RNA_5_03_256,0.13210692146125905,0.051723531847241655,0.0007775455755319895,0.8153920011159673,44080.77160106496,Nuclei,Texture,RNA
Cells_Texture_InfoMeas2_Mito_3_00_256,0.08559062109691397,0.08337845684015692,0.0015675181782956998,0.8294634038846334,71770.95258423482,Cells,Texture,Mito
Cells_Texture_SumEntropy_Mito_5_02_256,0.13895660336244767,0.05716842471175714,0.003476114446484762,0.8003988574793104,52330.500380271624,Cells,Texture,Mito
Cytoplasm_AreaShape_MinFeretDiameter,0.2520882193096033,0.037087868013986114,0.0016764379477971266,0.7091474747286134,142891.7344016559,Cytoplasm,AreaShape,
Cytoplasm_Texture_DifferenceEntropy_AGP_3_01_256,0.1766883057872699,0.052952369021235166,0.0017587401625137778,0.7686005850289812,70591.50404278844,Cytoplasm,Texture,AGP
Image_Texture_Variance_DNA_10_03_256,0.23006157755651102,0.03714079247734023,0.0052591285892235945,0.7275385013769252,37693.0835264442,Image,Texture,DNA
Nuclei_Texture_SumEntropy_Mito_3_00_256,0.2971730028810703,0.050453994584189886,0.005114837707789511,0.6472581648269502,79655.0719336749,Nuclei,Texture,Mito
Nuclei_Texture_Variance_RNA_10_02_256,0.3467918168860429,0.0514729348214998,0.0009188864287225785,0.6008163618637348,136264.91418474485,Nuclei,Texture,RNA
Cytoplasm_RadialDistribution_RadialCV_Mito_1of4,0.16634267369108174,0.05731547116336915,0.0033165280617931275,0.7730253270837559,63804.71514498577,Cytoplasm,RadialDistribution,Mito
Nuclei_Texture_Contrast_RNA_5_00_256,0.35944391557009686,0.047826043750774185,0.0016855084853020898,0.5910445321938269,138233.40420631933,Nuclei,Texture,RNA
Cells_AreaShape_Zernike_3_1,0.24644065406984644,0.02109398904760983,0.0008967477760674815,0.7315686091064763,49001.335861388085,Cells,AreaShape,
Cytoplasm_Texture_InfoMeas1_DNA_3_02_256,0.18865505002330643,0.040688413800948835,0.004817674442479549,0.7658388617332651,70673.76198926126,Cytoplasm,Texture,DNA
Cytoplasm_Texture_Variance_RNA_3_03_256,0.40990789390735693,0.045005758447253144,0.0007076761977308957,0.544378671447659,164448.38090231942,Cytoplasm,Texture,RNA
Cells_Texture_InfoMeas2_ER_5_02_256,0.1791336449809675,0.052749546244208606,0.0017644743864671198,0.7663523343883567,57950.479086608044,Cells,Texture,ER
Image_ImageQuality_Correlation_OrigRNA_20,0.292355779741244,0.011297976036662077,0.00158508674121367,0.6947611574808803,23422.13906219492,Image,ImageQuality,
Nuclei_Texture_InfoMeas1_DNA_3_01_256,0.39754337778134796,0.03560270419041483,0.003646222757772818,0.5632076952704644,153797.7086147233,Nuclei,Texture,DNA
Nuclei_Granularity_12_DNA,0.38256066659126453,0.026532362708506205,0.0007200838340580102,0.5901868868661712,98968.2415303507,Nuclei,Granularity,DNA
Cytoplasm_Correlation_K_Mito_ER,0.15139389707633372,0.01749231863377296,0.002751405154772948,0.8283623791351202,17604.104547424602,Cytoplasm,Correlation,ER
Cells_RadialDistribution_FracAtD_mito_tubeness_4of20,0.3619788586148891,0.045886434345718145,0.0021269661717017783,0.5900077408676909,149002.40474287278,Cells,RadialDistribution,
Cytoplasm_Texture_DifferenceVariance_DNA_3_00_256,0.0862610829096673,0.04057533696339251,0.004408488040791841,0.8687550920861483,55439.73113049836,Cytoplasm,Texture,DNA
Cells_Texture_AngularSecondMoment_AGP_10_00_256,0.1258338946756118,0.051815046444940616,0.002072242069099392,0.8202788168103481,80895.00435227931,Cells,Texture,AGP
Cytoplasm_Correlation_K_AGP_Mito,0.30932462709645064,0.030785684659477595,0.0015373068018500137,0.6583523814422216,55163.16940488762,Cytoplasm,Correlation,AGP
Nuclei_RadialDistribution_RadialCV_DNA_2of4,0.5038198057749599,0.0434070352147468,0.0003147185468323862,0.45245844046346095,233460.6630990671,Nuclei,RadialDistribution,DNA
Image_ImageQuality_MinIntensity_OrigAGP,0.09105097108240323,0.054244685319345114,0.00104228219396342,0.8536620614042881,33260.351801541234,Image,ImageQuality,
Cytoplasm_Texture_SumVariance_AGP_5_01_256,0.36717235465164877,0.046371027873936294,0.004089811291041339,0.5823668061833736,138370.25842498778,Cytoplasm,Texture,AGP
Nuclei_Texture_SumEntropy_AGP_10_01_256,0.1419099707170375,0.04238442457550957,0.001959254217076473,0.8137463504903765,51043.095487112434,Nuclei,Texture,AGP
Cells_Neighbors_FirstClosestObjectNumber_5,0.5054173306734215,0.0404685110784547,0.0015683072906401024,0.45254585095748384,44111.27257534781,Cells,Neighbors,
Cells_Texture_InverseDifferenceMoment_DNA_5_03_256,0.21105527284920933,0.025695304212300756,0.005779706969774364,0.7574697159687156,93964.32276205119,Cells,Texture,DNA
Cells_RadialDistribution_FracAtD_mito_tubeness_16of20,0.3020228142823265,0.03234012762057505,0.0008308959411537161,0.6648061621559447,60813.709915203464,Cells,RadialDistribution,
Cytoplasm_Intensity_MADIntensity_AGP,0.2959088514054334,0.03926690237125185,0.005219808087615076,0.6596044381356997,73715.66579922919,Cytoplasm,Intensity,AGP
Nuclei_Intensity_StdIntensity_AGP,0.3403131553042521,0.04752319334216514,0.002062799052744709,0.610100852300838,104400.6655136499,Nuclei,Intensity,AGP
Cells_RadialDistribution_MeanFrac_mito_tubeness_15of16,0.20401264273350306,0.03154468936887742,0.0017654050789099734,0.7626772628187096,38774.33587163071,Cells,RadialDistribution,
Cytoplasm_Texture_Entropy_AGP_10_02_256,0.18272590083760612,0.04612634148357314,0.0015102964911952847,0.7696374611876255,57781.78795234913,Cytoplasm,Texture,AGP
Image_Threshold_SumOfEntropies_mito_bw,0.18636343843048178,0.01711136260738635,0.005098499544824441,0.7914266994173075,23178.280324299412,Image,Threshold,
Cytoplasm_Texture_SumAverage_ER_10_00_256,0.22859130739037092,0.04109170046023231,0.0030824590301639283,0.7272345331192328,77494.08168651351,Cytoplasm,Texture,ER
Image_Texture_DifferenceVariance_Mito_5_00_256,0.33486794912645035,0.01481370716846242,0.0034836309878059114,0.6468347127172813,41812.010901640475,Image,Texture,Mito
Cytoplasm_Texture_InfoMeas2_Mito_10_01_256,0.2054352184699666,0.05205164230512694,0.004823868052855047,0.7376892711720514,48145.95970661237,Cytoplasm,Texture,Mito
Cells_Intensity_MinIntensity_Mito,0.07091511428504382,0.02674543512876913,0.0053978893147190316,0.896941561271468,18525.536533672515,Cells,Intensity,Mito
Cytoplasm_RadialDistribution_RadialCV_mito_tubeness_4of16,0.02937616607595854,0.08219410812455094,0.04417344190191396,0.8442562838975766,178374.18086386248,Cytoplasm,RadialDistribution,
Cytoplasm_Texture_AngularSecondMoment_AGP_5_01_256,0.17104626644241236,0.04981021526781432,0.001827601535533353,0.7773159167542399,76864.3577970049,Cytoplasm,Texture,AGP
Cytoplasm_Texture_SumAverage_DNA_10_01_256,0.19161904924598386,0.037453773717761846,0.004378746115842242,0.766548430920412,84418.9155848992,Cytoplasm,Texture,DNA
Cytoplasm_Texture_Correlation_AGP_3_00_256,0.1483041871330116,0.08237453877015556,0.0036858853674178117,0.765635388729415,76357.13325735024,Cytoplasm,Texture,AGP
Image_Texture_SumAverage_AGP_5_00_256,0.4767688474960677,0.033422962898973875,0.0015594148592487226,0.4882487747457098,32482.267975677838,Image,Texture,AGP
Image_Texture_SumAverage_AGP_10_02_256,0.4759433061533872,0.034099863260355544,0.0015822826346152854,0.48837454795164204,32483.37290435152,Image,Texture,AGP
Nuclei_Intensity_MedianIntensity_DNA,0.25717567565920324,0.02758753745687362,0.003920067491064545,0.7113167193928587,79694.27724864482,Nuclei,Intensity,DNA
Nuclei_RadialDistribution_FracAtD_RNA_4of4,0.21182246309934089,0.057773823836416084,0.00083369480165659,0.7295700182625864,120999.79613716406,Nuclei,RadialDistribution,RNA
Cells_Texture_Variance_ER_10_00_256,0.35789891187261524,0.046584057414416825,0.0011534580303330356,0.594363572682635,140640.0486341636,Cells,Texture,ER
Image_ImageQuality_MaxIntensity_OrigMito,0.022676157971406062,0.3188993347665178,0.019190822760987856,0.6392336845010883,427380.18601983035,Image,ImageQuality,
Cytoplasm_Texture_Entropy_DNA_10_03_256,0.20273447053046212,0.06120190528339448,0.011590835876379022,0.7244727883097644,113785.02273202807,Cytoplasm,Texture,DNA
Cytoplasm_Intensity_IntegratedIntensity_AGP,0.2650121927286994,0.016386427133646447,0.0003642871023283137,0.7182370930353258,95487.00118577597,Cytoplasm,Intensity,AGP
Cytoplasm_Texture_Correlation_RNA_3_02_256,0.19768074714848985,0.04170647789056751,0.005756426204102258,0.7548563487568404,58433.42803700144,Cytoplasm,Texture,RNA
Cells_Texture_SumAverage_RNA_10_00_256,0.2320229872924168,0.03136178523681694,0.0032945054029358384,0.7333207220678304,67774.37645196274,Cells,Texture,RNA
Image_Texture_AngularSecondMoment_ER_3_00_256,0.4874138558020687,0.04324363128556847,0.003046270616872861,0.4662962422954899,161441.65616036253,Image,Texture,ER
Nuclei_Correlation_Manders_RNA_DNA,0.4437552114655592,0.07417117094578483,0.03262955186404494,0.44944406572461093,305323.5992717456,Nuclei,Correlation,DNA
Image_ImageQuality_LocalFocusScore_OrigAGP_10,0.38531916488443246,0.08779249878847824,0.00700155580319564,0.5198867805238937,340602.3556032289,Image,ImageQuality,
Nuclei_Texture_Variance_DNA_10_03_256,0.4514950289316076,0.044791942859427586,0.0022900857651514867,0.5014229424438134,232140.47547960057,Nuclei,Texture,DNA
Cells_Texture_DifferenceVariance_Mito_5_02_256,0.037176429595031805,0.09521757086420747,0.001959587513021564,0.8656464120277392,59179.15980190706,Cells,Texture,Mito
Image_Texture_Correlation_DNA_10_01_256,0.2529606394640978,0.016365789177510144,0.0011583968272987834,0.7295151745310932,74009.29859614077,Image,Texture,DNA
Cytoplasm_Texture_Variance_DNA_5_01_256,0.38944765678544596,0.025696560809997552,0.0011855378445127613,0.5836702445600438,151188.62331555784,Cytoplasm,Texture,DNA
Cytoplasm_RadialDistribution_FracAtD_mito_tubeness_1of16,0.03462269480486222,0.03657735926928854,0.04514733924614266,0.8836526066797066,586532.050968738,Cytoplasm,RadialDistribution,
Image_ImageQuality_MeanIntensity_OrigDNA,0.4685813782853762,0.03642532176733856,0.0019792431028519708,0.4930140568444333,32935.896114570125,Image,ImageQuality,
Image_Texture_DifferenceVariance_Mito_3_03_256,0.3271504826260774,0.013322129612773313,0.0032005289076039523,0.6563268588535454,39488.29442186011,Image,Texture,Mito
Nuclei_Granularity_10_AGP,0.3317245953033859,0.042994492421188434,0.0010197958323143572,0.6242611164431112,77550.66753099783,Nuclei,Granularity,AGP
Cytoplasm_RadialDistribution_FracAtD_mito_tubeness_12of16,0.09514054365033181,0.046620208635688117,0.002323043282887234,0.855916204431093,22655.85772697849,Cytoplasm,RadialDistribution,
Nuclei_Texture_Variance_ER_5_02_256,0.3655286081504877,0.05273875363203833,0.0008732033162847935,0.5808594349011892,151620.16290833472,Nuclei,Texture,ER
Cytoplasm_RadialDistribution_MeanFrac_mito_tubeness_13of16,0.05752746676911417,0.10148027842928718,0.006263840749300347,0.8347284140522984,89635.3568269278,Cytoplasm,RadialDistribution,
Cells_Texture_InfoMeas2_ER_5_01_256,0.13832677240433622,0.05372724941381217,0.0011212524606464163,0.8068247257212052,52088.12782524295,Cells,Texture,ER
Cytoplasm_Texture_Variance_DNA_3_00_256,0.39202564189361033,0.024428674635164842,0.0012716842529123418,0.5822739992183125,152552.37930325084,Cytoplasm,Texture,DNA
Image_Texture_SumVariance_Mito_3_00_256,0.13501744071123475,0.018997471412521293,0.0029461515595490184,0.8430389363166949,36879.56487522907,Image,Texture,Mito
Cells_Texture_InfoMeas1_AGP_5_02_256,0.12487721669716706,0.06681943810020623,0.0010661161610105276,0.8072372290416161,82368.57705508743,Cells,Texture,AGP
Cells_Texture_DifferenceVariance_ER_3_00_256,0.051430369921508255,0.07886033832578175,0.0024224159506935103,0.8672868758020166,79658.25309169013,Cells,Texture,ER
Nuclei_Texture_InfoMeas2_DNA_5_03_256,0.3818006312284147,0.04220753348379795,0.006691226855204842,0.5693006084325825,128527.6613635999,Nuclei,Texture,DNA
Cytoplasm_Texture_InverseDifferenceMoment_AGP_5_00_256,0.14677654954385444,0.040192752105623605,0.0010547335652814974,0.8119759647852405,62395.848768769036,Cytoplasm,Texture,AGP
Image_Texture_Entropy_RNA_5_00_256,0.4751323859226411,0.04568703451480453,0.007122503869149402,0.4720580756934048,86014.96930922859,Image,Texture,RNA
Cells_Texture_SumAverage_ER_10_01_256,0.25625591372088624,0.03781741268829859,0.004223448684318512,0.7017032249064966,90705.00681314719,Cells,Texture,ER
Cells_Texture_InfoMeas1_Mito_3_03_256,0.15537471577347542,0.048189759300173475,0.002199240330368829,0.7942362845959824,47015.454365739075,Cells,Texture,Mito
Cytoplasm_Texture_InfoMeas1_ER_10_01_256,0.34105818804082033,0.03776993986530145,0.002202626452817618,0.6189692456410606,118046.39745912742,Cytoplasm,Texture,ER
Image_ImageQuality_TotalArea_OrigER,0.0,0.0,0.0,0.0,0.0,Image,ImageQuality,
Cytoplasm_RadialDistribution_FracAtD_mito_tubeness_3of20,0.02310583194085919,0.05430000009789371,0.00016841060273952815,0.9224257573585076,50927.12821085796,Cytoplasm,RadialDistribution,
Cytoplasm_AreaShape_Zernike_6_0,0.14953987555969442,0.04563078249393375,0.0019358049454069634,0.8028935370009649,42797.51883635389,Cytoplasm,AreaShape,
Cytoplasm_RadialDistribution_RadialCV_AGP_3of4,0.33110103223054943,0.038535114529574276,0.003851310358987219,0.6265125428808891,115415.84431458024,Cytoplasm,RadialDistribution,AGP
Cells_Intensity_MedianIntensity_Mito,0.19100459934981814,0.04241207512478025,0.0047238552682121755,0.7618594702571894,47279.5674056743,Cells,Intensity,Mito
Cells_AreaShape_MinFeretDiameter,0.25213010301085714,0.03709431818858433,0.001673239832489283,0.7091023389680692,143045.91265481047,Cells,AreaShape,
Image_Texture_SumEntropy_DNA_10_02_256,0.453303216243409,0.04608182180206901,0.003805044926362001,0.49680991702815996,50399.71663174548,Image,Texture,DNA
Cytoplasm_Granularity_9_AGP,0.39549530009728884,0.04253051317629257,0.0016787158593688832,0.5602954708670497,129221.15821914708,Cytoplasm,Granularity,AGP
Nuclei_AreaShape_MinFeretDiameter,0.46094564976379343,0.0051168874441788635,0.0009629378852135084,0.5329745249068143,110515.64451797992,Nuclei,AreaShape,
Cells_Intensity_StdIntensityEdge_RNA,0.30625459624091045,0.027231355174168605,0.002347423700159134,0.6641666248847619,58104.63283050769,Cells,Intensity,RNA
Nuclei_Texture_Variance_Mito_10_00_256,0.4584498582613874,0.040234912606527146,0.003045798195626571,0.49826943093645887,216165.47043757862,Nuclei,Texture,Mito
Cells_RadialDistribution_FracAtD_AGP_1of4,0.27462192770409993,0.053325506302261315,0.0012625528707846465,0.6707900131228541,146370.42917175184,Cells,RadialDistribution,AGP
Cells_Texture_SumAverage_ER_3_02_256,0.2598232255898563,0.03945624176208447,0.003425887700872358,0.697294644947187,91126.84958023409,Cells,Texture,ER
Nuclei_Correlation_Manders_ER_DNA,0.4455761487542806,0.07446778518477895,0.0320175701101045,0.44793849595083585,306216.812808424,Nuclei,Correlation,DNA
Nuclei_ObjectSkeleton_NumberNonTrunkBranches_mito_skel,0.30726010514109475,0.06251566920952462,0.00392747724956005,0.6262967483998206,268053.4548561396,Nuclei,ObjectSkeleton,
Cells_Granularity_2_ER,0.3039933079626819,0.03208117542403867,0.002570289715411984,0.6613552268978674,77629.46376696986,Cells,Granularity,ER
Nuclei_Texture_DifferenceVariance_RNA_5_03_256,0.07785313912357494,0.09159727928655408,0.0006989798756925088,0.8298506017141785,88017.11539582061,Nuclei,Texture,RNA
Nuclei_RadialDistribution_RadialCV_DNA_3of4,0.4809140259799711,0.04128364236199841,0.0005085579578395898,0.47729377370019077,207793.41416629052,Nuclei,RadialDistribution,DNA
Cells_RadialDistribution_FracAtD_mito_tubeness_3of20,0.363203434182086,0.0480899664783196,0.002065321023659718,0.5866412783159346,159806.6342236306,Cells,RadialDistribution,
Image_Granularity_5_Mito,0.21276714151661388,0.01640747078917641,0.004684274747177202,0.7661411129470325,45930.8164592573,Image,Granularity,Mito
Cells_Texture_InverseDifferenceMoment_DNA_3_01_256,0.22652428964758342,0.027943305674947985,0.004640372882630728,0.7408920317948378,93075.00832404724,Cells,Texture,DNA
Image_ImageQuality_MinIntensity_OrigER,0.05735142236066319,0.12183183061360014,0.010283852601766523,0.8105328944239701,59746.94260685542,Image,ImageQuality,
Image_Texture_Contrast_AGP_3_03_256,0.35429561415752686,0.018520794453772832,0.00211413083803556,0.6250694605506647,32130.146065131463,Image,Texture,AGP
Image_Texture_Entropy_DNA_3_03_256,0.4122312925405291,0.04841336394776939,0.004754601120569155,0.5346007423911322,44799.02828173543,Image,Texture,DNA
Cells_Texture_InfoMeas1_Mito_5_02_256,0.14592340874261353,0.05064567311749834,0.0020120471483600464,0.8014188709915281,49551.28480122359,Cells,Texture,Mito
Image_Texture_Entropy_Mito_3_00_256,0.4520424165227014,0.04384568999158629,0.0024036613710094585,0.5017082321147028,63714.66809665177,Image,Texture,Mito
Image_Texture_SumEntropy_DNA_5_03_256,0.4347933231119785,0.04913566114634778,0.004554319671472929,0.5115166960702008,49043.71682605479,Image,Texture,DNA
Cells_Texture_SumVariance_RNA_5_00_256,0.36345519699342943,0.048545247884344896,0.0008364629886449917,0.5871630921335806,142454.44052815653,Cells,Texture,RNA
Nuclei_Texture_DifferenceVariance_DNA_10_01_256,0.14355631376512026,0.031498347462971824,0.020059906870862947,0.8048854319010449,53285.18053850505,Nuclei,Texture,DNA
Cytoplasm_Texture_DifferenceVariance_RNA_3_02_256,0.06533340076592774,0.07883505066168289,0.002164088478788443,0.8536674600936008,80950.51671997106,Cytoplasm,Texture,RNA
Nuclei_Texture_AngularSecondMoment_DNA_5_00_256,0.1641567137504634,0.03202064694754765,0.019111164577874033,0.7847114747241148,56944.64565061781,Nuclei,Texture,DNA
Cytoplasm_Texture_SumEntropy_RNA_10_00_256,0.15057844229815112,0.05276152148147133,0.0011584642873424522,0.7955015719330352,78966.26872494884,Cytoplasm,Texture,RNA
Cytoplasm_Texture_DifferenceVariance_AGP_10_03_256,0.12908024886500047,0.05931577920485081,0.0012945504011833379,0.8103094215289653,62893.71388192408,Cytoplasm,Texture,AGP
Cells_Texture_InfoMeas2_AGP_10_01_256,0.26712929843760735,0.039451577715427566,0.004275199282372138,0.689143924564593,55178.77818510062,Cells,Texture,AGP
Cytoplasm_Texture_SumAverage_Mito_3_03_256,0.20645036451322277,0.05662028939956677,0.0036457569772859496,0.7332835891099245,58505.780137558344,Cytoplasm,Texture,Mito
Image_Intensity_TotalArea_DNA,0.0,0.0,0.0,0.0,0.0,Image,Intensity,DNA
Cells_Correlation_Overlap_AGP_DNA,0.1670210367349498,0.02721006456529852,0.02134803029383255,0.7844208684059192,52969.22319135116,Cells,Correlation,AGP
Cytoplasm_Texture_DifferenceEntropy_AGP_3_03_256,0.18034639907596356,0.050809079441904305,0.0020163420135748903,0.7668281794685573,71425.13827731228,Cytoplasm,Texture,AGP
Cytoplasm_Texture_InfoMeas2_AGP_5_01_256,0.22654657465581488,0.031659985961888064,0.002626002752393199,0.7391674366299039,45917.95040908977,Cytoplasm,Texture,AGP
Cytoplasm_Texture_DifferenceVariance_RNA_3_03_256,0.06810412192781691,0.078179004437266,0.0018202992081649285,0.8518965744267522,86409.37968489547,Cytoplasm,Texture,RNA
Image_Texture_SumEntropy_DNA_10_01_256,0.46372797378657393,0.04463946612847341,0.003798221771507938,0.4878343383134447,52455.907337092925,Image,Texture,DNA
Nuclei_Texture_InfoMeas1_DNA_3_00_256,0.35906095320862996,0.037806983826873,0.006111493529584617,0.5970205694349126,132799.159947203,Nuclei,Texture,DNA
Nuclei_Texture_SumEntropy_RNA_5_02_256,0.1355458273419557,0.051826571178318556,0.0007247606584550006,0.8119028408212707,46111.86569104376,Nuclei,Texture,RNA
Image_Texture_InfoMeas2_DNA_10_02_256,0.28418434319938557,0.07596357610624364,0.004920466970974778,0.634931613723396,127561.71728672455,Image,Texture,DNA
Nuclei_Texture_Variance_RNA_5_02_256,0.3628361216618028,0.05084560425223022,0.0010711496447367152,0.5852471244412304,142861.49743060255,Nuclei,Texture,RNA
Cytoplasm_Correlation_Correlation_ER_Mito,0.1432843764775816,0.04783065519591806,0.002719608599289167,0.8061653597272112,59035.5062150084,Cytoplasm,Correlation,ER
Cells_Texture_SumVariance_Mito_10_03_256,0.39968459022613856,0.04109814564897211,0.0021404225981423814,0.557076841526747,145146.56248494962,Cells,Texture,Mito
Nuclei_Texture_SumVariance_Mito_5_00_256,0.4576188785152572,0.0421028665595703,0.0032707251046874756,0.49700752982048496,223711.1475085865,Nuclei,Texture,Mito
Cells_RadialDistribution_MeanFrac_mito_tubeness_8of16,0.21863594663536298,0.026509982376753834,0.0005661473338811908,0.754287923654002,35757.084529337175,Cells,RadialDistribution,
Cytoplasm_AreaShape_Zernike_5_5,0.3373134866647951,0.017647443594886576,0.002666408886900577,0.6423726608534177,46455.91196680147,Cytoplasm,AreaShape,
Cytoplasm_Texture_InverseDifferenceMoment_RNA_3_02_256,0.16394396871538,0.048254944131167855,0.001012016180403597,0.7867890709730485,82188.96571125624,Cytoplasm,Texture,RNA
Cytoplasm_Correlation_K_ER_RNA,0.18883647628747294,0.017984767869225284,0.001341050886865066,0.7918377049564367,24986.49196225172,Cytoplasm,Correlation,ER
Cytoplasm_Texture_SumAverage_DNA_5_02_256,0.2623748558843269,0.033063855418571556,0.004793706866378719,0.6997675818307227,88056.07297428192,Cytoplasm,Texture,DNA
Image_Granularity_10_AGP,0.11914468566727028,0.041408149937459,0.0010106856438333017,0.8384364787514373,32949.77347254463,Image,Granularity,AGP
Image_ImageQuality_LocalFocusScore_OrigMito_50,0.45228058762207846,0.057344378537063395,0.0029920037596864284,0.4873830300811717,376922.79488122277,Image,ImageQuality,
Image_ImageQuality_MaxIntensity_OrigER,0.0601192223052259,0.04108810147510518,0.007030846962695739,0.8917618292569732,16858.708675366674,Image,ImageQuality,
Nuclei_Correlation_Manders_Mito_AGP,0.21923488732509333,0.0333376331858776,0.00532301508098215,0.742104464408047,193957.05516752435,Nuclei,Correlation,AGP
Nuclei_Correlation_Manders_RNA_ER,0.06270434883995107,0.1205659496415895,0.07239766434246042,0.744332037175999,426665.3002782264,Nuclei,Correlation,ER
Nuclei_Texture_InfoMeas1_ER_5_00_256,0.3185879578173326,0.04341059832480451,0.0017165425901600286,0.6362849012677029,116332.81669613162,Nuclei,Texture,ER
Cytoplasm_Texture_InfoMeas1_ER_5_00_256,0.16403723674877832,0.026718811304910033,0.0013904805117319911,0.8078534714345796,45783.35042755967,Cytoplasm,Texture,ER
Image_Texture_SumEntropy_Mito_10_03_256,0.44829428806419735,0.04797362868769515,0.002323724821047144,0.5014083584270604,85649.63304257406,Image,Texture,Mito
Cells_Texture_SumEntropy_ER_5_03_256,0.1361613741546435,0.05471380513686767,0.0007181647072191949,0.8084066560012695,95331.00512232987,Cells,Texture,ER
Cytoplasm_RadialDistribution_FracAtD_mito_tubeness_7of16,0.031162336067047436,0.05174925069718941,0.03513392358682093,0.8819544896489422,565119.4040049992,Cytoplasm,RadialDistribution,
Nuclei_Texture_InverseDifferenceMoment_RNA_10_02_256,0.16211502735089534,0.04486679753206714,0.00033988888977701357,0.7926782862272604,45325.89930783885,Nuclei,Texture,RNA
Nuclei_Texture_InfoMeas2_ER_5_00_256,0.22938149415496267,0.039923737762465925,0.002891118409874411,0.727803649672697,59264.542444105115,Nuclei,Texture,ER
Cytoplasm_Texture_SumVariance_ER_10_01_256,0.3426577433443704,0.04826660474240824,0.0009481205718755252,0.6081275313413458,132747.74819187965,Cytoplasm,Texture,ER
Nuclei_Texture_AngularSecondMoment_AGP_5_01_256,0.0906752629934349,0.037311897565073956,0.003922366338942544,0.8680904731025485,33199.90549378411,Nuclei,Texture,AGP
Cells_Texture_AngularSecondMoment_AGP_10_03_256,0.13180253468740863,0.052578324716325564,0.001928746531077055,0.8136903940651888,81254.0916350125,Cells,Texture,AGP
Image_ImageQuality_MaxIntensity_OrigRNA,0.04215544531189216,0.13722467245029876,0.1697459323112899,0.6508739499265191,264532.9416738444,Image,ImageQuality,
Nuclei_Granularity_16_RNA,0.267502577085249,0.017666946137907542,0.0027428695010286975,0.7120876072758148,24271.33847452407,Nuclei,Granularity,RNA
Cytoplasm_Texture_DifferenceVariance_ER_10_02_256,0.06917866846724531,0.07646955662107675,0.002328137848050402,0.8520236370636276,87184.36807406509,Cytoplasm,Texture,ER
Cells_AreaShape_BoundingBoxMaximum_X,0.03851808683908844,0.03875765088598477,0.0008714666384774815,0.9218527956364494,32483.33477628489,Cells,AreaShape,
Cells_RadialDistribution_RadialCV_Mito_2of4,0.22662027493689232,0.031250250281780814,0.0012300083781645519,0.7408994664031623,30804.185481588218,Cells,RadialDistribution,Mito
Cytoplasm_Texture_Entropy_DNA_3_03_256,0.2927150008647774,0.029288658109118234,0.004071292525810228,0.6739250485002941,94452.7987667528,Cytoplasm,Texture,DNA
Nuclei_Texture_Entropy_Mito_3_00_256,0.31056123654644047,0.05375860369979441,0.005794751012626826,0.6298854087411382,86994.71424597465,Nuclei,Texture,Mito
Cytoplasm_Texture_Correlation_Mito_3_01_256,0.37722713610063907,0.042109152305688305,0.0030807535856036284,0.5775829580080689,87126.74288903442,Cytoplasm,Texture,Mito
Cells_Texture_Entropy_AGP_3_01_256,0.15528936724288497,0.053808895559660785,0.0016149877260882596,0.789286749471366,65808.63498780967,Cells,Texture,AGP
Image_Texture_AngularSecondMoment_AGP_3_00_256,0.44076106494138123,0.06350727950297624,0.002061773794414394,0.493669881761228,164260.07094933453,Image,Texture,AGP
Nuclei_Granularity_13_Mito,0.33485314338871314,0.022067111231736377,0.0011641092068991141,0.6419156361726515,40997.116717267396,Nuclei,Granularity,Mito
Nuclei_Intensity_StdIntensity_DNA,0.40279272713961084,0.04669926821630094,0.0004709719351577268,0.5500370327089305,179743.3337421996,Nuclei,Intensity,DNA
Cells_AreaShape_BoundingBoxMinimum_Y,0.1229894373558506,0.05263892599609588,0.0005645892894993071,0.8238070473585543,41752.60379021839,Cells,AreaShape,
Image_Intensity_TotalArea_DNA_BackgroundOnly,0.46711777755844375,0.03615856480139044,0.006582637857236092,0.49014101978292973,57094.63220317192,Image,Intensity,DNA
Image_Texture_InfoMeas1_RNA_3_01_256,0.2579409988545872,0.021656553680394104,0.0010491176514742426,0.7193533298135444,33688.98629363753,Image,Texture,RNA
Nuclei_Texture_DifferenceVariance_RNA_3_01_256,0.06943977476102849,0.09212768125480635,0.0007041529855165528,0.8377283909986486,85046.19192414868,Nuclei,Texture,RNA
Image_Texture_Variance_ER_10_02_256,0.2939573002940204,0.016666686652600567,0.0009281206835181207,0.6884478923698608,37178.711057103035,Image,Texture,ER
Cytoplasm_Intensity_StdIntensityEdge_Mito,0.35112305179424785,0.052068376410972006,0.0020433460421977103,0.5947652257525824,105991.77581324478,Cytoplasm,Intensity,Mito
Nuclei_Texture_InverseDifferenceMoment_Mito_10_00_256,0.30832356341183187,0.052368830991679015,0.00631132244531696,0.6329962831511722,77339.28801539904,Nuclei,Texture,Mito
Cytoplasm_Granularity_15_DNA,0.08793605439018107,0.04250317886499907,0.00686698525228361,0.8626937814925363,28971.317539458345,Cytoplasm,Granularity,DNA
Cytoplasm_Texture_InfoMeas1_DNA_5_02_256,0.19344085891333246,0.0444499220710886,0.0019877839004730264,0.7601214351151059,73099.88783644943,Cytoplasm,Texture,DNA
Image_Texture_DifferenceVariance_RNA_3_02_256,0.3030911512486086,0.04901344868492536,0.0009104554282762036,0.6469849446381898,53551.57234513923,Image,Texture,RNA
Cells_Texture_SumVariance_Mito_3_01_256,0.41521475402457536,0.04067234634449618,0.0020479670561817714,0.5420649325747467,158064.52981965354,Cells,Texture,Mito
Nuclei_Granularity_11_Mito,0.24317292258216539,0.01899603516536741,0.0008820316478618305,0.7369490106046054,31655.30133746942,Nuclei,Granularity,Mito
Nuclei_Texture_AngularSecondMoment_Mito_5_02_256,0.04723550117276552,0.07928395137702675,0.008236964354864137,0.8652435830953437,50256.49979855198,Nuclei,Texture,Mito
Cells_Neighbors_AngleBetweenNeighbors_5,0.4960680312561201,0.04766083342076683,0.003528099558387755,0.45274303576472547,129292.49620255675,Cells,Neighbors,
Image_Texture_Entropy_AGP_10_03_256,0.4614220732290718,0.05247567678128724,0.0012729004977141212,0.4848293494919269,87392.85029026249,Image,Texture,AGP
Cytoplasm_RadialDistribution_RadialCV_mito_tubeness_7of16,0.02842823652917806,0.07004476423317288,0.04318034112295034,0.8583466581146987,552138.3348157197,Cytoplasm,RadialDistribution,
Cytoplasm_Texture_Correlation_RNA_10_03_256,0.1434411385060357,0.06244768766761208,0.001350242485051744,0.7927609313413004,93787.35004009261,Cytoplasm,Texture,RNA
Cytoplasm_Texture_DifferenceVariance_Mito_10_02_256,0.046606442890448255,0.0953777253957966,0.0016647129596914906,0.8563511187540637,65156.61797474733,Cytoplasm,Texture,Mito
Cytoplasm_Texture_InfoMeas1_Mito_5_02_256,0.17579150848527683,0.03008146507773549,0.0018490521054042575,0.7922779743315834,55422.039577725955,Cytoplasm,Texture,Mito
Image_Intensity_MinIntensity_Mito_BackgroundOnly,0.07287774621737055,0.018183999286164012,0.003514556764770018,0.9054236977316954,17007.223238545823,Image,Intensity,Mito
Cytoplasm_RadialDistribution_FracAtD_Mito_1of4,0.1697036794548456,0.043724355566650545,0.002198662836081609,0.7843733021424223,71290.30122907214,Cytoplasm,RadialDistribution,Mito
Cytoplasm_Intensity_MeanIntensity_ER,0.21835718944239557,0.03501984282565562,0.004808994690340442,0.7418139730416083,66237.53498133589,Cytoplasm,Intensity,ER
Image_Texture_Variance_ER_5_00_256,0.2944649544590536,0.01684993056212179,0.000987250223620734,0.687697864755204,37118.14875538559,Image,Texture,ER
Cytoplasm_Texture_Contrast_RNA_10_03_256,0.4222533370681644,0.03952398154124615,0.0009507316179660826,0.5372719497726234,175640.88382034312,Cytoplasm,Texture,RNA
Cytoplasm_Texture_InfoMeas2_AGP_10_00_256,0.26041595389474287,0.030091647857116603,0.002746514366881147,0.7067458838812594,48231.13001382421,Cytoplasm,Texture,AGP
Nuclei_AreaShape_Area,0.46539087840547966,0.008842572834533291,0.0007809285000839332,0.5249856202599033,140643.034744442,Nuclei,AreaShape,
Cells_Texture_InfoMeas2_DNA_3_00_256,0.12940597437856186,0.03966754725316667,0.007028830496901733,0.8238976478713699,93803.94441925446,Cells,Texture,DNA
Cells_Texture_InverseDifferenceMoment_AGP_10_03_256,0.14601078138184573,0.040941474254855115,0.0015880016630949994,0.811459742700204,67847.24113920727,Cells,Texture,AGP
Image_Texture_SumVariance_RNA_5_00_256,0.3141676240723649,0.020910839604172993,0.001271168477200389,0.6636503678462617,30453.433717157684,Image,Texture,RNA
Nuclei_Texture_Variance_RNA_3_01_256,0.36356042453769327,0.0508981616136074,0.0010773629779847992,0.5844640508707144,142367.03020499792,Nuclei,Texture,RNA
Cytoplasm_Texture_InfoMeas1_AGP_3_03_256,0.1346895516933594,0.055876914049384475,0.0007489841353501291,0.808684550121906,77884.28860350265,Cytoplasm,Texture,AGP
Cytoplasm_Intensity_StdIntensity_ER,0.32193741285488653,0.053058629111268095,0.0009003310447718256,0.6241036269890736,113580.73975295122,Cytoplasm,Intensity,ER
Cytoplasm_Texture_InverseDifferenceMoment_Mito_10_01_256,0.12331333105983225,0.06205096658696089,0.0024301830302526145,0.8122055193229543,45152.439969393294,Cytoplasm,Texture,Mito
Cells_Texture_Entropy_ER_5_03_256,0.156251796480317,0.05169047863232683,0.0006442619047691379,0.791413462982587,90318.24418943505,Cells,Texture,ER
Image_ImageQuality_MADIntensity_OrigER,0.3550615640424969,0.07541907619804986,0.002417864653351794,0.5671014951061015,39607.348328146356,Image,ImageQuality,
Image_Threshold_OrigThreshold_CellsIncludingEdges,0.2956759832590145,0.03022887359246801,0.0024056492426911096,0.6716894939058264,24732.377558173055,Image,Threshold,
Nuclei_RadialDistribution_FracAtD_AGP_2of4,0.13637799492418745,0.07522148462354825,0.00034240934194758457,0.7880581111103168,114341.71420160543,Nuclei,RadialDistribution,AGP
Cytoplasm_AreaShape_Zernike_8_6,0.36976537225820666,0.036074054083420605,0.001015843294306635,0.5931447303640661,94354.0321265861,Cytoplasm,AreaShape,
Nuclei_Texture_AngularSecondMoment_RNA_5_03_256,0.11857900042197433,0.08163399292170287,0.0013989807182017242,0.798388025938121,98369.9811224066,Nuclei,Texture,RNA
Cytoplasm_Texture_DifferenceVariance_AGP_5_03_256,0.1248108370210763,0.05859043047289086,0.0010462122302027513,0.8155525202758301,59411.84226365391,Cytoplasm,Texture,AGP
Cytoplasm_Texture_Contrast_DNA_3_02_256,0.37944840704604554,0.028381336708205498,0.0020476174452232305,0.5901226388005256,151554.95071599726,Cytoplasm,Texture,DNA
Nuclei_Granularity_14_RNA,0.3245670421103645,0.032258569037056165,0.0030402445322665205,0.6401341443203128,41188.41165384717,Nuclei,Granularity,RNA
Nuclei_AreaShape_Zernike_6_6,0.3032827852780525,0.022837536419613384,0.0017987246644879688,0.672080953637846,39388.88416053803,Nuclei,AreaShape,
Image_Granularity_3_ER,0.32053215503150567,0.02617033598714486,0.0019042026723588234,0.6513933063089906,60150.95439169268,Image,Granularity,ER
Image_Texture_DifferenceEntropy_DNA_3_00_256,0.4194426429751974,0.046829602479962276,0.004295987800648604,0.5294317667441917,46349.447530812875,Image,Texture,DNA
Image_Intensity_MeanIntensity_ER,0.48970533868681354,0.032038204109803056,0.0016085333840183864,0.47664792381936516,37090.63886091641,Image,Intensity,ER
Nuclei_Texture_DifferenceEntropy_AGP_5_02_256,0.17427794034168484,0.05149970972347194,0.0015704139741641663,0.772651935960679,63625.35855123168,Nuclei,Texture,AGP
Cytoplasm_Texture_InfoMeas1_AGP_10_02_256,0.29144008551089884,0.035024680857656185,0.004285055599957861,0.669250178031487,84611.82205077133,Cytoplasm,Texture,AGP
Cytoplasm_Texture_Variance_RNA_5_00_256,0.40943260348101335,0.04513709292304205,0.0007139064505540572,0.5447163971453906,165026.99790544988,Cytoplasm,Texture,RNA
Cytoplasm_Texture_Contrast_AGP_5_01_256,0.3676030097283768,0.046175005246282805,0.003925803093649443,0.582296181931691,152552.12715003936,Cytoplasm,Texture,AGP
Nuclei_Texture_DifferenceEntropy_Mito_3_02_256,0.36085951934765903,0.05394681396456087,0.003426797182706567,0.5817668695050735,114772.99985339357,Nuclei,Texture,Mito
Cytoplasm_Texture_Entropy_DNA_10_00_256,0.21453797995924975,0.05933489905572041,0.01879981055190846,0.7073273104331215,118705.18681241699,Cytoplasm,Texture,DNA
Nuclei_Texture_Contrast_DNA_10_01_256,0.4572426310422236,0.04375084270203325,0.0024944459168633835,0.4965120803388798,234095.2336482514,Nuclei,Texture,DNA
Cytoplasm_Correlation_Manders_Mito_DNA,0.042147765162078646,0.12946545716774788,0.045948810864901726,0.7824379668052718,155523.82662172156,Cytoplasm,Correlation,DNA
Nuclei_Texture_SumVariance_DNA_10_00_256,0.47764421230726894,0.0416197824069658,0.002236270980983433,0.4784997343047817,246918.29735049664,Nuclei,Texture,DNA
Cytoplasm_Texture_SumEntropy_AGP_10_01_256,0.18697311666910219,0.04988808959303343,0.00209944899709986,0.7610393447407645,65381.89919464255,Cytoplasm,Texture,AGP
Cytoplasm_Texture_Variance_AGP_3_01_256,0.36790266258483006,0.04694751298890121,0.004317140446831383,0.5808326839794373,142299.23362701194,Cytoplasm,Texture,AGP
Cytoplasm_Texture_DifferenceEntropy_DNA_3_01_256,0.298126934446544,0.03063878775334818,0.0042253563843519405,0.667008921415756,106115.96983091638,Cytoplasm,Texture,DNA
Cells_Intensity_IntegratedIntensityEdge_AGP,0.2719761591242615,0.018203069582083762,0.0016376606539009841,0.7081831106397537,60294.2935479659,Cells,Intensity,AGP
Image_Intensity_UpperQuartileIntensity_ER,0.4717457429321246,0.04354874114973067,0.0024252977218075108,0.48228021819633726,50782.39573358696,Image,Intensity,ER
Nuclei_Texture_SumEntropy_Mito_10_03_256,0.22378345153575124,0.04953484147849254,0.0035409004075890958,0.723140806578167,53375.40791993554,Nuclei,Texture,Mito
Image_Texture_InverseDifferenceMoment_DNA_10_00_256,0.4693127054447372,0.03866459948109899,0.00293580092183621,0.48908689415232764,37665.141465747474,Image,Texture,DNA
Cells_Granularity_7_Mito,0.3033520722682658,0.036834886885472665,0.0037575549008604494,0.6560554859454011,106696.79294653659,Cells,Granularity,Mito
Cytoplasm_Texture_Correlation_Mito_10_00_256,0.3909274935215706,0.020077220217224127,0.00278799618003405,0.5862072900811712,70399.98076104448,Cytoplasm,Texture,Mito
Cytoplasm_Texture_AngularSecondMoment_ER_5_02_256,0.123323881040958,0.05382185098189264,0.0013437252744336768,0.8215105427027156,85496.77977331216,Cytoplasm,Texture,ER
Cytoplasm_Texture_SumEntropy_Mito_5_02_256,0.13489165307656348,0.058268869194845745,0.0024414801872113313,0.8043979975413794,45476.461495574855,Cytoplasm,Texture,Mito
Cytoplasm_Texture_SumVariance_RNA_10_00_256,0.3831036708163109,0.04825787067010787,0.00044042490500894015,0.5681980336085722,145671.7351412861,Cytoplasm,Texture,RNA
Cytoplasm_Texture_DifferenceVariance_ER_3_01_256,0.06331023777547891,0.07822077649600613,0.0016489803887003718,0.8568200053398146,75988.7451459269,Cytoplasm,Texture,ER
Cytoplasm_Granularity_10_RNA,0.27262611444282603,0.033858873676107445,0.001905908022383183,0.6916091038586833,74765.12123842663,Cytoplasm,Granularity,RNA
Image_Texture_Variance_ER_5_01_256,0.2945998505359924,0.016823369534409716,0.0009366682264880633,0.6876401117031098,37172.53759180042,Image,Texture,ER
Cells_Texture_SumEntropy_AGP_5_02_256,0.15198855835469371,0.05664288831388184,0.0013634625260856208,0.7900050908053388,75382.52788453916,Cells,Texture,AGP
Cells_Children_Cytoplasm_Count,0.029683746850116946,0.021869644666561643,0.018149820232234208,0.9302967882510872,32320.859762142263,Cells,Children,
Nuclei_Texture_InfoMeas1_AGP_10_02_256,0.39152643073128246,0.03833905135745975,0.0016192483666531777,0.5685152695446046,128701.70767985983,Nuclei,Texture,AGP
Image_Texture_InfoMeas1_DNA_3_03_256,0.19092034576292366,0.07184815371545626,0.0023791795685706766,0.7348523209530493,51284.51722607951,Image,Texture,DNA
Nuclei_Texture_SumEntropy_Mito_3_01_256,0.29841792032321107,0.04995229274519613,0.005146003927979145,0.6464837830036135,79067.29736717176,Nuclei,Texture,Mito
Cytoplasm_Texture_Contrast_Mito_5_01_256,0.4235032971823003,0.03312058858131103,0.0025010758735638356,0.5408750383628249,152530.5960144795,Cytoplasm,Texture,Mito
Nuclei_Texture_InfoMeas1_RNA_10_00_256,0.31802719818565617,0.04342625116787546,0.00036674788617861904,0.6381798027602897,100851.95531158822,Nuclei,Texture,RNA
Cytoplasm_Correlation_K_DNA_ER,0.20855673833874813,0.026047007793830058,0.005398748824673158,0.7599975050427487,36232.49530805548,Cytoplasm,Correlation,DNA
Nuclei_Texture_Variance_AGP_10_02_256,0.36348821222162103,0.046585180651432,0.003967599801997334,0.5859590073249498,157504.2463684045,Nuclei,Texture,AGP
Cells_Texture_InfoMeas1_AGP_10_02_256,0.22662473207543696,0.054924498558110706,0.0017396283657495504,0.7167111410007028,95034.76222523212,Cells,Texture,AGP
Image_Texture_Entropy_AGP_10_02_256,0.4639340949212332,0.05105841279537022,0.001227559052653294,0.48377993323074325,85009.78397952429,Image,Texture,AGP
Cytoplasm_Texture_SumVariance_RNA_5_00_256,0.3879714278966317,0.04707213926300288,0.00045839849527916945,0.5644980343450863,147903.72712641954,Cytoplasm,Texture,RNA
Image_Texture_Entropy_ER_10_03_256,0.48876392442860217,0.045236635767676336,0.0028866326369465906,0.46311280716677494,90906.95562954526,Image,Texture,ER
Cells_Texture_SumEntropy_Mito_10_01_256,0.1424347806390302,0.0573047960756459,0.0035417037269830326,0.796718719558341,49735.68291115004,Cells,Texture,Mito
Cells_Texture_DifferenceVariance_RNA_5_01_256,0.06483299455910141,0.08175372446178085,0.0006463530702776138,0.8527669279088401,105745.39342083356,Cells,Texture,RNA
Cytoplasm_Correlation_Manders_DNA_Mito,0.318699974511147,0.04155191772337193,0.003255664470844709,0.6364924432946364,107333.52671253282,Cytoplasm,Correlation,DNA
Cytoplasm_Texture_Variance_DNA_3_03_256,0.39251933749169327,0.025290159411367683,0.0011769700034490323,0.58101353309349,154783.8219968144,Cytoplasm,Texture,DNA
Image_Texture_DifferenceEntropy_Mito_5_03_256,0.4449093194026729,0.04429609585586397,0.0011582403121718347,0.5096363444292914,80081.64722806931,Image,Texture,Mito
Nuclei_Texture_SumAverage_DNA_10_00_256,0.24786212093082768,0.03833269938474191,0.002126925286789283,0.7116782543976411,89920.41762354874,Nuclei,Texture,DNA
Cells_Texture_InverseDifferenceMoment_RNA_3_01_256,0.1329541614409961,0.0450447142205034,0.001058422808373653,0.8209427015301268,81860.00018035402,Cells,Texture,RNA
Cytoplasm_Granularity_10_ER,0.19649670623410026,0.04462944679328332,0.0020260808526437017,0.7568477661199727,68524.30563958842,Cytoplasm,Granularity,ER
Cytoplasm_Texture_SumAverage_Mito_5_03_256,0.21056623404606659,0.055697036397218395,0.0038423611915528147,0.7298943683651623,59130.28549764182,Cytoplasm,Texture,Mito
Image_Texture_AngularSecondMoment_ER_3_02_256,0.48688306544725907,0.042981514198523606,0.00319481207419795,0.4669406082800193,162169.45329973308,Image,Texture,ER
Cells_Intensity_LowerQuartileIntensity_AGP,0.3399640291911999,0.01308495461408346,0.0051601029062524045,0.6417909132884643,34756.254795575915,Cells,Intensity,AGP
Cytoplasm_Granularity_4_AGP,0.42619534152421834,0.04272354087791797,0.000643903547132136,0.5304372140507314,157539.91033567913,Cytoplasm,Granularity,AGP
Nuclei_RadialDistribution_FracAtD_DNA_1of4,0.17206934646448033,0.06843692382837475,0.0005821955945764961,0.7589115341125684,127720.07227202712,Nuclei,RadialDistribution,DNA
Cells_Texture_DifferenceEntropy_ER_10_02_256,0.17186414179108347,0.04779720913572189,0.0007012281180014006,0.7796374209551932,106099.40337486203,Cells,Texture,ER
Cells_Granularity_16_RNA,0.2704837271309614,0.022206028022202784,0.004120570183708295,0.7031896746631275,26411.890093214708,Cells,Granularity,RNA
Nuclei_Texture_InfoMeas1_AGP_5_03_256,0.39562808851919395,0.03752713292224093,0.0025119218912163697,0.5643328566673487,136360.04037549067,Nuclei,Texture,AGP
Cells_Texture_InfoMeas1_DNA_10_02_256,0.29845409418761887,0.04474755390423808,0.004007970866873587,0.6527903810412694,117162.25439115505,Cells,Texture,DNA
Nuclei_Granularity_2_Mito,0.4762129758579323,0.04451675230489468,0.001669631536215456,0.47760064030095745,147172.3807617325,Nuclei,Granularity,Mito
Nuclei_Texture_DifferenceVariance_DNA_3_01_256,0.19577699748895624,0.0333395945286895,0.016543840164144334,0.7543395678182099,61382.35836470251,Nuclei,Texture,DNA
Nuclei_Texture_SumAverage_AGP_3_00_256,0.2760041317663279,0.03655872532122079,0.0024010671033560817,0.6850360758090952,72091.9318613745,Nuclei,Texture,AGP
Nuclei_Texture_Correlation_DNA_5_02_256,0.12698317548796006,0.043333809950138295,0.011461368584753037,0.8182216459771486,52129.11187493372,Nuclei,Texture,DNA
Nuclei_Texture_Correlation_RNA_10_00_256,0.12600300817828583,0.08401279323722224,0.0020235403034518933,0.7879606582810401,118505.65138533691,Nuclei,Texture,RNA
Cells_Neighbors_PercentTouching_Adjacent,0.48065599718434476,0.050892612482788625,0.008516859748333142,0.4599345305845334,147081.0643909073,Cells,Neighbors,
Cytoplasm_Texture_InverseDifferenceMoment_Mito_10_00_256,0.1461487046988378,0.05825622148725642,0.0025277754408060114,0.7930672983730997,43954.75278448396,Cytoplasm,Texture,Mito
Cells_Texture_DifferenceVariance_DNA_5_02_256,0.239366060896699,0.020280809164424263,0.013797274484854124,0.7265558554540226,63819.87200221127,Cells,Texture,DNA
Image_Texture_SumEntropy_RNA_3_03_256,0.4753972000933644,0.05029417986358511,0.007525757378890135,0.46678286266416036,112602.53066402386,Image,Texture,RNA
Cytoplasm_Correlation_K_Mito_RNA,0.2195218316976199,0.012689891664150457,0.0030550597282762914,0.7647332169099533,18422.19468879217,Cytoplasm,Correlation,Mito
Cytoplasm_Texture_InverseDifferenceMoment_RNA_3_00_256,0.16242218264158265,0.04784028219646337,0.0010816909997070309,0.788655844162247,81585.89022463723,Cytoplasm,Texture,RNA
Cells_Intensity_IntegratedIntensityEdge_DNA,0.1889819097001079,0.03272813649942159,0.0008814720878048127,0.7774084817126656,100984.71923781197,Cells,Intensity,DNA
Cytoplasm_Intensity_MaxIntensity_ER,0.261028246791683,0.050427784293930245,0.0021515493387355266,0.6863924195756512,63983.08256046702,Cytoplasm,Intensity,ER
Image_ImageQuality_FocusScore_OrigRNA,0.2892950720220189,0.034784769025047645,0.002165646790990491,0.673754512161943,62662.80434815239,Image,ImageQuality,
Nuclei_Texture_DifferenceVariance_DNA_10_00_256,0.18918033186458372,0.032233812276051814,0.017271865201108728,0.7613139906582557,58181.81083956253,Nuclei,Texture,DNA
Cells_Texture_InfoMeas1_RNA_3_03_256,0.07405843537338913,0.06270429884898523,0.0033082014818279163,0.8599290642957976,65920.78848555505,Cells,Texture,RNA
Cytoplasm_Texture_DifferenceVariance_DNA_5_03_256,0.07962660307596439,0.03955227100709585,0.0032191078699116,0.8776020180470282,54716.23498738051,Cytoplasm,Texture,DNA
Image_Texture_Variance_Mito_10_01_256,0.1449686552486654,0.017221547601831897,0.002736592448879533,0.8350732047006231,36842.53844094744,Image,Texture,Mito
Nuclei_Texture_InverseDifferenceMoment_ER_5_00_256,0.21294067865440824,0.050468752954471674,0.0015539769766601136,0.73503659141446,60306.81286946849,Nuclei,Texture,ER
Nuclei_Texture_SumAverage_AGP_3_03_256,0.27627412636156845,0.037099432793903,0.0023482064802190254,0.6842782343643096,72884.16723784528,Nuclei,Texture,AGP
Cells_RadialDistribution_MeanFrac_mito_tubeness_4of16,0.37361890591184876,0.03741352432619251,0.002043583818344459,0.5869239859436142,125089.150475067,Cells,RadialDistribution,
Image_Granularity_1_Mito,0.3378314823380923,0.06179285379399931,0.001160791625470957,0.5992148722424375,82843.71217688224,Image,Granularity,Mito
Image_Threshold_FinalThreshold_NucleiIncludingEdges,0.2234690661124291,0.03221359334722214,0.01339917336340734,0.7309181671769414,76838.32762981832,Image,Threshold,
Cytoplasm_Intensity_StdIntensityEdge_RNA,0.3223323703693912,0.057120495936158026,0.0004774269887612966,0.6200697067056895,106250.19631008961,Cytoplasm,Intensity,RNA
Image_Texture_Correlation_RNA_3_02_256,0.2847395306318639,0.010967560859124785,0.0008721584507648083,0.7034207500582466,42059.08707366962,Image,Texture,RNA
Image_Texture_DifferenceEntropy_RNA_5_02_256,0.48182151437891807,0.05053342313137927,0.003908260411283381,0.46373680207841916,81500.71826854398,Image,Texture,RNA
Nuclei_Texture_SumAverage_Mito_5_00_256,0.3196816001998219,0.048087499037344876,0.0033481729228714095,0.6288827278399618,97335.55686382207,Nuclei,Texture,Mito
Nuclei_Texture_SumAverage_RNA_5_02_256,0.26720740441270924,0.039014359829507794,0.0013207800815854642,0.6924574556761975,79577.17895101252,Nuclei,Texture,RNA
Cytoplasm_RadialDistribution_MeanFrac_mito_tubeness_7of20,0.03236807397167022,0.08418865275840501,0.04166678200317238,0.8417764912667525,495356.18171794293,Cytoplasm,RadialDistribution,
Cytoplasm_Texture_DifferenceEntropy_Mito_5_02_256,0.21294281424807365,0.0511886513611446,0.002388229449804726,0.733480304940977,57016.25213623764,Cytoplasm,Texture,Mito
Nuclei_Texture_Entropy_Mito_10_00_256,0.25322793589114795,0.0537617415865591,0.005260094641661366,0.6877502278806316,63118.46184213797,Nuclei,Texture,Mito
Cells_Texture_InfoMeas2_AGP_5_03_256,0.17949016434460835,0.045992960216894876,0.0018343720927699338,0.7726825033457267,48117.67065429785,Cells,Texture,AGP
Image_Granularity_16_ER,0.22046706588465556,0.017030315296058713,0.002061183875390661,0.7604414349438952,21171.789981124868,Image,Granularity,ER
Nuclei_Location_CenterMassIntensity_Y_DNA,0.09655266075663187,0.06850663886180416,0.0005372252123364898,0.8344034751692275,40324.1728877102,Nuclei,Location,DNA
Image_Texture_SumVariance_RNA_10_03_256,0.31719698810895314,0.018039503901215122,0.0012626480878286388,0.6635008599020031,31288.966385274733,Image,Texture,RNA
Cells_RadialDistribution_FracAtD_AGP_4of4,0.2298445894972509,0.06127045401117883,0.0015958557668852816,0.707289100724685,157063.7777756577,Cells,RadialDistribution,AGP
Nuclei_Texture_DifferenceVariance_DNA_10_02_256,0.1883611506243377,0.031145259765634297,0.017762308119341725,0.7627312814906864,58232.414897448034,Nuclei,Texture,DNA
Image_Texture_Contrast_Mito_5_03_256,0.224512678714111,0.008518348197776854,0.0018344207360809562,0.7651345523520312,29155.369334002804,Image,Texture,Mito
Nuclei_Texture_Contrast_Mito_3_01_256,0.48285585515501767,0.03797143164048382,0.002050657597716197,0.47712205560678234,228216.5510609022,Nuclei,Texture,Mito
Nuclei_Texture_InverseDifferenceMoment_AGP_3_02_256,0.18525470181666762,0.043644420053370755,0.005697113866461792,0.7654037642634999,56424.92347329256,Nuclei,Texture,AGP
Cells_Texture_AngularSecondMoment_Mito_3_01_256,0.06708161642659156,0.0848939064414473,0.002495982854774633,0.8455284942771866,79493.53542643803,Cells,Texture,Mito
Image_Texture_SumEntropy_ER_10_01_256,0.4891739107164073,0.05352595933666447,0.00227569300008644,0.4550244369468417,117051.81287673829,Image,Texture,ER
Image_Granularity_9_AGP,0.13868000938767072,0.049231708946381056,0.0010567758144827705,0.8110315058514654,36586.90377737518,Image,Granularity,AGP
Cytoplasm_Granularity_15_AGP,0.19824542582599586,0.05509836328930671,0.0051759334630792795,0.7414802774216182,39509.30531771171,Cytoplasm,Granularity,AGP
Nuclei_Texture_InfoMeas2_AGP_5_01_256,0.3012306990629959,0.030633184004419,0.0014177597778701407,0.6667183571547151,68251.55835863386,Nuclei,Texture,AGP
Image_Texture_Correlation_RNA_5_03_256,0.3781800935018681,0.007670554433379267,0.0006149655786135439,0.613534386486139,47037.953924109665,Image,Texture,RNA
Cytoplasm_Granularity_15_RNA,0.3140005430950403,0.03474136471694964,0.005108756332278161,0.6461493358557319,38390.74625036265,Cytoplasm,Granularity,RNA
Cells_Intensity_MaxIntensity_RNA,0.2682602911786154,0.04510908714618842,0.001074788268884626,0.6855558334063115,78025.75201140909,Cells,Intensity,RNA
Cytoplasm_Texture_Variance_AGP_10_00_256,0.36597343804248744,0.0472448042108991,0.0038382076823513843,0.5829435500642621,146439.62320693154,Cytoplasm,Texture,AGP
Nuclei_Correlation_Overlap_ER_RNA,0.24516740061312492,0.015978032649754764,0.004616046054951785,0.7342385206821684,41937.20640010148,Nuclei,Correlation,ER
Nuclei_RadialDistribution_FracAtD_AGP_4of4,0.15402508365607853,0.07413333548093548,0.00054576740955107,0.7712958134534349,130800.12179818391,Nuclei,RadialDistribution,AGP
Cytoplasm_Texture_Contrast_DNA_5_02_256,0.39470294270486694,0.027308193376799746,0.0014801807080829545,0.5765086832102504,160780.7399566015,Cytoplasm,Texture,DNA
Cytoplasm_Texture_InfoMeas1_Mito_10_02_256,0.30289274358175333,0.03613001902605102,0.002818034603441889,0.6581592027887538,89831.57951728565,Cytoplasm,Texture,Mito
Nuclei_Texture_Entropy_DNA_5_03_256,0.3031923478698466,0.04707249940852942,0.009051484273076582,0.6406836684485474,102966.46874063346,Nuclei,Texture,DNA
Image_Texture_AngularSecondMoment_ER_10_02_256,0.4934611399923132,0.042113439546656,0.0028497985954606952,0.46157562186556994,174818.24400578864,Image,Texture,ER
Image_Texture_AngularSecondMoment_RNA_5_02_256,0.48387301875142574,0.04743394906697952,0.006938661936816258,0.46175437024477844,185158.8126096885,Image,Texture,RNA
Cells_Texture_SumVariance_DNA_3_00_256,0.44852868731153334,0.03881447004589903,0.0023319704964304367,0.5103248721461372,216835.65284640997,Cells,Texture,DNA
Cytoplasm_AreaShape_Zernike_8_4,0.15985195907743383,0.03412641889524964,0.0017787186202984928,0.8042429034070181,52719.17575812348,Cytoplasm,AreaShape,
Nuclei_Intensity_MeanIntensityEdge_ER,0.2663740620164375,0.04628213172483483,0.0034437008327465484,0.683900105425981,77920.40980007246,Nuclei,Intensity,ER
Cells_Texture_Contrast_DNA_5_00_256,0.47705248343858886,0.034037298193689294,0.0018372392526295322,0.4870729791150923,233079.63585438408,Cells,Texture,DNA
Cells_RadialDistribution_RadialCV_mito_tubeness_20of20,0.21924209487177,0.029360403487836174,0.00388963421193302,0.7475078674284608,57733.738645836216,Cells,RadialDistribution,
Nuclei_Granularity_4_ER,0.41547201252590377,0.027658053644364983,0.0013773073580991794,0.5554926264716321,131004.48816790583,Nuclei,Granularity,ER
Cells_Correlation_Correlation_AGP_ER,0.2851701988387598,0.04026256191290792,0.003458704303431531,0.6711085349449006,44340.30313022261,Cells,Correlation,AGP
Cells_Texture_InfoMeas2_DNA_3_02_256,0.12438973533211305,0.038776863096800875,0.006524576171262759,0.8303088253998233,90872.02601516532,Cells,Texture,DNA
Cytoplasm_Texture_InfoMeas1_RNA_10_01_256,0.2820195654218208,0.03743377837265952,0.0030035118911179394,0.6775431443144018,91141.18542902637,Cytoplasm,Texture,RNA
Image_Texture_Contrast_Mito_10_01_256,0.1958897119327763,0.010608387871644458,0.002350440546312852,0.7911514596492664,29608.923877274225,Image,Texture,Mito
Image_Texture_DifferenceEntropy_DNA_5_02_256,0.4594675726061308,0.0435405639273362,0.004039731422823096,0.49295213204370986,47949.12939870514,Image,Texture,DNA
Nuclei_Intensity_MedianIntensity_RNA,0.2662957335185844,0.041283014404997063,0.0015336441895598104,0.6908876078868588,82737.75769262144,Nuclei,Intensity,RNA
Image_Texture_SumAverage_DNA_5_03_256,0.4623265135792973,0.040161091692129544,0.001393090062909041,0.4961193046656641,33763.62724384862,Image,Texture,DNA
Cells_Texture_InfoMeas1_RNA_10_02_256,0.1175147332214637,0.050951922885468036,0.002655069359925723,0.8288782745331424,76224.85342234102,Cells,Texture,RNA
Cytoplasm_Texture_InverseDifferenceMoment_AGP_3_02_256,0.16669935983838202,0.0385395755917008,0.001488416744359191,0.7932726478255581,58727.33127351673,Cytoplasm,Texture,AGP
Image_ImageQuality_TotalArea_OrigDNA,0.0,0.0,0.0,0.0,0.0,Image,ImageQuality,
Cells_Texture_AngularSecondMoment_AGP_3_03_256,0.13762445965811662,0.05200779153105003,0.0022945132560366174,0.8080732355547967,78272.31149270915,Cells,Texture,AGP
Cytoplasm_Texture_Correlation_ER_3_01_256,0.21172809992339095,0.0593345488289389,0.003762498282404772,0.7251748529652654,98432.30644286078,Cytoplasm,Texture,ER
Cytoplasm_Texture_Correlation_AGP_3_01_256,0.09959898774307702,0.08621039494114423,0.005476503203077261,0.8087141141127016,84783.83100929068,Cytoplasm,Texture,AGP
Cytoplasm_Texture_Entropy_Mito_10_03_256,0.12168720529062708,0.0620669824155699,0.0018490246410935228,0.8143967876527094,44217.71849372213,Cytoplasm,Texture,Mito
Image_Intensity_MedianIntensity_DNA,0.3166238260653089,0.0434053901584046,0.003023753318321221,0.6369470304579653,18834.50728786308,Image,Intensity,DNA
Nuclei_Granularity_2_AGP,0.2867875875302046,0.03175267810267128,0.0009291826991798421,0.6805305516679442,64840.99220511238,Nuclei,Granularity,AGP
Image_Texture_InfoMeas1_ER_5_00_256,0.2601901763332515,0.02505467425189181,0.0025362926775224343,0.7122188567373343,29100.024162697944,Image,Texture,ER
Nuclei_Texture_Correlation_AGP_10_00_256,0.07875849938800313,0.09201311772324253,0.000578370589218398,0.8286500122995359,102184.18391493836,Nuclei,Texture,AGP
Cells_Texture_Variance_RNA_10_02_256,0.3776980904246185,0.046563756114066115,0.0007888339507886317,0.5749493195105269,153013.98157162618,Cells,Texture,RNA
Cells_Texture_InverseDifferenceMoment_DNA_5_00_256,0.22139321555628955,0.026863804659041597,0.005000385271404968,0.7467425945132637,93351.60009913638,Cells,Texture,DNA
Image_Texture_Entropy_Mito_10_01_256,0.4638576427044187,0.041817111820975465,0.0028066364539214425,0.49151860902068434,66510.50056861094,Image,Texture,Mito
Image_Texture_AngularSecondMoment_Mito_3_01_256,0.3869200267694711,0.062064519074427754,0.0036004392567798205,0.5474150148993212,143973.6340119721,Image,Texture,Mito
Cells_RadialDistribution_MeanFrac_mito_tubeness_13of20,0.20552496430058512,0.028747052992866833,0.0012123606934648637,0.7645156220130831,43059.167064164125,Cells,RadialDistribution,
Image_Intensity_MinIntensity_DNA_BackgroundOnly,0.12713440523055464,0.022603465699204104,0.0004774211623988777,0.8497847079078424,23071.67468399123,Image,Intensity,DNA
Nuclei_Granularity_4_RNA,0.4559792548443282,0.024753101507806973,0.0007552766093403153,0.5185123670385244,147166.1086600801,Nuclei,Granularity,RNA
Nuclei_Texture_Correlation_ER_3_03_256,0.16313133399857022,0.08685078436736549,0.0023760500514934915,0.7476418315825707,60369.857699837376,Nuclei,Texture,ER
Nuclei_Texture_Variance_DNA_5_00_256,0.5002548083211953,0.03912762623420268,0.0019222023710429373,0.4586953630735591,256172.83366124792,Nuclei,Texture,DNA
Image_ImageQuality_Correlation_OrigAGP_10,0.11454333071313069,0.017303779876064435,0.004264210386937347,0.8638886790238675,17382.007836364464,Image,ImageQuality,
Cytoplasm_Texture_Entropy_Mito_10_01_256,0.12273242878170589,0.062031656648369765,0.002002432737519074,0.8132334818324053,43534.8110491033,Cytoplasm,Texture,Mito
Image_ImageQuality_PowerLogLogSlope_OrigRNA,0.19962972746704313,0.02965457601135249,0.0011415738272671733,0.7695741226943372,32876.84712593881,Image,ImageQuality,
Image_Texture_InfoMeas1_AGP_5_03_256,0.3070499763603713,0.015087621748061981,0.002180940383808598,0.6756814615077581,20044.022454471327,Image,Texture,AGP
Cells_Texture_DifferenceEntropy_DNA_10_03_256,0.24338923831024709,0.03499728790494629,0.0060828547172857685,0.7155306190675209,124555.19304543157,Cells,Texture,DNA
Nuclei_RadialDistribution_FracAtD_RNA_1of4,0.18515870927010952,0.055021979529497035,0.001086286584973089,0.7587330246154202,92465.76961962429,Nuclei,RadialDistribution,RNA
Nuclei_Texture_InfoMeas2_Mito_5_03_256,0.293296845749557,0.0473619244626026,0.005259367946852388,0.654081861840988,73238.03894423539,Nuclei,Texture,Mito
Cells_Texture_SumVariance_ER_5_03_256,0.3246783122773492,0.04938835653945535,0.0011981699884375254,0.6247351611947579,126296.92810708439,Cells,Texture,ER
Cells_Texture_AngularSecondMoment_AGP_5_00_256,0.1347486679208318,0.05209826290924591,0.002207626393405827,0.8109454427765165,79527.68985529026,Cells,Texture,AGP
Image_Intensity_MADIntensity_DNA,0.36583904476535134,0.042016752697919234,0.0028418573319463833,0.5893023452047831,27582.782863765286,Image,Intensity,DNA
Nuclei_Texture_SumVariance_AGP_5_00_256,0.3819369262575672,0.04486192585073999,0.004128246086608149,0.5690729018050845,166092.1287918229,Nuclei,Texture,AGP
Cells_Granularity_3_Mito,0.3408103712335317,0.041305182645789716,0.0028486232685346396,0.6150358228521439,101539.23808291374,Cells,Granularity,Mito
Nuclei_Intensity_MaxIntensityEdge_Mito,0.3286269718690355,0.04789023237740795,0.00331941026660464,0.6201633854869519,88043.94644136436,Nuclei,Intensity,Mito
Cytoplasm_Texture_Correlation_Mito_5_01_256,0.4103331910234423,0.030422567366478203,0.0028146449250552596,0.5564295966850241,83359.49992983317,Cytoplasm,Texture,Mito
Cytoplasm_Texture_InverseDifferenceMoment_Mito_5_02_256,0.18035075105275086,0.056852222915962716,0.002880587394505078,0.7599164386367814,49098.74652734072,Cytoplasm,Texture,Mito
Cells_RadialDistribution_FracAtD_RNA_4of4,0.14239472988111998,0.06453839558216111,0.0017004496335787092,0.7913664249031402,114114.86813488453,Cells,RadialDistribution,RNA
Cytoplasm_RadialDistribution_RadialCV_mito_tubeness_5of20,0.02429337643606102,0.1174370948004794,0.08873899311241026,0.7695305356510493,190997.09728487884,Cytoplasm,RadialDistribution,
Cells_Correlation_K_AGP_Mito,0.30546280880029053,0.03160261843069342,0.0010654085534430547,0.661869164215573,55947.12272164554,Cells,Correlation,AGP
Cells_Texture_Correlation_Mito_10_01_256,0.3512831663548021,0.01600580865166078,0.0026690105782396314,0.6300420144152974,71578.73960607288,Cells,Texture,Mito
Cytoplasm_Correlation_Correlation_DNA_Mito,0.1503491499434205,0.06072842425896785,0.0016026931331441286,0.7873197326644675,65176.43979700917,Cytoplasm,Correlation,DNA
Cytoplasm_Texture_DifferenceEntropy_ER_3_03_256,0.22383791678231377,0.05040326102894673,0.001448581480472047,0.7243102407082675,108840.54167005498,Cytoplasm,Texture,ER
Cells_Texture_Correlation_ER_10_01_256,0.18572976265217386,0.047241325418468656,0.0022960618770747057,0.7647328500522828,108242.98562536296,Cells,Texture,ER
Cytoplasm_Texture_Correlation_RNA_5_00_256,0.2093626595571308,0.04178472692819112,0.007062777336520399,0.7417898361781577,69776.59272849192,Cytoplasm,Texture,RNA
Cells_Texture_InverseDifferenceMoment_RNA_5_01_256,0.11364668796622374,0.04288972538462141,0.000908444547183838,0.842555142101971,80468.93226857646,Cells,Texture,RNA
Cytoplasm_Texture_SumVariance_AGP_3_01_256,0.37070543242483084,0.046000693194409546,0.004175307852393335,0.5791185665283662,139681.44696975136,Cytoplasm,Texture,AGP
Image_Texture_InverseDifferenceMoment_Mito_10_00_256,0.43803985852768607,0.04011666971540342,0.002238924070106449,0.5196045476868041,50379.508576190274,Image,Texture,Mito
Image_Texture_Variance_RNA_10_00_256,0.31427906436013753,0.02114168360329719,0.0013850898972759366,0.6631941621392893,30556.82989924026,Image,Texture,RNA
Image_Texture_Entropy_DNA_3_02_256,0.39909566002110153,0.05083948462461657,0.005247230914179351,0.5448176244401025,44912.2507025534,Image,Texture,DNA
Nuclei_Texture_InverseDifferenceMoment_ER_10_00_256,0.2356691351513002,0.04185189656038268,0.0019844474756775528,0.7204945208126395,58073.11706275449,Nuclei,Texture,ER
Cytoplasm_Texture_InfoMeas1_Mito_5_00_256,0.17477083533058407,0.033792300234589505,0.0025522675619605545,0.7888845968728658,57822.64201290018,Cytoplasm,Texture,Mito
Cytoplasm_RadialDistribution_FracAtD_RNA_1of4,0.13422818639331324,0.05420630377359059,0.002473283173378156,0.809092226659718,94241.68591919042,Cytoplasm,RadialDistribution,RNA
Cytoplasm_Texture_DifferenceEntropy_RNA_5_01_256,0.1775643530553418,0.047770605021353156,0.0009396568359089314,0.7737253850873962,89811.04935635228,Cytoplasm,Texture,RNA
Image_Texture_Contrast_DNA_10_03_256,0.3612423939130907,0.027035270524439086,0.0032899382733646287,0.6084323972891055,27148.719525440843,Image,Texture,DNA
Image_Texture_InfoMeas1_AGP_5_02_256,0.2942018928973738,0.015110956082972908,0.0021411432412236685,0.6885460077784296,20416.50671830215,Image,Texture,AGP
Nuclei_Texture_Variance_ER_3_01_256,0.36502704028630456,0.05300203749545694,0.0009016337942288467,0.5810692884240096,151492.65337034932,Nuclei,Texture,ER
Cells_Texture_DifferenceEntropy_DNA_5_00_256,0.29430183978807406,0.03409065347310715,0.00644218693305954,0.6651653198057593,135218.55551256688,Cells,Texture,DNA
Cytoplasm_Texture_SumAverage_ER_10_03_256,0.23035976012524345,0.03987346929924899,0.003113626402629995,0.7266531441728775,76537.8403812263,Cytoplasm,Texture,ER
Cells_Granularity_12_AGP,0.3042192072123774,0.0505495285945344,0.002711084282365152,0.6425201799107231,69808.1349108564,Cells,Granularity,AGP
Cells_Texture_InfoMeas2_Mito_5_01_256,0.09562447829246677,0.06775942306618163,0.0019978395493553402,0.8346182590919963,49362.796936070416,Cells,Texture,Mito
Cytoplasm_Texture_Contrast_AGP_10_03_256,0.3674159537910849,0.045670036005361604,0.003337917327342034,0.5835760928762115,150786.33967596764,Cytoplasm,Texture,AGP
Cells_Granularity_3_ER,0.40592616488603755,0.028908559842620564,0.001627731000261635,0.5635375442710803,126623.57745089039,Cells,Granularity,ER
Cells_Texture_InfoMeas2_Mito_3_03_256,0.08756834761987482,0.07954474749114478,0.0018883926530620211,0.8309985122359184,62287.47585147868,Cells,Texture,Mito
Cytoplasm_Intensity_MeanIntensityEdge_ER,0.1949447737704925,0.030581704748289733,0.0146456864051035,0.7598278350761143,54034.41545286554,Cytoplasm,Intensity,ER
Image_Granularity_7_AGP,0.2569235536949765,0.04048016902481234,0.0017849410619871406,0.700811336218224,60667.39318972385,Image,Granularity,AGP
Cytoplasm_Granularity_7_DNA,0.20601015216993668,0.049925483749915615,0.004176862975948474,0.7398875011041991,69871.99830485438,Cytoplasm,Granularity,DNA
Cytoplasm_Texture_Contrast_ER_3_02_256,0.43506038431788907,0.0407266277397768,0.0020514260633193396,0.5221615618790149,193374.41777224623,Cytoplasm,Texture,ER
Image_ImageQuality_TotalIntensity_OrigAGP,0.4838279097375277,0.03367010744442446,0.001881487352765152,0.4806204954652827,33563.78334623862,Image,ImageQuality,
Nuclei_Texture_Entropy_RNA_5_00_256,0.09929717134891476,0.047377933722535785,0.0012957623424056702,0.8520291325861438,44721.421619667766,Nuclei,Texture,RNA
Cells_Texture_Contrast_AGP_5_03_256,0.37133243461046395,0.047582035699644934,0.0034221895367647086,0.5776633401531264,165802.60475903636,Cells,Texture,AGP
Cells_Texture_Contrast_ER_3_00_256,0.4223664830074902,0.04125773823780291,0.0013778000682388807,0.534997978686468,182630.76261800522,Cells,Texture,ER
Cytoplasm_Correlation_Correlation_Mito_RNA,0.07407221452259206,0.0713979339941121,0.002860825843069648,0.8516690256402263,52424.62071235235,Cytoplasm,Correlation,Mito
Cytoplasm_Texture_SumEntropy_ER_10_01_256,0.16821669305743414,0.05301003339295746,0.0011612684013375062,0.7776120051482709,82877.42612039635,Cytoplasm,Texture,ER
Nuclei_Texture_Correlation_RNA_3_01_256,0.1656523598286076,0.0774101957285963,0.004183844779722356,0.7527535996630738,58303.94847323938,Nuclei,Texture,RNA
Nuclei_Texture_SumAverage_RNA_3_00_256,0.2679240374762771,0.038881851168219406,0.0013572963424183025,0.6918368150130851,80124.61772783105,Nuclei,Texture,RNA
Cells_Texture_InverseDifferenceMoment_DNA_3_00_256,0.22966879892722375,0.030013812452368494,0.004057808594373335,0.7362595800260344,92907.68124461724,Cells,Texture,DNA
Cytoplasm_Texture_DifferenceVariance_AGP_3_00_256,0.13501302620523792,0.054898536373326624,0.001407483316622919,0.8086809541048124,53788.116886435775,Cytoplasm,Texture,AGP
Cytoplasm_Texture_Entropy_DNA_3_00_256,0.29103054801522105,0.0297952733000356,0.004522269302730633,0.6746519093820127,95002.72361242403,Cytoplasm,Texture,DNA
Cytoplasm_Texture_InverseDifferenceMoment_RNA_10_02_256,0.12814423720145057,0.04441800200230984,0.0006451919558317782,0.8267925688404079,75248.38639325235,Cytoplasm,Texture,RNA
Image_Texture_SumVariance_DNA_3_00_256,0.2240873572415229,0.038017291909597684,0.004787941686570682,0.7331074091623088,38665.46116587257,Image,Texture,DNA
Cells_Texture_DifferenceEntropy_Mito_10_03_256,0.19942355755220031,0.05532825798992123,0.002095419109770914,0.7431527653481076,65276.97269402184,Cells,Texture,Mito
Image_Texture_InverseDifferenceMoment_RNA_3_02_256,0.46429931768378396,0.04141612645435959,0.008213785257791116,0.4860707706040652,44071.221560651495,Image,Texture,RNA
Nuclei_Texture_DifferenceEntropy_DNA_5_00_256,0.3833306590785445,0.040473469914588736,0.005239006087948047,0.5709568649189187,147994.83361969583,Nuclei,Texture,DNA
Nuclei_Number_Object_Number,0.5055414187630924,0.04070767362645451,0.0014707663195578403,0.4522801412908953,43976.73456555026,Nuclei,Number,
Image_Texture_Correlation_Mito_5_00_256,0.16637445638717885,0.020973409032487907,0.0021047148185540134,0.8105474197617791,27097.399672036194,Image,Texture,Mito
Nuclei_Location_Center_Y,0.09652267023317189,0.06845619231047011,0.0005454257167529691,0.834475711739605,40270.02251853458,Nuclei,Location,
Nuclei_Texture_Entropy_Mito_5_03_256,0.2964572482187106,0.053887327258810756,0.005862288241631597,0.643793136280847,79206.34910508149,Nuclei,Texture,Mito
Nuclei_Texture_InfoMeas1_RNA_10_01_256,0.3319862130729975,0.03683078442093108,0.0002801345897036067,0.6309028679163678,102786.0976147592,Nuclei,Texture,RNA
Cells_Texture_AngularSecondMoment_ER_3_02_256,0.1062574210304654,0.05828583673260334,0.0024727619151033407,0.832983980321828,93923.89811203713,Cells,Texture,ER
Cytoplasm_AreaShape_Zernike_4_0,0.18777278247336837,0.060546333720043935,0.001012823112540124,0.7506680606940477,103295.30876103905,Cytoplasm,AreaShape,
Cytoplasm_AreaShape_Zernike_6_2,0.21716235691963817,0.03703013525168182,0.0023439441981060174,0.743463563630574,51686.607926015495,Cytoplasm,AreaShape,
Cells_Texture_Entropy_DNA_10_02_256,0.22364138392036667,0.03728500916395403,0.00739018579416416,0.7316834211215151,106133.35350365666,Cells,Texture,DNA
Cytoplasm_Texture_DifferenceEntropy_ER_3_00_256,0.22859549630317225,0.049020716069780805,0.001566083381017125,0.7208177042460299,107993.80440614407,Cytoplasm,Texture,ER
Cells_Texture_InfoMeas2_RNA_3_01_256,0.1723556513754946,0.06482380633276175,0.002160090387909165,0.7606604519038345,80088.31740557903,Cells,Texture,RNA
Cells_RadialDistribution_RadialCV_mito_tubeness_10of20,0.24044096167863324,0.028714839364095347,0.002320708075607184,0.7285234908816642,44827.930570482116,Cells,RadialDistribution,
Nuclei_Intensity_IntegratedIntensityEdge_ER,0.35979301625538246,0.03629942537689858,0.0030550164024627144,0.6008525419652563,77277.31336312828,Nuclei,Intensity,ER
Cells_RadialDistribution_MeanFrac_mito_tubeness_4of20,0.36429475663601024,0.03932420177778699,0.0024539590399499413,0.5939270825462528,125907.71323425279,Cells,RadialDistribution,
Image_Texture_InfoMeas1_ER_3_03_256,0.24248058119099206,0.029246288735395636,0.003126728676892326,0.7251464013967199,32491.12136591436,Image,Texture,ER
Cytoplasm_Intensity_MinIntensity_DNA,0.08909922720517317,0.10341026109768234,0.0019874973445636952,0.8055030143525806,142113.7773059231,Cytoplasm,Intensity,DNA
Cytoplasm_Texture_InfoMeas2_ER_5_02_256,0.2075166989096563,0.03078256107343429,0.003464497122895462,0.7582362428940139,63477.31203888253,Cytoplasm,Texture,ER
Nuclei_Texture_InverseDifferenceMoment_Mito_3_02_256,0.34720086760291263,0.05490273499303484,0.005863459444420872,0.5920329379596316,108047.31790740299,Nuclei,Texture,Mito
Cells_Intensity_MedianIntensity_ER,0.2239516415549927,0.03538653413899012,0.004765511163471184,0.735896313142546,63487.52385433159,Cells,Intensity,ER
Cells_Texture_Correlation_Mito_5_00_256,0.20022860914896132,0.06355997095618024,0.004027152877537761,0.7321842670173208,58965.61888101842,Cells,Texture,Mito
Cells_Texture_InfoMeas1_RNA_10_03_256,0.23208708502821562,0.0415674319643502,0.0017030836194274555,0.7246423993880067,92641.43281679784,Cells,Texture,RNA
Image_Texture_DifferenceEntropy_Mito_3_03_256,0.43331419683293826,0.044460958204793684,0.0009808361803443036,0.5212440087819238,72263.2375149714,Image,Texture,Mito
Image_ImageQuality_LocalFocusScore_OrigRNA_10,0.4016945885131504,0.09132479622982567,0.005813781513148633,0.5011668337438753,359306.3362340019,Image,ImageQuality,
Cytoplasm_Texture_DifferenceVariance_ER_5_02_256,0.06231542929878246,0.0778923405015164,0.0016110244113293002,0.8581812057883719,77224.3502504745,Cytoplasm,Texture,ER
Cells_Texture_DifferenceVariance_DNA_10_03_256,0.1888527437479143,0.02397027800334569,0.01414045213587147,0.7730365261128687,53398.78505277137,Cells,Texture,DNA
Cytoplasm_RadialDistribution_RadialCV_Mito_2of4,0.18607043818340865,0.050484367274021606,0.002757441362021811,0.7606877531805478,50605.89168996429,Cytoplasm,RadialDistribution,Mito
Cytoplasm_Texture_SumVariance_ER_5_01_256,0.3412274622967579,0.04879537718140906,0.0009011912365418968,0.6090759692852912,133703.2430232874,Cytoplasm,Texture,ER
Image_Texture_InverseDifferenceMoment_DNA_3_00_256,0.40906844380847435,0.04172015908653346,0.0031483247769342336,0.546063072328058,34006.09458664659,Image,Texture,DNA
Nuclei_Intensity_MADIntensity_RNA,0.35145001951718496,0.04432235306205356,0.0004419958776648694,0.6037856315430965,110186.72413269084,Nuclei,Intensity,RNA
Image_Texture_InfoMeas1_DNA_10_00_256,0.3516069400687816,0.05559016367727448,0.004432618383522533,0.5883702778704214,63759.23846216325,Image,Texture,DNA
Cytoplasm_Granularity_5_AGP,0.5047595338098917,0.04171605925382738,0.0006223065991035702,0.4529021003371775,225486.03739834484,Cytoplasm,Granularity,AGP
Cells_Texture_Entropy_Mito_5_03_256,0.14675293965768077,0.05961589210168761,0.003615671647910603,0.790015496592721,51635.40542061762,Cells,Texture,Mito
Image_Texture_InverseDifferenceMoment_RNA_5_02_256,0.47729964668158026,0.038885397810229295,0.0064867057520903455,0.47732824975610016,46354.65519599256,Image,Texture,RNA
Cytoplasm_Texture_AngularSecondMoment_DNA_10_01_256,0.0756587878625108,0.03871753453156143,0.006236196255242889,0.8793874813506849,59234.252455856826,Cytoplasm,Texture,DNA
Cytoplasm_Texture_Variance_AGP_3_03_256,0.3678198273233297,0.0469590767445385,0.0040419867565104324,0.5811791091756213,141599.24806844603,Cytoplasm,Texture,AGP
Cells_Texture_InfoMeas1_Mito_3_00_256,0.17131012186048883,0.05097797167888576,0.0030262069044489654,0.7746856995561765,44278.79356512931,Cells,Texture,Mito
Cytoplasm_Texture_SumAverage_DNA_10_03_256,0.19494240945979774,0.037033260520698316,0.003975776748261616,0.7640485532712423,83851.78247028985,Cytoplasm,Texture,DNA
Cells_AreaShape_FormFactor,0.1557432722099952,0.01474273155557631,0.009469009169582675,0.8200449870648459,80249.82133959878,Cells,AreaShape,
Cytoplasm_Texture_InfoMeas1_AGP_10_00_256,0.33677856362434166,0.04052069249154573,0.003235093132170772,0.6194656507519418,96026.37413975147,Cytoplasm,Texture,AGP
Image_Granularity_6_Mito,0.2627841430117374,0.012984886931115817,0.0030182337544800864,0.7212127363026667,42116.38470739177,Image,Granularity,Mito
Nuclei_Texture_SumVariance_RNA_3_01_256,0.36452280395333253,0.05182894038035199,0.0008793639972905218,0.582768891669025,142053.43031050958,Nuclei,Texture,RNA
Cells_Texture_SumAverage_Mito_5_00_256,0.2536555548933428,0.05136160993016555,0.004498233853665756,0.6904846013228259,71761.19658629101,Cells,Texture,Mito
Cytoplasm_AreaShape_Zernike_0_0,0.17966824566013503,0.04615997739914947,0.0013279784139369818,0.7728437985267785,92690.3683694044,Cytoplasm,AreaShape,
Nuclei_Texture_Correlation_ER_3_01_256,0.1595969003309181,0.0900462995834593,0.0022018004974961947,0.7481549995881265,59260.10857995625,Nuclei,Texture,ER
Nuclei_Texture_SumVariance_ER_5_03_256,0.34952459965209504,0.05363912269942877,0.000999502997629687,0.5958367746508465,149136.81551854382,Nuclei,Texture,ER
Nuclei_AreaShape_Zernike_7_5,0.36522933573889954,0.04140266130887968,0.0005002166686776175,0.5928677862835431,71383.23925784946,Nuclei,AreaShape,
Cytoplasm_Correlation_K_RNA_AGP,0.09533023361904061,0.04768620346630666,0.004671215547674658,0.852312347366978,45517.372553045476,Cytoplasm,Correlation,AGP
Cytoplasm_Texture_Correlation_AGP_3_03_256,0.10266338210270193,0.0807559711001861,0.005726191518957375,0.8108544552781546,83185.85960857855,Cytoplasm,Texture,AGP
Cells_RadialDistribution_RadialCV_mito_tubeness_13of16,0.22434186828517977,0.043313331396126226,0.002490435452643717,0.7298543648660504,85540.8506806699,Cells,RadialDistribution,
Cells_Texture_SumAverage_AGP_3_03_256,0.25918460951971073,0.013291429087444868,0.003326869358215782,0.7241970920346287,40991.020402887225,Cells,Texture,AGP
Image_Texture_InfoMeas1_DNA_3_00_256,0.14118546508955124,0.07973147083371881,0.0014206400581269585,0.7776624240186029,50891.0468215945,Image,Texture,DNA
Cells_Correlation_K_ER_DNA,0.2771537788217645,0.05577443144223876,0.0025771995193403295,0.6644945902166565,75985.7815391404,Cells,Correlation,DNA
Cells_Texture_DifferenceVariance_Mito_5_01_256,0.03507010020394076,0.09788638294076896,0.0018422501462372553,0.8652012667090531,63900.95603291318,Cells,Texture,Mito
Image_Texture_AngularSecondMoment_AGP_10_00_256,0.4503176918567656,0.060899682341790835,0.0021832868057307434,0.4865993389957127,174913.25660006673,Image,Texture,AGP
Image_Texture_InverseDifferenceMoment_ER_10_00_256,0.48767593602788084,0.03438074618010433,0.0030058331619622616,0.4749374846300526,54310.75734843049,Image,Texture,ER
Image_Texture_SumVariance_RNA_5_02_256,0.31443731082034143,0.021300311929379444,0.0012085651513249565,0.6630538120989542,30521.1150341486,Image,Texture,RNA
Cells_Intensity_StdIntensity_Mito,0.36113522315826724,0.04939682586058504,0.0020200176586655325,0.5874479333224821,112221.57681809514,Cells,Intensity,Mito
Image_Texture_SumEntropy_AGP_5_01_256,0.4520481928262072,0.060870792794627177,0.0014535748160371116,0.48562743956312854,112059.49546541361,Image,Texture,AGP
Nuclei_Granularity_8_ER,0.15213603521696598,0.03820859326486536,0.0013902508615408198,0.8082651206566279,30926.369755658037,Nuclei,Granularity,ER
Nuclei_Texture_SumVariance_DNA_5_00_256,0.49626866087936194,0.0400845392412381,0.002056471698517038,0.46159032818088286,257196.29381145735,Nuclei,Texture,DNA
Cytoplasm_RadialDistribution_MeanFrac_mito_tubeness_15of16,0.058317568023068235,0.12628935068538666,0.014493357212163202,0.8008997240793819,111537.11244797148,Cytoplasm,RadialDistribution,
Cells_Intensity_MADIntensity_Mito,0.33504274055638184,0.04654227142061471,0.002815455532497753,0.6155995324905057,98066.26531407659,Cells,Intensity,Mito
Cytoplasm_RadialDistribution_RadialCV_DNA_3of4,0.45702508392619495,0.042661691066487935,0.00547357722829926,0.4948396477790179,187485.6113498053,Cytoplasm,RadialDistribution,DNA
Cells_Texture_InverseDifferenceMoment_ER_5_01_256,0.17907190685976454,0.043291959591410245,0.0010406574523173482,0.7765954760965079,94629.84240480533,Cells,Texture,ER
Cytoplasm_Texture_InfoMeas2_AGP_10_03_256,0.2627108765460138,0.027762531029563105,0.0034290478322722574,0.7060975445921508,49573.54416900009,Cytoplasm,Texture,AGP
Image_Texture_Correlation_RNA_5_01_256,0.38394406619687005,0.007422678301328291,0.0008822424307587426,0.607751013071043,47864.19644483712,Image,Texture,RNA
Image_Texture_Variance_AGP_5_00_256,0.31495810779195793,0.014321553767438886,0.001978101710547041,0.6687422367300562,39839.339998347656,Image,Texture,AGP
Cells_Texture_Variance_RNA_5_01_256,0.38126003306143447,0.04601477783828248,0.0007896175072272121,0.5719355715930557,153363.81912388996,Cells,Texture,RNA
Cells_Texture_DifferenceEntropy_DNA_10_01_256,0.24125478309776294,0.035226626662728654,0.007222004149674541,0.7162965860898338,125139.6462607923,Cells,Texture,DNA
Cells_Correlation_RWC_AGP_Mito,0.270157540614169,0.018897948679892782,0.0012712684342665206,0.7096732422716716,43657.141072802915,Cells,Correlation,AGP
Cytoplasm_Texture_Correlation_DNA_10_00_256,0.03870425523167346,0.050177077416680496,0.0024041419881695725,0.9087145253634765,61273.83335457692,Cytoplasm,Texture,DNA
Cytoplasm_Texture_SumVariance_RNA_5_01_256,0.3849365234507007,0.04742633316208002,0.0004937780636221125,0.5671433653235972,145242.57670417574,Cytoplasm,Texture,RNA
Nuclei_Correlation_Manders_AGP_ER,0.13084800377668487,0.15532828983504746,0.011414606163942609,0.7024091002243251,230334.6415519714,Nuclei,Correlation,AGP
Cytoplasm_Texture_SumVariance_AGP_3_03_256,0.3671414951077612,0.04667980670607904,0.003698003355470271,0.5824806948306895,139197.07642068857,Cytoplasm,Texture,AGP
Nuclei_Texture_DifferenceEntropy_AGP_3_01_256,0.16570224239478368,0.05173772520393849,0.001476177769119177,0.7810838546321587,61390.8290038884,Nuclei,Texture,AGP
Nuclei_Texture_Entropy_AGP_3_00_256,0.18294617864129864,0.04511401120969953,0.0019993914732636927,0.7699404186757381,51648.68204422327,Nuclei,Texture,AGP
Nuclei_Texture_AngularSecondMoment_AGP_5_03_256,0.09013976117360223,0.037330676307877224,0.003698209964285858,0.8688313525542348,33312.67856815689,Nuclei,Texture,AGP
Cells_Intensity_IntegratedIntensity_AGP,0.27026321592562924,0.018592521020932933,0.000556746969880044,0.7105875160835579,94855.17793175294,Cells,Intensity,AGP
Nuclei_Texture_SumVariance_RNA_3_03_256,0.3639090329209629,0.051319326344136405,0.0009085952923754297,0.5838630454425254,142316.16559292888,Nuclei,Texture,RNA
Cells_Correlation_Correlation_DNA_ER,0.18254174349873462,0.05055650780021842,0.002951115638172587,0.7639506330628745,36985.90192444839,Cells,Correlation,DNA
Image_Texture_AngularSecondMoment_RNA_5_01_256,0.48583977452535554,0.046800867432816286,0.006588910493706659,0.46077044754812146,189421.1948856394,Image,Texture,RNA
Nuclei_Texture_AngularSecondMoment_ER_3_02_256,0.05777690338620722,0.07457459010419461,0.003340667655446787,0.8643078388541513,63282.90454002451,Nuclei,Texture,ER
Nuclei_Texture_SumAverage_AGP_10_03_256,0.24078523971926308,0.03640886637318424,0.005320369987465324,0.7174855239200874,63051.13790083052,Nuclei,Texture,AGP
Cells_Texture_DifferenceVariance_Mito_10_02_256,0.03473726307765552,0.09917753844819326,0.001963436507786073,0.8641217619663653,66730.33429550359,Cells,Texture,Mito
Image_Texture_InfoMeas2_DNA_10_00_256,0.28271547717230955,0.07683099130367552,0.004363610864893644,0.6360899206591213,129683.51205827191,Image,Texture,DNA
Nuclei_Texture_DifferenceVariance_Mito_10_02_256,0.04573999971730525,0.08447760212667699,0.0031743063933494828,0.8666080917626683,56986.393326824094,Nuclei,Texture,Mito
Nuclei_Intensity_MeanIntensityEdge_AGP,0.2475948119339238,0.028076127225294942,0.003181068783342098,0.7211479920574392,47230.987746449864,Nuclei,Intensity,AGP
Cytoplasm_Texture_Contrast_AGP_5_03_256,0.3722571595941423,0.04511694269491359,0.003369514599023538,0.5792563831119205,154303.2253150135,Cytoplasm,Texture,AGP
Nuclei_Texture_Variance_RNA_3_02_256,0.3653853321408426,0.0508643295766697,0.0011005310299160836,0.5826498072525716,143566.63138129364,Nuclei,Texture,RNA
Cells_Texture_Entropy_ER_10_01_256,0.1401509118616172,0.0511615065791974,0.001170518455548799,0.8075170631036367,79363.75652549358,Cells,Texture,ER
Cytoplasm_Texture_InverseDifferenceMoment_ER_10_00_256,0.19501189129564353,0.042962220737199304,0.0015431776425098257,0.7604827103246473,82493.8983774919,Cytoplasm,Texture,ER
Nuclei_Granularity_10_ER,0.23059105424443105,0.028812366501994997,0.00410747757615272,0.7364891016774211,34615.98868168297,Nuclei,Granularity,ER
Cells_Texture_SumVariance_RNA_10_01_256,0.3404960827130285,0.0506306544184874,0.0005809562346640733,0.60829230663382,128469.80184861607,Cells,Texture,RNA
Image_Intensity_TotalIntensity_Mito,0.3042367825809885,0.021754832145493987,0.0021470994944779395,0.6718612857790395,20591.423177798024,Image,Intensity,Mito
Image_Granularity_8_AGP,0.1946857638854142,0.045789649866394264,0.0008659425771046171,0.7586586436710869,46093.72330064906,Image,Granularity,AGP
Cytoplasm_Texture_SumVariance_Mito_3_01_256,0.3716238544842735,0.033477541134970874,0.0030972712859645667,0.5918013330947911,119858.66411628466,Cytoplasm,Texture,Mito
Cells_Texture_DifferenceEntropy_Mito_5_03_256,0.23311137581964803,0.054644386297834184,0.0025614047306964914,0.7096828331518212,71442.80736773406,Cells,Texture,Mito
Nuclei_Texture_DifferenceEntropy_RNA_10_02_256,0.11422168210148913,0.0470261161501227,0.001256180780953,0.8374960209674353,46060.04768489013,Nuclei,Texture,RNA
Cells_Texture_SumEntropy_RNA_3_03_256,0.12041561523665756,0.05476213106975215,0.0007657763637708704,0.8240564773298195,81753.02254250123,Cells,Texture,RNA
Nuclei_Granularity_8_RNA,0.16520520038202452,0.030637463799730705,0.0016758165476340337,0.8024815192706107,32076.16105666918,Nuclei,Granularity,RNA
Nuclei_Granularity_9_DNA,0.3790962171180732,0.028150023892933442,0.0008721536697234761,0.5918816053192698,63685.799219098284,Nuclei,Granularity,DNA
Cells_Texture_DifferenceEntropy_DNA_3_03_256,0.297257717533067,0.03410067039788751,0.006598692707668907,0.6620429193613766,135090.6921644429,Cells,Texture,DNA
Image_Intensity_TotalIntensity_DNA_BackgroundOnly,0.38050539778423026,0.018732701289494943,0.006666659226606654,0.5940952416996681,62633.63973712691,Image,Intensity,DNA
Cells_Intensity_MeanIntensity_ER,0.24615054502134437,0.03606143585038938,0.0053962528306313925,0.7123917662976348,82977.16459931286,Cells,Intensity,ER
Nuclei_Texture_SumEntropy_ER_3_02_256,0.1880597125314821,0.05151537295112016,0.00120362074887414,0.7592212937685237,64842.141597650865,Nuclei,Texture,ER
Nuclei_Texture_Variance_RNA_5_03_256,0.3614104799448614,0.05082475900571277,0.0011266033204889623,0.5866381577289369,142694.9088940353,Nuclei,Texture,RNA
Nuclei_Location_CenterMassIntensity_Y_RNA,0.0965964466880368,0.0684382502104168,0.0005364366280555693,0.8344288664734908,40339.75275139892,Nuclei,Location,RNA
Image_Texture_InfoMeas2_DNA_3_00_256,0.4204996372693009,0.0681019625017182,0.003801721705417977,0.5075966785235628,166055.87921670463,Image,Texture,DNA
Nuclei_RadialDistribution_MeanFrac_DNA_4of4,0.30577420756983276,0.04149498421069242,0.0007620686425074398,0.6519687395769673,116563.64269826707,Nuclei,RadialDistribution,DNA
Cytoplasm_Texture_DifferenceVariance_ER_3_02_256,0.0634127666856462,0.0772916190513541,0.001392666164295627,0.8579029480987042,70626.31187862891,Cytoplasm,Texture,ER
Image_Texture_Variance_Mito_3_03_256,0.14504341145650837,0.017338767733864488,0.002671539297754136,0.834946281511873,36969.985027536415,Image,Texture,Mito
Nuclei_Intensity_MedianIntensity_ER,0.29443854633943767,0.04782260033634355,0.0006691757345229683,0.6570696775896958,107526.45106461251,Nuclei,Intensity,ER
Nuclei_Texture_SumEntropy_ER_5_03_256,0.1805947647156403,0.0515717729847922,0.0019203597943732236,0.7659131025051943,60561.433169272,Nuclei,Texture,ER
Image_Texture_InverseDifferenceMoment_AGP_10_02_256,0.4780866706152241,0.03833025975331366,0.001596166755496809,0.4819869028759654,50738.326992319024,Image,Texture,AGP
Cytoplasm_Correlation_K_AGP_ER,0.23467267765533742,0.024740216859603356,0.0012074091974014576,0.7393796962876578,48208.15023769929,Cytoplasm,Correlation,AGP
Nuclei_Texture_DifferenceVariance_RNA_3_00_256,0.06381883132623578,0.09180512759862357,0.0007693432891063513,0.8436066977860344,82501.48947044389,Nuclei,Texture,RNA
Nuclei_Intensity_MADIntensity_Mito,0.45450649308498525,0.05189510656579185,0.0011354249189300084,0.4924629754302929,192977.4433295576,Nuclei,Intensity,Mito
Nuclei_Granularity_1_Mito,0.2300837607460834,0.06031553040852511,0.004839871142954714,0.7047608377024367,63083.43811408497,Nuclei,Granularity,Mito
Cytoplasm_Texture_SumVariance_DNA_3_02_256,0.39509195375705264,0.024803385282905634,0.0015198226549563187,0.5785848383050854,152627.6528309635,Cytoplasm,Texture,DNA
Nuclei_Texture_SumAverage_ER_5_01_256,0.29292642915876094,0.04849821050708683,0.0009414181651676484,0.6576339421689845,103367.2310004214,Nuclei,Texture,ER
Nuclei_Texture_InfoMeas1_AGP_5_00_256,0.3884699930252537,0.033671090492853994,0.002513349602145945,0.5753455668797464,107884.85078388517,Nuclei,Texture,AGP
Nuclei_Texture_InverseDifferenceMoment_ER_10_01_256,0.23272206507530557,0.040563229318350255,0.0013601166993317498,0.7253545889070123,58854.352855747435,Nuclei,Texture,ER
Cells_Intensity_StdIntensity_RNA,0.3018202610763782,0.05054636343446456,0.0004591245662719855,0.6471742509228853,112528.81297060981,Cells,Intensity,RNA
Image_Texture_AngularSecondMoment_ER_3_03_256,0.4886164411853536,0.04324460922658919,0.0030561243198778667,0.4650828252681793,164543.75153187,Image,Texture,ER
Nuclei_Texture_Contrast_AGP_5_01_256,0.3747107214146156,0.04571073560318744,0.003939299953496701,0.5756392430287002,159659.65537064997,Nuclei,Texture,AGP
Nuclei_Texture_InverseDifferenceMoment_DNA_10_00_256,0.30995248722795055,0.03342578935687849,0.009252641093646033,0.6473690823215249,83166.54333477425,Nuclei,Texture,DNA
Image_Texture_InfoMeas2_Mito_10_00_256,0.3635209661419141,0.053518518267411705,0.002908614278041299,0.580051901312633,101128.6359931491,Image,Texture,Mito
Image_Texture_InfoMeas2_AGP_10_02_256,0.40879531244223216,0.05030078934920861,0.0023287425576576193,0.5385751556509016,142267.9505275746,Image,Texture,AGP
Cells_Texture_DifferenceVariance_RNA_10_00_256,0.06887752757019648,0.08016591086229927,0.0006300339000043442,0.8503265276674999,108082.8073192711,Cells,Texture,RNA
Cells_Texture_SumEntropy_AGP_3_03_256,0.1546369510957519,0.05573561195913197,0.001182949204730664,0.7884444877403854,73381.42329074985,Cells,Texture,AGP
Image_Texture_Contrast_DNA_5_03_256,0.32836471018734364,0.02286224375277132,0.0023515563837689453,0.6464214896761161,25445.419344591886,Image,Texture,DNA
Cytoplasm_Texture_Correlation_Mito_3_00_256,0.3143317030975983,0.05527331859918755,0.0026482180339960104,0.6277467602692182,86263.1725328362,Cytoplasm,Texture,Mito
Image_Texture_Entropy_ER_3_01_256,0.4896421425338961,0.04566136990489954,0.002853716063375396,0.461842771497829,87222.9521795974,Image,Texture,ER
Nuclei_Granularity_7_RNA,0.19961077564455673,0.031010472723053864,0.0010108284946076557,0.7683679231377819,43363.32032212723,Nuclei,Granularity,RNA
Cells_Neighbors_SecondClosestDistance_Adjacent,0.43467750704855534,0.05756762720789895,0.0007063223625917768,0.507048543380954,291120.0092388851,Cells,Neighbors,
Cytoplasm_Texture_InfoMeas1_Mito_5_03_256,0.22383207356275175,0.029928062223208582,0.0025027416144881806,0.7437371225995514,70274.48669698293,Cytoplasm,Texture,Mito
Nuclei_Correlation_RWC_ER_RNA,0.17096604481151748,0.024861728391159986,0.002446446499096728,0.8017257802982259,34808.62396094798,Nuclei,Correlation,ER
Image_Texture_DifferenceVariance_AGP_5_00_256,0.34882546057156927,0.031717320380633296,0.004303636596696514,0.615153582451101,60299.43233100169,Image,Texture,AGP
Nuclei_Texture_InfoMeas2_Mito_5_00_256,0.2570660312627824,0.0432579852710908,0.0065071148396056416,0.6931688686265212,59519.491843444324,Nuclei,Texture,Mito
Cytoplasm_RadialDistribution_RadialCV_RNA_3of4,0.17211120398859772,0.04915972182951989,0.0067589248755864665,0.7719701493062959,61706.65818941449,Cytoplasm,RadialDistribution,RNA
Cells_Texture_Variance_DNA_10_02_256,0.44721927881532636,0.03890326837126684,0.0023190180181060526,0.5115584347953007,219360.9421828405,Cells,Texture,DNA
Cytoplasm_Texture_Variance_RNA_10_00_256,0.40783323977174263,0.0444408646609453,0.0007704597958501637,0.546955435771462,165882.90427148278,Cytoplasm,Texture,RNA
Image_Texture_DifferenceEntropy_Mito_3_00_256,0.4269603439798325,0.0423825659761214,0.0013934218451648916,0.5292636681988812,65722.81936167364,Image,Texture,Mito
Image_Intensity_MaxIntensity_RNA,0.16959170664741677,0.02450527931085778,0.0028241032159351236,0.8030789108257903,23771.74288024111,Image,Intensity,RNA
Cells_Texture_SumEntropy_Mito_3_01_256,0.1374324065407571,0.057181862944871736,0.003355493825242357,0.8020302366891288,51769.914003650745,Cells,Texture,Mito
Cytoplasm_Correlation_Overlap_AGP_RNA,0.15756808008316348,0.0316136078957009,0.004953390304160186,0.8058649217169755,36600.59109456853,Cytoplasm,Correlation,AGP
Cells_Texture_DifferenceVariance_AGP_5_03_256,0.09077828762745907,0.06287513560011325,0.0011467378349956916,0.845199838937432,62217.82690752801,Cells,Texture,AGP
Cytoplasm_RadialDistribution_FracAtD_mito_tubeness_14of16,0.030819152850002172,0.13335001506941987,0.01727611906873046,0.8185547130118475,148756.3740139959,Cytoplasm,RadialDistribution,
Cytoplasm_Texture_Entropy_DNA_3_02_256,0.29251183115966056,0.029221242430062716,0.004489717126138315,0.6737772092841384,93966.58731507444,Cytoplasm,Texture,DNA
Image_Intensity_PercentMaximal_Mito,0.03005268872674473,0.0707397842526552,0.039854646832568015,0.859352880188032,325024.96824995213,Image,Intensity,Mito
Nuclei_Intensity_StdIntensity_ER,0.3314827603406437,0.0533396932735028,0.0005520000721246531,0.6146255463137288,120368.16807205626,Nuclei,Intensity,ER
Cytoplasm_Texture_SumVariance_ER_5_02_256,0.34610625050930416,0.048386325391706,0.0011090845958063528,0.6043983395031834,136346.2929805828,Cytoplasm,Texture,ER
Cytoplasm_Texture_DifferenceVariance_ER_10_01_256,0.08091727513845431,0.07359956898310074,0.00243085813880512,0.8430522977396399,91422.0944431938,Cytoplasm,Texture,ER
Cytoplasm_Texture_Contrast_AGP_3_03_256,0.3666758563824821,0.04531282508664795,0.0036571603463777603,0.5843541581844922,145249.09372880656,Cytoplasm,Texture,AGP
Cells_Texture_DifferenceVariance_DNA_3_01_256,0.24409437578294768,0.021159241326410252,0.013842521058494135,0.7209038618321478,65729.61291143089,Cells,Texture,DNA
Cells_Texture_Entropy_RNA_5_03_256,0.10733057040384426,0.04931987596698153,0.0012017806788430412,0.8421477729503313,73728.76364007252,Cells,Texture,RNA
Cells_Texture_Correlation_Mito_3_02_256,0.1644179736341565,0.07518229756396157,0.0026546956113305247,0.7577450331905513,65970.00214938249,Cells,Texture,Mito
Cytoplasm_Texture_InfoMeas2_DNA_10_00_256,0.18379613141655157,0.07508505895240523,0.01734363649233035,0.7237751731387129,105290.2043310843,Cytoplasm,Texture,DNA
Image_Texture_Contrast_RNA_3_03_256,0.31756964228493517,0.025104767460785618,0.0025083416637573363,0.6548172485905219,22244.905059449833,Image,Texture,RNA
Cells_Texture_DifferenceEntropy_AGP_10_01_256,0.1606001327643944,0.05405445247845293,0.0017863093140413585,0.7835591054431114,85528.38437384732,Cells,Texture,AGP
Image_Texture_Variance_Mito_5_02_256,0.14485184304618937,0.01743858795722074,0.0027025362807351345,0.8350070327158547,36894.25271192365,Image,Texture,Mito
Nuclei_Texture_InverseDifferenceMoment_Mito_5_01_256,0.3157356186457935,0.05292441535254796,0.007075580112028198,0.6242643858896304,86623.31470241916,Nuclei,Texture,Mito
Cells_Granularity_1_ER,0.1947931789488406,0.051374943356211164,0.006252769978363688,0.7475791077165846,75752.66775721428,Cells,Granularity,ER
Nuclei_Texture_SumEntropy_RNA_5_00_256,0.1369796617971539,0.051293935943054876,0.0007154871917302385,0.811010915068061,45529.12817869796,Nuclei,Texture,RNA
Image_Texture_Contrast_DNA_10_00_256,0.34188845607624296,0.022678698886420864,0.0030625191333674465,0.6323703259039687,26972.488659862116,Image,Texture,DNA
Cells_AreaShape_BoundingBoxArea,0.274434540863426,0.0317553694291091,0.001588507642683984,0.692221582064781,139634.53890119586,Cells,AreaShape,
Cytoplasm_Texture_DifferenceVariance_Mito_5_02_256,0.043901988423286874,0.09253860667375861,0.0015804484220180702,0.8619789564809364,58011.2348924437,Cytoplasm,Texture,Mito
Cells_Intensity_StdIntensity_AGP,0.32727162740038557,0.05289119334665914,0.0024530983958677417,0.6173840808570876,113203.18888244919,Cells,Intensity,AGP
Image_Texture_DifferenceVariance_ER_10_01_256,0.4194311837762967,0.03917888862006619,0.004098971659851076,0.5372909559437862,82530.98540170357,Image,Texture,ER
Image_Texture_InfoMeas2_RNA_10_01_256,0.48172609939535477,0.044427397780866865,0.0008752216994374703,0.472971281124341,183797.61897449082,Image,Texture,RNA
Nuclei_Intensity_MeanIntensity_DNA,0.32120140037336464,0.0348639894396431,0.0018700953297443744,0.6420645148572479,106269.24163028967,Nuclei,Intensity,DNA
Cells_AreaShape_Center_X,0.07320125463361452,0.035539097154175484,0.000507346040379164,0.8907523021718309,23458.48925826788,Cells,AreaShape,
Image_Texture_AngularSecondMoment_Mito_5_03_256,0.39307553054292277,0.0612576852101987,0.0036665211820969576,0.5420002630647816,148166.8329614118,Image,Texture,Mito
Image_Intensity_LowerQuartileIntensity_ER,0.25655646869249016,0.025537148029260454,0.004506894860171778,0.7133994884180777,13545.719779524094,Image,Intensity,ER
Image_Texture_InfoMeas2_RNA_10_00_256,0.49699653755837064,0.04880077301828793,0.0010313771495996413,0.4531713122737417,242035.18488607524,Image,Texture,RNA
Cells_Correlation_K_Mito_DNA,0.0861499948943155,0.07056115242246846,0.0018551140866276887,0.8414337385965883,38463.6273599695,Cells,Correlation,DNA
Cytoplasm_Correlation_Correlation_AGP_RNA,0.35363829223697174,0.03986280838246946,0.004749251611156115,0.6017496477694027,46728.006758108975,Cytoplasm,Correlation,AGP
Nuclei_Texture_Correlation_ER_5_00_256,0.14622882147646535,0.09175491938678688,0.002362599576200128,0.7596536595605476,63235.203871071,Nuclei,Texture,ER
Cells_RadialDistribution_FracAtD_mito_tubeness_9of16,0.17014028033684486,0.033818257684175915,0.0011515488340804673,0.7948899131448988,28239.38282212714,Cells,RadialDistribution,
Nuclei_Texture_DifferenceVariance_ER_3_01_256,0.044252692865782255,0.0885374888630173,0.0029955517917795867,0.8642142664794209,75197.03654074339,Nuclei,Texture,ER
Nuclei_Texture_Contrast_Mito_5_03_256,0.4787244675342725,0.03921592724776344,0.0025094881141861747,0.47955011710377793,235853.60312366055,Nuclei,Texture,Mito
Nuclei_Texture_InfoMeas2_RNA_10_00_256,0.08163615545860171,0.06019813214921991,0.0019461259376816699,0.8562195864544967,57469.278084631784,Nuclei,Texture,RNA
Cytoplasm_Texture_Correlation_DNA_3_01_256,0.06722974818648798,0.03940090104549621,0.0027164742394802806,0.8906528765285355,54598.23095755788,Cytoplasm,Texture,DNA
Image_Texture_Contrast_Mito_3_00_256,0.2606751456672954,0.006156920324539743,0.0017058676543074429,0.7314620663538575,29307.031018474758,Image,Texture,Mito
Nuclei_Texture_SumAverage_Mito_3_02_256,0.3188889958803797,0.048057084906188735,0.003368823182056346,0.6296850960313752,96696.2630901448,Nuclei,Texture,Mito
Cells_Texture_Correlation_Mito_10_02_256,0.3170523019057398,0.0364524286683128,0.0035376668294879337,0.6429576025964595,60704.17796692233,Cells,Texture,Mito
Cytoplasm_Texture_Entropy_AGP_3_00_256,0.1870913164938136,0.041899948557344496,0.0018941867142984474,0.7691145482345434,52561.113280888865,Cytoplasm,Texture,AGP
Cells_AreaShape_BoundingBoxMinimum_X,0.12041753508602715,0.022201059145858695,0.0002953320052590044,0.8570860737628552,28099.299141083327,Cells,AreaShape,
Cytoplasm_Texture_Variance_RNA_3_01_256,0.41109695548963826,0.044512877044221785,0.0006234804102925601,0.5437666870558474,164396.86253047595,Cytoplasm,Texture,RNA
Image_Texture_AngularSecondMoment_AGP_5_00_256,0.44505713877873504,0.062127567638245604,0.00211503046729373,0.4907002631157256,167093.64741179612,Image,Texture,AGP
Nuclei_Intensity_StdIntensityEdge_RNA,0.3567976209536255,0.05157692134112493,0.0015512277017113922,0.5900742300035383,122219.2338779871,Nuclei,Intensity,RNA
Nuclei_Texture_SumAverage_RNA_10_02_256,0.23668496924115623,0.037427294943225185,0.001504137011230162,0.7243835988043884,66950.67049953525,Nuclei,Texture,RNA
Nuclei_Texture_SumVariance_RNA_3_00_256,0.36899892236491916,0.051778832973677934,0.0009777054913243668,0.5782445391700785,143998.3040845566,Nuclei,Texture,RNA
Nuclei_Correlation_Correlation_ER_Mito,0.13257700780025802,0.029043978589739512,0.0028430253387306927,0.8355359882712717,40088.169336810126,Nuclei,Correlation,ER
Cytoplasm_Correlation_Manders_AGP_DNA,0.048391711081853854,0.13657965782931789,0.046784226091605464,0.7682444049972228,165821.81216346804,Cytoplasm,Correlation,AGP
Cytoplasm_Texture_AngularSecondMoment_Mito_3_01_256,0.07958412996528215,0.08333777331328258,0.002795541492015958,0.8342825552294192,70905.67458518391,Cytoplasm,Texture,Mito
Image_Texture_Contrast_AGP_3_01_256,0.35181401635127596,0.016828463495375614,0.0020762761260725393,0.6292812440272758,31762.62698953365,Image,Texture,AGP
Cytoplasm_Texture_Entropy_AGP_10_03_256,0.1850092006961194,0.04581435926049346,0.001445398998968498,0.7677310410444186,57716.20709638789,Cytoplasm,Texture,AGP
Nuclei_Texture_Variance_RNA_5_01_256,0.36164201843595806,0.05113856724340553,0.0010587815722000022,0.5861606327484364,142740.70608342972,Nuclei,Texture,RNA
Cells_Texture_Contrast_RNA_10_00_256,0.4311668380986084,0.03898007149185802,0.0013547672235621044,0.5284983231859715,187198.2316989217,Cells,Texture,RNA
Nuclei_Texture_DifferenceEntropy_AGP_10_03_256,0.1311179459676521,0.04725049643473801,0.0019167239690372443,0.8197148336285726,56342.594416364205,Nuclei,Texture,AGP
Cells_Texture_Variance_Mito_5_03_256,0.4278593034008901,0.038922847063678524,0.0020095970227311136,0.5312082525127003,163299.83622958575,Cells,Texture,Mito
Cytoplasm_RadialDistribution_FracAtD_mito_tubeness_6of20,0.028542002405074235,0.03694037033441241,0.0014369376211331101,0.9330806896393802,200246.0976077324,Cytoplasm,RadialDistribution,
Cytoplasm_Texture_Variance_DNA_10_03_256,0.2957543267049903,0.059614203547343286,0.0029394036377951597,0.6416920661098713,170633.75443209917,Cytoplasm,Texture,DNA
Nuclei_Texture_InfoMeas1_DNA_10_03_256,0.3940620299806885,0.04198616052444092,0.004113897408358504,0.559837912086512,157599.0893297544,Nuclei,Texture,DNA
Cytoplasm_RadialDistribution_RadialCV_mito_tubeness_12of20,0.28340837700373783,0.03365034462155742,0.002319082966830679,0.680622195407874,92599.61304485449,Cytoplasm,RadialDistribution,
Cytoplasm_Texture_SumEntropy_AGP_5_00_256,0.18707840340777399,0.047566416979518654,0.0027890955474451527,0.7625660840652622,63203.97403491721,Cytoplasm,Texture,AGP
Cells_AreaShape_Compactness,0.25011922847901435,0.024831657963122394,0.008810567494983997,0.7162385460628792,124573.15818374483,Cells,AreaShape,
Nuclei_Texture_DifferenceEntropy_ER_5_00_256,0.19838767199042961,0.0540518931623608,0.000734809995668086,0.7468256248515416,70866.9735000286,Nuclei,Texture,ER
Cells_RadialDistribution_MeanFrac_mito_tubeness_3of16,0.3542279739707457,0.04170292439232784,0.0028476832315590664,0.6012214184053674,128446.39713536442,Cells,RadialDistribution,
Image_Intensity_UpperQuartileIntensity_DNA,0.2620815837767746,0.03191560855431796,0.003730973769702417,0.702271833899205,21754.109501989762,Image,Intensity,DNA
Cells_Texture_InverseDifferenceMoment_Mito_3_03_256,0.2092384211987299,0.0625285406522944,0.0028207737423893054,0.7254122644065863,63031.68213343009,Cells,Texture,Mito
Cytoplasm_Texture_InfoMeas1_Mito_10_00_256,0.3009498658574352,0.03722768222429717,0.0027136758222659034,0.6591087760960016,92438.96905357653,Cytoplasm,Texture,Mito
Image_Texture_Entropy_ER_5_02_256,0.49125736875493164,0.0453552997148091,0.0031324744135531415,0.4602548571167063,87883.63972477967,Image,Texture,ER
Nuclei_Texture_SumAverage_ER_3_03_256,0.2948197193871732,0.04827051457003407,0.0008393449211918013,0.6560704211216009,104107.32600942792,Nuclei,Texture,ER
Cytoplasm_Texture_Correlation_DNA_10_02_256,0.04129857536531856,0.04705110049235399,0.0031739173788417176,0.9084764067634857,59000.68868377588,Cytoplasm,Texture,DNA
Image_Texture_SumAverage_ER_5_02_256,0.48355891857678523,0.033130960066377786,0.00161736369061262,0.4816927576662244,36671.69620911722,Image,Texture,ER
Cytoplasm_Texture_InfoMeas2_ER_10_00_256,0.18617214579106892,0.03154107826442901,0.00287795373350258,0.7794088222109996,70194.90969403894,Cytoplasm,Texture,ER
Cells_Intensity_MeanIntensityEdge_DNA,0.18540908263097733,0.06599788024349262,0.006560865131187871,0.7420321719943421,100962.57368274384,Cells,Intensity,DNA
Cells_Texture_SumAverage_AGP_10_00_256,0.2578467461243635,0.013966807940436836,0.003250964098463176,0.7249354818367365,43311.88252515068,Cells,Texture,AGP
Image_Texture_InfoMeas1_DNA_3_01_256,0.1907455029846072,0.07319372630467914,0.001296584726565032,0.7347641859841486,51172.833437037145,Image,Texture,DNA
Cells_Intensity_IntegratedIntensityEdge_RNA,0.19341723661851654,0.017061543009313996,0.002394981945335285,0.7871262384268343,45456.69844361988,Cells,Intensity,RNA
Cells_Texture_InfoMeas1_AGP_10_03_256,0.35025173199849824,0.03998284101435955,0.004357021827943023,0.6054084051591992,112888.42839622781,Cells,Texture,AGP
Cytoplasm_Granularity_9_Mito,0.15523921594651602,0.05079411810454761,0.0027982078312267563,0.7911684581177095,65882.49255847538,Cytoplasm,Granularity,Mito
Nuclei_Texture_InverseDifferenceMoment_Mito_5_02_256,0.32891151043523625,0.05433339481216266,0.006151917481066883,0.6106031772715342,95235.64958607245,Nuclei,Texture,Mito
Nuclei_Texture_SumVariance_RNA_10_02_256,0.33341630405296113,0.05157336294151278,0.001098380067111611,0.6139119529384145,128939.21868775072,Nuclei,Texture,RNA
Cytoplasm_RadialDistribution_FracAtD_mito_tubeness_3of16,0.023072067803579937,0.22543112389318148,0.005142280271081156,0.7463545280321574,223435.99365077127,Cytoplasm,RadialDistribution,
Cells_Texture_Correlation_DNA_5_03_256,0.2771575899778094,0.036988929071718156,0.005421342431844412,0.680432138518628,120226.99111568552,Cells,Texture,DNA
Cytoplasm_RadialDistribution_MeanFrac_DNA_1of4,0.23408872332752625,0.022967338534112654,0.0015749362662746274,0.7413690018720865,72754.6693141679,Cytoplasm,RadialDistribution,DNA
Image_Texture_SumEntropy_DNA_3_01_256,0.40672823305628303,0.050991453825339074,0.005105041670218481,0.5371752714481595,47829.92506373534,Image,Texture,DNA
Cytoplasm_RadialDistribution_RadialCV_mito_tubeness_1of20,0.0,0.0,0.0,0.0,0.0,Cytoplasm,RadialDistribution,
Image_Texture_SumVariance_RNA_10_01_256,0.3177167328547908,0.0186175588305835,0.0011262290972381826,0.6625394792173875,31085.40825120887,Image,Texture,RNA
Cells_Texture_AngularSecondMoment_Mito_10_00_256,0.06962349269107897,0.0860259952944144,0.0025571859700857296,0.8417933260444209,86335.67542448765,Cells,Texture,Mito
Nuclei_Texture_SumEntropy_AGP_5_02_256,0.18309280017624122,0.04944612360475349,0.0014835051341570433,0.7659775710848482,60391.76127799252,Nuclei,Texture,AGP
Cytoplasm_Correlation_Manders_Mito_RNA,0.2854590854599137,0.03400461941396934,0.011542965855604697,0.6689933292705122,88783.43586413033,Cytoplasm,Correlation,Mito
Image_Texture_Correlation_AGP_3_00_256,0.21760128067514564,0.01884519523902146,0.0026190235426712337,0.7609345005431617,27994.515874487173,Image,Texture,AGP
Cytoplasm_Texture_Variance_RNA_5_01_256,0.4112407036630703,0.04442586759550897,0.0006618837999848276,0.5436715449414359,165491.04029539417,Cytoplasm,Texture,RNA
Cells_Intensity_MADIntensity_RNA,0.3118797614731552,0.044897906170364474,0.0012542357536869187,0.6419680966027934,109509.81434719832,Cells,Intensity,RNA
Cytoplasm_Texture_Correlation_Mito_5_03_256,0.4117100975785827,0.02572915876933857,0.003711375358047074,0.5588493682940316,81494.45557893264,Cytoplasm,Texture,Mito
Cells_Correlation_K_DNA_AGP,0.23801530704882076,0.011131785858858368,0.0034345702890147822,0.7474183368033062,39388.10118512234,Cells,Correlation,AGP
Image_Texture_SumVariance_AGP_5_02_256,0.3083407078028905,0.013516873208888046,0.0019150115039914095,0.67622740748423,39261.50236628555,Image,Texture,AGP
Nuclei_Texture_SumAverage_Mito_10_01_256,0.29079727490842106,0.04766491304055767,0.0036872860617630063,0.6578505259892583,81732.77464722296,Nuclei,Texture,Mito
Nuclei_RadialDistribution_RadialCV_ER_2of4,0.1969125351109396,0.033639679900864264,0.002138874782518068,0.7673089102056782,45241.173815427595,Nuclei,RadialDistribution,ER
Cytoplasm_RadialDistribution_FracAtD_mito_tubeness_16of20,0.05147531108507382,0.06135540011099807,0.004513792926038664,0.8826554958778894,32106.700537659894,Cytoplasm,RadialDistribution,
Cytoplasm_Texture_InverseDifferenceMoment_DNA_3_02_256,0.098879040505204,0.047360826036898965,0.004481272291390255,0.8492788611665069,86311.36548045784,Cytoplasm,Texture,DNA
Cells_Texture_AngularSecondMoment_RNA_10_03_256,0.13694392127993124,0.07363625683150771,0.0011038360738173107,0.7883159858147436,133104.2137008395,Cells,Texture,RNA
Nuclei_Texture_SumEntropy_Mito_5_03_256,0.2970667088013335,0.050607583208182996,0.0049794638202573455,0.6473462441702261,78026.09735223492,Nuclei,Texture,Mito
Cells_RadialDistribution_RadialCV_mito_tubeness_8of20,0.23525131777218258,0.017359650442919025,0.001671349116977838,0.7457176826679205,42214.525489783926,Cells,RadialDistribution,
Image_Granularity_6_DNA,0.48358354446851565,0.047244540585295806,0.0015248086062239457,0.4676471063399646,87796.43726256487,Image,Granularity,DNA
Nuclei_Granularity_15_DNA,0.15389234476767233,0.03193886373090303,0.0009548480484611672,0.8132139434529635,39092.60340113776,Nuclei,Granularity,DNA
Nuclei_Granularity_11_RNA,0.323981234506124,0.02692200061448889,0.0024903752680532237,0.6466063896113338,47773.51068664274,Nuclei,Granularity,RNA
Cells_Texture_InverseDifferenceMoment_ER_10_02_256,0.16862035923998908,0.041137664855777724,0.0007618002922529532,0.7894801756119803,96973.49298627305,Cells,Texture,ER
Cells_RadialDistribution_MeanFrac_ER_2of4,0.11435815202018683,0.05467950067904628,0.004677419521882644,0.8262849277788843,69330.30528122226,Cells,RadialDistribution,ER
Cytoplasm_Texture_SumEntropy_AGP_5_01_256,0.18664914372762656,0.048936445874939415,0.002507131626409901,0.7619072787710242,65060.50407824128,Cytoplasm,Texture,AGP
Cytoplasm_Texture_Entropy_ER_5_03_256,0.18549199466796132,0.054840027500378814,0.0011930186148035584,0.7584749592168561,79166.93053783942,Cytoplasm,Texture,ER
Image_Texture_DifferenceVariance_Mito_5_03_256,0.3525128232661004,0.01756695000005456,0.0036339770045283855,0.6262862497293167,47177.328302092574,Image,Texture,Mito
Nuclei_Texture_InverseDifferenceMoment_ER_3_02_256,0.22708224903108393,0.0504171810146863,0.0012136685989425783,0.7212869013552871,66276.02745331591,Nuclei,Texture,ER
Cells_Texture_DifferenceEntropy_ER_5_03_256,0.18880236532798958,0.04866863202830032,0.0008641320905619098,0.7616648705531482,110154.09768755155,Cells,Texture,ER
Cytoplasm_RadialDistribution_RadialCV_Mito_3of4,0.17361342746341432,0.05680055066711414,0.002160069630756648,0.7674259522387149,51583.27621712952,Cytoplasm,RadialDistribution,Mito
Cytoplasm_Texture_SumAverage_AGP_10_03_256,0.27919085255912107,0.008585468967858086,0.0034319267501355024,0.7087917517228854,33900.20479316184,Cytoplasm,Texture,AGP
Cytoplasm_RadialDistribution_RadialCV_ER_4of4,0.23768614123337004,0.044307560811299794,0.006084726389684841,0.7119215715656454,68111.90464442802,Cytoplasm,RadialDistribution,ER
Cells_AreaShape_Zernike_2_0,0.3702953010825241,0.04068311089760453,0.00309902141872899,0.5859225666011423,80768.1357341014,Cells,AreaShape,
Image_Texture_InfoMeas2_Mito_5_01_256,0.40002014068013825,0.05400123706202506,0.0029349394999822072,0.5430436827578545,133661.83540232986,Image,Texture,Mito
Nuclei_Texture_Contrast_AGP_5_03_256,0.3750190449145289,0.04419569411137005,0.004353522465023014,0.5764317385090781,159454.1541285417,Nuclei,Texture,AGP
Nuclei_Texture_InfoMeas2_DNA_3_01_256,0.35586926976301636,0.03457289264822558,0.007616693753255475,0.6019411438355027,101254.47668791155,Nuclei,Texture,DNA
Cells_Texture_AngularSecondMoment_Mito_10_02_256,0.0697459770654431,0.08603940761804649,0.00229899635950863,0.8419156189570017,86093.8750353301,Cells,Texture,Mito
Cells_Texture_InfoMeas2_AGP_3_02_256,0.12306121645613301,0.04766602012739603,0.001676189700959097,0.8275965737155119,51542.96932758372,Cells,Texture,AGP
Cells_Texture_Variance_ER_10_01_256,0.3542470880882943,0.047684002759184524,0.0011754014702009437,0.5968935076823203,140469.21064186722,Cells,Texture,ER
Nuclei_Texture_DifferenceEntropy_RNA_3_01_256,0.15699089387441148,0.043544183304819524,0.0009684808540820106,0.798496441966687,48291.322753901026,Nuclei,Texture,RNA
Nuclei_Location_MaxIntensity_Z_DNA,0.0,0.0,0.0,0.0,0.0,Nuclei,Location,DNA
Cells_Intensity_IntegratedIntensityEdge_Mito,0.09827897664461067,0.03516524896462421,0.00131145295882538,0.8652443214319397,52250.55227256624,Cells,Intensity,Mito
Cytoplasm_Texture_Entropy_ER_5_01_256,0.18628953188678135,0.0537345611300351,0.0012051063010231852,0.7587708006821604,79735.66119877003,Cytoplasm,Texture,ER
Nuclei_Texture_InfoMeas2_DNA_3_00_256,0.315536028158891,0.03433803348943393,0.009587982538060069,0.6405379558136151,86498.12186139348,Nuclei,Texture,DNA
Cytoplasm_Texture_DifferenceEntropy_Mito_3_03_256,0.21992961676698525,0.04907201321460078,0.002576683494025579,0.7284216865243884,56291.95288831607,Cytoplasm,Texture,Mito
Nuclei_Texture_SumEntropy_Mito_10_01_256,0.22591534683928916,0.0496289589097802,0.0030890806628579032,0.7213666135880727,52687.44144882802,Nuclei,Texture,Mito
Nuclei_Texture_Correlation_ER_10_02_256,0.10385652984578934,0.08962670650622638,0.001296735451919232,0.8052200281960651,110570.46250783044,Nuclei,Texture,ER
Cells_Intensity_MeanIntensityEdge_RNA,0.2865811487342746,0.012207456928394702,0.016183202949103952,0.6850281913882268,28242.48524760917,Cells,Intensity,RNA
Image_Intensity_MinIntensity_DNA,0.10815562788186137,0.006714998638998917,0.0009317184644423636,0.8841976550146974,9071.807201321493,Image,Intensity,DNA
Cells_Texture_Entropy_RNA_10_03_256,0.10558187125534414,0.05028987030455877,0.0006707170448878771,0.8434575413952092,68380.21260033538,Cells,Texture,RNA
Image_Texture_Correlation_AGP_10_01_256,0.29274927749382496,0.013993095922526707,0.001052478849235023,0.6922051477344133,28543.21978465216,Image,Texture,AGP
Image_Granularity_11_Mito,0.23727277173289704,0.032193207739442196,0.001198138064655991,0.7293358824630048,38019.60531569752,Image,Granularity,Mito
Image_Texture_Entropy_AGP_3_00_256,0.46141251874115585,0.05053119069561255,0.00148421483532558,0.4865720757279061,81498.10721515171,Image,Texture,AGP
Cells_RadialDistribution_FracAtD_mito_tubeness_11of20,0.167385774371993,0.03687085874680466,0.0010643634024571946,0.7946790034787451,28382.931829522735,Cells,RadialDistribution,
Cells_Texture_Correlation_ER_5_02_256,0.18875174929099595,0.03367103755360847,0.005828264795200505,0.7717489483601951,51322.688674016164,Cells,Texture,ER
Cells_Texture_InverseDifferenceMoment_AGP_3_01_256,0.13676478135672943,0.04386995829212919,0.001197390872131865,0.8181678694790094,66220.97859821137,Cells,Texture,AGP
Cytoplasm_RadialDistribution_FracAtD_mito_tubeness_4of20,0.030229533507909072,0.0624486176806479,0.040611120505537474,0.8667107283059057,145763.08664903772,Cytoplasm,RadialDistribution,
Nuclei_Texture_SumVariance_DNA_3_01_256,0.4970944824720293,0.039855880774457654,0.001986505532793507,0.4610631312207195,257665.0382574952,Nuclei,Texture,DNA
Cells_AreaShape_MajorAxisLength,0.2360237549280783,0.03264528690090051,0.0015191987996570782,0.7298117593713641,119418.88251672368,Cells,AreaShape,
Nuclei_Correlation_Manders_ER_RNA,0.37731917410699567,0.022411472364437468,0.00455628905301425,0.5957130644755527,238420.51415912504,Nuclei,Correlation,ER
Cells_Texture_Entropy_DNA_10_01_256,0.1967952204570902,0.03855822843386465,0.008098554986099637,0.7565479961229457,98068.2321666432,Cells,Texture,DNA
Cytoplasm_Granularity_1_AGP,0.32286312131213657,0.060044052441200375,0.005929924576067113,0.6111629016705961,106232.22398214875,Cytoplasm,Granularity,AGP
Cells_Texture_SumEntropy_ER_3_01_256,0.1418756567695311,0.05618009777519026,0.0006550405870695196,0.8012892048682091,97556.38877856328,Cells,Texture,ER
Nuclei_Texture_InverseDifferenceMoment_ER_5_02_256,0.21520226446577698,0.04950285029772804,0.0012117083622112145,0.7340831768742838,61182.37242826501,Nuclei,Texture,ER
Nuclei_Granularity_15_RNA,0.3073831810522812,0.024276496506158467,0.0029730058601831204,0.6653673165813772,31595.31712954054,Nuclei,Granularity,RNA
Nuclei_Texture_InfoMeas1_AGP_3_01_256,0.35967782136460297,0.03213690494292512,0.003917612090447982,0.6042676616020239,93111.8303627148,Nuclei,Texture,AGP
Image_Texture_AngularSecondMoment_Mito_5_00_256,0.3894990462691767,0.06172696774183423,0.0035437260248440162,0.5452302599641451,145448.19592556419,Image,Texture,Mito
Image_Granularity_10_Mito,0.32590396416447925,0.046561432826595216,0.0011725309008357597,0.6263620721080897,39602.24372427499,Image,Granularity,Mito
Cytoplasm_Correlation_RWC_AGP_DNA,0.06732166322189015,0.05729134646211653,0.023265274223070054,0.8521217160929232,101016.59866675132,Cytoplasm,Correlation,AGP
Image_Texture_Contrast_DNA_3_03_256,0.3070261935661195,0.0227670216970238,0.002499363039177688,0.6677074216976789,24687.983257166517,Image,Texture,DNA
Cytoplasm_Texture_DifferenceEntropy_ER_5_03_256,0.20452733543332155,0.05386165703033971,0.0013387007670387831,0.7402723067693,109026.1441042911,Cytoplasm,Texture,ER
Image_Texture_SumEntropy_Mito_5_03_256,0.4440239498846801,0.04894813393623139,0.003063507590167751,0.5039644085889209,83970.22285682295,Image,Texture,Mito
Nuclei_AreaShape_Zernike_4_2,0.3374499133397583,0.022143865148104847,0.003460979939570252,0.6369452415725666,38199.77616283683,Nuclei,AreaShape,
Nuclei_Texture_DifferenceEntropy_ER_3_00_256,0.1922702310581721,0.05193090133231552,0.0010795980429266039,0.7547192695665856,68141.7769376936,Nuclei,Texture,ER
Cytoplasm_Texture_SumEntropy_RNA_5_02_256,0.15165391722557248,0.05185984706805372,0.001477784603847775,0.7950084511025259,79745.32823818334,Cytoplasm,Texture,RNA
Cytoplasm_Texture_DifferenceVariance_DNA_10_00_256,0.10528543596620941,0.0369676013686596,0.005763240529203724,0.8519837221359272,56489.19016986677,Cytoplasm,Texture,DNA
Cells_Texture_Contrast_DNA_10_01_256,0.4465480606701012,0.03703166934765967,0.002505022504928247,0.5139152474773109,220016.2435093655,Cells,Texture,DNA
Cells_Texture_InverseDifferenceMoment_DNA_10_01_256,0.16587449377713492,0.03236395908792271,0.012307497954156789,0.7894540491807855,87909.64752485862,Cells,Texture,DNA
Cytoplasm_Texture_InverseDifferenceMoment_RNA_10_03_256,0.1258823621626237,0.045104980487798485,0.0006344126129572198,0.8283782447366206,75262.95731168843,Cytoplasm,Texture,RNA
Image_Texture_DifferenceVariance_ER_10_00_256,0.4043562039853023,0.03683192924616365,0.004155113437866914,0.554656753330667,69392.07046476185,Image,Texture,ER
Cells_Texture_InfoMeas2_ER_5_00_256,0.170050868154276,0.05283692493482851,0.001625080838415218,0.7754871260724803,58365.55179681512,Cells,Texture,ER
Cells_Texture_InverseDifferenceMoment_RNA_5_03_256,0.11636411187025456,0.04295443415155118,0.0009645692055985549,0.8397168847725958,81478.85427892857,Cells,Texture,RNA
Image_Intensity_MinIntensity_AGP__BackgroundOnly,0.10456312743172867,0.05514349650952099,0.0009073606435886462,0.8393860154151617,42193.22017247699,Image,Intensity,AGP
Nuclei_Texture_DifferenceVariance_Mito_5_03_256,0.0461731167058236,0.0828775427476077,0.003143472419912827,0.8678058681266558,56744.85073161831,Nuclei,Texture,Mito
Image_Texture_InverseDifferenceMoment_AGP_3_00_256,0.4687975002223294,0.042616515799153765,0.000993320123021241,0.48759266385549566,43037.69322565853,Image,Texture,AGP
Nuclei_Granularity_12_AGP,0.30080202497181635,0.04544637027734583,0.001810953202087831,0.6519406515487499,58966.64592940686,Nuclei,Granularity,AGP
Cells_Texture_InverseDifferenceMoment_Mito_10_01_256,0.11674078327660439,0.06429685963001724,0.0035386821401019695,0.8154236749532763,54547.45796034376,Cells,Texture,Mito
Image_Texture_Variance_RNA_3_00_256,0.3136121866302419,0.021554689099398176,0.0013824316792365957,0.6634506925911233,30582.773665285837,Image,Texture,RNA
Cytoplasm_Correlation_Correlation_AGP_Mito,0.3353650870179693,0.04165145048301932,0.0014764411452579437,0.6215070213537535,64793.812225375514,Cytoplasm,Correlation,AGP
Image_ImageQuality_MinIntensity_OrigRNA,0.14541489750673162,0.019729389358648774,0.00355674665835842,0.8312989664762611,17951.114660335246,Image,ImageQuality,
Cells_Texture_InverseDifferenceMoment_DNA_3_02_256,0.23140803753458078,0.02958887229771467,0.004155193367108757,0.7348478968005958,93765.40763868469,Cells,Texture,DNA
Cytoplasm_Texture_DifferenceEntropy_ER_10_01_256,0.16801726312286677,0.055515272443807065,0.0016406525676937373,0.7748268118656325,97990.82864092957,Cytoplasm,Texture,ER
Cells_Texture_Entropy_DNA_5_00_256,0.2457328390514789,0.03491451595887531,0.007631050942857676,0.711721594046788,110032.88905761135,Cells,Texture,DNA
Nuclei_Texture_SumVariance_AGP_3_01_256,0.38308490364662606,0.044580426854738016,0.004125599459313569,0.5682090700393222,167185.6098116053,Nuclei,Texture,AGP
Nuclei_Texture_InverseDifferenceMoment_DNA_10_03_256,0.25719777163383967,0.03390079579979237,0.010963079056125067,0.6979383535102429,66053.86016725503,Nuclei,Texture,DNA
Cytoplasm_RadialDistribution_RadialCV_mito_tubeness_3of20,0.02553059868710712,0.035714490374202955,0.0011415186005186327,0.9376133923381712,34124.055591829114,Cytoplasm,RadialDistribution,
Image_Texture_Variance_AGP_10_00_256,0.31544570128195554,0.014239766052521433,0.0019108218493403826,0.6684037108161827,39752.247722282205,Image,Texture,AGP
Image_Texture_AngularSecondMoment_Mito_3_02_256,0.3843634899886316,0.06267198828879378,0.003739733859946952,0.5492247878626277,141185.39236485586,Image,Texture,Mito
Image_Texture_InverseDifferenceMoment_DNA_3_02_256,0.40496532622891285,0.04278836193142384,0.0031904824876282964,0.549055829352035,34597.14736757701,Image,Texture,DNA
Nuclei_Texture_SumEntropy_ER_10_01_256,0.15031031819348945,0.04308022380909446,0.0009221570672908953,0.8056873009301252,47635.20425546009,Nuclei,Texture,ER
Cells_Texture_InfoMeas2_Mito_3_02_256,0.08990078015905874,0.08224136926238994,0.001698724973414025,0.8261591256051373,70428.2342901337,Cells,Texture,Mito
Cells_Intensity_MaxIntensityEdge_DNA,0.2959993656517891,0.04582145438470826,0.007258896873700663,0.650920283089802,72994.4517759698,Cells,Intensity,DNA
Cytoplasm_Correlation_K_ER_Mito,0.24398943061053416,0.018539047606285754,0.002904860873344344,0.7345666609098358,34432.696771844014,Cytoplasm,Correlation,ER
Image_Granularity_12_AGP,0.13148665434143678,0.016947561096025555,0.0014307681379322952,0.8501350164246053,25665.73007461626,Image,Granularity,AGP
Cells_Intensity_MinIntensityEdge_ER,0.25348771401190207,0.013411197167556703,0.009974465597663263,0.723126623222878,26874.439009606827,Cells,Intensity,ER
Cells_Texture_Correlation_Mito_3_03_256,0.1860932798244159,0.07022540863548107,0.0033857068111721204,0.7402956047289309,61796.056973505365,Cells,Texture,Mito
Cells_Texture_SumVariance_AGP_10_00_256,0.36493794548147146,0.04783553001789811,0.0032008630666476696,0.5840256614339828,155287.865661839,Cells,Texture,AGP
Cytoplasm_Correlation_Manders_Mito_AGP,0.07679949619603772,0.19651496591026923,0.00992513923671866,0.7167603986569744,462353.88031340553,Cytoplasm,Correlation,AGP
Nuclei_Texture_Variance_AGP_5_03_256,0.37610608357464576,0.04511307373977954,0.003731086086447324,0.5750497565991274,161220.37033837425,Nuclei,Texture,AGP
Nuclei_Texture_DifferenceVariance_ER_5_01_256,0.048559127277546126,0.08835371174846603,0.003015549457684763,0.8600716115163032,78067.35155070061,Nuclei,Texture,ER
Nuclei_Correlation_Overlap_AGP_Mito,0.2739561004689658,0.03223804811358682,0.0033467887323342504,0.6904590626851133,54994.07373534301,Nuclei,Correlation,AGP
Cells_Texture_DifferenceVariance_DNA_3_03_256,0.24377118589718022,0.021702580082076258,0.014175429802213077,0.7203508042185304,65962.08249337872,Cells,Texture,DNA
Cells_RadialDistribution_MeanFrac_DNA_1of4,0.1157165064484774,0.04943968294678852,0.003782080822411316,0.8310617297823228,72323.14107977583,Cells,RadialDistribution,DNA
Cells_Texture_DifferenceEntropy_AGP_10_03_256,0.15969635582840877,0.05402318453173302,0.00151363158238078,0.7847668280574774,85592.15518934549,Cells,Texture,AGP
Cells_Texture_Correlation_DNA_5_01_256,0.2805102348846833,0.03714476626943387,0.005128450215943188,0.6772165486299396,120378.13833224052,Cells,Texture,DNA
Image_Texture_DifferenceEntropy_Mito_3_02_256,0.42850319441312335,0.041508024553641235,0.0010528809972387744,0.5289359000359966,63707.81758792511,Image,Texture,Mito
Cells_Intensity_MinIntensityEdge_Mito,0.06790521556965663,0.026214432575815474,0.004962647085445446,0.9009177047690825,19504.15740013725,Cells,Intensity,Mito
Cells_Texture_SumVariance_AGP_5_03_256,0.3640567167842104,0.04834964936368913,0.003232731717851317,0.5843609021342492,159298.2829320168,Cells,Texture,AGP
Cytoplasm_RadialDistribution_MeanFrac_AGP_1of4,0.4630546566698468,0.032921480420338906,0.0020999070515681077,0.5019239558582461,180279.30803189368,Cytoplasm,RadialDistribution,AGP
Cytoplasm_Texture_Contrast_AGP_3_02_256,0.37068297344946505,0.042349430154033384,0.004089702038497889,0.5828778943580036,141784.28861085832,Cytoplasm,Texture,AGP
Image_Texture_InfoMeas2_AGP_10_00_256,0.3925993561616381,0.05328976775554195,0.0022226884447847273,0.5518881876380352,134968.91345299373,Image,Texture,AGP
Cytoplasm_Intensity_MedianIntensity_AGP,0.3135437822279489,0.01128192703720072,0.005459306028612391,0.669714984706238,34174.12421314829,Cytoplasm,Intensity,AGP
Cytoplasm_Texture_Contrast_DNA_10_03_256,0.29156379455087295,0.06436284483380847,0.002035423910706439,0.6420379367046122,173582.37676653822,Cytoplasm,Texture,DNA
Cells_Correlation_K_ER_RNA,0.1851767809382785,0.013109909305351483,0.0010671674854884515,0.8006461422708816,23156.658547251805,Cells,Correlation,ER
Cytoplasm_Texture_Contrast_RNA_3_03_256,0.4581826202748806,0.037875328892538224,0.0018236411772304206,0.5021184096553508,204019.93326092907,Cytoplasm,Texture,RNA
Nuclei_Texture_Entropy_Mito_3_02_256,0.3110916700270248,0.0536599170415176,0.005932095959796365,0.6293163169716612,87677.39650154821,Nuclei,Texture,Mito
Cells_Texture_InverseDifferenceMoment_DNA_10_02_256,0.20341053899852438,0.030617560524190974,0.01099832145147209,0.7549735790258126,97869.85882184168,Cells,Texture,DNA
Cytoplasm_Texture_AngularSecondMoment_Mito_5_01_256,0.08269729718309428,0.08530347163919409,0.0027782283600957685,0.8292210028176158,76621.8708728349,Cytoplasm,Texture,Mito
Cytoplasm_Texture_InfoMeas1_Mito_3_01_256,0.17382406358756425,0.034656397146309026,0.0014917772254139613,0.7900277620407128,53572.8470123483,Cytoplasm,Texture,Mito
Cytoplasm_Texture_InverseDifferenceMoment_RNA_5_01_256,0.13496119907525417,0.045252946495690026,0.000645251272993974,0.8191406031560617,78344.31166508433,Cytoplasm,Texture,RNA
Nuclei_Granularity_15_Mito,0.32530890176641947,0.016125697751753803,0.0014888025185382271,0.6570765979632885,30397.366622190762,Nuclei,Granularity,Mito
Image_Texture_Contrast_RNA_3_00_256,0.32883857166176705,0.030246559734136393,0.0026549592734232,0.6382599093306734,23180.90082981954,Image,Texture,RNA
Nuclei_Granularity_3_Mito,0.49313718962523206,0.032217364628890376,0.0007352084289211814,0.4739102373169563,159627.2751898864,Nuclei,Granularity,Mito
Nuclei_Texture_SumVariance_ER_3_00_256,0.36179855609745903,0.05272789634097569,0.001331098533617679,0.5841424490279477,153418.34638039433,Nuclei,Texture,ER
Nuclei_RadialDistribution_FracAtD_ER_3of4,0.18569170582156358,0.0655778939285621,0.0018363648900675059,0.7468940353598068,110930.49892204945,Nuclei,RadialDistribution,ER
Nuclei_Texture_Contrast_Mito_10_01_256,0.464782570634253,0.03941951357684316,0.0022014104407986667,0.4935965053481053,221175.20313040732,Nuclei,Texture,Mito
Nuclei_Texture_SumVariance_ER_10_00_256,0.33596015908259125,0.055338211197198145,0.0007082928627879491,0.6079933368574229,138999.5405230953,Nuclei,Texture,ER
Nuclei_Texture_Correlation_RNA_10_02_256,0.13794240743662728,0.08326158847400866,0.001869782135444191,0.7769262219539199,118063.359360301,Nuclei,Texture,RNA
Cells_Texture_InverseDifferenceMoment_AGP_10_00_256,0.14225195644288938,0.041668574951451716,0.0013133486841788737,0.81476611992148,69393.61206011137,Cells,Texture,AGP
Nuclei_Texture_DifferenceEntropy_RNA_5_02_256,0.1610299707318547,0.043332174314302974,0.0009753687393353654,0.794662486214507,50048.11663238642,Nuclei,Texture,RNA
Cytoplasm_Texture_DifferenceEntropy_RNA_10_02_256,0.1672074204202359,0.04936973358102465,0.0007757375142252847,0.7826471084845141,87954.15479410888,Cytoplasm,Texture,RNA
Nuclei_Texture_InfoMeas2_Mito_10_01_256,0.24695284613466773,0.05014430807156834,0.0032217185301032206,0.6996811272636608,53152.696830635585,Nuclei,Texture,Mito
Cytoplasm_Texture_SumVariance_RNA_3_00_256,0.3957070843816944,0.04599519892018322,0.0004971865922308013,0.5578005301058916,152096.03824023483,Cytoplasm,Texture,RNA
Cytoplasm_Texture_AngularSecondMoment_DNA_3_03_256,0.07234509008001293,0.04422517524358552,0.003698081657486671,0.8797316530189149,60032.29905146683,Cytoplasm,Texture,DNA
Cytoplasm_Texture_SumVariance_ER_10_00_256,0.3384521590978038,0.050447864548173724,0.0009807252212460423,0.6101192511327764,130685.530539641,Cytoplasm,Texture,ER
Image_ImageQuality_LocalFocusScore_OrigMito_20,0.3668205399089844,0.08061847234944079,0.0029029918032690825,0.5496579959383058,296955.5021805297,Image,ImageQuality,
Cells_Intensity_MedianIntensity_AGP,0.27023249050940645,0.010689549829966902,0.0040081714439985745,0.715069788216628,34619.99115290628,Cells,Intensity,AGP
Nuclei_RadialDistribution_RadialCV_Mito_1of4,0.49139005693454596,0.0460800715251726,0.0018327796631893846,0.460697091877092,160772.0258100652,Nuclei,RadialDistribution,Mito
Cells_Texture_InfoMeas1_ER_10_03_256,0.28623053833303236,0.0445607626090716,0.0026331345127591646,0.6665755645451369,115535.98381944359,Cells,Texture,ER
Cytoplasm_RadialDistribution_MeanFrac_DNA_3of4,0.23485943253226343,0.015441721447250983,0.002035447591874161,0.7476633984286114,44963.319927493125,Cytoplasm,RadialDistribution,DNA
Cells_Texture_DifferenceVariance_RNA_5_02_256,0.06250707937749717,0.08205839268045229,0.0008014027731701142,0.8546331251688803,100702.18514879147,Cells,Texture,RNA
Cells_Texture_InfoMeas2_RNA_5_01_256,0.14871972623284646,0.06077538067583493,0.0022693682895650914,0.7882355248017535,70497.23821197262,Cells,Texture,RNA
Image_Texture_InverseDifferenceMoment_DNA_5_00_256,0.45218815455491407,0.03876957584040016,0.003080479211244903,0.505961790393441,35355.89861618638,Image,Texture,DNA
Image_Texture_Contrast_DNA_10_01_256,0.368307622272678,0.025197761237469044,0.002925915611088923,0.603568700878764,26615.815990711213,Image,Texture,DNA
Cytoplasm_Texture_SumVariance_Mito_3_02_256,0.37487259552944996,0.03349309374718735,0.0034823073104549096,0.5881520034129077,121597.39291001385,Cytoplasm,Texture,Mito
Cytoplasm_Texture_Contrast_RNA_10_01_256,0.4249620019227344,0.0396719713140298,0.0008065627474707031,0.534559464015765,174849.83318789274,Cytoplasm,Texture,RNA
Nuclei_Texture_DifferenceEntropy_ER_3_03_256,0.19727614068854818,0.053119307343753974,0.000758429068679893,0.748846122899018,72226.3902545606,Nuclei,Texture,ER
Image_Texture_DifferenceEntropy_AGP_5_03_256,0.4641698412031549,0.04979409867810384,0.0017390387436752666,0.484297021375066,100309.25931799167,Image,Texture,AGP
Image_ImageQuality_MeanIntensity_OrigMito,0.30405952666139835,0.02200484161087779,0.0022448777422002008,0.6716907539855236,20642.59605531179,Image,ImageQuality,
Cells_Texture_InfoMeas1_DNA_3_01_256,0.11960484158580378,0.0423053045515385,0.004119850226177617,0.83397000363648,70402.2616218701,Cells,Texture,DNA
Image_Granularity_7_ER,0.1641191371178093,0.03637286622295099,0.0012855767522397083,0.798222419907,39875.847381171974,Image,Granularity,ER
Cells_RadialDistribution_MeanFrac_Mito_1of4,0.19348927313867698,0.0576605421256211,0.0030289221404074026,0.7458212625952945,76465.17010267611,Cells,RadialDistribution,Mito
Image_Texture_SumEntropy_AGP_10_02_256,0.45142730300798606,0.06102379091846554,0.0013671200232971599,0.48618178605025125,117144.24715353493,Image,Texture,AGP
Cytoplasm_Texture_Entropy_RNA_10_02_256,0.13290315199382544,0.04948676656397135,0.001297567241804807,0.8163125142003984,71066.1540982517,Cytoplasm,Texture,RNA
Nuclei_Correlation_Correlation_AGP_ER,0.26913363314417876,0.04311174476912402,0.0015228973442954778,0.6862317247424017,50419.94529070444,Nuclei,Correlation,AGP
Cells_Texture_SumAverage_ER_3_03_256,0.2604765835332012,0.03958809203541201,0.0034292671887105166,0.6965060572426762,92931.40614225937,Cells,Texture,ER
Cytoplasm_RadialDistribution_MeanFrac_mito_tubeness_14of20,0.10181217745464204,0.04112944957565035,0.0026021304016512073,0.8544562425680564,30610.46012648081,Cytoplasm,RadialDistribution,
Cells_Texture_AngularSecondMoment_ER_3_00_256,0.10755647622240072,0.05757240881302786,0.002570821298667032,0.8323002936659044,94058.78904883174,Cells,Texture,ER
Cells_Texture_Entropy_ER_10_00_256,0.14406008731156147,0.05161096402975842,0.0007856850335561498,0.8035432636251241,85564.20865473847,Cells,Texture,ER
Cytoplasm_Texture_Entropy_Mito_5_00_256,0.14294926684789613,0.05921670879990994,0.002445018069581895,0.795389006282612,43068.94047188232,Cytoplasm,Texture,Mito
Image_Texture_InfoMeas2_AGP_5_00_256,0.40287110035434964,0.06043559497929049,0.0019233959946613774,0.5347699086716985,192609.08548639517,Image,Texture,AGP
Cells_Texture_AngularSecondMoment_AGP_10_02_256,0.1260023171970429,0.05208305190807147,0.0021284083983867386,0.8197862224964989,80956.4277531408,Cells,Texture,AGP
Image_Texture_InfoMeas2_AGP_3_01_256,0.4135508006789515,0.05866274459723511,0.002013444785536683,0.5257730099382767,208605.94394035987,Image,Texture,AGP
Cytoplasm_AreaShape_BoundingBoxMinimum_X,0.12045705056040203,0.0223386998180787,0.00029768325073070804,0.8569065663707885,28134.367932348323,Cytoplasm,AreaShape,
Cytoplasm_RadialDistribution_FracAtD_DNA_1of4,0.08292329710183978,0.0491959096196921,0.002044771111701992,0.8658360221667661,80360.75021383997,Cytoplasm,RadialDistribution,DNA
Cytoplasm_Texture_DifferenceVariance_DNA_3_01_256,0.08992224235978452,0.03899856385820015,0.0040045816640481334,0.8670746121179672,54468.220419835394,Cytoplasm,Texture,DNA
Image_Texture_Correlation_AGP_5_00_256,0.2342845834244571,0.01485644133927972,0.002152612923237089,0.7487063623130261,25753.95727002044,Image,Texture,AGP
Cells_Intensity_IntegratedIntensity_ER,0.30736516169520817,0.03698788641800674,0.0002606290268632719,0.6553863228599219,110952.11444557039,Cells,Intensity,ER
Nuclei_Texture_InfoMeas1_Mito_10_00_256,0.41811714993020443,0.03950709835199168,0.0018875984124997432,0.5404881533053042,135347.08758916147,Nuclei,Texture,Mito
Nuclei_Texture_InfoMeas2_Mito_5_01_256,0.29266123603833283,0.048574209587074556,0.005504937703433287,0.6532596166711594,73562.46690273224,Nuclei,Texture,Mito
Nuclei_Texture_SumAverage_AGP_5_03_256,0.2756139288094307,0.037172548664746,0.0026862375193364664,0.6845272850064867,72829.19321062614,Nuclei,Texture,AGP
Cells_Texture_DifferenceEntropy_RNA_5_03_256,0.16311115854721112,0.0455475994180678,0.0011088140301101946,0.7902324280046109,95053.84341762698,Cells,Texture,RNA
Nuclei_AreaShape_Zernike_2_2,0.43232974670707736,0.04051505896316328,0.00043890842180915787,0.5267162859079503,143500.54040413018,Nuclei,AreaShape,
Cytoplasm_Texture_SumEntropy_ER_3_03_256,0.17245777608242843,0.055624406168549294,0.0012534349039646125,0.7706643828450578,88439.08496305859,Cytoplasm,Texture,ER
Nuclei_Granularity_5_DNA,0.20510390376218746,0.03032535169293969,0.0009081627766463026,0.7636625817682265,47098.297544826026,Nuclei,Granularity,DNA
Cells_Granularity_6_ER,0.40636727408381784,0.026630470110367586,0.0015133893889034446,0.5654888664169111,142227.0952765017,Cells,Granularity,ER
Nuclei_Texture_DifferenceVariance_AGP_10_01_256,0.06573599747371331,0.060846755786575404,0.0017088157027063205,0.871708431037005,47728.455825916375,Nuclei,Texture,AGP
Image_Texture_Correlation_Mito_3_02_256,0.16196958930628916,0.022624868079301252,0.0021584943525838392,0.8132470482618257,31290.413746106155,Image,Texture,Mito
Nuclei_Texture_SumEntropy_AGP_5_00_256,0.1843737578742358,0.04919356146244884,0.0013518343561741625,0.7650808463071412,61207.078097731726,Nuclei,Texture,AGP
Cytoplasm_Texture_Correlation_ER_5_02_256,0.21394603488196448,0.05930415022552038,0.002740981978484021,0.7240088329140312,105602.24304282336,Cytoplasm,Texture,ER
Image_Intensity_LowerQuartileIntensity_Mito_BackgroundOnly,0.08034712181359353,0.026146038528935656,0.004993175419694914,0.8885136642377758,19733.543334195652,Image,Intensity,Mito
Image_Intensity_TotalArea_ER,0.0,0.0,0.0,0.0,0.0,Image,Intensity,ER
Cells_Texture_InfoMeas2_RNA_3_02_256,0.1834629403528953,0.06830052957494002,0.001981916995181447,0.7462546130769832,88843.8650130191,Cells,Texture,RNA
Image_Texture_Contrast_DNA_5_01_256,0.3312022081711606,0.02342370914645173,0.002269737448312112,0.6431043452340756,25118.948449784973,Image,Texture,DNA
Image_Texture_InfoMeas2_ER_3_01_256,0.5044239318124686,0.05514393752499572,0.002130434502476886,0.43830169616005876,299875.30343452335,Image,Texture,ER
Nuclei_Location_CenterMassIntensity_Z_ER,0.0,0.0,0.0,0.0,0.0,Nuclei,Location,ER
Nuclei_ObjectSkeleton_NumberBranchEnds_mito_skel,0.29075468265609355,0.06004096050788816,0.0033242097706665465,0.6458801470653517,253240.5899110708,Nuclei,ObjectSkeleton,
Cytoplasm_Texture_Contrast_AGP_10_01_256,0.37026746162561747,0.04505763424692284,0.0033758178003422744,0.5812990863271174,149938.99129377212,Cytoplasm,Texture,AGP
Nuclei_AreaShape_Zernike_7_3,0.24580610842243364,0.02738851963274006,0.0010780217329144882,0.7257273502119117,34899.366372985554,Nuclei,AreaShape,
Nuclei_Texture_DifferenceVariance_Mito_10_00_256,0.046112430643503774,0.08345085964545501,0.003532754432923419,0.8669039552781178,57041.928425747414,Nuclei,Texture,Mito
Image_Granularity_5_AGP,0.19847949416121274,0.03861253199791879,0.0028791965677440862,0.7600287772731245,52600.999508673005,Image,Granularity,AGP
Cells_RadialDistribution_RadialCV_mito_tubeness_16of20,0.222794755793272,0.04300866865020784,0.002130470923813596,0.7320661046327065,83193.48023582011,Cells,RadialDistribution,
Nuclei_Texture_InfoMeas2_Mito_5_02_256,0.25714425473573654,0.04475258407249471,0.0058364263337860696,0.6922667348579826,57852.589069963404,Nuclei,Texture,Mito
Cells_Texture_InfoMeas1_Mito_5_00_256,0.1421102418797887,0.04784122113364718,0.0023249904332354864,0.8077235465533286,48640.32976095777,Cells,Texture,Mito
Cytoplasm_Texture_DifferenceEntropy_AGP_10_03_256,0.17327148871065712,0.055496409362829166,0.0017869984522411184,0.7694451034742728,77270.30762391236,Cytoplasm,Texture,AGP
Cells_Correlation_Overlap_ER_Mito,0.19112719575971,0.026137673794662086,0.004529700565937154,0.7782054298796908,43560.69906184203,Cells,Correlation,ER
Cytoplasm_RadialDistribution_RadialCV_ER_2of4,0.09064318719949398,0.04385664763017903,0.0048710525787616765,0.8606291125915654,53636.11156343205,Cytoplasm,RadialDistribution,ER
Image_Texture_InverseDifferenceMoment_DNA_5_03_256,0.46330860376164784,0.038531970427368514,0.0028176212307865892,0.4953418045801969,36621.15583623816,Image,Texture,DNA
Image_Intensity_UpperQuartileIntensity_Mito,0.3690741912683048,0.03208817876027902,0.0027666859196117354,0.5960709440518045,27005.900054514525,Image,Intensity,Mito
Nuclei_Texture_Contrast_DNA_5_02_256,0.5042050963690629,0.0358968269234353,0.0017670876058696182,0.45813098910163236,247698.25698988294,Nuclei,Texture,DNA
Cells_Intensity_MADIntensity_ER,0.3349160500781687,0.0473349641212702,0.0014127801620415661,0.6163362056385195,127157.70539634704,Cells,Intensity,ER
Cells_Texture_DifferenceVariance_DNA_5_00_256,0.23913012000859693,0.020591993510789934,0.013760535887449342,0.7265173505931638,63797.95454687929,Cells,Texture,DNA
Image_Texture_SumAverage_DNA_10_01_256,0.4616560000852773,0.04040084071076098,0.001382345142257023,0.49656081406170477,33892.76176832613,Image,Texture,DNA
Cells_Intensity_MaxIntensityEdge_ER,0.26786069494640136,0.03585794418408145,0.005974240528567427,0.6903071203409498,60375.36809945862,Cells,Intensity,ER
Cytoplasm_Granularity_3_Mito,0.26205537814607544,0.02503790389756371,0.002921607210743411,0.7099851107456174,57147.719588203414,Cytoplasm,Granularity,Mito
Nuclei_Texture_InfoMeas2_Mito_10_02_256,0.2747244022600309,0.04968362246970665,0.004152024635411192,0.6714399506348513,61208.61863738869,Nuclei,Texture,Mito
Cytoplasm_RadialDistribution_MeanFrac_mito_tubeness_5of20,0.035558985813700573,0.04141897301292445,0.0024617765869980163,0.9205602645863769,174602.71539170758,Cytoplasm,RadialDistribution,
Cytoplasm_Texture_SumEntropy_Mito_10_00_256,0.13300234442651365,0.059982415820522446,0.002439267731961145,0.8045759720210027,47473.052399492946,Cytoplasm,Texture,Mito
Cells_Intensity_StdIntensityEdge_AGP,0.2599120687725481,0.028909354799447607,0.0029225828978571696,0.7082559935301472,54616.925968551994,Cells,Intensity,AGP
Image_Granularity_10_RNA,0.19440554804950214,0.01401203700794895,0.0018392738162616997,0.7897431411262872,32280.602347367847,Image,Granularity,RNA
Image_Texture_Contrast_Mito_5_01_256,0.22596412697643314,0.008486782031562957,0.0021052600585887266,0.7634438309334152,29012.7687922599,Image,Texture,Mito
Nuclei_Correlation_K_Mito_RNA,0.2528124408326606,0.012874206698016984,0.0032347880822916216,0.7310785643870309,17883.761672673914,Nuclei,Correlation,Mito
Nuclei_Correlation_Manders_DNA_RNA,0.2977017421644071,0.018941331593473058,0.013939755887596349,0.6694171703545234,226357.31629115285,Nuclei,Correlation,DNA
Nuclei_Texture_DifferenceVariance_ER_3_02_256,0.04302335402297045,0.08613175711123376,0.003777105654791049,0.8670677832110048,72958.14108804852,Nuclei,Texture,ER
Cells_Granularity_5_RNA,0.4516255388805776,0.028845515584419494,0.0006714618374554028,0.5188574836975476,180030.1615823534,Cells,Granularity,RNA
Cells_Texture_InfoMeas1_Mito_3_01_256,0.15295223083720316,0.05236654436390507,0.002661859167195215,0.7920193656316965,47944.747755801145,Cells,Texture,Mito
Nuclei_AreaShape_Zernike_3_3,0.340311599551679,0.029620076863246705,0.001117761451410193,0.6289505621336641,49665.999564381054,Nuclei,AreaShape,
Nuclei_Texture_InfoMeas1_DNA_5_02_256,0.4140442375626029,0.036733139452338005,0.002813846326287401,0.5464087766587715,168126.84450853453,Nuclei,Texture,DNA
Nuclei_Texture_InverseDifferenceMoment_ER_10_03_256,0.23336060851757456,0.0416494096921282,0.00190807761025265,0.7230819041800447,58615.195255535175,Nuclei,Texture,ER
Image_Texture_Correlation_RNA_10_03_256,0.415099408176629,0.008459634623597223,0.00039679585010632303,0.5760441613496674,41655.25922658924,Image,Texture,RNA
Cells_AreaShape_Zernike_8_8,0.16081750501168957,0.0315617752599224,0.004999968149868372,0.8026207515785198,74030.6790766985,Cells,AreaShape,
Cells_Texture_Contrast_RNA_3_02_256,0.4283742532021106,0.04088320067082696,0.0018299837037140034,0.5289125624233484,185493.92395243334,Cells,Texture,RNA
Nuclei_Texture_SumVariance_ER_10_03_256,0.3274126460555654,0.05271009860163954,0.0011102776546361487,0.6187669776881589,130140.70614872611,Nuclei,Texture,ER
Cytoplasm_Texture_AngularSecondMoment_ER_3_00_256,0.12579867785413895,0.05241008661190629,0.001407781070310668,0.820383454463644,82302.89677909932,Cytoplasm,Texture,ER
Nuclei_Texture_Entropy_ER_10_03_256,0.1604903453793903,0.036652611195894434,0.0013153690788676351,0.8015416743458476,42970.775398455065,Nuclei,Texture,ER
Image_Texture_SumVariance_ER_3_02_256,0.29133610175431074,0.016919493586503832,0.000990848924645197,0.6907535557345402,37567.497440350446,Image,Texture,ER
Cytoplasm_Texture_Entropy_Mito_5_01_256,0.13777224522906306,0.0595868233028594,0.002285956307857826,0.8003549751602197,42924.76552071214,Cytoplasm,Texture,Mito
Nuclei_RadialDistribution_RadialCV_RNA_4of4,0.36346053458003325,0.03643084409067609,0.0013759721174484553,0.5987326492118422,99262.63124106414,Nuclei,RadialDistribution,RNA
Image_ImageQuality_Correlation_OrigMito_10,0.22342543863011596,0.030167988468498712,0.00605955478917535,0.74034701811221,21785.26508581794,Image,ImageQuality,
Image_Texture_InverseDifferenceMoment_RNA_5_01_256,0.4844922691068836,0.034468842411657645,0.004550375198187803,0.4764885132832709,47488.5202757552,Image,Texture,RNA
Nuclei_AreaShape_MaximumRadius,0.40254161528759935,0.028144286137855974,0.0021431636393326836,0.567170934935212,122729.92961250679,Nuclei,AreaShape,
Nuclei_Texture_InverseDifferenceMoment_Mito_3_03_256,0.3352427523951841,0.05495634664830767,0.00611600766673732,0.603684893289771,99596.6770357773,Nuclei,Texture,Mito
Image_Texture_InfoMeas1_RNA_10_00_256,0.32556169827430026,0.013673517737466716,0.0006778249627391112,0.660086959025494,25642.834470765985,Image,Texture,RNA
Nuclei_Texture_SumEntropy_DNA_10_01_256,0.1939184880519779,0.056500583001330484,0.007957241392023078,0.7416236875546686,93226.04792559241,Nuclei,Texture,DNA
Nuclei_Texture_DifferenceEntropy_RNA_10_03_256,0.12153867631365566,0.049142223191364756,0.0012124696917849218,0.8281066308031947,48413.69666658739,Nuclei,Texture,RNA
Image_Texture_InfoMeas2_AGP_5_01_256,0.4062077322570032,0.05585746031181286,0.0019705323689175424,0.5359642750622664,165992.3360711825,Image,Texture,AGP
Cells_Neighbors_FirstClosestDistance_Adjacent,0.3696411116860138,0.059845863748217334,0.0006325966375564187,0.5698804279282124,244177.8110509982,Cells,Neighbors,
Cytoplasm_Intensity_MassDisplacement_ER,0.20239869733310192,0.034368520711913056,0.006040727592566969,0.7571920543624181,80084.81815735361,Cytoplasm,Intensity,ER
Cytoplasm_Texture_InfoMeas1_DNA_10_00_256,0.15977316915983295,0.08677488703201647,0.010806826650015316,0.7426451171581352,110859.43490110635,Cytoplasm,Texture,DNA
Cytoplasm_Texture_DifferenceEntropy_Mito_5_00_256,0.21365731731526377,0.05036652546169804,0.0026365040677520405,0.7333396531552862,56692.032821214816,Cytoplasm,Texture,Mito
Nuclei_Texture_AngularSecondMoment_Mito_3_00_256,0.05245647877174728,0.07769736493417807,0.00923408385726841,0.8606120724368063,50822.182165336446,Nuclei,Texture,Mito
Cytoplasm_RadialDistribution_RadialCV_DNA_2of4,0.45800144082878175,0.043708192802782854,0.0027129146990721837,0.49557745166936334,186965.57398322434,Cytoplasm,RadialDistribution,DNA
Cytoplasm_Granularity_12_RNA,0.3287645315926968,0.03894875128796047,0.0038764423335994626,0.6284102747857433,65517.044668398594,Cytoplasm,Granularity,RNA
Cells_Granularity_9_DNA,0.34126966405982817,0.027882112580417128,0.0009724844650570687,0.6298757388946976,53238.61353854207,Cells,Granularity,DNA
Cells_Intensity_MaxIntensity_AGP,0.2918111700115157,0.04057488006524233,0.0026933648646895714,0.6649205850585524,70138.47156403163,Cells,Intensity,AGP
Nuclei_Texture_InverseDifferenceMoment_AGP_5_01_256,0.21018375921867308,0.04112635380970617,0.003230445704105725,0.745459441267515,54208.38788241816,Nuclei,Texture,AGP
Nuclei_Texture_SumEntropy_AGP_3_03_256,0.18607929832126432,0.04887559046540074,0.0013629144782651003,0.7636821967350699,60716.45880392566,Nuclei,Texture,AGP
Image_ImageQuality_PercentMinimal_OrigMito,0.024793748010391057,0.1356211041713708,0.02627191136142893,0.8133132364568093,792759.5002209339,Image,ImageQuality,
Nuclei_Texture_SumEntropy_RNA_10_02_256,0.12373315331926828,0.048896319960371706,0.0009344305454698754,0.8264360961748902,46341.188941849105,Nuclei,Texture,RNA
Cells_Texture_SumEntropy_ER_10_01_256,0.13880165796665783,0.050625148319741436,0.0011617993643677391,0.809411394349233,83700.80356948974,Cells,Texture,ER
Cells_Texture_InfoMeas1_AGP_3_00_256,0.1701863079435849,0.0600341551241283,0.0010053298520343273,0.7687742070802525,79398.94705961665,Cells,Texture,AGP
Cytoplasm_Texture_AngularSecondMoment_Mito_3_00_256,0.07989809176592023,0.0822179853812325,0.0025566138565703113,0.8353273089962768,67485.66845259519,Cytoplasm,Texture,Mito
Image_Texture_SumAverage_AGP_10_03_256,0.4757739572857691,0.03373114972753859,0.0015911015093399892,0.4889037914773523,32444.09267676705,Image,Texture,AGP
Nuclei_Granularity_9_ER,0.19606040702220337,0.040624793635692415,0.001714532953164228,0.76160026638894,32455.456750242884,Nuclei,Granularity,ER
Cytoplasm_Intensity_MinIntensity_Mito,0.07118735927454663,0.026607507825016224,0.0053574073539573545,0.8968477255464798,18487.297248054165,Cytoplasm,Intensity,Mito
Cells_Intensity_StdIntensity_DNA,0.3172199123763534,0.036509076329416204,0.0013880094634958326,0.6448830018307344,137293.78888798226,Cells,Intensity,DNA
Cells_Texture_Variance_RNA_3_03_256,0.3832546306947575,0.04597960451864815,0.0008049260554384187,0.5699608387311559,154209.26066546387,Cells,Texture,RNA
Nuclei_AreaShape_Extent,0.3475459829817506,0.05277917364629405,0.002546556807139188,0.5971282865648161,126804.53972376668,Nuclei,AreaShape,
Cytoplasm_Texture_DifferenceEntropy_AGP_5_03_256,0.17676477666032347,0.05468243486933113,0.001905946971164205,0.766646841499181,76670.09169332708,Cytoplasm,Texture,AGP
Cytoplasm_Texture_InverseDifferenceMoment_DNA_10_02_256,0.12350268424245629,0.04029912305458631,0.00742667827229301,0.8287715144306643,88982.77388137602,Cytoplasm,Texture,DNA
Cells_Texture_DifferenceEntropy_RNA_10_01_256,0.14292608992530378,0.045806617935731174,0.00048054660640039083,0.8107867455325647,89692.5901384227,Cells,Texture,RNA
Image_Texture_SumVariance_ER_10_02_256,0.29620451902738615,0.016431755284844456,0.001157895356414311,0.686205830331355,38597.980691054036,Image,Texture,ER
Cells_Texture_Correlation_AGP_3_03_256,0.17134415667335004,0.06616964940276451,0.0037733053805922884,0.7587128885432931,67033.54774231113,Cells,Texture,AGP
Image_Intensity_MinIntensity_AGP,0.09205584862955167,0.058603738065855664,0.001398580386870364,0.8479418329177224,33713.121471042796,Image,Intensity,AGP
Cells_Granularity_4_DNA,0.36865318960451104,0.03747986547766832,0.000656084541480666,0.5932108603763401,139547.00046804786,Cells,Granularity,DNA
Image_Texture_SumAverage_DNA_10_02_256,0.4620762349979572,0.04062602528968378,0.001378194760489072,0.49591954495186996,33705.660605983605,Image,Texture,DNA
Image_ImageQuality_ThresholdOtsu_OrigDNA_2W,0.10357759469797745,0.016467316354977335,0.0024824024255807255,0.8774726865214645,58629.544970246694,Image,ImageQuality,
Cytoplasm_Texture_Correlation_ER_10_01_256,0.14685001451565913,0.0604437610389231,0.001578242969103704,0.791127981476314,113043.92556727519,Cytoplasm,Texture,ER
Cytoplasm_Texture_SumVariance_RNA_3_01_256,0.39145111089679513,0.04653714008331212,0.0004838296336751027,0.5615279193862176,148808.56119314872,Cytoplasm,Texture,RNA
Cytoplasm_Granularity_13_RNA,0.3361644947805776,0.041327467699295295,0.003901042684135512,0.6186069948359916,60429.5233204855,Cytoplasm,Granularity,RNA
Image_Texture_InverseDifferenceMoment_AGP_5_00_256,0.47333860150956875,0.04043213035782703,0.0013111203613386671,0.4849181477712657,45945.169045299466,Image,Texture,AGP
Cells_Texture_SumVariance_AGP_10_03_256,0.3529377507745712,0.04869731195659143,0.0030039786123094918,0.5953609586565278,147757.20900035853,Cells,Texture,AGP
Cytoplasm_Texture_DifferenceVariance_DNA_10_01_256,0.09455736728139676,0.036998777416237354,0.005556241187202034,0.8628876141151639,54990.98056985244,Cytoplasm,Texture,DNA
Nuclei_RadialDistribution_RadialCV_AGP_1of4,0.15021605280392358,0.03540704842769808,0.0023983064539589544,0.8119785923144193,41746.96591324973,Nuclei,RadialDistribution,AGP
Cells_Texture_SumEntropy_RNA_5_03_256,0.11946738835967197,0.05532632467890228,0.0005665456006424862,0.8246397413607832,81782.07094936424,Cells,Texture,RNA
Cells_Texture_Entropy_DNA_3_00_256,0.24677182155077976,0.03537204046017999,0.007577109757402453,0.7102790282316378,108607.27561384431,Cells,Texture,DNA
Image_ImageQuality_Correlation_OrigDNA_20,0.27316364529017545,0.010098003032239284,0.0027232830731810224,0.7140150686044043,49685.91466880173,Image,ImageQuality,
Cytoplasm_Texture_Contrast_DNA_3_00_256,0.37803535284639206,0.026807645804082292,0.0015029216238217908,0.5936540797257038,146749.95120490307,Cytoplasm,Texture,DNA
Image_Texture_AngularSecondMoment_RNA_5_00_256,0.48438553652792854,0.04712549281760912,0.006975917611860763,0.4615130530426016,185048.06894971928,Image,Texture,RNA
Cells_Texture_SumEntropy_RNA_3_01_256,0.11981298127380725,0.05411820348697775,0.0007728336339674373,0.8252959816052475,81754.95964633088,Cells,Texture,RNA
Cytoplasm_Correlation_K_AGP_DNA,0.3262356941220242,0.02759193195387451,0.002206196243677963,0.6439661776804234,82423.24850963207,Cytoplasm,Correlation,AGP
Cytoplasm_Intensity_MinIntensityEdge_DNA,0.09970047463499801,0.09258123844764854,0.005751792011810107,0.8019664949055434,132617.94910829738,Cytoplasm,Intensity,DNA
Image_Texture_DifferenceEntropy_RNA_3_01_256,0.47924949085720386,0.050579859177964266,0.004297176595243926,0.46587347336958795,79333.01850417836,Image,Texture,RNA
Nuclei_Texture_AngularSecondMoment_Mito_3_03_256,0.048394020679621196,0.07900632892883348,0.00851478003877298,0.8640848703527723,50218.267268533265,Nuclei,Texture,Mito
Nuclei_RadialDistribution_RadialCV_Mito_4of4,0.3039050124610403,0.03750618026624596,0.003053201804278211,0.6555356054684355,62223.67403476331,Nuclei,RadialDistribution,Mito
Cytoplasm_Texture_Contrast_ER_5_03_256,0.41576370195534806,0.04305834646576838,0.0019441927597440795,0.5392337588191395,190446.19517508443,Cytoplasm,Texture,ER
Nuclei_RadialDistribution_FracAtD_DNA_2of4,0.18042638835174582,0.06352029218782156,0.0008163707696738642,0.7552369486907589,138939.7254674784,Nuclei,RadialDistribution,DNA
Image_Intensity_UpperQuartileIntensity_Mito_BackgroundOnly,0.07308140618424734,0.01608525718157378,0.005745659523450263,0.9050876771107286,19961.834005942255,Image,Intensity,Mito
Cells_RadialDistribution_FracAtD_mito_tubeness_13of16,0.2949017233079315,0.03269692589080842,0.0005964314095746084,0.6718049193916855,60373.06519416202,Cells,RadialDistribution,
Image_Texture_DifferenceVariance_DNA_3_03_256,0.1517716951897631,0.016928829665588233,0.0010999478577634208,0.8301995272868852,24241.16227442908,Image,Texture,DNA
Cells_Texture_SumEntropy_AGP_10_00_256,0.1567220179538617,0.05557926230083627,0.0012271295121805447,0.7864715902331214,73861.30637814109,Cells,Texture,AGP
Image_Texture_Correlation_ER_5_00_256,0.3247276574696672,0.00929197691472609,0.00264847517058863,0.6633318904450182,36778.235826225864,Image,Texture,ER
Image_Texture_Entropy_DNA_3_01_256,0.41295014762034293,0.048252891328449045,0.004715922386358149,0.5340810386648498,44718.41254075008,Image,Texture,DNA
Nuclei_Texture_Entropy_ER_3_00_256,0.19277216342594547,0.050186062058289356,0.0012930005517093562,0.7557487739640558,54792.336506225955,Nuclei,Texture,ER
Cells_Texture_InfoMeas1_RNA_5_03_256,0.07661687179369626,0.05964223088811349,0.003939536290682511,0.8598013610275077,72444.20378541398,Cells,Texture,RNA
Image_Texture_SumAverage_ER_3_00_256,0.48358617088964656,0.03279683841833655,0.0016191309539096471,0.4819978597381072,36644.58913421947,Image,Texture,ER
Cells_Texture_SumEntropy_DNA_5_02_256,0.23368998535755553,0.03431046861688897,0.007595016985253953,0.7244045290403016,110629.43217585233,Cells,Texture,DNA
Nuclei_Intensity_MinIntensity_ER,0.19689928001095838,0.024543156054602455,0.0025694958350983366,0.7759880680993408,39464.47355817395,Nuclei,Intensity,ER
Image_Texture_DifferenceEntropy_DNA_5_00_256,0.46169408856465893,0.041978567973754356,0.0033939855438614463,0.4929333579177252,47022.7083537014,Image,Texture,DNA
Nuclei_RadialDistribution_RadialCV_Mito_3of4,0.4455901739019534,0.041876720759543205,0.0017828912458173886,0.5107502140926862,123091.37117754079,Nuclei,RadialDistribution,Mito
Nuclei_Intensity_MADIntensity_ER,0.3640229587456666,0.04933944258477943,0.000525042620790469,0.5861125560487636,134485.25451737613,Nuclei,Intensity,ER
Image_Texture_InverseDifferenceMoment_DNA_10_01_256,0.4726006671161913,0.03920276638496413,0.002217904687831686,0.4859786618110129,38300.816556220576,Image,Texture,DNA
Cytoplasm_RadialDistribution_MeanFrac_mito_tubeness_16of20,0.06178411776535613,0.09688059194875637,0.0049950241038387005,0.8363402661820488,81590.90753505556,Cytoplasm,RadialDistribution,
Nuclei_Texture_InfoMeas1_DNA_3_03_256,0.39430346180402653,0.036511559091925556,0.0035510450245944945,0.5656339340794533,155275.6082743674,Nuclei,Texture,DNA
Cells_RadialDistribution_MeanFrac_mito_tubeness_10of16,0.17722002885503702,0.026231131515123286,0.0008322329740538796,0.7957166066557858,33215.09831228732,Cells,RadialDistribution,
Cytoplasm_Texture_InfoMeas2_DNA_10_02_256,0.1753011848023768,0.08268258686875334,0.018974104988150522,0.7230421233407194,109596.97542265728,Cytoplasm,Texture,DNA
Image_Intensity_TotalIntensity_AGP__BackgroundOnly,0.3213169265316909,0.03772609755861996,0.011853220968920228,0.6291037549407689,41245.76980853008,Image,Intensity,AGP
Cells_Texture_Contrast_AGP_5_01_256,0.3692263874356627,0.048344251957862336,0.0031646945945900938,0.5792646660118849,164922.79891289637,Cells,Texture,AGP
Nuclei_RadialDistribution_RadialCV_RNA_2of4,0.2738066841201398,0.023479501725240392,0.002882035277759811,0.69983177887686,42774.73952923241,Nuclei,RadialDistribution,RNA
Cells_Texture_DifferenceEntropy_ER_3_01_256,0.20487017261432192,0.049032199309389415,0.0008150586988929712,0.7452825693773957,112157.61490446635,Cells,Texture,ER
Cytoplasm_Correlation_RWC_ER_Mito,0.22018390288538528,0.034718020660720335,0.004137044272373165,0.7409610321815212,71398.88899454928,Cytoplasm,Correlation,ER
Cytoplasm_Texture_DifferenceVariance_DNA_5_01_256,0.08323337734250134,0.03708263437667383,0.0035267056094829786,0.8761572826713419,53825.29904980126,Cytoplasm,Texture,DNA
Nuclei_Texture_Contrast_ER_3_03_256,0.36901053301544073,0.051062457083401874,0.0004298322481452695,0.5794971776530121,146814.5013364274,Nuclei,Texture,ER
Cytoplasm_Texture_InfoMeas1_ER_3_00_256,0.1993007742995294,0.033572459238286126,0.0013480801000221492,0.7657786863621623,40760.37649866841,Cytoplasm,Texture,ER
Image_Texture_SumEntropy_ER_3_01_256,0.48687754994450116,0.05191274493364925,0.0025901060595399914,0.45861959906230954,108840.93485914485,Image,Texture,ER
Cells_Texture_InverseDifferenceMoment_Mito_5_00_256,0.19881169966999113,0.06334159327011381,0.003132987410010257,0.7347137196498849,62314.915726770254,Cells,Texture,Mito
Image_Intensity_PercentMaximal_DNA_BackgroundOnly,0.1319012847073656,0.009523043149381108,0.0006567514233633367,0.8579189207198901,32634.682614349702,Image,Intensity,DNA
Image_Texture_Entropy_AGP_10_01_256,0.46244638382277975,0.05246984556442515,0.0012120751305140852,0.483871695482281,87072.45466465567,Image,Texture,AGP
Image_Texture_SumVariance_DNA_10_03_256,0.18382001247292074,0.043388294325710286,0.007126400995598284,0.7656652922057706,48417.18991340307,Image,Texture,DNA
Cytoplasm_Texture_InverseDifferenceMoment_RNA_5_03_256,0.1365983765109083,0.0450025056013212,0.0006073504272299558,0.8177917674605406,79253.10089371394,Cytoplasm,Texture,RNA
Cytoplasm_RadialDistribution_MeanFrac_mito_tubeness_7of16,0.031320777737591676,0.05159002298197149,0.037833932916421814,0.879255266364015,556397.9166130163,Cytoplasm,RadialDistribution,
Nuclei_Granularity_7_AGP,0.4597623204891325,0.042783363085097496,0.0008942534435695635,0.4965600629822005,174400.8771647042,Nuclei,Granularity,AGP
Image_Granularity_11_AGP,0.1191307983146789,0.032740443518456806,0.0032251714514656606,0.8449035867153986,30731.31547107202,Image,Granularity,AGP
Nuclei_Texture_InfoMeas1_RNA_10_03_256,0.32931734854614986,0.03689669709336802,0.0003029683584162175,0.633482986002066,101477.15105485867,Nuclei,Texture,RNA
Cells_RadialDistribution_MeanFrac_mito_tubeness_14of16,0.2128363447561552,0.03607502566260534,0.0003773064690740826,0.7507113231121654,39600.06808521367,Cells,RadialDistribution,
Cytoplasm_Granularity_5_Mito,0.38524733729995175,0.03345406051607737,0.0013559127885665486,0.5799426893954044,146699.74072720585,Cytoplasm,Granularity,Mito
Cytoplasm_RadialDistribution_MeanFrac_mito_tubeness_20of20,0.06725917078952548,0.09003620731916644,0.01675252123890714,0.8259521006524009,53099.8563730799,Cytoplasm,RadialDistribution,
Image_Texture_DifferenceVariance_AGP_10_03_256,0.3773574570341911,0.038742559856012174,0.0036637390668936257,0.5802362440429032,81182.35244414036,Image,Texture,AGP
Image_Texture_Correlation_ER_3_02_256,0.2978709457917278,0.015480740812693964,0.003129111323702715,0.6835192020718754,43583.26764967594,Image,Texture,ER
Cytoplasm_RadialDistribution_MeanFrac_mito_tubeness_2of20,0.02993137276196609,0.0019259479819115385,0.0022386057791963527,0.965904073476926,1199.6642104281318,Cytoplasm,RadialDistribution,
Cells_RadialDistribution_RadialCV_ER_2of4,0.17032173513493204,0.03214940398298385,0.00230644918918001,0.7952224116929042,31841.721485131537,Cells,RadialDistribution,ER
Cytoplasm_Correlation_Overlap_DNA_Mito,0.1499397094406106,0.030102554903347963,0.011076044451863375,0.8088816912041781,31765.48338975656,Cytoplasm,Correlation,DNA
Image_Granularity_16_Mito,0.16874003173764102,0.0066523767198064885,0.0006264669628996564,0.8239811245796529,29742.86122823967,Image,Granularity,Mito
Nuclei_Texture_InfoMeas1_DNA_10_01_256,0.3926421603767325,0.03984297047484224,0.0037967452393350134,0.5637181239090903,154786.52807651076,Nuclei,Texture,DNA
Nuclei_Texture_Variance_Mito_5_00_256,0.468136537458028,0.04050774542467941,0.0028126823983151694,0.48854303471897736,225939.9515815574,Nuclei,Texture,Mito
Cells_Texture_DifferenceVariance_DNA_5_01_256,0.22739980463466652,0.02060941842306222,0.014232578020421494,0.7377581989218497,62306.7351379307,Cells,Texture,DNA
Cytoplasm_AreaShape_BoundingBoxArea,0.27468319691902204,0.03171810283859731,0.0015941243510707063,0.6920045758913098,139382.37230357068,Cytoplasm,AreaShape,
Cells_Texture_AngularSecondMoment_DNA_3_02_256,0.13672272767997828,0.028901099129572148,0.016767847239971642,0.8176083259504779,61073.7057731953,Cells,Texture,DNA
Cytoplasm_Granularity_9_DNA,0.1511726496682759,0.01566283284688665,0.001872476912975744,0.8312920405718617,44112.471706154975,Cytoplasm,Granularity,DNA
Image_Texture_Variance_ER_5_02_256,0.2941071850493078,0.016562314742224374,0.0009837004395494787,0.6883467997689183,37268.2922395276,Image,Texture,ER
Nuclei_Texture_InfoMeas1_RNA_5_02_256,0.2808204238838401,0.046224243791138556,0.0025383851884984133,0.670416947136523,95133.88215059676,Nuclei,Texture,RNA
Nuclei_Texture_SumVariance_DNA_3_02_256,0.49977310844206185,0.03945603300364931,0.0018190562440585482,0.4589518023102303,257518.1403738574,Nuclei,Texture,DNA
Cytoplasm_Texture_Variance_Mito_3_03_256,0.3872977865255014,0.033066921882006314,0.002945067048287824,0.5766902245442045,126889.62329011071,Cytoplasm,Texture,Mito
Nuclei_Texture_Correlation_Mito_5_03_256,0.2855870120849034,0.024333359899605098,0.006441974375913388,0.6836376536395782,39593.86918513596,Nuclei,Texture,Mito
Cytoplasm_Texture_Correlation_RNA_3_01_256,0.2096296270783202,0.04017826003867068,0.006610744891404234,0.7435813679916048,65665.32891228124,Cytoplasm,Texture,RNA
Cytoplasm_Texture_InverseDifferenceMoment_Mito_3_03_256,0.18945717485306884,0.05595949378757128,0.00303599732561873,0.7515473340337411,48936.16245443007,Cytoplasm,Texture,Mito
Image_Intensity_MaxIntensity_AGP,0.0985154642848442,0.011842978347703275,0.005721337072062087,0.8839202202953904,16384.246159424387,Image,Intensity,AGP
Cells_Texture_AngularSecondMoment_Mito_5_03_256,0.06818035042746202,0.08575796951834593,0.0024746831692147348,0.8435869968849773,84259.68993289233,Cells,Texture,Mito
Cells_Texture_Entropy_ER_5_02_256,0.16245419887596368,0.05426102283205574,0.0008381760550834009,0.7824466022368972,92139.34298240033,Cells,Texture,ER
Cytoplasm_Texture_Entropy_ER_10_00_256,0.17951239006005423,0.054263218648162866,0.001146031094505262,0.7650783601972776,78411.77938454531,Cytoplasm,Texture,ER
Nuclei_Texture_Contrast_Mito_3_02_256,0.4813817572115858,0.03788044374787299,0.0022958165325678206,0.4784419825079733,223907.9218247503,Nuclei,Texture,Mito
Cytoplasm_Texture_SumVariance_ER_5_03_256,0.3392127203103968,0.04912833573531276,0.0010922323636565509,0.6105667115906338,132812.63110396836,Cytoplasm,Texture,ER
Cells_Texture_DifferenceEntropy_ER_5_02_256,0.20100825214351006,0.04915066341387156,0.0009481122375244746,0.748892972205094,112373.11786959792,Cells,Texture,ER
Cells_Texture_DifferenceEntropy_Mito_3_01_256,0.2508581052870495,0.05389420287096373,0.0025799156607865387,0.6926677761812001,70567.54465906962,Cells,Texture,Mito
Cytoplasm_RadialDistribution_MeanFrac_mito_tubeness_12of20,0.28999713696023616,0.04502898534703432,0.0021024165794430527,0.6628714611132864,103068.96627474957,Cytoplasm,RadialDistribution,
Nuclei_AreaShape_Zernike_7_1,0.21723259886769952,0.019229614819279425,0.0005503943339594819,0.7629873919790616,35604.171772098445,Nuclei,AreaShape,
Cells_RadialDistribution_MeanFrac_ER_3of4,0.12414813962083458,0.02236892005395211,0.010838430598604515,0.8426445097266088,50501.01565679165,Cells,RadialDistribution,ER
Cells_Texture_SumEntropy_AGP_3_02_256,0.15411209147666352,0.05486441998196393,0.0014334172761845424,0.7895900712651881,71916.63809643751,Cells,Texture,AGP
Nuclei_Texture_InfoMeas2_DNA_3_03_256,0.3501960954888767,0.035502047532292476,0.007451942911671029,0.6068499140671599,102656.90854580973,Nuclei,Texture,DNA
Nuclei_Correlation_RWC_AGP_Mito,0.3046506147441265,0.009626547516575507,0.0014168347534960443,0.684306002985802,49762.520558154225,Nuclei,Correlation,AGP
Cells_AreaShape_Zernike_4_2,0.3746027398167216,0.03274491018855696,0.0012270326531967784,0.5914253173415247,79520.51083544212,Cells,AreaShape,
Cells_Texture_SumEntropy_DNA_10_01_256,0.20281256379784837,0.03837780327675101,0.008403941491243551,0.750405691434157,104932.49307069108,Cells,Texture,DNA
Cells_RadialDistribution_FracAtD_mito_tubeness_3of16,0.3369288102734695,0.04998639724307397,0.002021520079346989,0.6110632724041095,149195.62134674127,Cells,RadialDistribution,
Cells_RadialDistribution_FracAtD_Mito_1of4,0.2072617646968608,0.05850455499062771,0.0008404048686796236,0.7333932754438318,108217.72685401596,Cells,RadialDistribution,Mito
Cells_Texture_InfoMeas2_AGP_3_01_256,0.16328267149192263,0.04238832887269563,0.0016517533053100626,0.7926772463300717,45485.51459725444,Cells,Texture,AGP
Cells_Texture_DifferenceVariance_Mito_10_03_256,0.036674229554796045,0.10148629382522965,0.001864828206526251,0.8599746484134482,72484.18444914099,Cells,Texture,Mito
Cells_Texture_InfoMeas1_DNA_3_00_256,0.07920941810174381,0.05332031014794836,0.0056239126121126505,0.8618463591381952,71361.10475321858,Cells,Texture,DNA
Cells_Texture_InverseDifferenceMoment_RNA_10_03_256,0.09837482101837151,0.04134654520134477,0.0009439053737187397,0.8593347284065649,74630.37419958012,Cells,Texture,RNA
Cytoplasm_Correlation_K_DNA_AGP,0.23133439215816082,0.017133066162733402,0.003654594668930408,0.7478779470101754,39265.342181709624,Cytoplasm,Correlation,AGP
Image_Intensity_MinIntensity_ER,0.059214277441164344,0.12342744279972723,0.010503044685894853,0.8068552350732136,60183.95721032015,Image,Intensity,ER
Image_Texture_Contrast_ER_3_00_256,0.3177807322273204,0.0182747757579343,0.0017148035509470302,0.6622296884637983,22061.038746261424,Image,Texture,ER
Image_Texture_SumEntropy_AGP_3_01_256,0.4528655024542787,0.06114647807263163,0.0014787393784387588,0.48450928009465083,107870.52804467182,Image,Texture,AGP
Cytoplasm_Texture_Correlation_AGP_10_03_256,0.13550673130027277,0.060740041105282666,0.004118683596222201,0.7996345439982223,122732.6864539278,Cytoplasm,Texture,AGP
Cytoplasm_Texture_SumAverage_Mito_5_02_256,0.20739214693175997,0.056525373500547454,0.003663909084538526,0.732418570483154,59085.65139814584,Cytoplasm,Texture,Mito
Nuclei_Correlation_Manders_AGP_DNA,0.4435813070417632,0.07535985792128935,0.031913367339933336,0.44914546769701413,304212.8350965683,Nuclei,Correlation,AGP
Cells_Correlation_Correlation_AGP_RNA,0.34201424305323996,0.03715580601087853,0.004037427508378725,0.6167925234275028,40816.04565437223,Cells,Correlation,AGP
Cytoplasm_Texture_SumEntropy_Mito_5_00_256,0.13476981519463638,0.05824754003507593,0.0023652602675262972,0.8046173845027613,45348.73247998752,Cytoplasm,Texture,Mito
Cells_Texture_DifferenceEntropy_DNA_5_02_256,0.29698980366798744,0.03213618312991322,0.006373818449513998,0.6645001947525853,135114.47040262417,Cells,Texture,DNA
Cytoplasm_Texture_Variance_RNA_10_03_256,0.4052052680742077,0.04356825414171139,0.0007594979288165993,0.5504669798552643,161885.72904325573,Cytoplasm,Texture,RNA
Nuclei_Correlation_Correlation_DNA_RNA,0.2285814414329064,0.019547684194817068,0.004120260810390706,0.7477506135618859,32675.593201736818,Nuclei,Correlation,DNA
Cytoplasm_Intensity_MinIntensityEdge_ER,0.20675829645685947,0.015339762896077974,0.009698069791988864,0.7682038708550736,27149.95067669944,Cytoplasm,Intensity,ER
Nuclei_Texture_SumEntropy_RNA_3_01_256,0.1381241493233265,0.051450692368983225,0.0006954216510723746,0.8097297366566178,46323.203826007375,Nuclei,Texture,RNA
Cells_Texture_Contrast_ER_3_03_256,0.42713878946374817,0.04065851441079504,0.0012595781915178128,0.5309431179339391,187561.27418931085,Cells,Texture,ER
Cells_Texture_DifferenceEntropy_ER_3_00_256,0.21161255106492244,0.04822992510525501,0.001167572164309423,0.7389899516655132,109702.33075399892,Cells,Texture,ER
Cells_Texture_SumAverage_DNA_5_01_256,0.3052576819397851,0.026425808561971034,0.004108979852840845,0.664207529645403,112162.92116811119,Cells,Texture,DNA
Cytoplasm_Texture_InfoMeas2_AGP_5_03_256,0.20216397528779678,0.0370976980483913,0.0025624197828109296,0.758175906881001,47718.033396487,Cytoplasm,Texture,AGP
Image_Texture_Correlation_Mito_10_01_256,0.24503276159295245,0.01415654609137202,0.0010656102292109528,0.7397450820864647,24088.794056938965,Image,Texture,Mito
Nuclei_RadialDistribution_FracAtD_RNA_3of4,0.22057954270556873,0.05799160482388843,0.0008833286883120613,0.7205455237822308,117430.0399703501,Nuclei,RadialDistribution,RNA
Nuclei_Texture_SumEntropy_ER_5_02_256,0.18448407774061473,0.050613562737142584,0.0015643165639662572,0.7633380429582763,62111.356338588026,Nuclei,Texture,ER
Cytoplasm_Texture_AngularSecondMoment_ER_5_01_256,0.12464405290310637,0.054627822357353355,0.0015990812547909546,0.8191290434847492,88554.6815336677,Cytoplasm,Texture,ER
Cytoplasm_Texture_DifferenceEntropy_AGP_3_02_256,0.18629458892209952,0.0484583630734889,0.001955449729365052,0.7632915982750466,67713.62964852301,Cytoplasm,Texture,AGP
Cytoplasm_Texture_AngularSecondMoment_Mito_10_03_256,0.09303686115627102,0.08682643583938476,0.0020864130987339534,0.8180502899056104,82985.30144744077,Cytoplasm,Texture,Mito
Cytoplasm_Texture_SumAverage_Mito_10_03_256,0.20742104427222818,0.056271730960996136,0.003811370734555934,0.7324958540322197,58355.793478592794,Cytoplasm,Texture,Mito
Image_ImageQuality_PercentMinimal_OrigDNA,0.025274538173753767,0.18330249383344976,0.00043144360433130385,0.7909915243884651,421885.8965164416,Image,ImageQuality,
Image_Texture_Variance_AGP_5_03_256,0.3148843657545136,0.014314274436978238,0.0019663671717891503,0.668834992636719,39903.092696507505,Image,Texture,AGP
Nuclei_Texture_Contrast_ER_10_03_256,0.3643709637400055,0.05254337158806011,0.0007958915433837262,0.5822897731285506,156721.0854837537,Nuclei,Texture,ER
Nuclei_Texture_InfoMeas1_AGP_3_03_256,0.3507843612383811,0.035111862246686554,0.0031719632395939535,0.6109318132753384,92160.42329883475,Nuclei,Texture,AGP
Image_Texture_InfoMeas1_ER_10_00_256,0.3225987888345408,0.017622323361799905,0.002386957504973615,0.6573919302986856,24468.170533316206,Image,Texture,ER
Image_Texture_SumVariance_RNA_3_02_256,0.31341967729337794,0.021485438019202437,0.0013233265506165043,0.6637715581368031,30491.545463832266,Image,Texture,RNA
Cells_Texture_SumVariance_DNA_10_03_256,0.4165555475068376,0.042994889225559225,0.003179200226478726,0.5372703630411245,202169.10315446148,Cells,Texture,DNA
Nuclei_Texture_Entropy_Mito_5_00_256,0.30375419417493915,0.05389658459353342,0.005823194005067476,0.6365260272264599,82326.97709780672,Nuclei,Texture,Mito
Cytoplasm_Texture_SumVariance_RNA_3_02_256,0.3957809690004664,0.045543223955981454,0.0004842411438987933,0.5581915658996534,151758.50310009802,Cytoplasm,Texture,RNA
Cells_Intensity_MassDisplacement_DNA,0.24423784241173616,0.019337237396471925,0.0019314293812699216,0.734493490810522,63135.369755726715,Cells,Intensity,DNA
Cytoplasm_Texture_SumVariance_AGP_5_02_256,0.3605515814668809,0.04733626328934282,0.004097260640872651,0.5880148946029037,137847.1723374519,Cytoplasm,Texture,AGP
Nuclei_Texture_Variance_DNA_3_02_256,0.4989101935482658,0.03949072975227898,0.002048848171104424,0.4595502285283508,255684.96131145352,Nuclei,Texture,DNA
Cells_Texture_InfoMeas2_ER_10_01_256,0.16511751861760357,0.05055702136105802,0.0023658451449404187,0.7819596148763981,75406.77581229272,Cells,Texture,ER
Image_Texture_InfoMeas2_AGP_10_01_256,0.39453453357805157,0.04616344655555584,0.0024587599174331746,0.5568432599489593,110924.7497449464,Image,Texture,AGP
Cells_Granularity_2_RNA,0.330808784079628,0.043676017439599105,0.004624191145385409,0.6208910073353875,82346.11733780717,Cells,Granularity,RNA
Nuclei_Texture_Variance_ER_5_01_256,0.36516623689686456,0.05256250131765453,0.0008734051667513005,0.5813978566187297,152262.57900024983,Nuclei,Texture,ER
Cytoplasm_RadialDistribution_RadialCV_mito_tubeness_3of16,0.024285810879439464,0.15980205957250992,0.003729089325748195,0.8121830402223024,151437.51515716815,Cytoplasm,RadialDistribution,
Cells_Texture_Variance_RNA_3_00_256,0.3835461663754078,0.04621490180746847,0.0008089549519507371,0.569429976865173,154127.4111354028,Cells,Texture,RNA
Cells_Granularity_13_AGP,0.26877724424917154,0.052594013561586946,0.004481544527221648,0.6741471976620198,59022.789838556564,Cells,Granularity,AGP
Nuclei_Texture_InfoMeas2_AGP_3_03_256,0.2767769334110641,0.02401815366874576,0.002247648027400769,0.6969572648927894,52269.63929656434,Nuclei,Texture,AGP
Cells_Texture_Correlation_RNA_3_02_256,0.12146596693829256,0.036422409231482836,0.004859869491487388,0.8372517543387372,32097.443831900222,Cells,Texture,RNA
Nuclei_Granularity_5_AGP,0.47902025716879537,0.039249493048330454,0.0008783448009611259,0.48085190498191305,188200.18320439366,Nuclei,Granularity,AGP
Image_Texture_DifferenceEntropy_ER_10_02_256,0.4942675974050186,0.04947534234435491,0.0017307881949367894,0.45452627205568963,104367.6882935426,Image,Texture,ER
Cytoplasm_Texture_DifferenceEntropy_RNA_10_01_256,0.1603556805244467,0.052611391648630094,0.00048143343891052936,0.7865514943880126,86327.16278646937,Cytoplasm,Texture,RNA
Cytoplasm_Texture_AngularSecondMoment_RNA_5_02_256,0.12351332457372836,0.06952765021091599,0.0010163815817066555,0.8059426436336491,115643.50886286919,Cytoplasm,Texture,RNA
Cells_Texture_Contrast_ER_10_02_256,0.4099086944622927,0.03971567194279622,0.0012599291850778841,0.5491157044098331,181312.99894489418,Cells,Texture,ER
Nuclei_Texture_Correlation_DNA_10_00_256,0.2117939794576129,0.03306406708300226,0.0062701792382629405,0.7488717742211218,82629.03834964398,Nuclei,Texture,DNA
Cells_RadialDistribution_RadialCV_mito_tubeness_9of16,0.23754200978789297,0.02762672281646367,0.0015391645960653926,0.733292102799578,45484.14037848015,Cells,RadialDistribution,
Nuclei_Granularity_16_ER,0.2929801649989074,0.018452787227534972,0.0026522837931472077,0.6859147639804105,27057.876001662047,Nuclei,Granularity,ER
Cells_Texture_InfoMeas1_DNA_10_00_256,0.30493444708882583,0.04556711044222975,0.00578549967578824,0.6437129427931562,122124.8425023244,Cells,Texture,DNA
Cells_Texture_SumVariance_RNA_10_03_256,0.3417444064038594,0.04974293274074589,0.0004591420117289559,0.6080535188436659,128587.15886810541,Cells,Texture,RNA
Cytoplasm_Texture_InfoMeas1_ER_5_02_256,0.1676408775390006,0.026695399622830577,0.0017356949140447278,0.8039280279241241,44964.48349965085,Cytoplasm,Texture,ER
Image_Texture_InfoMeas2_ER_10_01_256,0.44934018937142184,0.04747123568538234,0.0013655505484884295,0.5018230243947074,155961.76763027927,Image,Texture,ER
Cytoplasm_Granularity_6_AGP,0.5171284492937571,0.04155113979379328,0.0008540556093233018,0.4404663553031263,243035.67469960926,Cytoplasm,Granularity,AGP
Cytoplasm_RadialDistribution_MeanFrac_AGP_2of4,0.45598748575301973,0.032536022428699934,0.0018604416071974453,0.5096160502110828,176594.35358128353,Cytoplasm,RadialDistribution,AGP
Cytoplasm_Texture_Contrast_ER_3_01_256,0.42806314777616444,0.04319538878534014,0.001924769756304978,0.5268166936821904,197012.2836867008,Cytoplasm,Texture,ER
Nuclei_Correlation_RWC_ER_Mito,0.2167669317696202,0.020661454303519122,0.001070928661608038,0.7615006852652527,46340.68441684317,Nuclei,Correlation,ER
Cells_Texture_Correlation_AGP_3_00_256,0.25277142333561464,0.060462739391652136,0.002758815458336702,0.6840070218143964,63173.17757172415,Cells,Texture,AGP
Image_Texture_DifferenceEntropy_AGP_10_00_256,0.46700390460052166,0.04881173912589084,0.0016328405042338962,0.4825515157693535,104801.21361515287,Image,Texture,AGP
Nuclei_Texture_Correlation_Mito_5_00_256,0.1556300325560671,0.04195787124170646,0.006139591816720379,0.796272504385506,30243.871158712966,Nuclei,Texture,Mito
Image_Granularity_16_DNA,0.26930200097425994,0.027965516427474774,0.004576933252038934,0.6981555493462264,73600.2841024725,Image,Granularity,DNA
Image_ImageQuality_MeanIntensity_OrigER,0.4875953913241295,0.03238040563736897,0.0015968272337094057,0.4784273758047922,36749.355662606846,Image,ImageQuality,
Image_Texture_DifferenceEntropy_DNA_10_01_256,0.4838242810591224,0.04029092301930012,0.003767135707771026,0.47211766021380647,52712.969591888774,Image,Texture,DNA
Nuclei_Texture_Entropy_DNA_3_00_256,0.3301221908002406,0.04548978164389367,0.008113287312249272,0.6162747402436165,111273.52396472888,Nuclei,Texture,DNA
Nuclei_Intensity_UpperQuartileIntensity_DNA,0.34206349795485697,0.03820346796992761,0.0011667560711920682,0.6185662780040233,126241.94909725754,Nuclei,Intensity,DNA
Nuclei_AreaShape_Zernike_8_4,0.17780967004097262,0.01374127694472368,0.0009597580980380799,0.8074892949162656,27510.685730614485,Nuclei,AreaShape,
Cells_Granularity_1_AGP,0.3281484904424562,0.0571144973463414,0.0055528449482501185,0.6091841672629523,103909.02895693222,Cells,Granularity,AGP
Cells_RadialDistribution_MeanFrac_mito_tubeness_8of20,0.31178625131184234,0.03470149424503381,0.0011013360755886162,0.6524109183675353,74608.43166832623,Cells,RadialDistribution,
Cells_Correlation_Manders_RNA_DNA,0.10599932495823887,0.10384457631771528,0.01916122631361305,0.7709948724104327,97208.61772632682,Cells,Correlation,DNA
Image_Texture_InfoMeas2_DNA_3_01_256,0.3956924295607211,0.07270488798177373,0.0039099659846907825,0.5276927164728145,158756.77482023218,Image,Texture,DNA
Image_Texture_SumAverage_Mito_3_03_256,0.27062495871997866,0.02302367373676138,0.003058397223751912,0.703292970319508,21230.243808290586,Image,Texture,Mito
Image_Texture_SumEntropy_RNA_5_03_256,0.4756125571021086,0.05124823061871954,0.0070797474061101,0.4660594648730617,115832.17602522459,Image,Texture,RNA
Nuclei_Texture_SumAverage_RNA_5_03_256,0.26455568523463463,0.03888639033933588,0.0013536215406607494,0.6952043028853688,77933.1838982007,Nuclei,Texture,RNA
Image_Texture_DifferenceVariance_DNA_5_01_256,0.16462517406836094,0.01521126735119245,0.001023976348130562,0.819139582232316,24854.840868067535,Image,Texture,DNA
Nuclei_Texture_AngularSecondMoment_DNA_3_02_256,0.16769929146490434,0.03308872163070235,0.01875446304530615,0.7804575238590872,58636.65417447433,Nuclei,Texture,DNA
Cells_Texture_DifferenceVariance_AGP_10_02_256,0.08814220041149629,0.06220190440913042,0.0012156743582472725,0.848440220821126,62508.734826002634,Cells,Texture,AGP
Nuclei_Texture_SumVariance_RNA_10_01_256,0.3288289737412813,0.05006978778385946,0.0010364778736619384,0.6200647606011973,120368.96118406963,Nuclei,Texture,RNA
Cytoplasm_Texture_Correlation_RNA_3_00_256,0.1931629812386753,0.04014851752657424,0.0075085777211189395,0.7591799235136315,55503.704140157584,Cytoplasm,Texture,RNA
Image_Texture_SumVariance_AGP_5_01_256,0.3097128690735279,0.01364008205130985,0.0019233984403301948,0.6747236504348321,39155.75438975438,Image,Texture,AGP
Cells_Texture_InverseDifferenceMoment_Mito_3_01_256,0.20951333012948434,0.0627249514149009,0.0030979998998888134,0.7246637185557259,64545.65504381788,Cells,Texture,Mito
Nuclei_Texture_SumAverage_RNA_3_03_256,0.26766400573961047,0.0390714362781425,0.001327834688712708,0.6919367232935344,79735.17626886046,Nuclei,Texture,RNA
Image_Threshold_FinalThreshold_mito_bw,0.16863696609731638,0.020324547928485797,0.0069010463189895675,0.8041374396552082,28334.597298410605,Image,Threshold,
Nuclei_Texture_InverseDifferenceMoment_RNA_5_03_256,0.14199879640129617,0.045293470422857696,0.0010397462555752413,0.8116679869202709,44928.96341247443,Nuclei,Texture,RNA
Cells_Texture_Entropy_RNA_3_03_256,0.1135909212479047,0.048059734519240616,0.001342091389100409,0.8370072528437543,74238.6206867229,Cells,Texture,RNA
Image_Texture_Variance_ER_3_02_256,0.29422080148738305,0.016584343620199532,0.0010151451069477517,0.6881797097854696,37160.90133189473,Image,Texture,ER
Cells_Texture_Contrast_RNA_5_02_256,0.4404350108803727,0.0388603388891021,0.0017218141825828162,0.5189828360479425,193303.0978737047,Cells,Texture,RNA
Image_Texture_SumEntropy_DNA_3_03_256,0.4067814214349908,0.050777556578444356,0.005201809040089629,0.5372392129464751,47968.95114481026,Image,Texture,DNA
Cells_Texture_Correlation_RNA_5_03_256,0.1784044233424365,0.03298152430235534,0.008931018416381591,0.7796830339388265,51898.943078035765,Cells,Texture,RNA
Cytoplasm_Texture_Entropy_RNA_10_00_256,0.13407672804019946,0.04945103823514371,0.0012552096462762157,0.8152170240783807,71526.72920506285,Cytoplasm,Texture,RNA
Image_Texture_DifferenceVariance_ER_10_02_256,0.40694162090638325,0.037580858826795877,0.004001853266656879,0.5514756670001639,69230.6847542881,Image,Texture,ER
Cytoplasm_Texture_Entropy_DNA_5_03_256,0.29374333212588805,0.027785108063838156,0.0037194006304076157,0.6747521591798663,91138.06772434092,Cytoplasm,Texture,DNA
Nuclei_Texture_InfoMeas1_ER_3_02_256,0.18913079061190183,0.04972904058010082,0.004430809788828436,0.7567093590191689,68211.24310781498,Nuclei,Texture,ER
Cytoplasm_Texture_SumEntropy_AGP_3_03_256,0.185176017692799,0.04710066931352509,0.0025647016431857104,0.7651586113504901,61050.12337105592,Cytoplasm,Texture,AGP
Cytoplasm_Texture_SumAverage_ER_10_01_256,0.2310234800065688,0.038733100182833755,0.003130500757537349,0.7271129190530602,76711.34298435075,Cytoplasm,Texture,ER
Nuclei_Granularity_11_AGP,0.31521804080052357,0.040629902347102335,0.0017264265564510555,0.6424256302959231,67797.1635968204,Nuclei,Granularity,AGP
Cytoplasm_Texture_DifferenceVariance_Mito_3_02_256,0.04570169579770221,0.09063750533185456,0.001560197035583609,0.8621006018348596,53886.35825334065,Cytoplasm,Texture,Mito
Cytoplasm_Texture_InfoMeas2_DNA_5_01_256,0.24696262831394755,0.037472239479316015,0.0021939153795805166,0.713371216827156,74634.10559999589,Cytoplasm,Texture,DNA
Nuclei_Texture_InfoMeas1_RNA_5_01_256,0.33308275833197726,0.046291403897397776,0.0010412559731835939,0.6195845817974414,115521.87066889217,Nuclei,Texture,RNA
Nuclei_Location_CenterMassIntensity_Z_DNA,0.0,0.0,0.0,0.0,0.0,Nuclei,Location,DNA
Nuclei_Texture_InverseDifferenceMoment_DNA_5_03_256,0.2951645461363854,0.03687192952543475,0.00987389435490001,0.6580896299832799,93981.85715301859,Nuclei,Texture,DNA
Cells_Texture_InfoMeas2_DNA_5_03_256,0.21047471328347284,0.04225061173519832,0.005359269669349593,0.7419154053119792,110318.71277106564,Cells,Texture,DNA
Cells_Granularity_16_AGP,0.15854859829139953,0.03729947674325731,0.0038694477439876274,0.8002824772213556,25643.950369348175,Cells,Granularity,AGP
Image_Texture_Entropy_DNA_10_02_256,0.46581213893182516,0.04403291324063574,0.004359113308177356,0.48579583451936187,46913.563579761896,Image,Texture,DNA
Cytoplasm_Texture_SumEntropy_Mito_3_00_256,0.1324743090249242,0.058326769091350775,0.0024268594767177555,0.8067720624070074,44228.654393074874,Cytoplasm,Texture,Mito
Image_Texture_SumAverage_Mito_10_00_256,0.2707484050409749,0.022951395200975125,0.003088048950626975,0.7032121508074229,21229.501366090295,Image,Texture,Mito
Cells_Texture_Entropy_Mito_3_02_256,0.1608758413748539,0.05826170799883537,0.0034165053098650995,0.7774459453164456,51382.0989535602,Cells,Texture,Mito
Nuclei_Texture_DifferenceEntropy_Mito_5_03_256,0.35062520613131604,0.05317225710138068,0.003236159738605994,0.5929663770286974,108048.50393739296,Nuclei,Texture,Mito
Cytoplasm_Texture_Entropy_Mito_5_03_256,0.1377507650536125,0.05961658805068816,0.0023618683912187614,0.8002707785044806,43094.0171421603,Cytoplasm,Texture,Mito
Image_Intensity_UpperQuartileIntensity_DNA_BackgroundOnly,0.07685484918533535,0.024852359884325288,0.0010258511070385659,0.8972669398233009,59991.51509469441,Image,Intensity,DNA
Cytoplasm_Texture_InfoMeas1_RNA_10_00_256,0.23117370071596133,0.040182331751656974,0.003081916431719173,0.7255620511006625,87292.26011215454,Cytoplasm,Texture,RNA
Cells_Texture_AngularSecondMoment_RNA_10_00_256,0.12239590536803709,0.0734834655445943,0.0009980630872815273,0.8031225660000871,130135.24496664305,Cells,Texture,RNA
Nuclei_Texture_InfoMeas2_DNA_3_02_256,0.3127214383101039,0.035050991390996586,0.010027676371159089,0.6421998939277404,84972.41678441995,Nuclei,Texture,DNA
Cells_Texture_Contrast_AGP_5_02_256,0.3740103239754171,0.045259134728998604,0.0034434664724248055,0.5772870748231593,161207.90357564483,Cells,Texture,AGP
Cytoplasm_RadialDistribution_FracAtD_mito_tubeness_8of16,0.047572959773317366,0.10710627106432383,0.020131209773671315,0.8251895593886874,757884.5788904912,Cytoplasm,RadialDistribution,
Cytoplasm_Intensity_IntegratedIntensityEdge_DNA,0.2072623676372476,0.027769464245155754,0.0017583983668821575,0.7632097697507145,92790.53559352164,Cytoplasm,Intensity,DNA
Cytoplasm_Texture_SumEntropy_DNA_10_01_256,0.1906212434472201,0.06261561747814798,0.013156806308269027,0.7336063327663629,112479.27652460818,Cytoplasm,Texture,DNA
Image_Texture_DifferenceEntropy_RNA_10_00_256,0.4906896123994922,0.045160726382795356,0.002544048272643513,0.4616056129450689,91106.19061283772,Image,Texture,RNA
Image_Texture_Variance_AGP_3_03_256,0.31453314203593036,0.014271571010850541,0.0019691269327446435,0.6692261600204745,39969.12485620079,Image,Texture,AGP
Image_Texture_Variance_DNA_5_01_256,0.22994262205102486,0.03748930584675898,0.0049652139972822685,0.7276028581049339,37590.38941325068,Image,Texture,DNA
Nuclei_Correlation_Correlation_DNA_Mito,0.27490639264153593,0.030309602489017567,0.007035743239077149,0.6877482616303695,61918.24159252811,Nuclei,Correlation,DNA
Nuclei_Texture_Contrast_AGP_3_02_256,0.35203181553541835,0.041224240996367414,0.003923540977078175,0.6028204024911361,136189.35822936022,Nuclei,Texture,AGP
Image_Texture_InfoMeas2_DNA_10_03_256,0.2299606853967628,0.04569749293440215,0.004099858190240158,0.7202419634785949,92025.88700517535,Image,Texture,DNA
Cytoplasm_Intensity_MADIntensity_ER,0.3450370787519621,0.04787664903683189,0.00230905608784756,0.6047772161233584,116494.03969049315,Cytoplasm,Intensity,ER
Nuclei_Texture_Contrast_DNA_5_03_256,0.5039923185632051,0.03707775717592684,0.001860495315032322,0.4570694289458357,251924.54860409547,Nuclei,Texture,DNA
Cells_RadialDistribution_FracAtD_mito_tubeness_5of16,0.32852401364788525,0.05005433418552944,0.0012451468378846338,0.6201765053287007,129877.55740976316,Cells,RadialDistribution,
Cells_Texture_SumEntropy_ER_10_03_256,0.13567884777127928,0.05064509448142482,0.0008648790795021868,0.8128111786677936,82147.35534954767,Cells,Texture,ER
Cells_Texture_Correlation_RNA_3_03_256,0.12915683624968408,0.03868918087030897,0.006224595048094757,0.8259293878319122,37247.79852698158,Cells,Texture,RNA
Cells_Correlation_Manders_Mito_AGP,0.06017823194609938,0.2329008812019316,0.016896318651388426,0.6900245682005807,470512.32418346434,Cells,Correlation,AGP
Image_Texture_InfoMeas1_AGP_10_01_256,0.30005011696839745,0.012005892493409154,0.0012296328872863729,0.6867143576509072,18229.921872530802,Image,Texture,AGP
Nuclei_Texture_DifferenceVariance_DNA_5_03_256,0.18836379477609003,0.03307509931337542,0.017075243108395265,0.7614858628021393,61052.76434595039,Nuclei,Texture,DNA
Nuclei_Texture_SumEntropy_AGP_3_00_256,0.18850261136962465,0.04810305822409892,0.00150367792739659,0.7618906524788798,61515.22639270833,Nuclei,Texture,AGP
Cytoplasm_Texture_InfoMeas1_Mito_3_00_256,0.17971941297690475,0.042177298960892,0.00162746619810273,0.7764758218641005,50709.98743505019,Cytoplasm,Texture,Mito
Cytoplasm_Texture_DifferenceVariance_AGP_5_01_256,0.12311406795828583,0.06069294174448899,0.0011459779006984827,0.8150470123965268,59553.38949578165,Cytoplasm,Texture,AGP
Nuclei_Texture_DifferenceEntropy_Mito_5_01_256,0.3499900262120578,0.05292801014204929,0.003066078950539154,0.5940158846953538,109005.02401565155,Nuclei,Texture,Mito
Cytoplasm_Texture_InverseDifferenceMoment_Mito_10_03_256,0.12615417762901043,0.060695584484035225,0.00238146448669649,0.8107687734002578,44621.844504387045,Cytoplasm,Texture,Mito
Cytoplasm_Texture_Entropy_RNA_3_02_256,0.1369530363178157,0.047760674311551815,0.0018730545437850817,0.8134132348268474,70759.3487319551,Cytoplasm,Texture,RNA
Cells_Texture_InfoMeas2_Mito_5_00_256,0.08609873407959652,0.0773798622261769,0.0016200717863250284,0.8349013319079015,57774.811158767916,Cells,Texture,Mito
Cytoplasm_RadialDistribution_MeanFrac_mito_tubeness_Overflow,0.0,0.0,0.0,0.0,0.0,Cytoplasm,RadialDistribution,
Cells_Texture_InfoMeas1_RNA_10_00_256,0.11759723008892259,0.051063847874169566,0.002457357403817082,0.8288815646330908,76865.10064355907,Cells,Texture,RNA
Cytoplasm_RadialDistribution_RadialCV_DNA_1of4,0.16638565220152116,0.07456625448339976,0.001221711302907566,0.7578263820121715,126698.25344381545,Cytoplasm,RadialDistribution,DNA
Image_ImageQuality_Scaling_OrigER,0.0,0.0,0.0,0.0,0.0,Image,ImageQuality,
Nuclei_Texture_Contrast_AGP_3_03_256,0.36132006490070107,0.042931600122688394,0.0041461698766862235,0.5916021650999244,145109.8594670107,Nuclei,Texture,AGP
Image_ImageQuality_MADIntensity_OrigRNA,0.3529767951724897,0.06198395225299467,0.001581232252893751,0.583458020321622,33852.860022645014,Image,ImageQuality,
Nuclei_Texture_InfoMeas1_DNA_5_03_256,0.45861246018131163,0.038419975150233064,0.002372721016781045,0.5005948436516743,193409.49368380458,Nuclei,Texture,DNA
Nuclei_Texture_Variance_DNA_5_01_256,0.4984419868901764,0.03905341669735937,0.0020190322806571915,0.4604855641318071,255219.81584025448,Nuclei,Texture,DNA
Cytoplasm_Texture_Contrast_AGP_3_00_256,0.3476741798830471,0.04434748563169583,0.004196404611159893,0.6037819298740973,130362.98152739,Cytoplasm,Texture,AGP
Cytoplasm_Texture_Entropy_RNA_5_01_256,0.134999881874525,0.04910599380093761,0.001375317524889814,0.8145188067996476,72148.28049557305,Cytoplasm,Texture,RNA
Cytoplasm_Texture_InfoMeas1_ER_10_02_256,0.2765726450294915,0.03131623735084074,0.003319209833762659,0.6887919077859052,96597.78134019158,Cytoplasm,Texture,ER
Cytoplasm_Texture_Variance_AGP_5_00_256,0.36850863288681746,0.047286519951041855,0.004644218505109956,0.5795606286570307,144155.83882575826,Cytoplasm,Texture,AGP
Nuclei_Texture_InverseDifferenceMoment_AGP_10_02_256,0.2834324736888527,0.03854597752692671,0.0015666768311066962,0.6764548719531139,62940.42514751467,Nuclei,Texture,AGP
Nuclei_Texture_SumVariance_DNA_10_01_256,0.445818294391262,0.044786488013707666,0.002178237354990924,0.5072169802400394,226039.7860206439,Nuclei,Texture,DNA
Cells_RadialDistribution_MeanFrac_mito_tubeness_9of20,0.276796298052473,0.030993519279390265,0.0006446782840022504,0.6915655043841344,50756.94961285411,Cells,RadialDistribution,
Cells_Texture_Entropy_DNA_5_03_256,0.24102981151935832,0.03469545909916029,0.0072693446403332635,0.7170053847411482,109701.46707479551,Cells,Texture,DNA
Image_Texture_Correlation_AGP_5_01_256,0.2613800339436169,0.011822632610402757,0.0015055267928880327,0.7252918066530922,26455.649449194883,Image,Texture,AGP
Nuclei_Texture_Correlation_AGP_5_01_256,0.10646518187586856,0.0915678396865434,0.0016213893899634448,0.8003455890476245,89195.68010764633,Nuclei,Texture,AGP
Cytoplasm_Texture_InfoMeas2_DNA_10_03_256,0.20088291165329938,0.07793095886214321,0.006157109351880914,0.7150290201326766,108553.48013685265,Cytoplasm,Texture,DNA
Cytoplasm_Texture_SumVariance_RNA_5_03_256,0.3846109329090417,0.04743598151164293,0.0005291729085840173,0.5674239126707312,146714.55022035865,Cytoplasm,Texture,RNA
Nuclei_Texture_DifferenceVariance_RNA_10_02_256,0.076044534169425,0.09272055035929333,0.0006649897423511019,0.8305699257289306,88543.58773928395,Nuclei,Texture,RNA
Cells_RadialDistribution_FracAtD_ER_3of4,0.10140524577596668,0.04848382307712103,0.002720319249927033,0.8473906118969852,90572.72967800422,Cells,RadialDistribution,ER
Cells_Texture_AngularSecondMoment_DNA_10_00_256,0.12440816096029149,0.033380963710580164,0.020669279837801237,0.821541595491327,64262.39483306416,Cells,Texture,DNA
Cytoplasm_RadialDistribution_RadialCV_mito_tubeness_7of20,0.036034924164952103,0.05721072676805488,0.033144106615131085,0.873610242451862,344302.3547354039,Cytoplasm,RadialDistribution,
Cytoplasm_AreaShape_EulerNumber,0.22006054604730046,0.05663506376129871,0.0024850929957082666,0.7208192971956926,115702.35029407682,Cytoplasm,AreaShape,
Image_Texture_DifferenceEntropy_Mito_10_02_256,0.45586330228076444,0.04346355554291374,0.0013432941927778094,0.499329847983544,81751.01370897275,Image,Texture,Mito
Cytoplasm_Intensity_IntegratedIntensityEdge_RNA,0.22062098475212422,0.014497187229504545,0.0019735937326644287,0.7629082342857068,38497.90171214525,Cytoplasm,Intensity,RNA
Nuclei_Texture_Entropy_RNA_10_00_256,0.12279203135494593,0.04888046890052501,0.0007112020746646131,0.8276162976698646,52457.34156542307,Nuclei,Texture,RNA
Cytoplasm_Texture_InfoMeas2_ER_10_01_256,0.2113667517880497,0.033790064668747795,0.002994343869042172,0.7518488396741604,73590.90455450494,Cytoplasm,Texture,ER
Image_Texture_DifferenceEntropy_Mito_3_01_256,0.43403249068852734,0.043966364107373694,0.0011442792698771105,0.520856865934222,71551.71663362187,Image,Texture,Mito
Cells_Texture_SumVariance_Mito_3_00_256,0.4201920529001275,0.040026376860846244,0.0021346822945138635,0.5376468879445123,160041.248628947,Cells,Texture,Mito
Cytoplasm_RadialDistribution_MeanFrac_mito_tubeness_9of20,0.03091697006401023,0.0509396715475392,0.04140102170244476,0.8767423366860059,563327.8727304568,Cytoplasm,RadialDistribution,
Image_Intensity_LowerQuartileIntensity_RNA,0.24340221756751965,0.030061544781832282,0.004023951453478459,0.7225122861971696,13949.49302448769,Image,Intensity,RNA
Image_Texture_SumVariance_AGP_3_03_256,0.30865854229203965,0.013069659108707643,0.0019243158213413819,0.6763474827779112,39069.686223203404,Image,Texture,AGP
Nuclei_Texture_InfoMeas1_AGP_3_00_256,0.35137624181750055,0.03427790278281781,0.0031237061857799617,0.6112221492139016,82468.89777213041,Nuclei,Texture,AGP
Cells_Texture_SumAverage_AGP_10_01_256,0.25919439723914595,0.013999253275143692,0.0031974707935105134,0.7236088786921999,42685.34457172626,Cells,Texture,AGP
Cytoplasm_Texture_SumAverage_Mito_5_01_256,0.20962315129337455,0.05574999473365589,0.0038572142309719237,0.7307696397419976,59108.45474330338,Cytoplasm,Texture,Mito
Nuclei_Texture_AngularSecondMoment_ER_5_01_256,0.06623032559804912,0.07527862876039199,0.0036386600511226974,0.8548523855904363,67057.00398513193,Nuclei,Texture,ER
Image_Texture_InfoMeas1_DNA_10_02_256,0.35355980041422774,0.05305576178400933,0.004114336839557675,0.5892701009622052,61522.40089892477,Image,Texture,DNA
Cytoplasm_Texture_Entropy_AGP_3_03_256,0.1856576909768073,0.04335844182211174,0.0017870056716176896,0.7691968615294632,54039.19861644067,Cytoplasm,Texture,AGP
Cells_Texture_Entropy_RNA_3_01_256,0.11299290657243542,0.048164699751150085,0.0012911512138174227,0.8375512424625969,73901.46854507473,Cells,Texture,RNA
Nuclei_AreaShape_Zernike_0_0,0.2381748333607507,0.04688026013173348,0.0022930733415298162,0.712651833165986,87526.16819727558,Nuclei,AreaShape,
Cells_Texture_Variance_ER_5_01_256,0.3594229849159695,0.04650325479571669,0.001182552454049343,0.5928912078342644,140576.73131233157,Cells,Texture,ER
Cytoplasm_Texture_InfoMeas2_RNA_3_02_256,0.2157746830159041,0.05920489202051338,0.003216977494872918,0.7218034474687097,94478.95193103293,Cytoplasm,Texture,RNA
Cells_Texture_DifferenceEntropy_AGP_3_01_256,0.16356564885736868,0.052682820031579175,0.0016383253889015793,0.7821132057221505,75472.49184981897,Cells,Texture,AGP
Image_ImageQuality_PercentMaximal_OrigER,0.02379799956958885,0.11145322627767723,0.05525002756523256,0.8094987465875013,581323.0608925801,Image,ImageQuality,
Cytoplasm_Texture_AngularSecondMoment_ER_5_00_256,0.12485088222665931,0.053127054397959714,0.0015367396452371743,0.8204853237301438,86098.56733509449,Cytoplasm,Texture,ER
Nuclei_Texture_Contrast_AGP_3_00_256,0.3437226311391473,0.041737760772809815,0.0030835626608470283,0.6114560454271959,129860.09863214017,Nuclei,Texture,AGP
Cytoplasm_Intensity_MinIntensityEdge_RNA,0.26452616551823593,0.02487004107344894,0.004909468830717366,0.7056943245775977,44235.01208013398,Cytoplasm,Intensity,RNA
Cytoplasm_Texture_InverseDifferenceMoment_DNA_10_00_256,0.12445891301751015,0.039818975737514285,0.0073933581074183425,0.8283287531375573,90994.22448642201,Cytoplasm,Texture,DNA
Cytoplasm_Granularity_11_Mito,0.20159542832416202,0.03320702506575566,0.0010357461607996047,0.7641618004492827,49021.28690485072,Cytoplasm,Granularity,Mito
Cells_Granularity_10_RNA,0.2672260030355304,0.02513988880778899,0.0028730788589582767,0.7047610292977222,50058.50491325222,Cells,Granularity,RNA
Image_Texture_Contrast_RNA_10_01_256,0.2882529378451746,0.021105523278263684,0.001588951666175589,0.6890525872103862,21515.737832152456,Image,Texture,RNA
Nuclei_Texture_AngularSecondMoment_RNA_10_00_256,0.11681386207323738,0.08214716954974063,0.001372374347624602,0.7996665940293973,98688.10270804027,Nuclei,Texture,RNA
Cytoplasm_Correlation_K_ER_DNA,0.2012396431259697,0.05675582483450147,0.0019317215124130256,0.7400728105271157,73581.82459188241,Cytoplasm,Correlation,DNA
Image_Texture_SumAverage_RNA_3_02_256,0.4689352456297092,0.03286180460358072,0.0012069010518951622,0.49699604871481495,31480.21925261209,Image,Texture,RNA
Nuclei_Texture_SumEntropy_AGP_5_03_256,0.1807403705188155,0.04936444022503679,0.0012113853531927686,0.7686838039029549,58621.55981459056,Nuclei,Texture,AGP
Image_Texture_Correlation_RNA_10_02_256,0.4129238967889272,0.00652917161921828,0.0006001289695166994,0.5799468026223378,49370.01194363024,Image,Texture,RNA
Image_Granularity_16_RNA,0.1841289608798958,0.010042501830208776,0.001405525533082498,0.804423011756813,19062.053592489494,Image,Granularity,RNA
Cells_Texture_InfoMeas1_RNA_5_00_256,0.06824925648623732,0.06425218433587697,0.003932263761162429,0.8635662954167234,70495.14277734836,Cells,Texture,RNA
Image_Intensity_MeanIntensity_AGP,0.4874440780412451,0.03288918385628045,0.0017609538389699174,0.4779057842635045,33957.23943811591,Image,Intensity,AGP
Cells_Texture_SumAverage_DNA_3_00_256,0.3067872843041016,0.026480427773169696,0.004218353859535622,0.662513934063193,111969.8714237136,Cells,Texture,DNA
Cytoplasm_Texture_AngularSecondMoment_Mito_5_03_256,0.08303079895076229,0.08533412710095484,0.002435537280844197,0.8291995366674386,76321.66949524288,Cytoplasm,Texture,Mito
Nuclei_Texture_InfoMeas1_Mito_5_00_256,0.32583816864835013,0.036126118757238056,0.004284429753196973,0.6337512828412147,92724.21174287163,Nuclei,Texture,Mito
Nuclei_Texture_InfoMeas2_RNA_10_01_256,0.0802114594487546,0.05796762519565221,0.0015748848170185393,0.8602460305385746,58778.49283222112,Nuclei,Texture,RNA
Image_Texture_Entropy_Mito_10_02_256,0.4622435280816252,0.0420778977962271,0.0027516348680186003,0.4929269392541291,65386.88935757245,Image,Texture,Mito
Cytoplasm_Texture_InfoMeas2_ER_5_00_256,0.20302082139529015,0.03108484356751718,0.00344214763837902,0.7624521873988137,62926.76160880505,Cytoplasm,Texture,ER
Cells_Texture_Entropy_ER_3_03_256,0.1655991889749486,0.05304475447058743,0.0009697138797991004,0.7803863426746649,91598.44784528416,Cells,Texture,ER
Image_Texture_InverseDifferenceMoment_Mito_5_02_256,0.4210690394967738,0.039147666033364004,0.0026096463304809297,0.5371736481393812,45312.51687251005,Image,Texture,Mito
Nuclei_Texture_SumVariance_DNA_5_01_256,0.48993330088943515,0.04114818269772048,0.0021604835549603216,0.46675803285788403,255569.73395786318,Nuclei,Texture,DNA
Image_Intensity_TotalIntensity_DNA,0.471460282144888,0.03717928800445108,0.001763284981317066,0.48959714486934386,33055.297309024725,Image,Intensity,DNA
Cytoplasm_RadialDistribution_RadialCV_mito_tubeness_15of16,0.21672726226973107,0.06977308156839176,0.00405280549500538,0.7094468506668719,43680.74065509389,Cytoplasm,RadialDistribution,
Cells_Texture_Variance_DNA_10_00_256,0.44798612932531345,0.038843553231039274,0.0024042278524560134,0.5107660895911913,219086.74085273835,Cells,Texture,DNA
Cells_Texture_SumEntropy_Mito_5_00_256,0.13802951211944314,0.0569730687466458,0.003414853122280524,0.8015825660116305,52766.561385016794,Cells,Texture,Mito
Image_Granularity_11_DNA,0.30656641475280066,0.03558530055024115,0.002629526827253331,0.6552187578697048,127257.7333014457,Image,Granularity,DNA
Nuclei_Texture_AngularSecondMoment_DNA_10_00_256,0.14908273342385409,0.03541567916892671,0.0228906855573082,0.792610901849911,53392.74143959243,Nuclei,Texture,DNA
Nuclei_Texture_Contrast_DNA_10_00_256,0.4916162719028044,0.038345203612606356,0.001736003106242084,0.46830252137834716,251204.61797203575,Nuclei,Texture,DNA
Image_Texture_InfoMeas2_ER_5_02_256,0.4997184468232278,0.054729895603518264,0.0019601723745287796,0.4435914851987251,290703.1198587982,Image,Texture,ER
Image_Texture_DifferenceVariance_Mito_3_00_256,0.3092975173260192,0.011426858899010555,0.002932646524468362,0.676342977250502,35589.87930632047,Image,Texture,Mito
Cytoplasm_AreaShape_Zernike_3_3,0.35072198981429825,0.024224085081899525,0.0019588707381730554,0.6230950543656293,52656.47389330094,Cytoplasm,AreaShape,
Cells_Texture_Variance_Mito_10_03_256,0.4239423339230547,0.03937615601049715,0.001836864043112217,0.5348446460233359,161639.00347297106,Cells,Texture,Mito
Image_Texture_InfoMeas2_ER_10_00_256,0.4715749515759365,0.0524203310704242,0.0014371067101193841,0.4745676106435199,215353.31268478872,Image,Texture,ER
Nuclei_RadialDistribution_RadialCV_RNA_1of4,0.38726299375442236,0.02643250217968047,0.0016338186662761176,0.584670685399621,46189.39938511629,Nuclei,RadialDistribution,RNA
Cytoplasm_Texture_InfoMeas1_RNA_3_02_256,0.10548063086825026,0.06425401872272422,0.0030050763204340666,0.8272602740885914,70188.85464086215,Cytoplasm,Texture,RNA
Nuclei_Texture_SumAverage_ER_10_02_256,0.26268739383282075,0.04914322743980388,0.0013648124632626814,0.6868045662641127,91197.0533971966,Nuclei,Texture,ER
Image_Threshold_OrigThreshold_NucleiIncludingEdges,0.22812167358667557,0.012959562067254491,0.001284004920358649,0.7576347594257112,57349.22881418459,Image,Threshold,
Cytoplasm_Texture_AngularSecondMoment_AGP_3_00_256,0.1819492105685165,0.047500232024222655,0.0019375920985827042,0.7686129653086782,74272.9697546445,Cytoplasm,Texture,AGP
Image_Intensity_MaxIntensity_DNA,0.2632156315881143,0.01836498699178682,0.002617223731286659,0.7158021576888123,31270.58165134541,Image,Intensity,DNA
Cells_Texture_InfoMeas2_DNA_5_02_256,0.1588336744289475,0.03754584120530598,0.005326608132325065,0.7982938762334215,99727.36641256361,Cells,Texture,DNA
Cytoplasm_Texture_Correlation_RNA_5_01_256,0.20273603173920457,0.04514938130212904,0.004849844979094944,0.7472647419795714,80533.87669779523,Cytoplasm,Texture,RNA
Cells_Texture_InverseDifferenceMoment_ER_3_03_256,0.20933879652121928,0.04449431307975824,0.0007291836665004135,0.7454377067325221,95610.58884416352,Cells,Texture,ER
Cytoplasm_Texture_InfoMeas2_AGP_5_02_256,0.1647759545372571,0.04143212464268581,0.0018958763336953156,0.7918960444863617,50434.50800975341,Cytoplasm,Texture,AGP
Image_Texture_Entropy_AGP_5_02_256,0.4630390234279603,0.050425657885325194,0.0014131460476510813,0.4851221726390635,82893.48114287171,Image,Texture,AGP
Nuclei_Texture_InfoMeas2_RNA_10_03_256,0.07860616467308158,0.057895329718993055,0.002402994429213817,0.8610955111787115,60576.57699389152,Nuclei,Texture,RNA
Cytoplasm_Texture_DifferenceVariance_Mito_3_03_256,0.04476207511635186,0.09227842795457183,0.00152474040400646,0.8614347565250698,56448.55357232163,Cytoplasm,Texture,Mito
Cells_Texture_AngularSecondMoment_ER_10_00_256,0.10875076756712526,0.0570862784010482,0.0026480936299634614,0.8315148604018631,103139.55550516375,Cells,Texture,ER
Cytoplasm_RadialDistribution_FracAtD_mito_tubeness_17of20,0.03448257017476397,0.10613091719910418,0.021209926668645355,0.8381765859574865,87795.37255737912,Cytoplasm,RadialDistribution,
Cytoplasm_Texture_SumVariance_ER_10_03_256,0.34033484080142146,0.04796122772105416,0.0009853674582328501,0.6107185640192916,132596.47168856184,Cytoplasm,Texture,ER
Image_Texture_SumVariance_RNA_10_00_256,0.3171179859542225,0.01957065438667963,0.0010709688948077124,0.6622403907642901,31068.005145506104,Image,Texture,RNA
Nuclei_Texture_Correlation_Mito_3_02_256,0.12790117443134874,0.04480534624757419,0.010661805944108618,0.8166316733769685,31115.896399108402,Nuclei,Texture,Mito
Nuclei_Texture_InfoMeas2_ER_5_02_256,0.2267452707483829,0.042473672086877204,0.0030923430337064487,0.7276887141310334,61049.05164897916,Nuclei,Texture,ER
Nuclei_Texture_SumEntropy_DNA_3_00_256,0.3603942576467778,0.04147189766459832,0.006519528266776866,0.591614316421847,132626.11103730704,Nuclei,Texture,DNA
Cytoplasm_Texture_Contrast_RNA_3_00_256,0.4581738796991254,0.03879416036670439,0.0019087408483939678,0.5011232190857764,203136.97991616337,Cytoplasm,Texture,RNA
Nuclei_Texture_InfoMeas2_Mito_3_00_256,0.1940844680743705,0.04553580955390932,0.00670859860118297,0.7536711237705371,45954.60685528941,Nuclei,Texture,Mito
Nuclei_Texture_AngularSecondMoment_ER_5_03_256,0.06682309341284462,0.07405964714333968,0.0038927698048706917,0.8552244896389452,67824.43212556058,Nuclei,Texture,ER
Cytoplasm_AreaShape_Zernike_8_8,0.2514654336043058,0.025820320423598695,0.0056051738992728166,0.7171090720728227,77667.32391431091,Cytoplasm,AreaShape,
Cytoplasm_Texture_Variance_ER_10_00_256,0.3668460100461765,0.0478093437237992,0.0014547038213391784,0.583889942408685,150651.1824788347,Cytoplasm,Texture,ER
Nuclei_Correlation_Manders_RNA_Mito,0.3112063253866966,0.013662909327284221,0.0013439778669308397,0.6737867874190883,80211.79392382511,Nuclei,Correlation,Mito
Image_ImageQuality_TotalIntensity_OrigMito,0.3040441527909973,0.02200492581584149,0.002243234644076209,0.671707686749085,20643.789200172498,Image,ImageQuality,
Image_Texture_InfoMeas1_ER_5_02_256,0.25971671609231,0.026799220613667914,0.0028955958944135484,0.7105884673996086,29884.679176130547,Image,Texture,ER
Cells_AreaShape_Center_Y,0.09681305509973262,0.07064441108858437,0.0006725178919710627,0.8318700159197119,39999.023889531265,Cells,AreaShape,
Cytoplasm_Correlation_K_RNA_ER,0.2564495004508232,0.02065449823096282,0.0015117114857270016,0.7213842898324869,36331.10482439,Cytoplasm,Correlation,ER
Image_ImageQuality_MeanIntensity_OrigRNA,0.4775695002988331,0.030942927785878684,0.0014655285264155821,0.49002204338887273,30987.196433283272,Image,ImageQuality,
Cytoplasm_Texture_Contrast_DNA_10_01_256,0.2896629321260527,0.05975891212195984,0.0026730650119202383,0.6479050907400672,174371.06043410656,Cytoplasm,Texture,DNA
Image_Intensity_TotalArea_AGP,0.0,0.0,0.0,0.0,0.0,Image,Intensity,AGP
Cytoplasm_Texture_AngularSecondMoment_RNA_3_02_256,0.12240131588995642,0.06839221805184632,0.0013390544778896234,0.8078674115803076,110304.30556004468,Cytoplasm,Texture,RNA
Nuclei_Texture_Entropy_Mito_3_01_256,0.30776274293013867,0.053869892110979034,0.005869932152168434,0.6324974328067139,85091.3205463439,Nuclei,Texture,Mito
Nuclei_RadialDistribution_RadialCV_AGP_2of4,0.29786604173049314,0.03842156489822418,0.0015147340618132281,0.6621976593094695,68853.4977102966,Nuclei,RadialDistribution,AGP
Cells_Texture_InfoMeas2_DNA_10_02_256,0.2545105110886917,0.04003416078621226,0.007089023170084921,0.6983663049550111,103309.76603392436,Cells,Texture,DNA
Cytoplasm_Texture_AngularSecondMoment_DNA_3_00_256,0.06988173433129731,0.0452163552573985,0.003979031492839431,0.8809228789184648,59845.36002479218,Cytoplasm,Texture,DNA
Cytoplasm_RadialDistribution_FracAtD_AGP_4of4,0.10919618109074986,0.06495071106594885,0.003335022109904424,0.8225180857333969,90547.61840112132,Cytoplasm,RadialDistribution,AGP
Cells_Texture_SumAverage_Mito_5_01_256,0.25558496797358293,0.051402050982533094,0.004477974531969393,0.6885350065119145,72460.78843664101,Cells,Texture,Mito
Image_Texture_DifferenceVariance_RNA_10_01_256,0.4165287233189534,0.040673803646119264,0.001599255521536789,0.5411982175133906,86401.72101328678,Image,Texture,RNA
Cytoplasm_Texture_Contrast_ER_10_00_256,0.39793945035991635,0.04408893063918788,0.001959707477139278,0.5560119115237565,177035.29632000925,Cytoplasm,Texture,ER
Nuclei_Granularity_16_DNA,0.12499268984212909,0.02598978931195469,0.0035153112750633394,0.8455022095708529,34059.471203854104,Nuclei,Granularity,DNA
Image_Texture_Contrast_AGP_10_01_256,0.30532107848955103,0.01422938497133531,0.0014209735433758648,0.6790285629957378,32148.37815656264,Image,Texture,AGP
Cytoplasm_Granularity_13_Mito,0.31651690454701964,0.03126813731607781,0.002408515998506665,0.6498064421383959,47180.93061076217,Cytoplasm,Granularity,Mito
Cytoplasm_AreaShape_Zernike_5_1,0.2661679136289759,0.04226850311342343,0.0015541372347502222,0.6900094460228504,58981.977322217645,Cytoplasm,AreaShape,
