feature,frac_compound,frac_source,frac_plate_within_source,frac_residual,ss_total,compartment,feature_type,channel
Cells_RadialDistribution_MeanFrac_mito_tubeness_1of20,0.2704710652606098,0.11531803215871758,0.046165391227019,0.5680455113536537,42874.56277755825,Cells,RadialDistribution,
Cells_RadialDistribution_FracAtD_mito_tubeness_17of20,0.09270455952003555,0.5812109388592123,0.05591950918677035,0.27016499243398184,11112.965066572218,Cells,RadialDistribution,
Cells_Texture_InverseDifferenceMoment_Mito_5_03_256,0.029910007039011574,0.7766618369834601,0.06142586271587827,0.13200229326165014,7294.264957442513,Cells,Texture,Mito
Cells_Intensity_MaxIntensityEdge_AGP,0.005476259220522574,0.9370726168902392,0.03368961784988201,0.02376150603935616,5043.801777837685,Cells,Intensity,AGP
Cytoplasm_Texture_InverseDifferenceMoment_DNA_5_02_256,0.001382337138252099,0.8678183547009788,0.09511083568346826,0.03568847247730079,13737.258794108235,Cytoplasm,Texture,DNA
Nuclei_RadialDistribution_RadialCV_Mito_2of4,0.3122968363317711,0.33142456030241607,0.0226708852902025,0.3336077180756103,40937.393447533126,Nuclei,RadialDistribution,Mito
Cells_RadialDistribution_MeanFrac_mito_tubeness_12of20,0.0400627858846452,0.720395442352341,0.06208873172605854,0.17745304003695522,6494.7881618036445,Cells,RadialDistribution,
Cytoplasm_Texture_InfoMeas1_DNA_5_00_256,0.004208394263595222,0.9609849338129506,0.0048452999398844385,0.02996137198356979,4154.593713944113,Cytoplasm,Texture,DNA
Image_Texture_Entropy_RNA_3_03_256,0.1167466472757994,0.7638551232977396,0.012486446564647345,0.10691178286181367,6182.975704265649,Image,Texture,RNA
Image_Texture_Correlation_DNA_10_03_256,0.035286737211925656,0.8203362533483104,0.015919865869534824,0.12845714357022903,25346.196713193953,Image,Texture,DNA
Nuclei_Texture_Entropy_ER_10_00_256,0.005066201336959828,0.906084319474527,0.042519911504339654,0.046329567684173525,12757.958106490256,Nuclei,Texture,ER
Cells_Texture_SumAverage_DNA_5_03_256,0.0035214309089572934,0.956626298405054,0.02252941538067604,0.017322855305312686,35241.86495893035,Cells,Texture,DNA
Nuclei_Texture_Entropy_RNA_3_00_256,0.0034175948299701832,0.9185391020391613,0.03307554808191832,0.04496775504895008,12812.865940386288,Nuclei,Texture,RNA
Image_Texture_DifferenceVariance_RNA_3_01_256,0.006116568480250689,0.8053168277071924,0.16548348587652503,0.02308311793603195,157674.67275280046,Image,Texture,RNA
Nuclei_Granularity_16_AGP,0.07427212249403557,0.5533169992241386,0.005876953898858538,0.36653392438296734,10369.357485397528,Nuclei,Granularity,AGP
Nuclei_Intensity_IntegratedIntensityEdge_Mito,0.007988010779286242,0.9417504604477939,0.00810790511175782,0.042153623661161994,23010.415965485627,Nuclei,Intensity,Mito
Cytoplasm_Texture_InfoMeas2_RNA_3_00_256,0.030417866848474986,0.6216863920475864,0.21650642764178515,0.13138931346215357,48000.2186489809,Cytoplasm,Texture,RNA
Image_Texture_InfoMeas2_Mito_5_03_256,0.19741735399241656,0.5105538337629999,0.08220845727273919,0.2098203549718443,39214.10819540018,Image,Texture,Mito
Cytoplasm_Texture_DifferenceEntropy_ER_5_02_256,0.023031806155644763,0.8356279160427301,0.053976231554639736,0.08736404624698553,8903.215930793205,Cytoplasm,Texture,ER
Cytoplasm_Texture_InfoMeas2_RNA_5_02_256,0.02367198937389344,0.710130134160082,0.16493766674802743,0.10126020971799707,23337.79725089461,Cytoplasm,Texture,RNA
Image_Texture_AngularSecondMoment_AGP_10_03_256,0.2983595636104713,0.36195292206550106,0.01824348427817247,0.3214440300458552,30787.920450536956,Image,Texture,AGP
Nuclei_Texture_SumAverage_DNA_5_02_256,0.006021501626670612,0.9557595143428433,0.01981885581187883,0.018400128218607304,17752.95901992181,Nuclei,Texture,DNA
Cells_AreaShape_Zernike_7_1,0.06814843364387026,0.06829349777931354,0.010243824730716299,0.8533142438460999,34774.006983100684,Cells,AreaShape,
Image_Texture_Correlation_ER_10_02_256,0.13826104324764482,0.5794188206052462,0.01838467358980241,0.2639354625573065,10813.24713365082,Image,Texture,ER
Cells_RadialDistribution_MeanFrac_mito_tubeness_18of20,0.03974172203148873,0.7206902302223696,0.04929908699338869,0.19026896075275299,7597.996178524809,Cells,RadialDistribution,
Cytoplasm_Texture_Variance_RNA_5_03_256,0.031185647355751106,0.7537180835308246,0.003648823028242525,0.21144744608518176,73927.88922068969,Cytoplasm,Texture,RNA
Image_Texture_Correlation_RNA_3_01_256,0.0862943655402847,0.6282463111368477,0.04555142853891382,0.23990789478395377,12699.576665627903,Image,Texture,RNA
Cells_Texture_Entropy_RNA_3_00_256,0.007386953498916058,0.8942279302446081,0.03091768334135939,0.06746743291511648,13138.465751286134,Cells,Texture,RNA
Cytoplasm_AreaShape_Zernike_4_4,0.18317088543117246,0.19881291461343298,0.03156335985409207,0.5864528401013025,40511.97377281422,Cytoplasm,AreaShape,
Cells_Granularity_4_ER,0.22929555324661818,0.38909874184929216,0.009826712410358792,0.3717789924937308,39376.44602277095,Cells,Granularity,ER
Image_Texture_Entropy_DNA_5_02_256,0.014930888975547452,0.9508567458551764,0.004070333065826938,0.030142032103449266,25224.559938432754,Image,Texture,DNA
Cytoplasm_Texture_InverseDifferenceMoment_ER_3_03_256,0.019289007813896832,0.8520428621373485,0.053368612864090295,0.07529951718466436,8130.793302968608,Cytoplasm,Texture,ER
Nuclei_AreaShape_Zernike_7_7,0.22631588145311646,0.29841816648816216,0.18039752798793585,0.29486842407078556,29227.19006501485,Nuclei,AreaShape,
Nuclei_Texture_SumEntropy_RNA_10_00_256,0.005189072503466244,0.9123516123247285,0.03538650198700373,0.04707281318480156,12476.482171753516,Nuclei,Texture,RNA
Image_Texture_SumEntropy_DNA_5_02_256,0.018291956397047615,0.9444769085043995,0.004172903277695091,0.0330582318208579,21335.658844077574,Image,Texture,DNA
Cytoplasm_Intensity_MedianIntensity_RNA,0.005547042014905453,0.9514292581441026,0.009353554585430317,0.033670145255561626,14672.843552422128,Cytoplasm,Intensity,RNA
Cells_Texture_InverseDifferenceMoment_Mito_10_00_256,0.02646549770718507,0.7734863502317703,0.06610795572018748,0.13394019634085721,7566.780744073973,Cells,Texture,Mito
Cells_Texture_Contrast_RNA_3_00_256,0.015263848599585982,0.8962367001466082,0.012989543133515928,0.07550990812028995,151130.8582563149,Cells,Texture,RNA
Cytoplasm_Texture_Contrast_RNA_10_02_256,0.033335881324455065,0.7733656310410392,0.0041078902481902066,0.1891905973863157,87199.3176376625,Cytoplasm,Texture,RNA
Cytoplasm_Intensity_MaxIntensity_Mito,0.05960937861060958,0.7346443599662116,0.033956998840630324,0.17178926258254842,13522.20033494165,Cytoplasm,Intensity,Mito
Nuclei_Granularity_15_ER,0.18693542535877244,0.4778154734683075,0.018599966564235657,0.3166491346086844,17034.1763033699,Nuclei,Granularity,ER
Cells_RadialDistribution_FracAtD_Mito_2of4,0.14491275001089093,0.27988593490929975,0.03293796937211876,0.5422633457076906,30186.136759444635,Cells,RadialDistribution,Mito
Cells_RadialDistribution_RadialCV_mito_tubeness_4of16,0.08101643800624729,0.6003605136688893,0.048268370070589414,0.2703546782542741,21150.953689325812,Cells,RadialDistribution,
Image_Intensity_MaxIntensity_DNA_BackgroundOnly,0.005980873728470465,0.8332437331475872,0.025446459417852958,0.1353289337060894,29512.583624680363,Image,Intensity,DNA
Cells_Texture_SumEntropy_ER_5_00_256,0.008628330576616635,0.8699419037253122,0.04979479431479446,0.0716349713832766,10946.726009610975,Cells,Texture,ER
Nuclei_Texture_Variance_ER_10_01_256,0.07908497358060956,0.5640763618511213,0.015168873445881368,0.34166979112238777,58977.97756630164,Nuclei,Texture,ER
Nuclei_Texture_InfoMeas1_ER_5_01_256,0.13092218622661736,0.6090189548110473,0.017944939550310863,0.24211391941202454,12037.050817251573,Nuclei,Texture,ER
Cytoplasm_Granularity_6_RNA,0.3287098122703475,0.2338422779696554,0.01115824606719624,0.4262896636928008,54118.00485510834,Cytoplasm,Granularity,RNA
Image_Texture_Contrast_ER_3_02_256,0.012666102630172482,0.8278169413016306,0.0884353783186516,0.07108157774954538,24127.618073769245,Image,Texture,ER
Image_Texture_Correlation_ER_10_03_256,0.16158233238851719,0.5143501199784973,0.026375932116497303,0.2976916155164882,11630.154920008346,Image,Texture,ER
Cells_Texture_Correlation_Mito_3_01_256,0.05327712533287454,0.6785307105443638,0.04567249857561837,0.22251966554714334,10259.247296538653,Cells,Texture,Mito
Image_Texture_AngularSecondMoment_RNA_10_00_256,0.3540242176384817,0.3432592153972586,0.022323548449728167,0.2803930185145314,46882.981555944636,Image,Texture,RNA
Cytoplasm_Texture_Entropy_DNA_5_01_256,0.006976513495135904,0.9510000888610451,0.018002446565634544,0.024020951078184492,3866.1569263201177,Cytoplasm,Texture,DNA
Cytoplasm_Texture_SumEntropy_RNA_10_03_256,0.010313293078822224,0.8858906776845804,0.03728185157452248,0.06651417766207493,10805.317850715961,Cytoplasm,Texture,RNA
Nuclei_Texture_SumEntropy_AGP_3_02_256,0.008539832788149746,0.9257310339022004,0.03899711495555195,0.02673201835409805,32826.23245063127,Nuclei,Texture,AGP
Nuclei_Texture_DifferenceEntropy_DNA_5_01_256,0.00927588553053737,0.9653206862494078,0.0094736181764982,0.0159298100435567,4714.896528767182,Nuclei,Texture,DNA
Cytoplasm_Texture_InfoMeas2_Mito_5_00_256,0.023174532064663644,0.7528200680068404,0.050274996623956694,0.17373040330453915,7919.323423255546,Cytoplasm,Texture,Mito
Image_Texture_InfoMeas1_Mito_10_02_256,0.12332444052969417,0.47146543712325883,0.05798918790720683,0.3472209344398402,13828.025886863492,Image,Texture,Mito
Nuclei_Texture_Correlation_Mito_3_00_256,0.007945409784117077,0.8892590733219976,0.025882901052359894,0.07691261584152556,5218.113499668814,Nuclei,Texture,Mito
Cytoplasm_RadialDistribution_FracAtD_RNA_2of4,0.08569047614419181,0.22130376706398638,0.03053326899611373,0.6624724877957081,32762.68937000804,Cytoplasm,RadialDistribution,RNA
Cytoplasm_Texture_SumVariance_Mito_10_02_256,0.10942544028890065,0.3971882014433667,0.058205651432673394,0.4351807068350594,29227.52021175389,Cytoplasm,Texture,Mito
Cytoplasm_Texture_AngularSecondMoment_DNA_5_01_256,0.003603594859001417,0.942787323689845,0.015192640073192498,0.0384164413779611,7119.922036483858,Cytoplasm,Texture,DNA
Cytoplasm_Texture_AngularSecondMoment_ER_3_02_256,0.029743969710684628,0.6398597450650162,0.1294590201148109,0.20093726510948842,99357.08162668016,Cytoplasm,Texture,ER
Cells_Texture_Contrast_DNA_5_02_256,0.03204813182850559,0.7717288193792016,0.07473084187184705,0.12149220692044585,371662.92261069873,Cells,Texture,DNA
Cytoplasm_Texture_SumAverage_DNA_10_00_256,0.0010117719700570313,0.975671430630733,0.012575783576220457,0.010741013822989446,65411.4703461366,Cytoplasm,Texture,DNA
Image_Texture_InfoMeas2_AGP_3_03_256,0.21209286557781018,0.4843056930999203,0.02177997870210854,0.28182146262016106,66409.1053366535,Image,Texture,AGP
Image_Texture_InfoMeas2_RNA_3_02_256,0.4258325210099929,0.19998355650564503,0.04341422102470615,0.33076970145965584,214801.65075142894,Image,Texture,RNA
Nuclei_Texture_SumEntropy_DNA_5_03_256,0.005464858290906019,0.9768940452660819,0.0068833389089939636,0.010757757534018047,5839.24208282626,Nuclei,Texture,DNA
Nuclei_Texture_InverseDifferenceMoment_RNA_5_01_256,0.004415397083568661,0.9037090472960666,0.03523018756646492,0.05664536805389977,19731.42314542005,Nuclei,Texture,RNA
Image_Texture_InverseDifferenceMoment_AGP_5_03_256,0.07513072073114888,0.8013160812657631,0.03261387489925292,0.09093932310383511,5187.237235412684,Image,Texture,AGP
Cytoplasm_RadialDistribution_RadialCV_mito_tubeness_6of16,0.019920468345896832,0.5090797344466643,0.07257444275895647,0.3984253544484822,862622.1434567672,Cytoplasm,RadialDistribution,
Cells_Texture_Contrast_Mito_10_02_256,0.19236746559541099,0.2407327060167685,0.04939477381024923,0.5175050545775712,49038.758577403736,Cells,Texture,Mito
Cells_Texture_Contrast_RNA_10_02_256,0.04755459016226396,0.7012609625634172,0.013041610299051567,0.2381428369752671,82385.65854598681,Cells,Texture,RNA
Image_Intensity_MeanIntensity_DNA,0.0014760490007624239,0.972857390995481,0.011930950664525413,0.013735609339231163,70792.9077363682,Image,Intensity,DNA
Cells_Texture_InfoMeas2_AGP_5_02_256,0.00409516101687593,0.9327002775307355,0.035616456157226195,0.027588105295162455,19060.615993118983,Cells,Texture,AGP
Nuclei_Granularity_9_AGP,0.14130430432380997,0.6015784674549394,0.0234508953830358,0.23366633283821486,76516.72271679925,Nuclei,Granularity,AGP
Cells_Correlation_RWC_Mito_ER,0.02874041855065683,0.7718703124895842,0.056977893606061224,0.1424113753536979,7856.853181259163,Cells,Correlation,ER
Nuclei_Texture_SumVariance_AGP_5_03_256,0.11460026316221121,0.41269989393493833,0.013849336426125956,0.4588505064767245,56607.128146209114,Nuclei,Texture,AGP
Nuclei_Texture_InfoMeas1_ER_10_01_256,0.1818770718931447,0.4881206575773982,0.03396446376253628,0.29603780676692093,18058.429018596467,Nuclei,Texture,ER
Nuclei_Texture_Contrast_ER_5_03_256,0.09605953499069522,0.5308192449014248,0.013942396062107228,0.35917882404577267,62405.39163465848,Nuclei,Texture,ER
Image_Texture_InverseDifferenceMoment_AGP_3_01_256,0.07118550181204138,0.7972386342664846,0.04151209902779066,0.09006376489368337,4964.032364629392,Image,Texture,AGP
Image_Texture_SumVariance_DNA_3_02_256,0.0005359573675855832,0.9815147789112304,0.010683974287985459,0.0072652894331987255,760877.4173822982,Image,Texture,DNA
Cytoplasm_Correlation_Overlap_ER_Mito,0.05064460499670139,0.7913127485604502,0.04659127589799788,0.1114513705448506,13817.555704431585,Cytoplasm,Correlation,ER
Image_Granularity_1_RNA,0.21502428042271135,0.5384751491268989,0.012568978871006926,0.233931591579383,9618.35255866743,Image,Granularity,RNA
Cells_Texture_Entropy_AGP_10_03_256,0.006280367367741963,0.9195670078481791,0.04092736190027496,0.03322526288380401,27669.445547024654,Cells,Texture,AGP
Cells_Texture_Entropy_DNA_10_00_256,0.004492580322257338,0.9682624923310856,0.006348323995932694,0.02089660335072436,5137.2507055725255,Cells,Texture,DNA
Cytoplasm_Texture_InfoMeas1_ER_10_03_256,0.06586553173762491,0.7255737682397332,0.05037677352291637,0.15818392649972554,7920.5894787442885,Cytoplasm,Texture,ER
Cells_RadialDistribution_RadialCV_mito_tubeness_5of16,0.07553894045373771,0.6200876246654654,0.050010533525090696,0.2543629013557063,22329.619569335842,Cells,RadialDistribution,
Cells_Texture_Contrast_AGP_3_01_256,0.062354244413442894,0.6442043390239429,0.007481308844705734,0.2859601077179086,71825.44484115209,Cells,Texture,AGP
Cells_Texture_InfoMeas1_AGP_3_03_256,0.011429521781674855,0.8475594950650922,0.05993934893369987,0.08107163421953306,8066.038804450443,Cells,Texture,AGP
Image_Texture_Entropy_ER_5_00_256,0.12159129518984822,0.7538015373739227,0.01376418743220441,0.11084298000402464,13794.697760188697,Image,Texture,ER
Cells_Granularity_4_Mito,0.18711942432596007,0.461947815968381,0.01661819480524892,0.33431456490041,13002.935242798503,Cells,Granularity,Mito
Cytoplasm_Texture_InfoMeas1_RNA_10_03_256,0.05048024372792183,0.7582724481256579,0.019188521459343938,0.17205878668707617,8813.3987529181,Cytoplasm,Texture,RNA
Image_Texture_SumVariance_ER_5_01_256,0.009996418251872304,0.8502426643331733,0.05302947342131072,0.08673144399364355,18816.353335450513,Image,Texture,ER
Cells_Texture_Contrast_DNA_3_03_256,0.035379450161550856,0.7524802841418414,0.07927246190693654,0.13286780378967117,322969.51313187566,Cells,Texture,DNA
Cytoplasm_AreaShape_Eccentricity,0.19131847417340328,0.2050258793379865,0.0074873489234460605,0.5961682975651642,24558.515576771708,Cytoplasm,AreaShape,
Cells_Texture_SumAverage_AGP_5_03_256,0.003235169131206397,0.9623221205019737,0.019065746613914657,0.0153769637529053,6859.502270310037,Cells,Texture,AGP
Cells_Texture_SumAverage_DNA_10_00_256,0.003378551769277886,0.9567478326021915,0.022140789900368916,0.017732825728161705,33502.47356631674,Cells,Texture,DNA
Cells_Texture_SumAverage_Mito_3_02_256,0.008457713093625016,0.9423208173382845,0.008059155851424403,0.04116231371666597,31299.89136479538,Cells,Texture,Mito
Cytoplasm_RadialDistribution_MeanFrac_DNA_2of4,0.010382814821799568,0.9247376506760561,0.01894693425490025,0.04593260024724413,20166.852872039526,Cytoplasm,RadialDistribution,DNA
Cells_Granularity_16_Mito,0.19060734854601669,0.3316166816641905,0.02194491181882927,0.45583105797096357,15850.866342581428,Cells,Granularity,Mito
Cytoplasm_Texture_InverseDifferenceMoment_RNA_10_01_256,0.008895232889557425,0.8657275617883571,0.045640318535558874,0.07973688678652657,19362.340889797626,Cytoplasm,Texture,RNA
Image_ImageQuality_PercentMaximal_OrigAGP,0.015350470220562466,0.3202398635192297,0.08004948739055594,0.584360178869652,429938.12590876484,Image,ImageQuality,
Image_Intensity_UpperQuartileIntensity_ER__BackgroundOnly,0.002021290478405948,0.9396718591106715,0.002816256894337589,0.055490593516585016,68407.35957134358,Image,Intensity,ER
Cells_RadialDistribution_FracAtD_mito_tubeness_6of16,0.21952879200067213,0.1612742536862696,0.05371450295321426,0.5654824513598441,32657.298784266,Cells,RadialDistribution,
Cytoplasm_Texture_SumAverage_AGP_5_00_256,0.0022780640536371943,0.9630538245797419,0.022583472316034674,0.012084639050586082,8765.492590446258,Cytoplasm,Texture,AGP
Image_Texture_AngularSecondMoment_Mito_3_03_256,0.20059879795002442,0.5345666202156472,0.052349257484292255,0.21248532435003625,25675.21151378647,Image,Texture,Mito
Nuclei_Intensity_UpperQuartileIntensity_AGP,0.013595001084055093,0.9253421340528616,0.017481425272793318,0.04358143959028985,5049.031170039092,Nuclei,Intensity,AGP
Image_Intensity_TotalArea_Mito_BackgroundOnly,0.2757437985806492,0.45886781724025927,0.015064126027869653,0.2503242581512217,11723.584905771417,Image,Intensity,Mito
Cells_Texture_InfoMeas2_AGP_5_00_256,0.00505072928299823,0.9471281415185516,0.024730265831808578,0.023090863366641696,18113.991672126598,Cells,Texture,AGP
Image_Texture_SumEntropy_ER_3_00_256,0.15796982259054113,0.6918361051488245,0.014705325808903153,0.13548874645173106,15151.853627688291,Image,Texture,ER
Cytoplasm_Texture_InfoMeas2_ER_3_00_256,0.024821337252264406,0.8167059405057235,0.05755687045293226,0.10091585178907979,42845.61108360201,Cytoplasm,Texture,ER
Nuclei_Texture_Entropy_AGP_10_03_256,0.0034033295954027615,0.9396859926443454,0.036112860814071966,0.020797816946179878,31092.44669440506,Nuclei,Texture,AGP
Cytoplasm_Texture_SumEntropy_AGP_10_03_256,0.008916069180424776,0.9073379572591982,0.04672472274244724,0.0370212508179298,23197.751582863017,Cytoplasm,Texture,AGP
Nuclei_Texture_SumEntropy_AGP_5_01_256,0.007900532582586666,0.9284307926182004,0.037424461655232756,0.02624421314398026,32962.54190549131,Nuclei,Texture,AGP
Cells_Texture_SumVariance_AGP_10_02_256,0.13106680257367143,0.35652200265665296,0.014637110287459947,0.4977740844822157,45090.656901238064,Cells,Texture,AGP
Cytoplasm_Texture_SumVariance_AGP_5_03_256,0.09734849180072451,0.43644275985525904,0.012712665464779721,0.4534960828792369,38260.357778548,Cytoplasm,Texture,AGP
Cytoplasm_Texture_SumVariance_Mito_3_03_256,0.11232993747311863,0.39440242304980544,0.05782545205122295,0.4354421874258529,30788.235092044866,Cytoplasm,Texture,Mito
Cytoplasm_RadialDistribution_RadialCV_mito_tubeness_17of20,0.06511774004150021,0.6927871167133585,0.05076207119672018,0.19133307204842098,16763.089505120945,Cytoplasm,RadialDistribution,
Cells_Texture_DifferenceEntropy_ER_10_01_256,0.01198067369936742,0.8557266997342985,0.04827436735793738,0.08401825920839658,9929.599669083886,Cells,Texture,ER
Image_Texture_InfoMeas2_Mito_3_01_256,0.24410703122330038,0.453459164162568,0.07182658015616175,0.2306072244579699,69075.74319396133,Image,Texture,Mito
Cells_Texture_DifferenceVariance_AGP_10_00_256,0.003213725029044092,0.8914705002988889,0.07792342443156401,0.027392350240503044,493360.7409873557,Cells,Texture,AGP
Cytoplasm_Texture_InfoMeas2_AGP_3_00_256,0.004440668391951743,0.9428244624396861,0.03204106310164519,0.020693806066716874,29030.06574761557,Cytoplasm,Texture,AGP
Cells_Parent_CellsIncludingEdges,0.0690735936504084,0.8232397207388165,0.009271837592988455,0.0984148480177867,6620.7630496594165,Cells,Parent,
Cells_Texture_Entropy_RNA_10_02_256,0.007541504019622608,0.8862452864350375,0.03687383597828566,0.06933937356705423,14901.927491038961,Cells,Texture,RNA
Cells_Texture_SumEntropy_DNA_10_00_256,0.003960236974139096,0.971046355891956,0.005953117443055111,0.01904028969084965,5466.053265731855,Cells,Texture,DNA
Cytoplasm_Granularity_4_ER,0.14230747627458604,0.5002458097667366,0.028803406878619882,0.3286433070800576,14195.367288860902,Cytoplasm,Granularity,ER
Cells_RadialDistribution_MeanFrac_ER_4of4,0.038526042422513805,0.7101171533298565,0.03825338404692758,0.21310342020070216,7401.599536912836,Cells,RadialDistribution,ER
Cytoplasm_Texture_AngularSecondMoment_DNA_10_03_256,0.004325984719963911,0.9363011146503195,0.027944183722082395,0.03142871690763408,8873.102068036515,Cytoplasm,Texture,DNA
Image_Texture_InfoMeas2_ER_3_00_256,0.4628852968330576,0.1446769778994347,0.019106896128140274,0.3733308291393675,143753.3999956424,Image,Texture,ER
Cells_RadialDistribution_FracAtD_DNA_2of4,0.025600050940416983,0.8141758305066735,0.01746595044096075,0.14275816811194864,15663.295888625253,Cells,RadialDistribution,DNA
Image_Texture_InverseDifferenceMoment_ER_10_01_256,0.1238759263131959,0.7511093148312459,0.01300494895248828,0.11200980990306998,11766.262650714092,Image,Texture,ER
Nuclei_Intensity_MinIntensityEdge_RNA,0.003839003126519113,0.9571419074613322,0.009820980577926124,0.02919810883422263,10242.210693275028,Nuclei,Intensity,RNA
Image_Texture_AngularSecondMoment_DNA_3_02_256,0.02805379761095834,0.8962208575130262,0.00881585711596138,0.06690948776005418,5419.389418101882,Image,Texture,DNA
Nuclei_Texture_InfoMeas2_ER_10_02_256,0.013792939583357392,0.8818438898188502,0.042305094506863296,0.062058076090929004,9209.227515112641,Nuclei,Texture,ER
Cytoplasm_Texture_InfoMeas2_AGP_10_01_256,0.012256670529533739,0.9355698334400631,0.02064846574089263,0.03152503028951074,24360.171138616977,Cytoplasm,Texture,AGP
Cytoplasm_Texture_Variance_Mito_5_00_256,0.12762960962056466,0.3544097571278365,0.06135194450218242,0.4566086887494164,31995.389191455088,Cytoplasm,Texture,Mito
Cells_AreaShape_Zernike_7_5,0.210022329030892,0.20707792103207062,0.03390479158533952,0.5489949583516978,45693.62824197816,Cells,AreaShape,
Image_Texture_SumEntropy_DNA_10_03_256,0.021017091823301293,0.9401483400839993,0.0036486780422044563,0.03518589005049492,21654.89888999589,Image,Texture,DNA
Nuclei_Texture_InfoMeas1_DNA_10_00_256,0.06099445537997118,0.7932928508672955,0.02669006085343316,0.11902263289930021,10152.245247257966,Nuclei,Texture,DNA
Cytoplasm_Correlation_Manders_ER_RNA,0.22454702976817026,0.4140395788456845,0.024829807570144115,0.33658358381600123,132099.05332415833,Cytoplasm,Correlation,ER
Cytoplasm_Granularity_14_DNA,0.010060820882596109,0.6304710782642943,0.09763504098632776,0.2618330598667818,127057.69518146614,Cytoplasm,Granularity,DNA
Cytoplasm_RadialDistribution_MeanFrac_ER_3of4,0.12169616284261096,0.4537991664419065,0.0879160311473794,0.3365886395681031,18985.634036564734,Cytoplasm,RadialDistribution,ER
Cytoplasm_RadialDistribution_FracAtD_mito_tubeness_19of20,0.048582389184914615,0.6103074271991807,0.04502277162995983,0.2960874119859448,15254.31692444963,Cytoplasm,RadialDistribution,
Cytoplasm_RadialDistribution_FracAtD_mito_tubeness_9of16,0.05974682916362702,0.46220397761199666,0.12158046489852183,0.3564687283258545,414499.2587858577,Cytoplasm,RadialDistribution,
Cytoplasm_Texture_InfoMeas1_DNA_3_01_256,0.00343011749207141,0.9683498045186067,0.0032767366424803065,0.024943341346841494,4436.623285170053,Cytoplasm,Texture,DNA
Cytoplasm_Texture_AngularSecondMoment_Mito_10_00_256,0.02357838788718111,0.5821536112145148,0.15320088334322207,0.24106711755508192,34614.830681561885,Cytoplasm,Texture,Mito
Image_Texture_SumEntropy_AGP_10_00_256,0.10531299874242672,0.7635076463970725,0.01955593478877944,0.11162342007172124,6541.455157603383,Image,Texture,AGP
Nuclei_Texture_AngularSecondMoment_ER_5_00_256,0.01828533576748357,0.6618581793844385,0.11615985139005977,0.20369663345801806,145277.99053502138,Nuclei,Texture,ER
Cells_Correlation_RWC_ER_RNA,0.017402392321135524,0.716579601431892,0.10044402173379317,0.1655739845131794,108498.28687297316,Cells,Correlation,ER
Cells_Texture_DifferenceEntropy_RNA_3_02_256,0.01127869006258307,0.883981539247811,0.02541046519031162,0.07932930549929423,11923.01088424166,Cells,Texture,RNA
Cytoplasm_Granularity_13_AGP,0.17940530362508494,0.4460290684203688,0.011421610136629283,0.3631440178179171,16606.12588002457,Cytoplasm,Granularity,AGP
Image_Texture_InverseDifferenceMoment_DNA_5_02_256,0.015368143737357747,0.9447504942461957,0.0029592691596378026,0.03692209285680888,17751.361363308082,Image,Texture,DNA
Image_Granularity_15_Mito,0.15815551464433586,0.1494651565841419,0.01182746416578731,0.680551864605735,18449.27373245806,Image,Granularity,Mito
Cytoplasm_Texture_SumEntropy_ER_5_03_256,0.010226988026310998,0.8850860603032014,0.048390554068599004,0.056296397601888475,10217.217754400817,Cytoplasm,Texture,ER
Image_Granularity_3_AGP,0.026938697388049257,0.7944583118443366,0.03268602876853546,0.14591696199907872,20268.385919863795,Image,Granularity,AGP
Image_Texture_SumVariance_RNA_5_03_256,0.010058809873073482,0.8883227635538948,0.02169293592634553,0.07992549064668596,47622.52857560193,Image,Texture,RNA
Nuclei_Texture_AngularSecondMoment_RNA_5_00_256,0.013588352060129046,0.8341397450980085,0.022671685591372174,0.1296002172504903,340314.3751456378,Nuclei,Texture,RNA
Image_Texture_InverseDifferenceMoment_ER_5_00_256,0.08356298745865062,0.8162169793595164,0.011538563670613825,0.08868146951121904,12889.817982330016,Image,Texture,ER
Image_ImageQuality_Correlation_OrigER_10,0.0254446003770834,0.8371743440578853,0.019383700736997814,0.11799735482803345,13762.32608490184,Image,ImageQuality,
Image_Texture_DifferenceVariance_ER_3_01_256,0.01745115117017911,0.6973006302093622,0.23712861155450987,0.0481196070659489,58781.53289647298,Image,Texture,ER
Cytoplasm_AreaShape_BoundingBoxMaximum_X,0.01706550244091337,0.5275282004810266,0.008100542449772026,0.44730575462828814,16132.279077813751,Cytoplasm,AreaShape,
Cytoplasm_Texture_AngularSecondMoment_AGP_3_03_256,0.012928198892586968,0.7790959175075934,0.14723694367136236,0.06073893992845717,295886.08137739275,Cytoplasm,Texture,AGP
Nuclei_Granularity_7_Mito,0.10331761315628077,0.4804981454942574,0.09421963227433545,0.3219646090751264,14102.167715509611,Nuclei,Granularity,Mito
Nuclei_Correlation_K_Mito_ER,0.011017752519940638,0.8934430258920371,0.0335341021415419,0.06200511944648037,193677.35522080873,Nuclei,Correlation,ER
Cytoplasm_RadialDistribution_MeanFrac_mito_tubeness_6of20,0.01721017322486445,0.5193336598315531,0.07024294744448702,0.3932132194990956,725365.4696390263,Cytoplasm,RadialDistribution,
Image_Texture_AngularSecondMoment_ER_5_00_256,0.3612427840215952,0.320201295718101,0.01824295241749876,0.3003129678428049,28179.601031143902,Image,Texture,ER
Cells_Texture_Variance_RNA_10_00_256,0.04622531883560743,0.6799238083064391,0.012664883230067672,0.26118598962788586,66696.58771103332,Cells,Texture,RNA
Cytoplasm_Texture_Entropy_ER_3_02_256,0.011869631982915298,0.8795456300995496,0.05077220119207268,0.05781253672546259,9370.46501667213,Cytoplasm,Texture,ER
Cytoplasm_Intensity_MaxIntensityEdge_ER,0.01631039023501921,0.912610865650768,0.02508137000851566,0.04599737410569707,6062.943186045715,Cytoplasm,Intensity,ER
Image_Texture_DifferenceVariance_DNA_3_00_256,0.0022682923363766057,0.9659934934565307,0.0169986935192352,0.014739520687857468,113668.29008754433,Image,Texture,DNA
Image_Texture_DifferenceVariance_RNA_3_03_256,0.006112262720271473,0.8052506917220547,0.16557378755277133,0.023063258004902533,157631.05899541036,Image,Texture,RNA
Cells_AreaShape_Extent,0.11082473554712756,0.334385768063776,0.010529862911303258,0.5442596334777933,27263.38381019994,Cells,AreaShape,
Cells_Texture_SumAverage_Mito_10_01_256,0.00911738648116571,0.9384162052594615,0.008506134705421135,0.043960273553951615,30015.885463622868,Cells,Texture,Mito
Cells_Intensity_MaxIntensityEdge_RNA,0.0094492198104522,0.9263905061391331,0.01351544555760766,0.05064482849280718,11164.103407645536,Cells,Intensity,RNA
Cytoplasm_RadialDistribution_FracAtD_mito_tubeness_20of20,0.027450988684314916,0.7149677113431182,0.04109137863602692,0.2164899213365399,232709.14968674595,Cytoplasm,RadialDistribution,
Cells_Correlation_Overlap_DNA_RNA,0.05231618703040883,0.5733005862974587,0.11947538813310254,0.2549078385390299,14313.75166347114,Cells,Correlation,DNA
Cells_Texture_InverseDifferenceMoment_DNA_10_00_256,0.0119375335713091,0.8392540342394945,0.08597087875438304,0.06283755343481343,5430.935418392787,Cells,Texture,DNA
Cells_Texture_DifferenceEntropy_AGP_5_00_256,0.011717405772390962,0.8799477391309815,0.0500329272118841,0.058301927884743567,16853.082792551344,Cells,Texture,AGP
Nuclei_Granularity_4_DNA,0.26981035319859253,0.3526337563055755,0.010620562285234324,0.36693532821059777,44355.1812161034,Nuclei,Granularity,DNA
Image_Texture_InfoMeas1_RNA_3_02_256,0.05173824927437571,0.7741945597087919,0.01120199601274839,0.1628651950040838,9004.815352781457,Image,Texture,RNA
Nuclei_Texture_InverseDifferenceMoment_RNA_3_00_256,0.005676158487094678,0.9119458552879564,0.030751101177535465,0.05162688504741347,11718.62151663312,Nuclei,Texture,RNA
Image_Texture_Entropy_RNA_5_03_256,0.12077630053360872,0.7575187322509404,0.01269359931961362,0.10901136789583735,6176.125431128587,Image,Texture,RNA
Nuclei_Texture_Entropy_AGP_10_00_256,0.004180356176537093,0.9386252430297097,0.036174316790425154,0.021020084003327985,29262.042782445867,Nuclei,Texture,AGP
Cells_RadialDistribution_MeanFrac_mito_tubeness_16of20,0.14629196115814339,0.2531452044399083,0.11199624677073149,0.4885665876312169,22143.580568097757,Cells,RadialDistribution,
Cells_Texture_SumEntropy_AGP_5_01_256,0.007408922429095874,0.9134447003463986,0.04167852938931102,0.03746784783519444,28880.82533065333,Cells,Texture,AGP
Cytoplasm_Texture_SumEntropy_Mito_10_03_256,0.020484523439092194,0.7748662948880596,0.06712431234359478,0.1375248693292533,9277.579818646058,Cytoplasm,Texture,Mito
Cytoplasm_Texture_SumEntropy_AGP_5_03_256,0.008944568177840818,0.9057554712670518,0.048533132426584746,0.036766828128522604,21628.566972134355,Cytoplasm,Texture,AGP
Nuclei_Intensity_MassDisplacement_ER,0.08971626165250282,0.4224308010555387,0.22744068040678758,0.2604122568851709,12528.462183446121,Nuclei,Intensity,ER
Cells_RadialDistribution_MeanFrac_mito_tubeness_11of20,0.04490836611407038,0.6393544209417874,0.0869753859954385,0.22876182694870364,8417.53902511541,Cells,RadialDistribution,
Cells_Texture_DifferenceVariance_AGP_5_02_256,0.004433544364840459,0.8587112980372881,0.09677925378626234,0.04007590381160902,415460.045111623,Cells,Texture,AGP
Nuclei_RadialDistribution_MeanFrac_ER_1of4,0.03387399169457246,0.6766520272698433,0.06889641176857728,0.22057756926700695,15290.700714249038,Nuclei,RadialDistribution,ER
Nuclei_Texture_SumEntropy_DNA_10_00_256,0.002656040059312319,0.9818274096283424,0.0069110717357634245,0.008605478576582018,5692.949595157425,Nuclei,Texture,DNA
Cells_RadialDistribution_MeanFrac_mito_tubeness_16of16,0.0392201506769872,0.5336088284409383,0.11439408434783896,0.31277693653423555,15435.179692752881,Cells,RadialDistribution,
Cytoplasm_Texture_AngularSecondMoment_DNA_5_02_256,0.0035386215466974343,0.9412730173490945,0.017374762797456384,0.03781359830675168,6962.447144783286,Cytoplasm,Texture,DNA
Cells_Texture_SumAverage_DNA_10_03_256,0.002856410751214736,0.9594341400275769,0.02112096562242625,0.016588483598782237,34486.000581726614,Cells,Texture,DNA
Image_ImageQuality_Scaling_OrigDNA,0.0,0.0,0.0,0.0,0.0,Image,ImageQuality,
Nuclei_Correlation_Overlap_DNA_ER,0.12243775116304785,0.4152082639857791,0.24434798230279267,0.21800600254838054,12540.435861754155,Nuclei,Correlation,DNA
Nuclei_Texture_Correlation_Mito_5_02_256,0.015840529766792164,0.8839493513911926,0.01656962335935467,0.08364049548266055,5195.409259218465,Nuclei,Texture,Mito
Cells_Correlation_RWC_DNA_Mito,0.01785491892745202,0.8643194200447617,0.050618453161953327,0.06720720786583313,21212.089345667926,Cells,Correlation,DNA
Cytoplasm_Correlation_K_ER_AGP,0.009999594660480839,0.8775383426471937,0.011606844995511775,0.10085521769681367,9502.116254525805,Cytoplasm,Correlation,AGP
Image_Texture_Entropy_Mito_3_01_256,0.06276821711972903,0.8452974558198574,0.018897264180233176,0.07303706288018039,5886.679666673076,Image,Texture,Mito
Cytoplasm_Correlation_Manders_RNA_AGP,0.06165358163420685,0.7270062573318384,0.01815597870002008,0.1931841823339346,71872.24202268315,Cytoplasm,Correlation,AGP
Nuclei_Granularity_6_DNA,0.10788302468923038,0.746106374565234,0.020955172747813805,0.12505542799772176,15893.172791143952,Nuclei,Granularity,DNA
Cytoplasm_Texture_InfoMeas2_Mito_5_01_256,0.019674425566628916,0.7945141858154482,0.046704580694146604,0.1391068079237764,7956.167824894601,Cytoplasm,Texture,Mito
Image_Texture_InfoMeas2_Mito_5_02_256,0.23059518574133894,0.4706855230856138,0.07492882039069838,0.22379047078234887,57807.7799736628,Image,Texture,Mito
Cytoplasm_Texture_Variance_Mito_10_03_256,0.1293338399595351,0.3479342001147436,0.05847364945231546,0.4642583104734058,32664.139012815307,Cytoplasm,Texture,Mito
Cytoplasm_RadialDistribution_FracAtD_mito_tubeness_8of20,0.018582803364618882,0.5041392050538466,0.07413414516922609,0.4031438464123085,879142.6479886402,Cytoplasm,RadialDistribution,
Image_ImageQuality_MaxIntensity_OrigAGP,0.004224465953383699,0.9168714266149774,0.023087781177665547,0.055816326253973286,8520.365790556027,Image,ImageQuality,
Nuclei_Texture_SumEntropy_ER_10_03_256,0.006821560716113612,0.8974923210655976,0.0412784458398577,0.05440767237843106,12673.486381691573,Nuclei,Texture,ER
Nuclei_Texture_SumVariance_Mito_10_00_256,0.16933766857242283,0.3002268380266709,0.0638475858478092,0.46658790755309704,61722.93165100053,Nuclei,Texture,Mito
Nuclei_Texture_SumVariance_AGP_10_03_256,0.09386241740553725,0.49565912444067833,0.014369097031147554,0.39610936112263684,51622.12494372327,Nuclei,Texture,AGP
Cells_RadialDistribution_RadialCV_DNA_1of4,0.025641143230313065,0.8252208928584144,0.05669711425390307,0.09244084965736944,11213.112945533889,Cells,RadialDistribution,DNA
Nuclei_Texture_Correlation_RNA_5_01_256,0.02836543732642392,0.6472956002495932,0.03868864474200318,0.2856503176819797,8692.468231162535,Nuclei,Texture,RNA
Image_Granularity_12_DNA,0.05736314831992295,0.5606057824759481,0.024105509375171568,0.3579255598289573,10078.658935617059,Image,Granularity,DNA
Image_Texture_DifferenceVariance_ER_3_02_256,0.013680616657412782,0.7082824683721871,0.23326396272376965,0.04477295224663045,57120.93458210598,Image,Texture,ER
Cells_Granularity_5_DNA,0.048835239091407474,0.7773768843593588,0.03217228042445336,0.14161559612478045,28829.87561907997,Cells,Granularity,DNA
Cytoplasm_RadialDistribution_FracAtD_AGP_3of4,0.05021514188001704,0.3595439327472426,0.01658504812285029,0.5736558772498901,40751.64346810269,Cytoplasm,RadialDistribution,AGP
Cells_Texture_AngularSecondMoment_AGP_5_01_256,0.006390546869952265,0.879935038223041,0.07377012588057417,0.03990428902643258,520658.89447608416,Cells,Texture,AGP
Nuclei_AreaShape_Center_X,0.02517854068052364,0.640586821327141,0.01193495118472547,0.32229968680760984,14217.360368441845,Nuclei,AreaShape,
Nuclei_Texture_AngularSecondMoment_DNA_3_01_256,0.0006800770347714034,0.9726058042236765,0.007159954860337152,0.019554163881214996,527652.7234194735,Nuclei,Texture,DNA
Nuclei_Texture_Entropy_DNA_3_03_256,0.003950185556100527,0.9797147361838371,0.007399940430380785,0.008935137829681708,5856.518607317578,Nuclei,Texture,DNA
Nuclei_Texture_InfoMeas2_ER_5_03_256,0.022488377185847404,0.8701122147011418,0.03874534708247587,0.06865406103053505,9451.669279241472,Nuclei,Texture,ER
Image_Intensity_LowerQuartileIntensity_Mito,0.0012869896755743177,0.971587303987896,0.0011562181764187764,0.02596948816011115,141511.5095603169,Image,Intensity,Mito
Cytoplasm_Intensity_StdIntensityEdge_DNA,0.0009774054666117245,0.9581178888835788,0.032834343237511075,0.008070362412298294,15046.593071113766,Cytoplasm,Intensity,DNA
Cytoplasm_Texture_Contrast_DNA_10_00_256,0.00938980134396206,0.8126288684749327,0.10438999542032994,0.0735913347607754,264208.2717938492,Cytoplasm,Texture,DNA
Cells_Texture_InfoMeas2_DNA_3_01_256,0.0006107402699117771,0.985837071542817,0.002761983552755932,0.0107902046345154,47724.07860410957,Cells,Texture,DNA
Cytoplasm_Texture_InfoMeas2_RNA_10_00_256,0.010892093325889259,0.8530174239857896,0.06424515603008575,0.07184532665823556,20100.21417718412,Cytoplasm,Texture,RNA
Cells_Granularity_1_Mito,0.06674036841646412,0.7200610287101278,0.05439238532636091,0.15880621754704707,6370.4212969498385,Cells,Granularity,Mito
Image_ImageQuality_Correlation_OrigRNA_50,0.09322178568552347,0.6275236397558875,0.05667012914432068,0.22258444541426833,7049.402803432856,Image,ImageQuality,
Nuclei_Texture_InfoMeas2_Mito_3_01_256,0.032282755599260624,0.7831344467446214,0.06259221770226979,0.12199057995384817,8132.830643436915,Nuclei,Texture,Mito
Cells_RadialDistribution_MeanFrac_AGP_3of4,0.1208505232768244,0.5067076508520519,0.03237980421686894,0.34006202165425475,30471.404131305593,Cells,RadialDistribution,AGP
Cytoplasm_Intensity_LowerQuartileIntensity_AGP,0.002252885275303847,0.9692405624264331,0.018871105260734565,0.009635447037528526,19483.687072432418,Cytoplasm,Intensity,AGP
Cytoplasm_RadialDistribution_MeanFrac_AGP_4of4,0.28244268403733613,0.26100299066735894,0.022148262022588197,0.43440606327271686,95310.53020192373,Cytoplasm,RadialDistribution,AGP
Cytoplasm_Texture_AngularSecondMoment_AGP_5_03_256,0.012057531250869039,0.7880713672432964,0.14180561078570092,0.05806549072013366,339539.2759593262,Cytoplasm,Texture,AGP
Image_Texture_SumEntropy_DNA_5_01_256,0.019209064085492326,0.9428686559382196,0.004061654338487138,0.03386062563780089,21497.621388895346,Image,Texture,DNA
Nuclei_Granularity_9_RNA,0.0522080118040103,0.7444461617014069,0.030931638063385097,0.17241418843119785,6957.1178640878115,Nuclei,Granularity,RNA
Nuclei_Neighbors_FirstClosestDistance_1,0.35664652338055874,0.22262522922046185,0.01821302420860977,0.40251522319036964,193670.58427764615,Nuclei,Neighbors,
Cells_Granularity_11_Mito,0.06351400569511614,0.631663172219103,0.07109212381432477,0.23373069827145604,7234.582775827653,Cells,Granularity,Mito
Cytoplasm_Texture_Contrast_Mito_10_01_256,0.14619770629239937,0.311679384027784,0.06035434763254824,0.48176856204726853,35588.759971321924,Cytoplasm,Texture,Mito
Cytoplasm_Texture_Correlation_ER_5_00_256,0.04324765658255059,0.6669351831196701,0.06116163005483799,0.22865553024294122,21267.818410466694,Cytoplasm,Texture,ER
Image_ImageQuality_Correlation_OrigAGP_20,0.007513706987768297,0.9271133126079014,0.01574770553821311,0.04962527486611717,7078.188051565034,Image,ImageQuality,
Cells_Correlation_K_RNA_Mito,0.035055323306316874,0.8314083892408659,0.018448438264126666,0.11508784918869051,20692.423046038442,Cells,Correlation,Mito
Nuclei_Granularity_8_Mito,0.03852447323582994,0.6311558360538201,0.10013288071700925,0.2301868099933407,8897.659562879102,Nuclei,Granularity,Mito
Cytoplasm_Texture_DifferenceEntropy_Mito_10_02_256,0.035483984281508195,0.7230808886770209,0.07316393320661049,0.16827119383486036,10011.5703494757,Cytoplasm,Texture,Mito
Image_Texture_Contrast_DNA_3_01_256,0.0006971671423658741,0.9622637204295835,0.027199052457019812,0.00984005997103073,689162.6479192106,Image,Texture,DNA
Image_Granularity_15_RNA,0.12747353071177123,0.3920713965764064,0.02567338680661876,0.45478168590520374,16031.293059857813,Image,Granularity,RNA
Image_Intensity_MaxIntensity_ER,0.007102849912081972,0.8374369766505932,0.04427817345103792,0.11118199998628683,6250.067102470585,Image,Intensity,ER
Nuclei_Intensity_MinIntensityEdge_AGP,0.0012444288270068915,0.9798501794862627,0.011103064781382463,0.007802326905347782,12497.99445214125,Nuclei,Intensity,AGP
Nuclei_Texture_InfoMeas1_Mito_10_03_256,0.3125737568119389,0.2362213286334806,0.04373867160021526,0.4074662429543652,18864.996290506082,Nuclei,Texture,Mito
Cells_Texture_InfoMeas1_RNA_3_02_256,0.030371141630490126,0.43485457113244685,0.30449412282260135,0.23028016441446172,21430.474691832253,Cells,Texture,RNA
Cells_Texture_SumVariance_DNA_3_02_256,0.011387921293104803,0.8771189194771516,0.05796352817830861,0.0535296310514348,438965.12609194464,Cells,Texture,DNA
Cells_Granularity_5_Mito,0.29738531526752854,0.25430394634347514,0.005364026518184892,0.4429467118708115,28667.970495303445,Cells,Granularity,Mito
Image_Texture_Variance_ER_10_03_256,0.009987224536436419,0.8520264984623194,0.05509398073220221,0.08289229626904206,18740.939926164614,Image,Texture,ER
Cytoplasm_Texture_Entropy_ER_5_02_256,0.011022213018531717,0.8861137431958285,0.04861066978930616,0.05425337399633387,9328.292795656895,Cytoplasm,Texture,ER
Cytoplasm_Intensity_MaxIntensity_DNA,0.0036856044198141573,0.9515321039574782,0.026896992404049237,0.017885299218658366,13802.629326247894,Cytoplasm,Intensity,DNA
Cells_Correlation_K_ER_AGP,0.009220169921835225,0.8961110367737417,0.011362181762392589,0.08330661154203042,8496.007936383441,Cells,Correlation,AGP
Nuclei_Texture_InfoMeas2_ER_3_00_256,0.008173524028956589,0.8736463021355944,0.04446148917188779,0.07371868466356134,10803.717193279084,Nuclei,Texture,ER
Nuclei_Texture_DifferenceEntropy_Mito_10_00_256,0.06634586850169404,0.7396977832132245,0.048422199494727015,0.14553414879035428,7141.513315333206,Nuclei,Texture,Mito
Nuclei_Texture_Entropy_ER_10_02_256,0.005040869629220243,0.9064657955978873,0.04239253700221156,0.04610079777068088,12890.68771411026,Nuclei,Texture,ER
Cytoplasm_Texture_DifferenceEntropy_ER_3_02_256,0.02847919247748404,0.806593917485711,0.06285124088301718,0.10207564915378795,7664.744387383544,Cytoplasm,Texture,ER
Image_Granularity_8_RNA,0.11627285034818961,0.47535158562916496,0.06503276634101954,0.3433427976816259,15149.96725874626,Image,Granularity,RNA
Cytoplasm_RadialDistribution_FracAtD_DNA_2of4,0.016247725521408237,0.6882848246464203,0.01452406350562662,0.2809433863265449,17562.544159651887,Cytoplasm,RadialDistribution,DNA
Nuclei_Texture_DifferenceEntropy_AGP_3_00_256,0.010669180655044979,0.909673096790733,0.04165232845022294,0.03800539410399896,18374.60159271804,Nuclei,Texture,AGP
Nuclei_Correlation_K_AGP_Mito,0.009181613691595767,0.9294848907673858,0.009312274059343439,0.05202122148167492,101242.46299921144,Nuclei,Correlation,AGP
Cells_AreaShape_Zernike_6_4,0.15973452298765858,0.2143795845468389,0.01616853472267381,0.6097173577428286,25687.22297775931,Cells,AreaShape,
Nuclei_Intensity_MeanIntensity_ER,0.01639684008849785,0.9218172141140044,0.009471416886681376,0.0523145289108164,6172.257964520916,Nuclei,Intensity,ER
Image_Texture_InfoMeas2_RNA_5_00_256,0.4341454252002588,0.17788586135048381,0.035732581446919244,0.35223613200233805,164008.93308119735,Image,Texture,RNA
Cytoplasm_Texture_InfoMeas2_AGP_5_00_256,0.006592165317556068,0.9488191856499171,0.021883366005948198,0.022705283026578576,30934.823108063538,Cytoplasm,Texture,AGP
Cells_Texture_Variance_DNA_5_03_256,0.013732417007718269,0.8667483958846107,0.057848076155000615,0.0616711109526704,426604.99705989717,Cells,Texture,DNA
Cells_Texture_DifferenceVariance_AGP_5_00_256,0.004676277046171757,0.8526145792427413,0.10289509730326418,0.039814046407822566,411717.1971250345,Cells,Texture,AGP
Image_Texture_Contrast_ER_5_00_256,0.010526836421312517,0.83358069165042,0.09239960845988401,0.06349286346838333,24888.82980621,Image,Texture,ER
Image_Texture_SumVariance_Mito_10_00_256,0.007624834200528992,0.7341547024563143,0.035556313877418685,0.22266414946573798,37252.97315207678,Image,Texture,Mito
Image_Texture_InfoMeas1_RNA_10_01_256,0.12457293599632344,0.6346606838593343,0.02137112455701533,0.219395255587327,10485.380506023965,Image,Texture,RNA
Cytoplasm_Texture_InverseDifferenceMoment_DNA_3_03_256,0.001357607773299772,0.89049076739087,0.06775757669235964,0.04039404814347063,13991.72499841138,Cytoplasm,Texture,DNA
Cytoplasm_Texture_InfoMeas2_DNA_3_01_256,0.0037254897198153595,0.9786626663563495,0.005761213333262714,0.011850630590572458,3930.6062874678432,Cytoplasm,Texture,DNA
Cytoplasm_Texture_SumAverage_AGP_10_00_256,0.0022924573584552285,0.9631645395072613,0.022467568946363745,0.012075434187919896,8711.416806282454,Cytoplasm,Texture,AGP
Image_Intensity_StdIntensity_RNA_BackgroundOnly,0.010025593015112516,0.800843624078777,0.008386177180958524,0.18074460572515189,41243.54601450965,Image,Intensity,RNA
Nuclei_Texture_InverseDifferenceMoment_AGP_3_01_256,0.009982366947216853,0.915284520310059,0.04302708433943936,0.031706028403284826,19866.86951621973,Nuclei,Texture,AGP
Image_Texture_Variance_RNA_3_01_256,0.009706131674872033,0.8917292394254626,0.021741486524557242,0.07682314237510815,49441.124053186024,Image,Texture,RNA
Nuclei_Texture_SumAverage_Mito_10_02_256,0.025089073759120353,0.8799650953097166,0.012453161790519219,0.08249266914064377,23381.168017280703,Nuclei,Texture,Mito
Nuclei_Texture_SumEntropy_DNA_5_02_256,0.005768870249650987,0.9764713897656814,0.006731729776166037,0.011028010208501702,5922.492829113112,Nuclei,Texture,DNA
Cells_Texture_Entropy_Mito_3_01_256,0.023195735156870324,0.7890110825806644,0.06294826486312212,0.12484491739934316,7551.6286395620145,Cells,Texture,Mito
Image_Texture_Entropy_ER_10_02_256,0.12565350985590928,0.7475576471293102,0.013535027773220633,0.11325381524155997,13421.851025966425,Image,Texture,ER
Cells_Granularity_8_DNA,0.05860747681551356,0.8113562591015653,0.018422033423131996,0.11161423065978911,21041.40862239546,Cells,Granularity,DNA
Cells_Texture_SumEntropy_RNA_3_02_256,0.008548146393251067,0.8740443621664213,0.04237913550127606,0.0750283559390515,16123.091099359819,Cells,Texture,RNA
Cytoplasm_Texture_Variance_Mito_5_03_256,0.13036973702375854,0.3481829089570476,0.06071376496535617,0.4607335890538377,32638.355594416746,Cytoplasm,Texture,Mito
Cytoplasm_Texture_Contrast_Mito_5_02_256,0.18543674580138772,0.2357620560947142,0.06819801936457462,0.5106031787393234,38670.72433068871,Cytoplasm,Texture,Mito
Cytoplasm_Intensity_MeanIntensityEdge_DNA,0.0006804938661920055,0.9759343338085505,0.015313092386348776,0.008072079938908613,31537.851070519162,Cytoplasm,Intensity,DNA
Image_Texture_InfoMeas1_AGP_10_00_256,0.09578881295542471,0.6487463540452688,0.04474297018117181,0.21072186281813463,11973.08060157387,Image,Texture,AGP
Image_Texture_Variance_Mito_3_02_256,0.0075115608815834395,0.7440731372710299,0.040096611086838096,0.20831869076054862,34134.46277798578,Image,Texture,Mito
Nuclei_Texture_InverseDifferenceMoment_ER_5_01_256,0.010203154592375663,0.8707021490792315,0.05342721008693856,0.06566748624145424,14682.094698915365,Nuclei,Texture,ER
Cells_RadialDistribution_FracAtD_mito_tubeness_14of20,0.14557210756792224,0.5347095624337386,0.013428812435167265,0.3062895175631719,7986.493557012846,Cells,RadialDistribution,
Cells_Texture_InfoMeas1_ER_10_00_256,0.05011565602528594,0.5884308622831976,0.08820604092547374,0.2732474407660427,15796.275348064788,Cells,Texture,ER
Nuclei_Texture_SumVariance_ER_5_02_256,0.07315010564765786,0.5851952329425427,0.01392404410681205,0.3277306173029874,64060.20212651854,Nuclei,Texture,ER
Cells_Texture_Correlation_ER_3_02_256,0.017521845822665017,0.7347026880480568,0.11413627378547987,0.1336391923437982,21494.878732858157,Cells,Texture,ER
Image_Texture_SumVariance_DNA_10_02_256,0.0005372500880479897,0.9807799739897813,0.011224731860275953,0.007458044061894703,758128.0781593032,Image,Texture,DNA
Image_Texture_AngularSecondMoment_RNA_5_03_256,0.34561460413715084,0.3571495004597205,0.02282560932866608,0.27441028607446255,41652.80294291703,Image,Texture,RNA
Cytoplasm_Correlation_RWC_RNA_Mito,0.05011114724638251,0.7501427283281954,0.08569898376591613,0.11404714065950605,13514.883927071722,Cytoplasm,Correlation,Mito
Cells_Granularity_8_AGP,0.28390101182865746,0.3168713045283581,0.021994514872824916,0.3772331687701595,37880.6159814359,Cells,Granularity,AGP
Cells_Texture_Contrast_ER_10_03_256,0.12158396544315647,0.38702014591758754,0.02281911937429678,0.4685767692649593,51837.2789941729,Cells,Texture,ER
Cells_RadialDistribution_MeanFrac_mito_tubeness_Overflow,0.0,0.0,0.0,0.0,0.0,Cells,RadialDistribution,
Image_Granularity_8_DNA,0.11885887711928601,0.7010552346436322,0.018602197310327914,0.16148369092675396,8254.001976803958,Image,Granularity,DNA
Image_Intensity_MeanIntensity_AGP__BackgroundOnly,0.0009586731838991407,0.9803908587015291,0.001106058458272017,0.0175444096562997,110080.06361904589,Image,Intensity,AGP
Image_Texture_Correlation_DNA_3_00_256,0.013226302411442608,0.891127352205019,0.04715476454947851,0.04849158083405973,22052.907711997286,Image,Texture,DNA
Nuclei_Granularity_13_ER,0.14255125886749512,0.5905810564292869,0.02927112938404563,0.2375965553191722,13511.454594923129,Nuclei,Granularity,ER
Cells_Texture_Entropy_ER_5_01_256,0.008521184029128215,0.8799360894843715,0.04799297471158812,0.06354975177491214,9962.629700250554,Cells,Texture,ER
Cytoplasm_Intensity_StdIntensity_AGP,0.049741362316423635,0.7535028742196178,0.02356614173853482,0.17318962172542385,14072.631892934092,Cytoplasm,Intensity,AGP
Cytoplasm_Texture_DifferenceVariance_DNA_5_00_256,0.0008658417359051378,0.9769470388589587,0.006794101824687746,0.015393017580448374,26206.836779949073,Cytoplasm,Texture,DNA
Nuclei_Granularity_6_RNA,0.18243737854078293,0.4432820610468197,0.050343938685165394,0.32393662172723203,12040.329858864905,Nuclei,Granularity,RNA
Cells_Texture_InverseDifferenceMoment_DNA_5_01_256,0.01080029314737499,0.8739457594453411,0.05338528503415003,0.061868662373133806,6589.246639350173,Cells,Texture,DNA
Cells_AreaShape_Zernike_6_0,0.21593979702934435,0.1393887436290184,0.0102820665303681,0.6343893928112692,51081.50929132519,Cells,AreaShape,
Cells_Texture_Contrast_Mito_3_00_256,0.20882364890263927,0.20356515754493226,0.07299936418052458,0.5146118293719039,43737.00322891625,Cells,Texture,Mito
Cells_Texture_Variance_Mito_3_01_256,0.15221763030468002,0.32172689731544424,0.045353808881520276,0.4807016634983555,41273.70315442158,Cells,Texture,Mito
Cytoplasm_Granularity_16_Mito,0.18754112015795396,0.342623287532509,0.028378418003060037,0.4414571743064771,16177.385027829392,Cytoplasm,Granularity,Mito
Cytoplasm_RadialDistribution_FracAtD_mito_tubeness_15of20,0.025633208377402152,0.7750776273060404,0.011944163181553405,0.187345001135004,10011.470415854565,Cytoplasm,RadialDistribution,
Cytoplasm_RadialDistribution_RadialCV_mito_tubeness_6of20,0.019198492661939574,0.4455928115462384,0.03395299798202733,0.5012556978097947,545047.5888443241,Cytoplasm,RadialDistribution,
Image_Texture_InfoMeas2_ER_10_03_256,0.37181764788084526,0.15544388241934345,0.029921317464732207,0.4428171522350791,40340.2385600695,Image,Texture,ER
Cells_Texture_DifferenceVariance_Mito_10_00_256,0.009893793716729906,0.5810611232849106,0.13734196541229612,0.27170311758606325,45686.103952809266,Cells,Texture,Mito
Cells_Texture_InfoMeas1_DNA_5_00_256,0.001372047840388175,0.9831057855846039,0.00254505274795854,0.012977113827049358,28163.633321456065,Cells,Texture,DNA
Nuclei_Location_CenterMassIntensity_Z_RNA,0.0,0.0,0.0,0.0,0.0,Nuclei,Location,RNA
Cells_Neighbors_AngleBetweenNeighbors_Adjacent,0.39615723911596545,0.22992041804516597,0.020113751337241435,0.3538085915016271,46162.54615480727,Cells,Neighbors,
Nuclei_AreaShape_MeanRadius,0.09463043966947891,0.6560284746204735,0.1104991961962418,0.13884188951380572,10840.172641411657,Nuclei,AreaShape,
Nuclei_Texture_DifferenceEntropy_AGP_5_03_256,0.011812000757926117,0.9152395084680117,0.03705603159330534,0.03589245918075687,21214.44851950371,Nuclei,Texture,AGP
Nuclei_Texture_Contrast_DNA_10_02_256,0.039776205999382995,0.7806007131812589,0.0431113579662725,0.13651172285308566,384134.3079550548,Nuclei,Texture,DNA
Cytoplasm_Texture_SumAverage_AGP_10_01_256,0.0022738404413511462,0.9637345336957588,0.02214437160346345,0.011847254259426641,8681.22427909029,Cytoplasm,Texture,AGP
Image_Intensity_LowerQuartileIntensity_AGP,0.0011322159212223792,0.9838660548897443,0.004970654941724365,0.010031074247309013,138201.76864632271,Image,Intensity,AGP
Nuclei_AreaShape_MaxFeretDiameter,0.20037682836753531,0.4969169486872523,0.07561809479875735,0.22708812814645496,17306.00594193025,Nuclei,AreaShape,
Image_Texture_Contrast_Mito_10_00_256,0.00920786482738512,0.7594088718557238,0.06815035889323486,0.16323290442365626,31807.323735951482,Image,Texture,Mito
Cells_AreaShape_Zernike_8_6,0.25084305347857094,0.170829801778484,0.027992090947440842,0.5503350537955042,38248.706660183976,Cells,AreaShape,
Cytoplasm_Granularity_6_ER,0.31209121449295874,0.2578680194728957,0.010975070590062424,0.4190656954440832,47278.26049483701,Cytoplasm,Granularity,ER
Image_ImageQuality_StdIntensity_OrigAGP,0.012504700274355069,0.9236624703617642,0.027762009536391546,0.03607081982748907,5671.099124862326,Image,ImageQuality,
Image_Texture_SumEntropy_Mito_5_01_256,0.0815916158399791,0.8122107861938114,0.02147861123245704,0.0847189867337526,5674.742703123542,Image,Texture,Mito
Nuclei_Neighbors_AngleBetweenNeighbors_1,0.405313787515281,0.1989135704244634,0.0040186702528445094,0.3917539718074112,56704.007804848094,Nuclei,Neighbors,
Nuclei_Texture_Contrast_ER_5_02_256,0.10101732183448868,0.5138342192592038,0.014502411360242988,0.37064604754606456,58675.16034152701,Nuclei,Texture,ER
Nuclei_Texture_InverseDifferenceMoment_ER_3_00_256,0.017090078390596744,0.8575716247780243,0.0497034911231805,0.0756348057081984,9428.13423356318,Nuclei,Texture,ER
Cells_Texture_Entropy_AGP_5_02_256,0.006940985375275893,0.911312830419909,0.04564152479598644,0.036104659408828586,22452.476288009544,Cells,Texture,AGP
Image_Granularity_4_Mito,0.055704181233903145,0.7140263940466746,0.07506725892841208,0.15520216579101026,11980.305769190276,Image,Granularity,Mito
Nuclei_Correlation_K_ER_RNA,0.0026275104898387945,0.968037684656549,0.017958787240420243,0.011376017613191994,48252.63899960571,Nuclei,Correlation,ER
Cytoplasm_Texture_InfoMeas2_ER_5_01_256,0.010682323208766269,0.8711568773957121,0.06010186207325526,0.05805893732226647,16217.71991112663,Cytoplasm,Texture,ER
Cells_Texture_DifferenceEntropy_DNA_3_01_256,0.009654816762608289,0.9483805762034483,0.012470272888033863,0.029494334145909584,5670.695870025389,Cells,Texture,DNA
Cytoplasm_Texture_DifferenceVariance_AGP_10_01_256,0.0035285619811411643,0.8884621860467601,0.08101729050362629,0.026991961468472596,519543.7028357947,Cytoplasm,Texture,AGP
Cells_Texture_DifferenceEntropy_AGP_5_02_256,0.012093832803913959,0.8835636837080263,0.04782873100350248,0.05651375248455724,17630.286415183164,Cells,Texture,AGP
Cells_Texture_Entropy_DNA_5_01_256,0.005785260676076163,0.9641091643536348,0.006796814489072563,0.023308760481216516,5383.73733203825,Cells,Texture,DNA
Nuclei_Texture_InfoMeas2_AGP_3_02_256,0.005949683796952448,0.9494354429426229,0.0293880112327744,0.015226862027650268,51595.68244859179,Nuclei,Texture,AGP
Cells_RadialDistribution_MeanFrac_RNA_1of4,0.08619783682311725,0.444907759355487,0.03681270506043238,0.4320816987609635,15271.158727277256,Cells,RadialDistribution,RNA
Cytoplasm_Texture_Correlation_AGP_3_02_256,0.009383736745812832,0.8683061736486414,0.02626778968729335,0.09604229991825243,10806.172668459376,Cytoplasm,Texture,AGP
Cells_Texture_Contrast_DNA_5_01_256,0.02762064536296293,0.7914445721180827,0.07310707281793949,0.1078277097010149,412818.32827315165,Cells,Texture,DNA
Cells_Texture_SumVariance_DNA_10_01_256,0.008434097789831585,0.8990578745321132,0.05001534022758705,0.04249268745046812,378623.0827627767,Cells,Texture,DNA
Cells_AreaShape_EquivalentDiameter,0.10165058711489683,0.30271997425524316,0.04015144445336658,0.5554779941764934,56542.94681295367,Cells,AreaShape,
Image_Texture_Correlation_ER_3_00_256,0.05531098421272425,0.7447262872409176,0.02348548123910082,0.1764772473072572,12935.790711497451,Image,Texture,ER
Nuclei_Texture_AngularSecondMoment_Mito_10_00_256,0.017393700414893125,0.7342193620963475,0.10033446368598818,0.1480524738027711,22918.336628735546,Nuclei,Texture,Mito
Nuclei_Texture_Correlation_RNA_3_00_256,0.022184995423939258,0.8732788569606592,0.032656078442215186,0.07188006917318639,5733.622585206358,Nuclei,Texture,RNA
Cells_Correlation_Overlap_ER_RNA,0.020391703746439636,0.8393159143593415,0.02456497351327662,0.11572740838094213,16148.508379234796,Cells,Correlation,ER
Cytoplasm_Texture_Entropy_Mito_3_01_256,0.018690531892162476,0.8064609519595091,0.06308865968936715,0.11175985645896122,7566.263831636171,Cytoplasm,Texture,Mito
Cytoplasm_Texture_Contrast_RNA_5_01_256,0.030739989962179547,0.7963953087740795,0.0034745551691406575,0.16939014609460035,93990.68223224666,Cytoplasm,Texture,RNA
Image_ImageQuality_Correlation_OrigDNA_5,0.10111377230256362,0.6808433617975422,0.027243463146597736,0.1907994027532964,8065.277429748835,Image,ImageQuality,
Cytoplasm_Correlation_RWC_DNA_RNA,0.0022892918705788986,0.9414789658538196,0.01563033958559512,0.0406014026900063,30239.73511589592,Cytoplasm,Correlation,DNA
Cytoplasm_Granularity_4_Mito,0.09318771076046359,0.5790509184977521,0.04039011706952071,0.2873712536722634,12197.097172504544,Cytoplasm,Granularity,Mito
Cytoplasm_Texture_InfoMeas2_RNA_5_01_256,0.016939960860806205,0.7854111166697509,0.11441290615490425,0.08323601631453867,22822.359771636282,Cytoplasm,Texture,RNA
Image_Granularity_5_DNA,0.1214410757179738,0.6191919276260426,0.03701926676541901,0.22234772989056456,27387.205721429076,Image,Granularity,DNA
Cytoplasm_Texture_SumVariance_ER_3_01_256,0.06546660037968213,0.591214610975908,0.07124943274125922,0.27206935590315073,14316.649347767428,Cytoplasm,Texture,ER
Nuclei_RadialDistribution_FracAtD_ER_2of4,0.10227569819187339,0.41681530761508884,0.08301670018439791,0.3978922940086399,22321.602932260605,Nuclei,RadialDistribution,ER
Nuclei_Texture_Variance_Mito_5_02_256,0.20423056443199153,0.24990079003979124,0.0668533730248302,0.479015272503387,68850.01563986979,Nuclei,Texture,Mito
Cells_Texture_Contrast_Mito_10_00_256,0.1942653726302147,0.23468646948961364,0.05290254266933749,0.518145615210834,47456.49819760153,Cells,Texture,Mito
Image_Texture_Contrast_AGP_10_03_256,0.013076130580755645,0.8628647904312977,0.032298835591867484,0.09176024339607912,9728.139457974577,Image,Texture,AGP
Cytoplasm_Texture_InfoMeas2_RNA_3_03_256,0.026098645681028345,0.6789021618399451,0.18499191919624192,0.11000727328278481,27398.1295079913,Cytoplasm,Texture,RNA
Cells_AreaShape_MedianRadius,0.06948765924988115,0.32430964195841727,0.027290477513953724,0.5789122212777479,41408.45350617569,Cells,AreaShape,
Cytoplasm_AreaShape_Zernike_8_2,0.2064208350591011,0.3092376082911089,0.012210755422990372,0.4721308012267996,19038.369775558393,Cytoplasm,AreaShape,
Cells_Texture_DifferenceVariance_ER_5_01_256,0.021763599050160547,0.6267134758449314,0.10537951467060727,0.24614341043430069,121965.24817402207,Cells,Texture,ER
Nuclei_Correlation_Correlation_ER_RNA,0.052821725174296834,0.5698043153476782,0.09260934612067953,0.28476461335734543,16125.116397045107,Nuclei,Correlation,ER
Nuclei_Texture_InverseDifferenceMoment_RNA_10_01_256,0.004686929373423942,0.897082404525063,0.03657021172237783,0.061660454379135275,27099.863056568203,Nuclei,Texture,RNA
Image_Intensity_MaxIntensity_ER__BackgroundOnly,0.02739189127711472,0.6782820706538091,0.04888207631247564,0.24544396175660058,7854.493951103421,Image,Intensity,ER
Image_Texture_SumEntropy_DNA_5_00_256,0.01836567398097194,0.9442334227453949,0.004188300993788121,0.033212602279845224,21325.24073047311,Image,Texture,DNA
Cytoplasm_AreaShape_Zernike_7_3,0.22824191172234712,0.18902829978711783,0.017456142896950636,0.5652736455935844,43367.73642853543,Cytoplasm,AreaShape,
Cytoplasm_Granularity_12_AGP,0.20496616394971406,0.4179121287213866,0.012653066813710943,0.3644686405151883,19075.689841429907,Cytoplasm,Granularity,AGP
Cells_Granularity_7_DNA,0.09724102483448414,0.7649152730935919,0.02745127661987081,0.11039242545205313,19283.676842769575,Cells,Granularity,DNA
Nuclei_Texture_DifferenceVariance_DNA_5_01_256,0.0006894066989503793,0.9545599026395925,0.022187494622268766,0.022563196039188438,439844.4021419924,Nuclei,Texture,DNA
Image_Texture_InfoMeas2_AGP_5_03_256,0.1997759514658929,0.48926331617069113,0.022613951897638537,0.28834678046577755,43495.922212355115,Image,Texture,AGP
Nuclei_Texture_Variance_RNA_10_00_256,0.03645447217368415,0.7374546076723805,0.029198432860417615,0.1968924872935178,86167.927227092,Nuclei,Texture,RNA
Nuclei_Intensity_MassDisplacement_AGP,0.0726179429994757,0.7717988775729947,0.028799832709845926,0.12678334671768363,13717.48328862639,Nuclei,Intensity,AGP
Image_Texture_Variance_DNA_5_02_256,0.0005396796061441422,0.9809023050120385,0.011232842833808574,0.007325172548008646,757632.405356512,Image,Texture,DNA
Nuclei_ObjectSkeleton_TotalObjectSkeletonLength_mito_skel,0.3494930670577124,0.038226439679505814,0.0061214816507940435,0.6061590116119878,198302.4052063579,Nuclei,ObjectSkeleton,
Nuclei_Texture_InfoMeas1_ER_5_03_256,0.13141851383318062,0.6087593107750002,0.01767998360698752,0.24214219178483162,11981.530564310833,Nuclei,Texture,ER
Cytoplasm_RadialDistribution_MeanFrac_mito_tubeness_10of20,0.03707799868007371,0.6286983626023028,0.07763343574137781,0.2565902029762456,575541.8456155652,Cytoplasm,RadialDistribution,
Image_Texture_Correlation_Mito_10_00_256,0.02924769667519861,0.8496771620850672,0.017723151683581236,0.10335198955615292,9972.040751023746,Image,Texture,Mito
Cells_Granularity_9_ER,0.03248562956294444,0.7932225471897983,0.02274277940613651,0.1515490438411208,7184.011682871236,Cells,Granularity,ER
Cytoplasm_Granularity_13_ER,0.12184441767857966,0.646990521434761,0.029944566486453657,0.20122049440020576,9859.313073555248,Cytoplasm,Granularity,ER
Image_Texture_InfoMeas1_DNA_5_03_256,0.09730004912181056,0.5879073236191056,0.07481349649583333,0.23997913076325042,18172.928703267964,Image,Texture,DNA
Nuclei_Texture_AngularSecondMoment_ER_10_02_256,0.016889055808416598,0.6670397972232015,0.12429778496653196,0.1917733620018499,165423.79122519703,Nuclei,Texture,ER
Cytoplasm_AreaShape_Zernike_6_6,0.2715301446132322,0.19463614130000975,0.053784989893835566,0.48004872419292255,40631.370217413576,Cytoplasm,AreaShape,
Cytoplasm_Texture_Correlation_ER_10_02_256,0.07441452075751474,0.3898350578759398,0.08233165191372332,0.45341876945282217,20823.090285960643,Cytoplasm,Texture,ER
Image_Texture_Entropy_DNA_5_03_256,0.015563376538582849,0.9499236921169503,0.00394642887733521,0.030566502467131662,26191.05585598904,Image,Texture,DNA
Image_Texture_InverseDifferenceMoment_ER_10_03_256,0.12398113191747422,0.7511088018466873,0.01296172342555091,0.11194834281028773,11722.900635001663,Image,Texture,ER
Nuclei_Neighbors_SecondClosestDistance_1,0.39011218009987386,0.2010548405811184,0.01312680609370635,0.3957061732253013,208717.52681866114,Nuclei,Neighbors,
Nuclei_Texture_DifferenceEntropy_Mito_3_01_256,0.11770627428879618,0.6391385645785477,0.050710029248210185,0.19244513188444595,8190.959760596262,Nuclei,Texture,Mito
Nuclei_Granularity_12_RNA,0.14566117911710033,0.578761397111811,0.031010951252750944,0.24456647251833785,13409.381187605355,Nuclei,Granularity,RNA
Cells_RadialDistribution_MeanFrac_mito_tubeness_20of20,0.04324486208878538,0.5116295966246278,0.13942952171416476,0.3056960195724221,18048.076833343952,Cells,RadialDistribution,
Cells_RadialDistribution_MeanFrac_RNA_3of4,0.03418047075824796,0.6305017298139683,0.047514926160897406,0.2878028732668862,8902.856889430732,Cells,RadialDistribution,RNA
Cytoplasm_Texture_DifferenceEntropy_Mito_10_00_256,0.03575248178570777,0.7201688966889971,0.07514626488103575,0.16893235664425935,10185.640069095738,Cytoplasm,Texture,Mito
Cells_Texture_AngularSecondMoment_RNA_3_03_256,0.029109626448168387,0.6833366474962265,0.08124316784799578,0.20631055820760938,268716.07469999965,Cells,Texture,RNA
Image_Texture_SumEntropy_RNA_10_00_256,0.1559550654220849,0.7018788462297989,0.013334835391629721,0.1288312529564865,6430.447864638014,Image,Texture,RNA
Cytoplasm_Texture_InverseDifferenceMoment_ER_5_00_256,0.017659208679845627,0.8569768247068773,0.05343924021118143,0.0719247264020956,8951.146163003797,Cytoplasm,Texture,ER
Nuclei_Texture_SumAverage_ER_10_03_256,0.012098120515481554,0.9342212273967964,0.009090348950047365,0.04459030313767475,6161.328106646818,Nuclei,Texture,ER
Image_Texture_DifferenceEntropy_Mito_5_01_256,0.06963844849510749,0.8212907176738659,0.02662211201472302,0.08244872181630356,6468.992781078983,Image,Texture,Mito
Nuclei_Correlation_Manders_DNA_AGP,0.08066683726688133,0.7060115719251397,0.024829265085875338,0.18849232572210353,310060.47116337693,Nuclei,Correlation,AGP
Nuclei_Correlation_Manders_Mito_ER,0.0681927623512314,0.4917628491501739,0.16679489203182177,0.273249496466773,272586.8827119284,Nuclei,Correlation,ER
Nuclei_Parent_NucleiIncludingEdges,0.1475391795043984,0.6719286051441848,0.012718891359165105,0.1678133239922517,9233.2145810202,Nuclei,Parent,
Image_Threshold_WeightedVariance_mito_bw,0.06065378400263386,0.6397418322396976,0.023877511226060463,0.27572687253160816,8324.182875819644,Image,Threshold,
Cells_RadialDistribution_FracAtD_mito_tubeness_12of16,0.21998806998911993,0.27694968888944854,0.03396049022591577,0.4691017508955157,15689.185464264665,Cells,RadialDistribution,
Cytoplasm_Texture_DifferenceEntropy_DNA_10_02_256,0.006249760833566577,0.9516819334732012,0.02028220830700242,0.021786097386229882,3416.070597536834,Cytoplasm,Texture,DNA
Image_Texture_SumAverage_RNA_10_02_256,0.013977845473212297,0.9257536092305786,0.012962972490795515,0.047305572805413525,24726.694589795334,Image,Texture,RNA
Image_ImageQuality_LocalFocusScore_OrigDNA_5,0.011454380888121677,0.7392718504528202,0.03143391907165684,0.21783984958740132,29540.694926904962,Image,ImageQuality,
Cytoplasm_Texture_Entropy_AGP_5_03_256,0.007992300379146734,0.9056743746258811,0.05157046561777884,0.03476285937719341,19868.79312418359,Cytoplasm,Texture,AGP
Image_ImageQuality_PercentMinimal_OrigRNA,0.00054067576457266,0.9885402942604871,1.2316755807432746e-05,0.0109067132191329,537144.4342030941,Image,ImageQuality,
Image_Texture_InfoMeas1_ER_5_01_256,0.09104141034131727,0.6820014548623312,0.016070083945615966,0.21088705085073556,8656.088977378768,Image,Texture,ER
Nuclei_Intensity_MeanIntensity_RNA,0.015035732611369755,0.8921590941016476,0.013091792707435056,0.07971338057954745,9895.536251381669,Nuclei,Intensity,RNA
Image_Texture_Variance_AGP_3_00_256,0.015661655788366,0.8041226644974249,0.07397893687160416,0.10623674284260501,8469.015394855334,Image,Texture,AGP
Nuclei_Texture_DifferenceVariance_ER_5_02_256,0.02443781907042097,0.6189046207180205,0.09410975494161278,0.26254780526994564,125757.45022248327,Nuclei,Texture,ER
Cytoplasm_Texture_InfoMeas2_Mito_3_00_256,0.03389039102948685,0.670195726451899,0.0548355560268438,0.24107832649177055,8328.772679002377,Cytoplasm,Texture,Mito
Image_Texture_DifferenceVariance_ER_3_03_256,0.017476048149499747,0.6973531839593693,0.23709286950589695,0.048077898385234026,58962.48816633469,Image,Texture,ER
Image_Intensity_MADIntensity_RNA,0.054673017991329405,0.7433749383648495,0.012812622243485275,0.18913942140033596,15362.402356465933,Image,Intensity,RNA
Image_Texture_SumEntropy_DNA_3_00_256,0.017298386235722545,0.9460650012123989,0.004269238379768603,0.03236737417210991,20679.96979079912,Image,Texture,DNA
Cytoplasm_Correlation_Overlap_DNA_RNA,0.009584880544511083,0.7835481233854651,0.11055593755426178,0.09631105851576192,17113.948407147444,Cytoplasm,Correlation,DNA
Cells_Texture_InfoMeas2_ER_3_02_256,0.04806567187013375,0.6556106886102131,0.09123417079624169,0.20508946872341155,70814.37412885764,Cells,Texture,ER
Cytoplasm_RadialDistribution_RadialCV_ER_3of4,0.012303427272972232,0.8497694496702345,0.03419032942630659,0.10373679363048671,6548.639656844534,Cytoplasm,RadialDistribution,ER
Cells_RadialDistribution_FracAtD_mito_tubeness_1of20,0.40786302625426557,0.06707920555815158,0.022328203359355998,0.502729564828227,65552.28182131212,Cells,RadialDistribution,
Nuclei_Texture_Entropy_AGP_10_01_256,0.003412763336158552,0.9397377185368215,0.03592273701962597,0.020926781107393978,30544.4154598323,Nuclei,Texture,AGP
Cells_Correlation_Correlation_Mito_RNA,0.03165035208221105,0.5802656089678224,0.16296786328287807,0.2251161756670885,10575.091073557804,Cells,Correlation,Mito
Cells_Texture_SumAverage_ER_3_00_256,0.007431632404734992,0.9550448381874133,0.01009934253358842,0.027424186874263397,10195.684702823095,Cells,Texture,ER
Nuclei_Correlation_RWC_AGP_RNA,0.08158169243078185,0.7949105445955174,0.02059666094398247,0.10291110202971826,46932.48513206,Nuclei,Correlation,AGP
Cells_Texture_Contrast_RNA_5_03_256,0.0378093064683998,0.7641112712220647,0.01222081830040296,0.18585860400913262,94126.09538510171,Cells,Texture,RNA
Cells_Texture_InverseDifferenceMoment_Mito_10_03_256,0.02042764393194482,0.7707280025028441,0.0703206700007962,0.1385236835644149,8356.101888116298,Cells,Texture,Mito
Cytoplasm_Texture_AngularSecondMoment_AGP_10_02_256,0.011420936481111624,0.7963445125027659,0.13575791484685454,0.056476636169267895,358863.85321601277,Cytoplasm,Texture,AGP
Cells_Texture_DifferenceEntropy_RNA_3_03_256,0.010872463183722042,0.884276775384097,0.025939535781679905,0.07891122565050127,11866.017957076068,Cells,Texture,RNA
Nuclei_AreaShape_Zernike_5_3,0.19374448319618445,0.3692352435342259,0.08027252019718474,0.3567477530724049,10864.85575255399,Nuclei,AreaShape,
Nuclei_Texture_AngularSecondMoment_DNA_10_01_256,0.000671799709895447,0.9488080551757123,0.025389179212385194,0.025130965902006905,538666.554631493,Nuclei,Texture,DNA
Image_Texture_Entropy_DNA_10_01_256,0.016750211082276527,0.9487320613965616,0.0036253000610569895,0.030892427460104867,26065.54220935334,Image,Texture,DNA
Cytoplasm_Texture_DifferenceVariance_AGP_5_02_256,0.005410447652915627,0.8379674396535254,0.11011400681685111,0.04650810587670781,411257.2562523309,Cytoplasm,Texture,AGP
Cytoplasm_Texture_SumAverage_ER_10_02_256,0.003951276230427433,0.9633107798449658,0.012869564978388346,0.0198683789462184,12963.520709135462,Cytoplasm,Texture,ER
Image_ImageQuality_StdIntensity_OrigMito,0.004732378161669881,0.9175815940549042,0.023966337903733724,0.0537196898796921,29134.605758878846,Image,ImageQuality,
Nuclei_Texture_InfoMeas2_AGP_5_02_256,0.010203518771783635,0.9442808375512819,0.024037164741846244,0.02147847893508834,47943.572361702536,Nuclei,Texture,AGP
Image_Texture_Variance_ER_3_00_256,0.009814068380326032,0.8525704266216054,0.05554333992656873,0.0820721650714999,18935.14076887987,Image,Texture,ER
Cells_Texture_Variance_DNA_3_01_256,0.013088800850888708,0.8689178069833334,0.05868025965117862,0.05931313251459935,433030.66056503303,Cells,Texture,DNA
Cytoplasm_Texture_Contrast_ER_5_02_256,0.13707666198285123,0.3437836740500247,0.041265989538199224,0.47787367442892487,34611.04202737133,Cytoplasm,Texture,ER
Cells_Granularity_8_ER,0.053033977366765295,0.7037629814326735,0.03307209810547738,0.21013094309508393,7782.061400081468,Cells,Granularity,ER
Cells_Texture_SumEntropy_DNA_3_00_256,0.005379990821759038,0.9661817276551522,0.006461034369541755,0.02197724715354712,6277.066324910673,Cells,Texture,DNA
Cytoplasm_Texture_SumEntropy_RNA_10_02_256,0.010368845331064563,0.8846137367194788,0.037390216942378415,0.06762720100707821,11417.668153387618,Cytoplasm,Texture,RNA
Cytoplasm_Texture_AngularSecondMoment_RNA_3_00_256,0.022759103282461356,0.6785872331296658,0.12772577714242742,0.17092788644544543,225330.9888476262,Cytoplasm,Texture,RNA
Image_Texture_Correlation_AGP_10_00_256,0.041175898148268116,0.8264236156287971,0.010023722149914805,0.12237676407301994,8269.736337438628,Image,Texture,AGP
Nuclei_Texture_InfoMeas1_AGP_5_02_256,0.06347148537532028,0.7615226042628345,0.018383727142331715,0.15662218321951357,14272.958508941567,Nuclei,Texture,AGP
Cells_RadialDistribution_FracAtD_DNA_1of4,0.05059590417281459,0.6805286064357174,0.01335649910275438,0.25551899028871355,20869.700471114713,Cells,RadialDistribution,DNA
Image_Granularity_9_DNA,0.023028215950165815,0.8957526799486314,0.005174206167098239,0.0760448979341047,6728.360742924648,Image,Granularity,DNA
Nuclei_Texture_Variance_RNA_10_01_256,0.038395204025429966,0.7269554166824511,0.025399291581173884,0.20925008771094503,82816.70205881006,Nuclei,Texture,RNA
Image_Texture_Correlation_AGP_10_03_256,0.08097027859031795,0.6812408847447834,0.02564649615780237,0.21214234050709618,11055.564422298734,Image,Texture,AGP
Cytoplasm_Texture_InverseDifferenceMoment_Mito_5_01_256,0.024453877434760216,0.7907702027549811,0.06507420014708044,0.11970171966317836,7487.832162133096,Cytoplasm,Texture,Mito
Cytoplasm_Texture_SumAverage_ER_3_02_256,0.0035663391034328317,0.964906712411666,0.012245569050225422,0.019281379434675658,13384.163850454772,Cytoplasm,Texture,ER
Image_Granularity_16_AGP,0.03390013056027718,0.33235418353332535,0.005300771699434153,0.6284449142069632,13090.405607601699,Image,Granularity,AGP
Nuclei_Texture_Correlation_DNA_3_03_256,0.005058492357389077,0.7825365591431267,0.13051628444060465,0.08188866405887957,17011.455322468715,Nuclei,Texture,DNA
Nuclei_Texture_InverseDifferenceMoment_AGP_3_03_256,0.009641715802154725,0.9178758611123783,0.04151900773115754,0.03096341535430932,20006.269036256257,Nuclei,Texture,AGP
Cells_Intensity_MaxIntensity_Mito,0.07110032904127393,0.7105812831422985,0.035748781836832486,0.18256960597959515,13282.234266976157,Cells,Intensity,Mito
Image_Texture_SumEntropy_AGP_3_00_256,0.1042253760028689,0.7652007052023826,0.020363222211456578,0.11021069658329179,6284.1942775131065,Image,Texture,AGP
Nuclei_Texture_Variance_DNA_5_03_256,0.04025186897999329,0.7805299167849226,0.04315835310129403,0.13605986113379012,372508.32987645286,Nuclei,Texture,DNA
Nuclei_Texture_SumAverage_RNA_5_00_256,0.016101185004758642,0.8878614161435124,0.014186829608290147,0.08185056924343892,9974.89374967393,Nuclei,Texture,RNA
Cytoplasm_Texture_InfoMeas1_AGP_3_01_256,0.014446661310236721,0.8401609669022041,0.05171573265172909,0.09367663913583012,6718.486309744654,Cytoplasm,Texture,AGP
Cytoplasm_Texture_DifferenceVariance_ER_10_03_256,0.013405118000834224,0.7238830089729036,0.10996191777292331,0.15274995525333881,182916.84264874412,Cytoplasm,Texture,ER
Cytoplasm_Texture_InfoMeas1_AGP_10_01_256,0.06746367426042216,0.7374088494321843,0.011853071362393604,0.18327440494499994,8184.72335345867,Cytoplasm,Texture,AGP
Nuclei_Intensity_MinIntensity_DNA,0.0005292158605862771,0.984504661482732,0.010286994007565066,0.00467912864911665,30978.595517262926,Nuclei,Intensity,DNA
Nuclei_Texture_SumVariance_ER_5_00_256,0.07294167816864822,0.5842398836913107,0.013739410470935822,0.3290790276691052,63411.14878888411,Nuclei,Texture,ER
Image_Intensity_MinIntensity_Mito,0.003008979580811074,0.9245962692370034,0.01631627661019543,0.0560784745719901,42923.9936908909,Image,Intensity,Mito
Image_Texture_InfoMeas2_AGP_3_02_256,0.22829564701131513,0.4650788678685804,0.02072978905976462,0.2858956960603399,91173.67942869604,Image,Texture,AGP
Nuclei_Texture_DifferenceVariance_AGP_3_00_256,0.0024371024083138554,0.9091676151642886,0.06270242210645215,0.025692860320945417,454484.0808133852,Nuclei,Texture,AGP
Nuclei_Texture_InfoMeas2_RNA_5_01_256,0.006239725955765435,0.9046553483801596,0.03750871635103341,0.051596209313041666,10569.281624885316,Nuclei,Texture,RNA
Cells_Texture_AngularSecondMoment_AGP_5_03_256,0.006380010065860981,0.8805536142210164,0.07329984364822963,0.03976653206489294,522462.38591937127,Cells,Texture,AGP
Cells_Texture_Variance_DNA_3_03_256,0.013099041632801317,0.868866531098955,0.05870951659926384,0.05932491066897986,432389.0506442654,Cells,Texture,DNA
Cytoplasm_Correlation_Manders_AGP_ER,0.02627664832425282,0.8290590322824637,0.049401153636637565,0.0952631657566459,16613.01942723796,Cytoplasm,Correlation,AGP
Nuclei_Texture_InverseDifferenceMoment_DNA_3_02_256,0.006826389539631958,0.9446668693441908,0.02699813792993424,0.021508603186242984,6094.371338279764,Nuclei,Texture,DNA
Cells_Texture_SumEntropy_DNA_10_02_256,0.003972743826018207,0.9710074175929463,0.005905197858854929,0.019114640722180574,5457.70335573944,Cells,Texture,DNA
Cytoplasm_Intensity_MinIntensity_RNA,0.0023536677580734792,0.9684822317178646,0.0021141577396862924,0.027049942784375773,65974.38420484886,Cytoplasm,Intensity,RNA
Image_ImageQuality_Correlation_OrigAGP_5,0.00761100618398753,0.9529699092584959,0.007056294536001504,0.03236279002151511,6197.509711653242,Image,ImageQuality,
Cytoplasm_Texture_SumAverage_Mito_3_01_256,0.004094097640876113,0.9536395262513173,0.007701840777208901,0.034564535330597675,35494.74824949192,Cytoplasm,Texture,Mito
Cells_Correlation_K_DNA_ER,0.006039105893551022,0.8691352739790642,0.0901600390623056,0.03466558106507923,101967.53405823564,Cells,Correlation,DNA
Cells_RadialDistribution_FracAtD_mito_tubeness_8of16,0.08630523307438182,0.5082246353772892,0.08736966145328202,0.31810047009504694,14493.550506171414,Cells,RadialDistribution,
Cells_Texture_Contrast_AGP_3_00_256,0.046035723365538614,0.7297967692979013,0.0069641527804164645,0.21720335455614365,90716.8807642071,Cells,Texture,AGP
Nuclei_Texture_Variance_Mito_3_00_256,0.20366171554003237,0.24756484921755556,0.0650932563574382,0.4836801788849738,66603.50325902371,Nuclei,Texture,Mito
Nuclei_Texture_Entropy_DNA_5_02_256,0.0037494327192911705,0.9802591251498042,0.007265768603809795,0.008725673527094933,5945.693120139038,Nuclei,Texture,DNA
Cytoplasm_Texture_DifferenceVariance_DNA_10_02_256,0.0011291580515913496,0.9752868230017299,0.013675338817584107,0.009908680129094686,35452.76520074455,Cytoplasm,Texture,DNA
Cytoplasm_Correlation_RWC_AGP_Mito,0.052733582417221446,0.7769523614964415,0.05311200463766618,0.11720205144867077,13007.41466896925,Cytoplasm,Correlation,AGP
Nuclei_Intensity_IntegratedIntensityEdge_RNA,0.00791768486536024,0.9442001216047562,0.00848708315446108,0.03939511037542261,7901.767729103069,Nuclei,Intensity,RNA
Image_Texture_InverseDifferenceMoment_ER_3_02_256,0.07243331020930802,0.8305462961217781,0.012830946298348026,0.0841894473705659,12166.351524549365,Image,Texture,ER
Cytoplasm_Texture_AngularSecondMoment_ER_3_03_256,0.029447829729078542,0.6420579824164464,0.1306876640099418,0.19780652384453315,128360.99842311814,Cytoplasm,Texture,ER
Image_Texture_AngularSecondMoment_RNA_3_01_256,0.3358219921603789,0.373635753469525,0.02311943933895618,0.26742281503113996,36502.84372174078,Image,Texture,RNA
Cells_Texture_InverseDifferenceMoment_DNA_3_03_256,0.012126907199297597,0.86693291995706,0.05534947317715373,0.06559069966648877,6264.624628376282,Cells,Texture,DNA
Nuclei_Correlation_Manders_RNA_AGP,0.0652113374794009,0.7291230045739567,0.02705290775585859,0.1786127501907838,306740.0808367714,Nuclei,Correlation,AGP
Cells_Texture_Contrast_ER_5_00_256,0.13730071316117456,0.34991795558969696,0.026861471302397643,0.48591985994673087,48197.59686964864,Cells,Texture,ER
Cells_Texture_Correlation_Mito_10_00_256,0.09636573954876176,0.6208380469873919,0.06603688635298442,0.21675932711086204,10307.599996762212,Cells,Texture,Mito
Cytoplasm_Correlation_RWC_RNA_DNA,0.0024809817904813927,0.8941951736207805,0.07715079552348303,0.02617304906525519,9801.811533007985,Cytoplasm,Correlation,DNA
Cytoplasm_Texture_DifferenceVariance_RNA_3_01_256,0.00651002071686074,0.7175723349714903,0.14389964330647595,0.1320180010051729,202941.99520318993,Cytoplasm,Texture,RNA
Nuclei_Location_MaxIntensity_X_AGP,0.025277150919654226,0.6415362564261585,0.011301010085078278,0.32188558256910893,14413.506863464201,Nuclei,Location,AGP
Cytoplasm_Granularity_9_RNA,0.09574466183331759,0.5986175622573455,0.03493972336755044,0.27069805254178636,8731.747075382533,Cytoplasm,Granularity,RNA
Image_Texture_SumAverage_AGP_5_01_256,0.005097047940293123,0.9696931827296634,0.011244308773539666,0.013965460556503788,31659.495859324747,Image,Texture,AGP
Cells_RadialDistribution_MeanFrac_mito_tubeness_1of16,0.27000359179882866,0.11604599100701837,0.046247463794830156,0.5677029533993229,42464.43945101292,Cells,RadialDistribution,
Cells_Intensity_StdIntensity_ER,0.04945698171275503,0.7817388410246936,0.020650167821647122,0.14815400944090432,9792.613651179063,Cells,Intensity,ER
Cells_Granularity_2_Mito,0.07811600314307851,0.7552468104065266,0.024387981573630483,0.1422492048767642,7540.875033462128,Cells,Granularity,Mito
Image_Intensity_MADIntensity_DNA_BackgroundOnly,0.007177476027963195,0.7244878020174793,0.0031372745352080448,0.2651974474193495,46176.61916177486,Image,Intensity,DNA
Cells_Granularity_9_AGP,0.23243331116935026,0.3961307727238923,0.023359751595744677,0.34807616451101275,31319.292724628172,Cells,Granularity,AGP
Cells_Texture_InfoMeas2_ER_10_00_256,0.01013358947424868,0.8057556534584484,0.09274235777510373,0.0913683992921992,19192.891367255117,Cells,Texture,ER
Cells_Intensity_MeanIntensityEdge_Mito,0.0011450466391655846,0.970810182647693,0.003448767815485173,0.024596002897656188,62912.50815295331,Cells,Intensity,Mito
Nuclei_Texture_Correlation_Mito_10_03_256,0.23599437892780567,0.12221716161955329,0.08830920624572074,0.5534792532069203,24006.604427358576,Nuclei,Texture,Mito
Cells_Granularity_11_AGP,0.20464823709529142,0.43525831218422323,0.014530571526090776,0.34556287919439455,22369.12610336277,Cells,Granularity,AGP
Cells_Granularity_3_DNA,0.2391518920724621,0.41153308606627503,0.0070784962106294575,0.3422365256506335,66973.75506376092,Cells,Granularity,DNA
Image_Texture_InverseDifferenceMoment_DNA_5_01_256,0.01840815936056817,0.9394284364780265,0.0027139844387216523,0.03944941972268349,16713.305159784948,Image,Texture,DNA
Cells_RadialDistribution_RadialCV_DNA_2of4,0.023221356908638222,0.8463412806591818,0.05411397759163579,0.0763233848405442,10958.432738175552,Cells,RadialDistribution,DNA
Cytoplasm_Texture_AngularSecondMoment_RNA_3_03_256,0.024280933885618302,0.6854290608538522,0.10814674323353514,0.18214326202699432,245198.51692442267,Cytoplasm,Texture,RNA
Cytoplasm_RadialDistribution_MeanFrac_mito_tubeness_1of16,0.019916098288174786,0.41385685964079366,0.05106257830403229,0.5151644637669993,1005555.4519167988,Cytoplasm,RadialDistribution,
Nuclei_Correlation_Overlap_DNA_Mito,0.08155921117616018,0.6140811209988216,0.15436865634236124,0.149991011482657,14329.129154377415,Nuclei,Correlation,DNA
Cytoplasm_Intensity_IntegratedIntensityEdge_ER,0.0021617201336308085,0.9760195292287225,0.00262297813512483,0.0191957725025218,11336.771188128303,Cytoplasm,Intensity,ER
Nuclei_Texture_DifferenceEntropy_AGP_5_00_256,0.011697333789072041,0.9117219421364027,0.039347521611285734,0.03723320246323953,22914.768953629446,Nuclei,Texture,AGP
Cells_Texture_Variance_AGP_5_02_256,0.12394842508296146,0.39136643003970945,0.013114646097623696,0.4715704987797053,52673.699985950734,Cells,Texture,AGP
Cytoplasm_Texture_Entropy_RNA_5_03_256,0.009097864428842807,0.8981319156307023,0.029968786400361054,0.06280143354009385,11654.254838029081,Cytoplasm,Texture,RNA
Nuclei_Texture_Correlation_Mito_3_03_256,0.010765492171306052,0.8890827732788428,0.020350889463332186,0.07980084508651887,5151.662328587183,Nuclei,Texture,Mito
Cytoplasm_Texture_Correlation_RNA_10_00_256,0.08413274844456677,0.4165216930931583,0.04677988260016208,0.4525656758621129,23027.679242255257,Cytoplasm,Texture,RNA
Nuclei_Texture_DifferenceVariance_DNA_5_00_256,0.0006579138763248909,0.9419823242349954,0.035427081066879744,0.021932680821800086,348880.528141132,Nuclei,Texture,DNA
Nuclei_Texture_InverseDifferenceMoment_Mito_5_00_256,0.07734351885052212,0.7321138878564258,0.0504234100924731,0.1401191832005791,6048.969829313533,Nuclei,Texture,Mito
Cells_Texture_Correlation_AGP_10_03_256,0.03477843641428029,0.5503103429239837,0.04271904397315862,0.3721921766885774,23407.029634654013,Cells,Texture,AGP
Cells_RadialDistribution_FracAtD_mito_tubeness_4of16,0.2545511551378639,0.15136301395008203,0.04274483622996879,0.5513409946820853,42719.252150213,Cells,RadialDistribution,
Cells_RadialDistribution_RadialCV_mito_tubeness_16of16,0.11599858578340894,0.500661442639284,0.034432115047986336,0.3489078565293207,26444.17967491146,Cells,RadialDistribution,
Image_Intensity_StdIntensity_DNA_BackgroundOnly,0.004721882031630723,0.7970501360207981,0.01691615315239228,0.18131182879517885,231399.4246037299,Image,Intensity,DNA
Image_Texture_DifferenceEntropy_Mito_5_02_256,0.06656593397357641,0.8221411824392617,0.02775112245439151,0.08354176113277031,6646.8425182848605,Image,Texture,Mito
Cytoplasm_Texture_AngularSecondMoment_AGP_10_01_256,0.011165411449709426,0.8087839376313358,0.1262076567093095,0.05384299420964519,381385.77458421077,Cytoplasm,Texture,AGP
Nuclei_AreaShape_MinorAxisLength,0.0841932127101568,0.7367832861414354,0.07941387034766914,0.09960963080073867,9064.310913567066,Nuclei,AreaShape,
Nuclei_Texture_AngularSecondMoment_Mito_10_01_256,0.012986888382283644,0.7357129074989531,0.1058542483149113,0.1454459558038519,23503.41557531591,Nuclei,Texture,Mito
Nuclei_Texture_Contrast_ER_10_00_256,0.08528675037540301,0.5590963863876727,0.0141557815966876,0.3414610816402367,65477.60883357392,Nuclei,Texture,ER
Nuclei_Texture_AngularSecondMoment_Mito_3_02_256,0.019451872626816046,0.7460190167114455,0.09453894330136167,0.1399901673603766,19414.242876887012,Nuclei,Texture,Mito
Cells_Texture_Correlation_RNA_10_00_256,0.06646746160068293,0.5048382777688377,0.15861828289867913,0.27007597773180025,23123.69100399682,Cells,Texture,RNA
Cytoplasm_RadialDistribution_RadialCV_mito_tubeness_8of16,0.024560125295293063,0.32251803677467344,0.02912287609352268,0.6237989618365108,1071967.9134409102,Cytoplasm,RadialDistribution,
Cells_Texture_Contrast_DNA_5_03_256,0.027301516204462372,0.7925078064124406,0.07380400411834998,0.10638667326474721,421029.9987910671,Cells,Texture,DNA
Image_Texture_SumVariance_Mito_10_01_256,0.007727570073150014,0.7227338338778827,0.036032536141374465,0.23350605990759282,36765.22823554752,Image,Texture,Mito
Cytoplasm_Intensity_MedianIntensity_Mito,0.0015510092975308247,0.9674717609284946,0.004996150908149911,0.025981078865824646,49847.843382191226,Cytoplasm,Intensity,Mito
Cells_Texture_DifferenceEntropy_RNA_10_00_256,0.009384743768623971,0.8795259827760411,0.03140176583816534,0.07968750761716963,13252.55714683521,Cells,Texture,RNA
Cells_AreaShape_Zernike_8_2,0.0745232119702872,0.04267978028384866,0.004642291239612426,0.8781547165062517,35813.15848979216,Cells,AreaShape,
Cells_Texture_InfoMeas2_ER_10_02_256,0.010480860780070003,0.8046931982311131,0.09381664509227632,0.09100929589654065,20064.5402705096,Cells,Texture,ER
Cytoplasm_RadialDistribution_FracAtD_mito_tubeness_1of20,0.01991061169079926,0.4139483386974042,0.05106497156494391,0.5150760780468527,1005440.3175521316,Cytoplasm,RadialDistribution,
Image_ImageQuality_MedianIntensity_OrigER,0.003501597516505131,0.9796952012768373,0.0009465738549729546,0.01585662735168461,124367.39284560288,Image,ImageQuality,
Cytoplasm_Granularity_14_Mito,0.20911103787407911,0.39186877314620844,0.037174801576284264,0.3618453874034282,14068.974059992786,Cytoplasm,Granularity,Mito
Cells_RadialDistribution_RadialCV_mito_tubeness_13of20,0.04891794621871777,0.6004823896774967,0.045802694714807954,0.30479696938897755,11761.16276545361,Cells,RadialDistribution,
Cytoplasm_Texture_SumVariance_ER_3_00_256,0.06865987340892776,0.5781473352696749,0.0692892639293309,0.28390352739206637,14763.608008285522,Cytoplasm,Texture,ER
Nuclei_Texture_Entropy_DNA_3_02_256,0.0042963052756431015,0.9781666860663191,0.008096888986338696,0.00944011967169912,5662.576458244997,Nuclei,Texture,DNA
Nuclei_Location_CenterMassIntensity_Z_Mito,0.0,0.0,0.0,0.0,0.0,Nuclei,Location,Mito
Image_Texture_InfoMeas1_RNA_5_01_256,0.0804916409009026,0.7383073431505972,0.014743431913000087,0.16645758403550007,9336.486753591063,Image,Texture,RNA
Cells_Texture_Variance_Mito_5_00_256,0.15238313883273122,0.32089419934979235,0.045343369142255105,0.4813792926752213,41435.77760827624,Cells,Texture,Mito
Cells_RadialDistribution_RadialCV_mito_tubeness_Overflow,0.0,0.0,0.0,0.0,0.0,Cells,RadialDistribution,
Cells_Texture_DifferenceVariance_DNA_10_00_256,0.0012756591502426585,0.9215946975276338,0.05277148075730997,0.02435816256481358,121774.08759975001,Cells,Texture,DNA
Cytoplasm_RadialDistribution_MeanFrac_mito_tubeness_14of16,0.029264359408624502,0.6605966523903516,0.04733778610031541,0.26280120210070856,94976.24752678367,Cytoplasm,RadialDistribution,
Cytoplasm_RadialDistribution_RadialCV_ER_1of4,0.012738471649565491,0.8358125445819934,0.024875776916011533,0.1265732068524295,7087.939451202588,Cytoplasm,RadialDistribution,ER
Cells_Texture_Entropy_ER_3_00_256,0.010162025195650928,0.8733358930460632,0.04904648583839704,0.067455595919889,9107.574404359286,Cells,Texture,ER
Cytoplasm_Intensity_MeanIntensityEdge_Mito,0.0031366836476193166,0.9612078214563637,0.005375647950563407,0.030279846945453458,44414.91566494508,Cytoplasm,Intensity,Mito
Cytoplasm_Texture_DifferenceVariance_AGP_10_00_256,0.004377350924729285,0.8647657681381141,0.09548166205841582,0.0353752188787407,467820.8070116147,Cytoplasm,Texture,AGP
Cytoplasm_Texture_DifferenceVariance_AGP_3_03_256,0.005586414368422983,0.8344745718883724,0.11339157476262562,0.046547438980579094,407293.9538742743,Cytoplasm,Texture,AGP
Cells_Texture_Contrast_ER_10_00_256,0.13041293106427188,0.3611230867910908,0.023918993142850144,0.4845449890017872,52485.25806429284,Cells,Texture,ER
Cytoplasm_Texture_Variance_RNA_5_02_256,0.031182046460898383,0.7496563373503939,0.0036808513103354476,0.2154807648783722,72714.02319495563,Cytoplasm,Texture,RNA
Image_Texture_DifferenceEntropy_DNA_5_03_256,0.020188477373628447,0.9398101384893156,0.004515958913436437,0.03548542522361944,13686.833376812896,Image,Texture,DNA
Nuclei_Correlation_RWC_ER_AGP,0.08699819215614002,0.7339498258752405,0.024215315393906495,0.15483666657471298,22521.97023923244,Nuclei,Correlation,AGP
Nuclei_Texture_Contrast_Mito_10_02_256,0.21735558941880545,0.22675545063099295,0.07214815829238808,0.4837408016578135,72846.84054158468,Nuclei,Texture,Mito
Cytoplasm_Texture_DifferenceEntropy_AGP_10_01_256,0.010590384703201285,0.8961322261206988,0.04543654937367663,0.04784083980242332,22167.722447255415,Cytoplasm,Texture,AGP
Nuclei_Correlation_Manders_DNA_ER,0.040336109599766114,0.6927298104151265,0.08230063581828802,0.18463344416681932,497988.66385941615,Nuclei,Correlation,DNA
Nuclei_Texture_SumEntropy_RNA_3_03_256,0.004070386925071454,0.9105566454316883,0.03590958063735568,0.04946338700588466,12603.068919283358,Nuclei,Texture,RNA
Image_Texture_SumVariance_DNA_5_03_256,0.0005346045956082674,0.9817655633832482,0.010423516689722872,0.007276315331420769,762400.2819884026,Image,Texture,DNA
Cells_RadialDistribution_FracAtD_mito_tubeness_7of20,0.2237491941303945,0.1509448155779019,0.048905085248143604,0.57640090504356,33719.6576855777,Cells,RadialDistribution,
Nuclei_Texture_InfoMeas2_AGP_3_00_256,0.006647867249002227,0.9585343522953079,0.020461752800026194,0.014356027655663631,54650.96826723841,Nuclei,Texture,AGP
Cytoplasm_RadialDistribution_MeanFrac_Mito_2of4,0.18354243693949074,0.32321036644764206,0.14378349669940757,0.34946369991345955,33464.43184980098,Cytoplasm,RadialDistribution,Mito
Image_ImageQuality_MedianIntensity_OrigDNA,0.0006674766767146876,0.9852188800749958,0.0005255269568380447,0.013588116291451607,36367.044957100305,Image,ImageQuality,
Image_Texture_Entropy_DNA_5_01_256,0.01558106776971407,0.949891911018473,0.003927285405408815,0.03059973580640404,26196.45943676388,Image,Texture,DNA
Cytoplasm_RadialDistribution_RadialCV_mito_tubeness_2of20,0.017765525053306457,0.0012408424958286052,0.0014107384167375168,0.9795828940341273,399.96269004757016,Cytoplasm,RadialDistribution,
Cells_Texture_SumVariance_RNA_10_00_256,0.04527125102392409,0.6737841303874508,0.013626289648795854,0.2673183289398292,62477.92670493324,Cells,Texture,RNA
Cytoplasm_Texture_SumAverage_Mito_10_02_256,0.004437636487414886,0.9519957722380106,0.007964048454455126,0.035602542820119557,34755.54767342611,Cytoplasm,Texture,Mito
Nuclei_Texture_InfoMeas2_ER_3_02_256,0.008367271717631864,0.8697436925456783,0.04475224746446925,0.07713678827222056,9332.68681389053,Nuclei,Texture,ER
Cytoplasm_Intensity_MaxIntensity_RNA,0.016753510193725018,0.8993261085078653,0.0038631843556192337,0.0800571969427905,13414.190802773262,Cytoplasm,Intensity,RNA
Image_Texture_Correlation_RNA_5_02_256,0.10165254209054116,0.6053166771875534,0.04608753999517405,0.2469432407267312,13031.521170540935,Image,Texture,RNA
Cytoplasm_Texture_DifferenceEntropy_AGP_3_00_256,0.012700183311189606,0.8709781803200027,0.05862404871164061,0.057697587657167135,11084.747686284249,Cytoplasm,Texture,AGP
Cytoplasm_Texture_SumAverage_ER_3_03_256,0.003698839507192443,0.964154630422011,0.012439054845217885,0.019707475225578676,13299.421019679201,Cytoplasm,Texture,ER
Cells_Texture_SumEntropy_ER_10_00_256,0.008373708698777826,0.8693239243261401,0.04964591540136091,0.07265645157372105,11678.858564171744,Cells,Texture,ER
Cells_Texture_Variance_ER_10_03_256,0.09025682033645066,0.4913706010409299,0.019671992812504577,0.39870058581011486,37974.72297353168,Cells,Texture,ER
Image_Texture_DifferenceEntropy_Mito_10_01_256,0.07788323797007457,0.8125163072789621,0.02576011571690635,0.0838403390340569,6315.351559389344,Image,Texture,Mito
Image_Texture_InfoMeas2_ER_3_03_256,0.45297469057697487,0.14493716134199558,0.019097555082392397,0.38299059299863714,129310.15723955615,Image,Texture,ER
Cytoplasm_Intensity_MeanIntensityEdge_AGP,0.001715584158575539,0.9686438120647842,0.021063365979093366,0.008577237797546893,12765.998817301304,Cytoplasm,Intensity,AGP
Image_Texture_SumVariance_AGP_3_01_256,0.015764153986909904,0.7953446920219763,0.07865717768156523,0.11023397630954851,8890.23700424084,Image,Texture,AGP
Cells_Texture_Entropy_AGP_5_01_256,0.0067156444404343615,0.9131582998512264,0.04450102537353236,0.035625030334806955,24661.981420189702,Cells,Texture,AGP
Image_Texture_Correlation_RNA_3_03_256,0.08625952318248684,0.62356081407539,0.04646839855086392,0.2437112641912592,13044.597289303034,Image,Texture,RNA
Image_Texture_DifferenceVariance_RNA_3_00_256,0.004858183242585662,0.8105852494607835,0.1619056185432297,0.022650948753400967,149161.484832687,Image,Texture,RNA
Nuclei_Texture_Entropy_ER_10_01_256,0.006857823646313015,0.9080488464991666,0.04145291837832059,0.043640411476199896,12798.812524517882,Nuclei,Texture,ER
Nuclei_Texture_SumVariance_DNA_5_03_256,0.03343018478515993,0.8091744334374223,0.04036730817668138,0.11702807360073629,397391.3015043757,Nuclei,Texture,DNA
Cells_Texture_Correlation_AGP_5_03_256,0.022221373130451295,0.8318539346533406,0.033116459287816,0.11280823292839204,5203.104623150377,Cells,Texture,AGP
Cytoplasm_Texture_InfoMeas2_RNA_10_01_256,0.00873522156939698,0.8845854292736718,0.03865704279309108,0.06802230636384023,14322.034752623138,Cytoplasm,Texture,RNA
Cytoplasm_Texture_SumEntropy_Mito_5_01_256,0.019664127989092433,0.7927793289336477,0.06392489678268158,0.12363164629457829,8349.74705941399,Cytoplasm,Texture,Mito
Image_Texture_DifferenceVariance_AGP_3_03_256,0.016537023581217322,0.7608621717118819,0.15833826820048696,0.06426253650641385,238272.38099089343,Image,Texture,AGP
Cells_Texture_DifferenceEntropy_ER_3_02_256,0.02598220555929449,0.8028633911300027,0.0558085808697687,0.11534582244093411,7245.816942381867,Cells,Texture,ER
Image_ImageQuality_MADIntensity_OrigDNA,0.0006057045423441769,0.9849227264887052,0.003383628926102035,0.011087940042848774,795477.491896908,Image,ImageQuality,
Image_Texture_InfoMeas2_RNA_5_01_256,0.43393785349191916,0.16609904624733515,0.031551064185572,0.36841203607517364,126826.71518417983,Image,Texture,RNA
Cytoplasm_Texture_Contrast_ER_10_01_256,0.10507310612275358,0.4345342328356409,0.05612287870833971,0.4042697823332658,22475.639125010905,Cytoplasm,Texture,ER
Cells_Texture_InfoMeas1_DNA_3_03_256,0.0010878717138223016,0.9837734015314105,0.002642172037894221,0.012496554716873073,37888.4152641683,Cells,Texture,DNA
Cells_Texture_SumAverage_Mito_3_01_256,0.008925311274128543,0.9406045925328349,0.008226322262388012,0.0422437739306485,30892.424259716347,Cells,Texture,Mito
Cytoplasm_Correlation_K_RNA_DNA,0.04612426645088645,0.6353075547958149,0.131376461737725,0.1871917170155736,8667.294595533309,Cytoplasm,Correlation,DNA
Image_Texture_DifferenceEntropy_RNA_3_02_256,0.08872370954379137,0.7921755580498298,0.01649722674419724,0.10260350566218156,6822.183184539012,Image,Texture,RNA
Cells_Texture_DifferenceVariance_Mito_5_00_256,0.011395367238224836,0.6227175328214432,0.13290960070281313,0.23297749923751887,37395.54316018913,Cells,Texture,Mito
Nuclei_Texture_DifferenceVariance_Mito_3_00_256,0.014843961448660872,0.7082252767620106,0.1383525328693099,0.13857822892001867,28605.519304948524,Nuclei,Texture,Mito
Cytoplasm_RadialDistribution_RadialCV_RNA_1of4,0.03545761136843969,0.7464093950917101,0.018529020663219386,0.19960397287663076,6161.163289280261,Cytoplasm,RadialDistribution,RNA
Nuclei_Texture_Variance_AGP_10_03_256,0.10460993821152198,0.46840379257642306,0.013390465827007727,0.41359580338504726,62090.97574433299,Nuclei,Texture,AGP
Cells_RadialDistribution_FracAtD_mito_tubeness_7of16,0.16363327278910383,0.2850623270702637,0.07387947521004572,0.4774249249305867,26071.7265800229,Cells,RadialDistribution,
Cells_Texture_AngularSecondMoment_ER_10_03_256,0.02294242303251688,0.674942394370599,0.15635807002836694,0.1457571125685171,299588.21419468377,Cells,Texture,ER
Cells_Texture_SumVariance_ER_5_00_256,0.08126058358059796,0.519804723158451,0.01903243927205409,0.3799022539888969,35166.1777900782,Cells,Texture,ER
Cytoplasm_Texture_DifferenceEntropy_Mito_3_02_256,0.05023237735726262,0.6762288158054053,0.08999751308483855,0.18354129375249362,13418.804504218926,Cytoplasm,Texture,Mito
Cells_Texture_DifferenceEntropy_AGP_3_02_256,0.012214404392163892,0.8795773157264973,0.05108026123645911,0.05712801864487976,14123.669143833544,Cells,Texture,AGP
Cytoplasm_Correlation_Correlation_ER_RNA,0.0285808803252816,0.6098611245322256,0.01827629113040145,0.3432817040120913,14941.461837359671,Cytoplasm,Correlation,ER
Cytoplasm_Texture_DifferenceVariance_ER_5_01_256,0.01558931761343948,0.6779401465856133,0.10408634455598266,0.20238419124496457,110960.83736270893,Cytoplasm,Texture,ER
Cytoplasm_Texture_InfoMeas1_AGP_5_02_256,0.0177595514649981,0.7932697954934095,0.054692613748296356,0.13427803929329607,8426.311123034824,Cytoplasm,Texture,AGP
Cytoplasm_Texture_InverseDifferenceMoment_ER_5_01_256,0.014607063298537533,0.8643645497340116,0.053392024868981924,0.06763636209846895,10320.118210257368,Cytoplasm,Texture,ER
Cells_RadialDistribution_RadialCV_mito_tubeness_8of16,0.04819852389962575,0.7280564442167241,0.04885007171411557,0.17489496016953432,11782.162207429108,Cells,RadialDistribution,
Nuclei_Texture_SumAverage_AGP_3_02_256,0.009279645654155925,0.944269569110928,0.015263264196960639,0.03118752103795543,5162.7508544875545,Nuclei,Texture,AGP
Cells_Correlation_Overlap_DNA_ER,0.03020815240295899,0.6497511039293763,0.15111830894755032,0.16892243472011445,11836.287518157691,Cells,Correlation,DNA
Nuclei_Texture_SumVariance_AGP_5_01_256,0.11459847023141606,0.41318659462945184,0.013902450426108026,0.4583124847130241,56677.24251376117,Nuclei,Texture,AGP
Nuclei_Texture_DifferenceEntropy_DNA_3_03_256,0.011040637474499664,0.958597201681316,0.01171420555616319,0.018647955288021184,4834.32472369256,Nuclei,Texture,DNA
Cytoplasm_Granularity_15_Mito,0.21882376781159849,0.3532257317315049,0.03164728338726042,0.3963032170696361,16196.438162196046,Cytoplasm,Granularity,Mito
Image_Intensity_MADIntensity_ER,0.04544210346738342,0.8318342685273143,0.022724706810873907,0.0999989211944285,10266.408201966193,Image,Intensity,ER
Cytoplasm_Granularity_11_RNA,0.12031373222135375,0.621447997425949,0.029536438833301582,0.22870183151939577,8842.656012227713,Cytoplasm,Granularity,RNA
Cytoplasm_Texture_DifferenceEntropy_AGP_10_02_256,0.011327234079769375,0.8902919560040999,0.047532188919874034,0.05084862099625653,18194.405218366086,Cytoplasm,Texture,AGP
Nuclei_Texture_InverseDifferenceMoment_Mito_10_01_256,0.05514626698118887,0.7559649585010627,0.05670572070384988,0.1321830538138987,6040.764517590264,Nuclei,Texture,Mito
Cytoplasm_Texture_Variance_DNA_5_00_256,0.008625116367824447,0.8364541256364032,0.08580086756292638,0.06911989043284589,276381.403795705,Cytoplasm,Texture,DNA
Image_Texture_SumEntropy_RNA_5_01_256,0.15471728533577114,0.7041538296818128,0.013464525056167569,0.12766435992624858,6416.696155256886,Image,Texture,RNA
Cells_Texture_DifferenceVariance_DNA_10_01_256,0.001011661583097143,0.9207795575866821,0.05377135312892554,0.02443742770129521,182281.5278971133,Cells,Texture,DNA
Cytoplasm_RadialDistribution_FracAtD_mito_tubeness_10of20,0.023531192635565294,0.6478416242035614,0.0619166120659417,0.2667105710949316,727430.9505680718,Cytoplasm,RadialDistribution,
Cytoplasm_Texture_SumVariance_DNA_5_01_256,0.006169636538117219,0.8555589512955015,0.0785484012433785,0.05972301092300268,372612.7292181194,Cytoplasm,Texture,DNA
Image_Texture_InverseDifferenceMoment_RNA_10_03_256,0.12744466243249614,0.7480305984501066,0.011181807697008887,0.11334293142038843,6879.5970320508695,Image,Texture,RNA
Image_Texture_SumVariance_RNA_3_01_256,0.009871786798211542,0.8899490732917507,0.021680155487869987,0.07849898442216774,48293.78101161963,Image,Texture,RNA
Nuclei_Texture_Contrast_ER_10_01_256,0.08851597516217269,0.5434938269630919,0.014053141892615318,0.35393705598212005,66066.8056758749,Nuclei,Texture,ER
Nuclei_Texture_DifferenceVariance_AGP_3_03_256,0.0016563059074715999,0.9403842439806377,0.041119657778230956,0.016839792333659898,558079.1322597789,Nuclei,Texture,AGP
Image_Texture_AngularSecondMoment_RNA_3_02_256,0.330310507636616,0.383016403668113,0.02313086295669268,0.2635422257385782,33680.48404404623,Image,Texture,RNA
Image_ImageQuality_Correlation_OrigDNA_50,0.11049659123650589,0.20640642197283887,0.027218392401552237,0.655878594389103,19133.438434351723,Image,ImageQuality,
Image_Texture_DifferenceVariance_RNA_5_03_256,0.008947260270916428,0.797206697064864,0.1683563900031235,0.025489652661095836,166668.2446509758,Image,Texture,RNA
Cells_RadialDistribution_MeanFrac_mito_tubeness_13of16,0.13679952688491445,0.2860809147241428,0.11399453719433748,0.4631250211966052,19892.300311047038,Cells,RadialDistribution,
Cells_RadialDistribution_RadialCV_AGP_2of4,0.03520562557754167,0.8280896803894701,0.011659567919967974,0.1250451261130202,5442.344528610119,Cells,RadialDistribution,AGP
Cytoplasm_Texture_Entropy_Mito_10_02_256,0.017245496728395777,0.8049931618461729,0.06280960556284289,0.11495173586258846,7726.126833960538,Cytoplasm,Texture,Mito
Cytoplasm_Texture_AngularSecondMoment_ER_10_00_256,0.025569820630055022,0.6631922607733178,0.13763412745765435,0.17360379113897298,205434.49462004495,Cytoplasm,Texture,ER
Cells_Texture_Correlation_RNA_10_01_256,0.09631732340893688,0.395579285480888,0.08059956677901417,0.427503824331161,25064.5130427846,Cells,Texture,RNA
Cells_Texture_Contrast_Mito_5_01_256,0.2014084731568568,0.2205136105527788,0.05745893411245243,0.5206189821779119,45263.51127303738,Cells,Texture,Mito
Cytoplasm_Texture_Entropy_RNA_3_01_256,0.008830447042186652,0.9002681027074071,0.028026025692093934,0.06287542455831233,11232.80503723917,Cytoplasm,Texture,RNA
Image_Texture_SumAverage_DNA_3_02_256,0.0014341260570171458,0.9730136745315219,0.011908116064258739,0.013644083347202126,68255.72576659481,Image,Texture,DNA
Cytoplasm_Texture_AngularSecondMoment_Mito_3_03_256,0.018751377350770548,0.6358459874493197,0.1412361050833479,0.20416653011656186,25290.594061613407,Cytoplasm,Texture,Mito
Cytoplasm_Texture_AngularSecondMoment_RNA_10_02_256,0.02701309173091111,0.6985487875203016,0.08301889995813602,0.19141922079065127,279283.51740410697,Cytoplasm,Texture,RNA
Image_Texture_AngularSecondMoment_DNA_10_01_256,0.04806353706476277,0.8581725776188818,0.008175486521053918,0.08558839879530158,7445.847434859134,Image,Texture,DNA
Image_Texture_SumEntropy_Mito_5_00_256,0.08011760375717451,0.8149792194511581,0.02110218521642888,0.0838009915752384,5681.5644912222915,Image,Texture,Mito
Image_ImageQuality_LocalFocusScore_OrigER_5,0.14324859893569564,0.4499654829344977,0.017759178914254267,0.3890267392155525,356337.1571777789,Image,ImageQuality,
Cells_Texture_DifferenceEntropy_Mito_10_00_256,0.05179982386613918,0.6868014847750352,0.06969290121944524,0.19170579013938033,10020.74601905682,Cells,Texture,Mito
Nuclei_AreaShape_EquivalentDiameter,0.1263954130721682,0.640600814932343,0.09190317202240511,0.14110059997308366,9855.68802277784,Nuclei,AreaShape,
Cells_Texture_AngularSecondMoment_RNA_3_02_256,0.02805957589015202,0.6706898263373929,0.0999559138074995,0.20129468396495556,249170.25721254112,Cells,Texture,RNA
Cells_Texture_DifferenceVariance_ER_10_02_256,0.021019114946160346,0.644391497282803,0.11146434450716595,0.22312504326387061,147596.37176925078,Cells,Texture,ER
Cells_Texture_Entropy_Mito_5_02_256,0.022995609861694716,0.7886753400374803,0.06260564685141294,0.12572340324941214,7573.786676761372,Cells,Texture,Mito
Image_Texture_AngularSecondMoment_DNA_5_02_256,0.031645900399311276,0.8896345168418817,0.008625632109612048,0.07009395064919502,5644.013220742729,Image,Texture,DNA
Nuclei_Intensity_MaxIntensityEdge_AGP,0.012333189193958994,0.9250712890691368,0.011211402306061732,0.05138411943084234,6452.862439936727,Nuclei,Intensity,AGP
Image_Texture_InverseDifferenceMoment_Mito_10_03_256,0.07076967605768898,0.8325946245230831,0.016680775857403653,0.0799549235618243,5632.046635738272,Image,Texture,Mito
Nuclei_Texture_SumEntropy_ER_10_00_256,0.005639835190292984,0.8948890941352872,0.04067578901448261,0.058795281659937186,12695.824094084315,Nuclei,Texture,ER
Cells_Texture_SumVariance_RNA_3_00_256,0.0486921762858231,0.6602044018505089,0.012764740402542994,0.27833868146112495,64080.70026235985,Cells,Texture,RNA
Cells_Texture_AngularSecondMoment_RNA_5_03_256,0.029629499795084186,0.7016043547674962,0.06296641061633179,0.205799734821088,292960.2560692463,Cells,Texture,RNA
Nuclei_RadialDistribution_MeanFrac_RNA_3of4,0.044453867457153275,0.6042505388314624,0.14780742513821174,0.20348816857317242,12243.258900313243,Nuclei,RadialDistribution,RNA
Cells_Texture_DifferenceVariance_DNA_10_02_256,0.0012877493860776218,0.9214267690868793,0.05285552846379878,0.024429953063244424,120946.4595755008,Cells,Texture,DNA
Cells_Granularity_16_DNA,0.032544464533257884,0.3203033562918675,0.03254700975384946,0.614605169421025,23981.670340064346,Cells,Granularity,DNA
Cytoplasm_RadialDistribution_MeanFrac_mito_tubeness_3of20,0.02310628911863945,0.05431177311899807,0.00017052948440559655,0.9224114082779569,50979.12508161554,Cytoplasm,RadialDistribution,
Cytoplasm_RadialDistribution_MeanFrac_mito_tubeness_10of16,0.13514927846579816,0.38434118433328834,0.01901265981513656,0.46149687738577677,21573.49985451363,Cytoplasm,RadialDistribution,
Cells_Texture_SumVariance_DNA_5_02_256,0.010579479071127433,0.8821505877030004,0.05664280255438027,0.050627130671492104,428909.1744520004,Cells,Texture,DNA
Cells_Texture_Entropy_Mito_10_02_256,0.020325407043864464,0.7880156110349288,0.0629356329225593,0.12872334899864749,7741.813753173059,Cells,Texture,Mito
Cytoplasm_Texture_DifferenceVariance_ER_5_00_256,0.01411295848236239,0.6732425450253947,0.10841912037804852,0.20422537611419436,86611.91434656263,Cytoplasm,Texture,ER
Cells_Texture_SumAverage_ER_5_00_256,0.007980393957142002,0.9528004439218382,0.010245459882700881,0.02897370223831887,10077.151962870614,Cells,Texture,ER
Image_Texture_Correlation_AGP_3_01_256,0.01993768992519851,0.9104369897368352,0.006605206908849895,0.06302011342911633,12404.38078205681,Image,Texture,AGP
Cytoplasm_Texture_SumVariance_DNA_3_01_256,0.006525729960833201,0.8555604412656761,0.07815358660681787,0.05976024216667269,374665.66793264874,Cytoplasm,Texture,DNA
Cells_Intensity_MinIntensity_ER,0.0010007703916001262,0.985383613996914,0.0017837315102033084,0.011831884101282629,75371.54981746704,Cells,Intensity,ER
Cells_Texture_DifferenceVariance_RNA_10_01_256,0.01387008469124731,0.7733033653509418,0.05867621235798565,0.1541503375998251,290985.1158704957,Cells,Texture,RNA
Nuclei_Texture_Contrast_Mito_5_01_256,0.2334846215520688,0.20262827173695,0.07965503232732102,0.4842320743836602,71389.63988875948,Nuclei,Texture,Mito
Image_Texture_SumAverage_ER_10_02_256,0.00781141599170693,0.9694862334261516,0.0031672393009657333,0.01953511128117578,33539.63434800878,Image,Texture,ER
Nuclei_Texture_DifferenceVariance_Mito_3_02_256,0.01473352844461049,0.7076048266853582,0.13880178370740973,0.1388598611626215,29203.58610689621,Nuclei,Texture,Mito
Cells_Correlation_Manders_AGP_DNA,0.007586960336899464,0.9393711002530117,0.01010981291379359,0.04293212649629503,19302.04443633705,Cells,Correlation,AGP
Cells_Texture_SumEntropy_DNA_3_02_256,0.005403776444210184,0.9661604568773685,0.006430756855064973,0.022005009823356184,6322.706176188083,Cells,Texture,DNA
Image_Granularity_12_Mito,0.07803234197588063,0.37106454093933205,0.04565315992610171,0.5052499571586857,15790.016791603215,Image,Granularity,Mito
Image_Texture_Variance_Mito_10_00_256,0.007546931884132914,0.7446970516587313,0.039593126475636516,0.20816288998149932,33974.3084571575,Image,Texture,Mito
Cells_Texture_Variance_DNA_3_00_256,0.012790429127031936,0.8699390763823447,0.05898872977473185,0.05828176471589162,434388.11096297496,Cells,Texture,DNA
Cells_Neighbors_NumberOfNeighbors_5,0.34517684733660686,0.3799206630821831,0.026204853522107642,0.2486976360591023,26643.17814697245,Cells,Neighbors,
Image_Texture_SumVariance_Mito_3_02_256,0.007489343112195594,0.7428019784420953,0.038112048882306654,0.21159662956340258,35410.0057228929,Image,Texture,Mito
Nuclei_Texture_Entropy_RNA_3_03_256,0.003423643145616431,0.9179342109611602,0.03384967446162609,0.04479247143159731,13235.834100340013,Nuclei,Texture,RNA
Cells_Texture_SumAverage_ER_3_01_256,0.007809722884658316,0.9535418995578634,0.01018045074927734,0.028467926808200927,10118.048016486224,Cells,Texture,ER
Cytoplasm_Correlation_RWC_Mito_DNA,0.0020633225759746562,0.891406341754523,0.07897960941885473,0.027550726250647604,7348.599566897403,Cytoplasm,Correlation,DNA
Image_Texture_InfoMeas1_RNA_3_03_256,0.05968475521824177,0.772230532176054,0.011274882992238784,0.15680982961346554,8778.61617709195,Image,Texture,RNA
Cytoplasm_RadialDistribution_RadialCV_mito_tubeness_4of20,0.022896166273998157,0.2945277453346265,0.0068307109017605,0.6757453774896149,297822.21807667194,Cytoplasm,RadialDistribution,
Cells_Correlation_Manders_AGP_RNA,0.04034681897063783,0.7252116598988069,0.10011303260456593,0.13432848852598933,8691.914500148172,Cells,Correlation,AGP
Nuclei_Texture_DifferenceEntropy_AGP_5_01_256,0.011986317691416514,0.9138985060867761,0.03763708790382556,0.036478088317981834,21436.82224964344,Nuclei,Texture,AGP
Cells_Intensity_UpperQuartileIntensity_DNA,0.0018373813802272368,0.9507300701838431,0.02924431059130285,0.018188237844626583,78251.52709076379,Cells,Intensity,DNA
Cells_AreaShape_MinorAxisLength,0.10874094463757529,0.2827246255103339,0.04635475915294752,0.5621796706991432,58371.90820888262,Cells,AreaShape,
Cytoplasm_Texture_SumEntropy_Mito_3_01_256,0.018798902975424175,0.8014177305572602,0.0627210193599726,0.11706234710734299,7953.10539573079,Cytoplasm,Texture,Mito
Image_Granularity_14_ER,0.13440654030232002,0.4390905355511919,0.033494887641785986,0.393008036504702,16825.377127588414,Image,Granularity,ER
Image_Granularity_15_ER,0.15829523353245123,0.37338342635545535,0.02711410443348834,0.441207235678605,16890.583859465074,Image,Granularity,ER
Image_Texture_SumEntropy_DNA_3_02_256,0.017247459071435135,0.946228152623615,0.004258268385952233,0.03226611991899758,20681.324403730992,Image,Texture,DNA
Image_Texture_Contrast_RNA_5_00_256,0.008065278104216827,0.9049635733555632,0.021267764518463312,0.06570338402175675,147417.32264580755,Image,Texture,RNA
Cytoplasm_Texture_Variance_RNA_3_02_256,0.030908445420148895,0.7494245339756994,0.0037464284397984503,0.2159205921643531,72124.36486971893,Cytoplasm,Texture,RNA
Cytoplasm_Granularity_4_RNA,0.2796778847117218,0.3047093058197728,0.008645723591535827,0.40696708587696956,74126.41337567476,Cytoplasm,Granularity,RNA
Cells_Granularity_1_DNA,0.0042379143374394156,0.9405138854457208,0.023939434452217332,0.03130876576462232,15719.730576037544,Cells,Granularity,DNA
Image_Granularity_5_ER,0.1959342310119496,0.25508733242892234,0.09867219338796364,0.45030624317116447,17451.843998716817,Image,Granularity,ER
Cytoplasm_RadialDistribution_RadialCV_mito_tubeness_11of20,0.022962709599739603,0.5045431306279068,0.06488362648780939,0.40761053328454416,883204.7499651767,Cytoplasm,RadialDistribution,
Image_Texture_SumAverage_Mito_3_00_256,0.002858135705574229,0.9681608810468989,0.0026579083851135596,0.026323074862413292,52783.20948853263,Image,Texture,Mito
Cells_Texture_AngularSecondMoment_Mito_10_01_256,0.030378185775149686,0.4998489956878821,0.14831768327356148,0.32145513526340674,52534.8254089107,Cells,Texture,Mito
Cells_Texture_DifferenceEntropy_DNA_5_01_256,0.008267887770733628,0.9540479102623425,0.010459316944569396,0.02722488502235452,5442.736597239737,Cells,Texture,DNA
Image_Intensity_TotalArea_RNA,0.0002444814099158543,0.9995112158005643,1.6365976335426334e-07,0.00024413912975640862,1938274.7877996452,Image,Intensity,RNA
Nuclei_Correlation_Overlap_AGP_ER,0.005901547456758183,0.9169833414712941,0.03420004605974712,0.042915065012200514,4717.691658057405,Nuclei,Correlation,AGP
Cells_Texture_Contrast_RNA_5_00_256,0.02732564118859009,0.8275410322545808,0.012094778956489232,0.1330385476003399,110376.31832237715,Cells,Texture,RNA
Cytoplasm_Texture_SumAverage_ER_3_00_256,0.0035449289064208886,0.9649043266474963,0.01229068150671343,0.019260062939369518,13407.423171284456,Cytoplasm,Texture,ER
Cytoplasm_Texture_InfoMeas2_Mito_3_02_256,0.03550632416472578,0.6711168554763671,0.054873950985609786,0.23850286937329726,8349.463482622865,Cytoplasm,Texture,Mito
Image_Texture_Contrast_AGP_5_02_256,0.01333762096248382,0.8690323253821289,0.022897620850885026,0.09473243280450218,18524.86576710958,Image,Texture,AGP
Nuclei_Texture_InverseDifferenceMoment_AGP_10_00_256,0.013101819311746237,0.9225969355708062,0.035022323702261826,0.029278921415185757,26971.82318197282,Nuclei,Texture,AGP
Cells_Correlation_Manders_AGP_ER,0.0364556200670827,0.8179675428046135,0.04546330723366335,0.10011352989464051,10540.679376410857,Cells,Correlation,AGP
Image_ImageQuality_PercentMaximal_OrigDNA,0.003381279234963038,0.9364553536750483,0.003647067989296243,0.05651629910069245,965230.3865769035,Image,ImageQuality,
Cells_RadialDistribution_FracAtD_mito_tubeness_12of20,0.05313414102838848,0.6996891582308612,0.0568185888775833,0.1903581118631671,6858.455660976966,Cells,RadialDistribution,
Image_Texture_InfoMeas2_Mito_10_03_256,0.12038126019850592,0.5865973955158974,0.09400982709607071,0.19901151718952592,18966.613816025725,Image,Texture,Mito
Image_Texture_InfoMeas1_AGP_5_00_256,0.07819758378895117,0.6958185590315287,0.04578291901054509,0.1802009381689749,11385.02793140204,Image,Texture,AGP
Nuclei_Texture_DifferenceVariance_Mito_5_00_256,0.013684482905806355,0.6978545554315237,0.1437955721902407,0.1446653894724292,30727.172058932803,Nuclei,Texture,Mito
Cytoplasm_Texture_Entropy_DNA_10_02_256,0.006525646484926943,0.9525964313900186,0.01738947849264029,0.023488443632414164,3767.1909411489087,Cytoplasm,Texture,DNA
Cells_Texture_AngularSecondMoment_RNA_10_02_256,0.02991955467700466,0.7140231919537513,0.054093622262657896,0.20196363110658613,305076.7865819322,Cells,Texture,RNA
Cytoplasm_Texture_Contrast_DNA_5_00_256,0.013886728807144377,0.7870531146901196,0.104797599005961,0.09426255749677499,123940.98772805676,Cytoplasm,Texture,DNA
Nuclei_Texture_Correlation_ER_3_00_256,0.018598718702929243,0.8980256061912191,0.019174356906704344,0.06420131819914732,5658.130254612067,Nuclei,Texture,ER
Cytoplasm_Texture_DifferenceEntropy_ER_3_01_256,0.024585979708106866,0.8271488743570774,0.057005516676235046,0.09125962925858067,8511.82375383346,Cytoplasm,Texture,ER
Cells_Texture_SumEntropy_ER_3_00_256,0.008740295556826505,0.8710155986081796,0.05042375038117565,0.06982035545381839,10642.112698330264,Cells,Texture,ER
Cytoplasm_Texture_SumVariance_RNA_10_03_256,0.02923670608201632,0.7548904953575498,0.0033283886626380116,0.21254440989779583,70338.05222583479,Cytoplasm,Texture,RNA
Cells_Granularity_2_DNA,0.19284564383842265,0.5381742311418088,0.005588672225039914,0.2633914527947286,56832.279266462225,Cells,Granularity,DNA
Nuclei_RadialDistribution_FracAtD_Mito_3of4,0.09377505622354079,0.3779976180989895,0.07091663107288264,0.4573106946045871,21297.043893667927,Nuclei,RadialDistribution,Mito
Nuclei_Texture_Contrast_AGP_10_02_256,0.10004209720668457,0.4976015267598848,0.01470616568942619,0.38765021034400454,76818.27285885453,Nuclei,Texture,AGP
Image_Texture_Entropy_Mito_5_02_256,0.06303222608718463,0.845496870874853,0.01865747082251021,0.07281343221545204,5890.694492794405,Image,Texture,Mito
Nuclei_Texture_InfoMeas1_RNA_3_02_256,0.028039064914219574,0.8199168202946148,0.03654986616053412,0.1154942486306316,11939.319937060636,Nuclei,Texture,RNA
Image_Texture_DifferenceVariance_AGP_3_01_256,0.016765878740518953,0.7587781743882686,0.15981037744053952,0.06464556943067289,235875.91850862745,Image,Texture,AGP
Nuclei_Texture_Correlation_AGP_3_02_256,0.025410361103537813,0.8709649603124924,0.011956912748258278,0.0916677658357115,6417.097147891247,Nuclei,Texture,AGP
Cytoplasm_Texture_SumVariance_ER_3_02_256,0.06830024631737777,0.5787094343313508,0.0695461216016142,0.2834441977496572,14662.452249807833,Cytoplasm,Texture,ER
Cytoplasm_Texture_InfoMeas2_Mito_5_02_256,0.02421141654245274,0.7468429489167429,0.051875031621916756,0.17707060291888752,8180.556274015581,Cytoplasm,Texture,Mito
Cells_Texture_Correlation_RNA_5_00_256,0.018692615041352025,0.5922648691552685,0.2438278800542023,0.1452146357491771,26542.750192381853,Cells,Texture,RNA
Image_Granularity_15_DNA,0.0869854499705974,0.3982039720315405,0.008167312112802088,0.50664326588506,62387.015418784744,Image,Granularity,DNA
Cytoplasm_RadialDistribution_RadialCV_AGP_1of4,0.023872368870881715,0.8581034562338831,0.011814174135650075,0.10621000075958495,5915.284103576067,Cytoplasm,RadialDistribution,AGP
Image_Intensity_PercentMaximal_Mito_BackgroundOnly,0.024294477175715583,0.4686322661362626,0.010379831495653854,0.496693425192368,43795.232092669394,Image,Intensity,Mito
Cells_RadialDistribution_RadialCV_mito_tubeness_14of16,0.0999826899199038,0.6104452836182482,0.010956654186583271,0.27861537227526484,9327.47146592159,Cells,RadialDistribution,
Cells_Texture_DifferenceEntropy_ER_5_01_256,0.018768305974861035,0.8365629343201169,0.04835725608964664,0.09631150361537547,8457.43128709898,Cells,Texture,ER
Image_Texture_Variance_DNA_3_01_256,0.0005386481650245562,0.9808871730204557,0.011231804356195264,0.007342374458324557,757621.358422513,Image,Texture,DNA
Cells_Intensity_IntegratedIntensity_Mito,0.04690740382225251,0.5926250979917032,0.005844893775635771,0.35462260441040866,40274.85382578363,Cells,Intensity,Mito
Image_Texture_DifferenceEntropy_RNA_3_00_256,0.08860639694247763,0.7931720407924404,0.015666189790015397,0.10255537247506656,6724.008021151884,Image,Texture,RNA
Image_Texture_Variance_Mito_3_01_256,0.007534332945071067,0.744106781640522,0.03991624468619339,0.2084426407282134,34034.887556108835,Image,Texture,Mito
Nuclei_Texture_SumEntropy_Mito_5_02_256,0.054537499599930095,0.7695325869857418,0.050232729959681546,0.12569718345464673,6367.239318962444,Nuclei,Texture,Mito
Image_Intensity_MedianIntensity_DNA_BackgroundOnly,0.0013325442912349816,0.9680254044594221,0.00012270785462034796,0.030519343394722575,16261.000522524084,Image,Intensity,DNA
Cells_Texture_InfoMeas2_DNA_10_00_256,0.0023046800205612232,0.9849968979931872,0.0019222809595358383,0.010776141026715789,9741.998030633958,Cells,Texture,DNA
Cytoplasm_Texture_InfoMeas2_ER_5_03_256,0.01068202903514037,0.8718294973228057,0.05995855516083673,0.05752991848121719,16112.067452545696,Cytoplasm,Texture,ER
Image_Texture_DifferenceVariance_DNA_5_03_256,0.002188688987945575,0.9632518495946805,0.019766628952482438,0.014792832464891548,123555.9208872377,Image,Texture,DNA
Image_Texture_SumEntropy_RNA_10_03_256,0.1564384294242425,0.70056324762818,0.013182136086259927,0.12981618686131746,6402.313407151667,Image,Texture,RNA
Nuclei_Texture_Contrast_RNA_5_01_256,0.024740156923208544,0.8202496739003989,0.034666583205251504,0.12034358597114107,130373.62001759083,Nuclei,Texture,RNA
Cells_Texture_InfoMeas1_Mito_10_00_256,0.10558285911802787,0.5022271430186775,0.07184473760307787,0.3203452602602167,11889.985437438787,Cells,Texture,Mito
Cytoplasm_Granularity_11_DNA,0.03834950463082907,0.6875570094801878,0.015368997356323372,0.2587244885326598,8622.6877526009,Cytoplasm,Granularity,DNA
Image_Texture_InverseDifferenceMoment_Mito_5_03_256,0.05333149988351677,0.859990695676834,0.01553311313309898,0.07114469130655017,6319.049529111324,Image,Texture,Mito
Cells_Texture_SumEntropy_AGP_10_01_256,0.007444603274826173,0.916587389305674,0.039433041546368446,0.03653496587313149,24322.268166694652,Cells,Texture,AGP
Nuclei_Correlation_RWC_DNA_RNA,0.007551112695605135,0.9208535014674984,0.016837835763736236,0.05475755007316013,117628.62288638194,Nuclei,Correlation,DNA
Cells_Texture_Variance_Mito_10_02_256,0.15367440056315784,0.31670533315614974,0.04507902897778825,0.48454123730290416,42660.0482807131,Cells,Texture,Mito
Cells_Correlation_Manders_ER_AGP,0.08537930011014734,0.6691400836340003,0.015102387605885713,0.23037822864996657,94569.60772752829,Cells,Correlation,AGP
Cytoplasm_Correlation_RWC_ER_AGP,0.018070750601542777,0.8170333249021658,0.02540314563403542,0.13949277886225595,16343.316708736758,Cytoplasm,Correlation,AGP
Cells_AreaShape_Zernike_5_1,0.11017828372702622,0.20112403634369083,0.019541563932820426,0.6691561159964625,29842.96857886106,Cells,AreaShape,
Cells_Texture_AngularSecondMoment_ER_3_03_256,0.031391181861923786,0.6215880057922184,0.13182652036864434,0.21519429197721351,192419.77011602605,Cells,Texture,ER
Nuclei_AreaShape_BoundingBoxMinimum_Y,0.05787558352605303,0.295553216896176,0.047868090441220076,0.598703109136551,20761.2975834985,Nuclei,AreaShape,
Cytoplasm_Intensity_MeanIntensity_Mito,0.0034907924781328397,0.9566027262725507,0.00718618552706909,0.03272029572224734,37318.00009046644,Cytoplasm,Intensity,Mito
Nuclei_Texture_DifferenceVariance_Mito_3_03_256,0.014068982389557944,0.7011498979346099,0.14200677253619629,0.14277434713963583,30300.70963659384,Nuclei,Texture,Mito
Nuclei_Texture_DifferenceEntropy_RNA_3_02_256,0.0047591551781201785,0.9141053952332553,0.035782324015181895,0.04535312557344242,11951.64729072056,Nuclei,Texture,RNA
Cytoplasm_RadialDistribution_FracAtD_mito_tubeness_5of20,0.019717118191248797,0.5449898878419971,0.06409109566104544,0.3712018983057086,702778.511353472,Cytoplasm,RadialDistribution,
Nuclei_Texture_InverseDifferenceMoment_RNA_3_01_256,0.004931033863447352,0.9077303827137754,0.03331575822820734,0.05402282519456997,14640.66731050946,Nuclei,Texture,RNA
Image_Texture_InfoMeas1_Mito_5_00_256,0.07799448911562207,0.516542112726773,0.0566514381266637,0.34881196003094117,14849.664003849372,Image,Texture,Mito
Image_Texture_SumVariance_Mito_5_00_256,0.007540582714222606,0.7410995350229743,0.03666352693770557,0.21469635532509754,36075.371717378206,Image,Texture,Mito
Cytoplasm_AreaShape_Center_Y,0.05921999556124782,0.32277148427430435,0.044983113320888564,0.5730254068435594,19787.71975411721,Cytoplasm,AreaShape,
Cytoplasm_Texture_DifferenceVariance_Mito_10_00_256,0.01336623796577406,0.5735217272677118,0.14211098977258518,0.27100104499392885,45969.695726787555,Cytoplasm,Texture,Mito
Image_Texture_InfoMeas1_RNA_10_03_256,0.12443854763134565,0.6369935447869721,0.020371289633213434,0.21819661794846884,10415.14576021958,Image,Texture,RNA
Cytoplasm_Texture_SumVariance_AGP_10_02_256,0.09529693497356179,0.4542247009372305,0.01266933592100497,0.4378090281682027,40243.133901521054,Cytoplasm,Texture,AGP
Cells_Texture_SumAverage_AGP_5_02_256,0.003122120646331906,0.9626586085003311,0.019248032296597353,0.014971238556739593,6931.575946500295,Cells,Texture,AGP
Image_Texture_SumEntropy_ER_10_00_256,0.16524668673324996,0.6785791668461368,0.01463823172852283,0.14153591469209048,14569.062141394028,Image,Texture,ER
Cells_Texture_SumEntropy_ER_3_02_256,0.008700766615701301,0.8708101617426147,0.050440493250626585,0.0700485783910574,10666.564474534636,Cells,Texture,ER
Cells_Texture_SumVariance_AGP_3_02_256,0.13212954014255182,0.3518496865880428,0.014221993517690048,0.5017987797517154,46890.097798479364,Cells,Texture,AGP
Image_Granularity_13_Mito,0.07771040825378316,0.3244066861854643,0.03682744653921815,0.5610554590215343,14291.350303628453,Image,Granularity,Mito
Cells_Texture_Correlation_Mito_3_00_256,0.04345608398955787,0.6798449345844285,0.03951906836186198,0.23717991306415162,9809.648288673616,Cells,Texture,Mito
Nuclei_Texture_SumEntropy_ER_5_00_256,0.008742347576935336,0.88563738739201,0.0402236052320246,0.06539665979903012,12506.089094715735,Nuclei,Texture,ER
Nuclei_Granularity_5_ER,0.29537893008480826,0.30215101033267056,0.019201854329359207,0.38326820525316196,21954.72668918799,Nuclei,Granularity,ER
Cells_Texture_InfoMeas2_RNA_10_01_256,0.006303828672059103,0.8490448421004776,0.06910209032443067,0.07554923890303246,23435.342346911788,Cells,Texture,RNA
Image_Granularity_1_AGP,0.031881942225418826,0.9155691639483214,0.005658244579105226,0.04689064924715453,4536.8187906426165,Image,Granularity,AGP
Image_Texture_Contrast_ER_10_01_256,0.009697808515872767,0.8579778454743395,0.06359619821393217,0.06872814779585558,24367.602798625398,Image,Texture,ER
Image_Texture_InfoMeas2_AGP_5_02_256,0.2112856974520539,0.4811583702904952,0.021727809241022824,0.2858281230164282,67158.35770220253,Image,Texture,AGP
Nuclei_Granularity_7_ER,0.07057680794993126,0.635956215822794,0.06884553771760243,0.22462143850967217,7015.355374556839,Nuclei,Granularity,ER
Nuclei_Texture_DifferenceEntropy_ER_3_02_256,0.016990233669711027,0.8408465336458747,0.0470450660636195,0.09511816662079475,11443.770326894035,Nuclei,Texture,ER
Image_Granularity_13_DNA,0.05334664706066982,0.51946844403166,0.014674354300093194,0.41251055460757696,27699.85616328339,Image,Granularity,DNA
Cytoplasm_Texture_SumVariance_RNA_3_03_256,0.031412072151767736,0.7367147842009538,0.003962530577443681,0.22791061306983473,68626.3608439641,Cytoplasm,Texture,RNA
Cytoplasm_Texture_SumEntropy_DNA_10_03_256,0.005012999144410709,0.9597037530117121,0.0167048788503048,0.018578368993572455,3328.288996418564,Cytoplasm,Texture,DNA
Cytoplasm_RadialDistribution_FracAtD_mito_tubeness_11of16,0.06199439137977823,0.6781379676002289,0.011077288803417497,0.24879035221657547,12180.720194043302,Cytoplasm,RadialDistribution,
Image_Texture_InfoMeas1_Mito_5_01_256,0.09742024477026391,0.49915663002521704,0.057813673355315065,0.34560945184920416,14024.673555158863,Image,Texture,Mito
Image_Texture_InverseDifferenceMoment_DNA_3_03_256,0.014281130934858709,0.9462070104736902,0.0032479036194315515,0.03626395497201966,18624.32350576636,Image,Texture,DNA
Nuclei_Children_Cytoplasm_Count,0.007838246452027688,0.8711694019228856,0.001147104091317558,0.11984524753376911,513745.65805428603,Nuclei,Children,
Nuclei_Intensity_IntegratedIntensity_Mito,0.006538006750371072,0.9496007386395247,0.005505055789624326,0.038356198820479935,32152.015194230356,Nuclei,Intensity,Mito
Image_Texture_DifferenceVariance_RNA_10_02_256,0.012008124456263957,0.7892763201656825,0.16898289419669674,0.02973266118135674,170456.62145601492,Image,Texture,RNA
Nuclei_Texture_DifferenceEntropy_RNA_3_00_256,0.004529559235171565,0.9166032039632855,0.03389353571506356,0.04497370108647938,11980.895191451742,Nuclei,Texture,RNA
Cells_Texture_InfoMeas1_AGP_3_02_256,0.006540892426911713,0.856686576026332,0.06639036788971565,0.07038216365704054,8867.631409399437,Cells,Texture,AGP
Cytoplasm_AreaShape_MajorAxisLength,0.09760084344740419,0.3089399851367015,0.03903718128651507,0.5544219901293793,46739.84712363221,Cytoplasm,AreaShape,
Cells_Granularity_3_RNA,0.2682478479801893,0.3300606513462825,0.0035957269289678285,0.3980957737445604,31049.504553961928,Cells,Granularity,RNA
Nuclei_Texture_SumAverage_DNA_3_03_256,0.006020885781747959,0.9556197264951426,0.019953892067664732,0.01840549565544474,17731.770991630023,Nuclei,Texture,DNA
Image_Texture_Variance_Mito_5_01_256,0.007566744755928589,0.7438249681549585,0.03975376664658043,0.20885452044253255,33849.78483586859,Image,Texture,Mito
Nuclei_RadialDistribution_MeanFrac_Mito_4of4,0.15297485395829888,0.38363443349601944,0.14268057043324325,0.32071014211243853,31512.64973949344,Nuclei,RadialDistribution,Mito
Nuclei_Location_CenterMassIntensity_X_DNA,0.025196270391890225,0.640531495166249,0.011920573090500187,0.3223516613513607,14216.419618714106,Nuclei,Location,DNA
Cells_Texture_SumEntropy_Mito_10_03_256,0.022944850784241716,0.7632792051575368,0.06667320779203008,0.1471027362661914,9011.271823153378,Cells,Texture,Mito
Cells_Granularity_9_RNA,0.06407695482644186,0.6958660090552728,0.03101375342677018,0.2090432826915151,7398.993894640019,Cells,Granularity,RNA
Cells_Texture_DifferenceVariance_ER_10_03_256,0.018841562385006852,0.6691628377004253,0.12480625263754688,0.18718934727702086,186706.21903227933,Cells,Texture,ER
Cells_RadialDistribution_MeanFrac_Mito_2of4,0.1029709709562935,0.43350183317459257,0.06854965795183729,0.3949775379172767,11420.410646522236,Cells,RadialDistribution,Mito
Cytoplasm_Correlation_Correlation_DNA_RNA,0.014588065725553979,0.8065203090692282,0.05721617339541421,0.12167545180980349,35978.011125873585,Cytoplasm,Correlation,DNA
Image_Texture_InfoMeas1_AGP_10_02_256,0.08190696265309966,0.6981350313262484,0.04085785577485006,0.17910015024580186,12009.851792584885,Image,Texture,AGP
Nuclei_Texture_DifferenceVariance_AGP_10_00_256,0.0016382213096992494,0.961826760091201,0.0253891008557907,0.011145917743308937,691003.7492144813,Nuclei,Texture,AGP
Cells_Texture_InfoMeas1_RNA_3_01_256,0.02659012869664938,0.42526480530112365,0.311697121129438,0.23644794487278903,22466.16452143651,Cells,Texture,RNA
Cytoplasm_Texture_Variance_DNA_10_01_256,0.005355887267014891,0.8513256276324866,0.09235947372591458,0.05095901137458385,416261.3833142844,Cytoplasm,Texture,DNA
Image_Texture_InfoMeas2_ER_5_00_256,0.4480875886336789,0.1406129664627321,0.0191759026644162,0.3921235422391728,117635.10267551948,Image,Texture,ER
Image_Texture_InfoMeas1_Mito_5_02_256,0.07799831415582599,0.52111061440081,0.05602883324900027,0.34486223819436385,15119.094298473601,Image,Texture,Mito
Cells_Texture_DifferenceEntropy_RNA_3_01_256,0.010938167397501574,0.8832384379343201,0.026509530050409135,0.07931386461776917,11673.996785136613,Cells,Texture,RNA
Nuclei_Intensity_StdIntensityEdge_AGP,0.03597424449830888,0.8228105616051427,0.008964747677210894,0.13225044621933765,10502.500288005158,Nuclei,Intensity,AGP
Image_Texture_DifferenceEntropy_DNA_10_03_256,0.024439738983973787,0.9340146223783414,0.003940500567214001,0.03760513807047085,12644.167934031455,Image,Texture,DNA
Nuclei_Texture_DifferenceVariance_ER_5_03_256,0.025307975762518208,0.6159247645308799,0.09417842936519137,0.26458883034141056,129285.97496322084,Nuclei,Texture,ER
Image_ImageQuality_LocalFocusScore_OrigRNA_20,0.18352525997966698,0.38553423604887227,0.016970998315370307,0.41396950565609053,480092.55055887427,Image,ImageQuality,
Cells_Texture_InverseDifferenceMoment_RNA_5_02_256,0.007375293476442803,0.884172554053722,0.02743115582125478,0.08102099664858055,11736.109110302179,Cells,Texture,RNA
Cytoplasm_Correlation_Manders_AGP_RNA,0.0651757149510308,0.6527275842205998,0.11974061545251591,0.1623560853758535,15676.951424735855,Cytoplasm,Correlation,AGP
Image_Texture_SumVariance_DNA_3_03_256,0.0005343839075913363,0.9817778664615868,0.010444960651705644,0.007242788979116315,762234.3801611235,Image,Texture,DNA
Nuclei_Texture_Contrast_Mito_10_03_256,0.2050143214415478,0.24058899631003108,0.06157646397602281,0.49282021827239825,71071.43070455904,Nuclei,Texture,Mito
Cells_Texture_SumAverage_RNA_3_02_256,0.008405735066578332,0.9289018013098365,0.011204202162060275,0.051488261461524965,10642.932317331557,Cells,Texture,RNA
Cytoplasm_Texture_DifferenceVariance_DNA_5_02_256,0.0008622623864271874,0.9772187785912114,0.006724905015597665,0.015194054006763694,28498.45452931016,Cytoplasm,Texture,DNA
Cells_Texture_InfoMeas1_RNA_3_00_256,0.02868949594946854,0.4355858820822289,0.30218218424945165,0.23354243771885103,20302.861801508996,Cells,Texture,RNA
Cytoplasm_Granularity_11_ER,0.06712312397030555,0.7406445235156655,0.025041054397463285,0.1671912981165656,7329.814588304342,Cytoplasm,Granularity,ER
Image_Intensity_MADIntensity_RNA_BackgroundOnly,0.007092607465131529,0.6759859327824171,0.027595552255012434,0.2893259074974389,81196.99395851544,Image,Intensity,RNA
Cytoplasm_Texture_DifferenceVariance_ER_3_03_256,0.013151434860869154,0.6725158408626578,0.11132350690862529,0.20300921736784766,77816.46377685636,Cytoplasm,Texture,ER
Cells_Texture_DifferenceVariance_ER_3_02_256,0.016950711969860685,0.6274752733556139,0.11515895142054337,0.24041506325398204,75127.12970812521,Cells,Texture,ER
Cells_Texture_SumAverage_RNA_3_03_256,0.008783780067824168,0.926170443828183,0.01122904152163281,0.053816734582359915,10594.422481994749,Cells,Texture,RNA
Cells_Texture_Entropy_Mito_3_00_256,0.023582996340513605,0.7882314871869519,0.06387925278019384,0.12430626369234068,7685.17015829482,Cells,Texture,Mito
Image_Intensity_UpperQuartileIntensity_AGP,0.011363663382195546,0.9460762684432493,0.016894917657234988,0.025665150517320087,19554.667742112142,Image,Intensity,AGP
Image_Texture_Variance_DNA_10_02_256,0.000541138859424664,0.9808043962623828,0.011351960404098995,0.007302504474093546,756995.8678488976,Image,Texture,DNA
Nuclei_Correlation_K_DNA_AGP,0.018284926633436553,0.7639491708078304,0.13102812868989253,0.08673777386884061,18861.57189956454,Nuclei,Correlation,AGP
Image_Texture_AngularSecondMoment_ER_5_02_256,0.3608320476894091,0.32060023831411794,0.018272060393203716,0.30029565360326926,28186.34339474791,Image,Texture,ER
Nuclei_Texture_Variance_DNA_3_03_256,0.04051221909054386,0.7791681019585994,0.04356870763094252,0.1367509713199142,369283.92165384506,Nuclei,Texture,DNA
Cells_Texture_SumVariance_DNA_5_03_256,0.009813993124582227,0.8876987900061456,0.054894495249179324,0.047592721620092766,418091.7342468708,Cells,Texture,DNA
Cytoplasm_Correlation_RWC_DNA_AGP,0.025823600109310348,0.8622875144526413,0.041200814617178894,0.07068807082086936,31074.065363069683,Cytoplasm,Correlation,AGP
Image_Texture_Contrast_ER_5_01_256,0.009703150986505099,0.845065758143108,0.08223928868642309,0.06299180218396372,24852.4907264589,Image,Texture,ER
Nuclei_Granularity_6_Mito,0.28231633078413726,0.2761874016791561,0.04096623934760218,0.4005300281891045,26091.014091825986,Nuclei,Granularity,Mito
Cytoplasm_Texture_SumAverage_RNA_10_00_256,0.005945430939405127,0.942479964606524,0.007553367313191167,0.04402123714087976,12927.067091796813,Cytoplasm,Texture,RNA
Nuclei_Texture_InfoMeas1_DNA_5_00_256,0.058383897738706086,0.8060902293209589,0.014072663999193198,0.12145320894114194,7464.095146818891,Nuclei,Texture,DNA
Nuclei_Texture_DifferenceEntropy_RNA_3_03_256,0.004622436716144962,0.9144115079105627,0.03589152270300047,0.04507453267029185,11140.347749226199,Nuclei,Texture,RNA
Nuclei_Texture_InfoMeas1_ER_5_02_256,0.08966075909484951,0.7018857181359472,0.01597448599755386,0.1924790367716493,8229.44501244423,Nuclei,Texture,ER
Image_Granularity_1_DNA,0.12380626676025325,0.7307922769349134,0.015633496027637597,0.12976796027719553,17834.766607081492,Image,Granularity,DNA
Cytoplasm_Granularity_7_ER,0.21784099410530497,0.41196994695770484,0.01904413236406122,0.35114492657292895,26806.378651321487,Cytoplasm,Granularity,ER
Image_Texture_Correlation_ER_5_03_256,0.1020400615331921,0.664181581037926,0.01797188316160366,0.21580647426727823,10452.466893515184,Image,Texture,ER
Nuclei_Texture_Contrast_RNA_5_02_256,0.014285235271971368,0.8736201910486334,0.03865761368906195,0.07343695999033328,179546.27089360796,Nuclei,Texture,RNA
Nuclei_Texture_Variance_AGP_5_00_256,0.10493840736109958,0.47366271194369636,0.01360878963693699,0.4077900910582671,68560.19476594741,Nuclei,Texture,AGP
Cells_Texture_DifferenceEntropy_RNA_10_03_256,0.008279468394407434,0.8790067851151193,0.03446155403281495,0.07825219245765823,13338.772167627007,Cells,Texture,RNA
Cytoplasm_Texture_Contrast_Mito_3_03_256,0.18731977332639865,0.2313864823465464,0.07175582046718713,0.5095379238598677,38457.47712366794,Cytoplasm,Texture,Mito
Image_Texture_Entropy_RNA_3_02_256,0.11548584030576721,0.7653416448843404,0.012561989598585815,0.10661052521130647,6207.4201965969705,Image,Texture,RNA
Cytoplasm_Texture_InverseDifferenceMoment_AGP_10_02_256,0.007168272033950989,0.8878560158601175,0.061339222137934045,0.04363648996799736,16740.037228034478,Cytoplasm,Texture,AGP
Cells_Texture_SumEntropy_AGP_3_01_256,0.007160060494136001,0.9128283938323182,0.043483952206718184,0.03652759346682771,31777.830889571596,Cells,Texture,AGP
Image_Texture_DifferenceVariance_DNA_10_00_256,0.0023907581353051883,0.9601312790060351,0.022264627059117324,0.015213335799542317,129110.89059363744,Image,Texture,DNA
Cells_Correlation_Correlation_ER_Mito,0.015928606786740768,0.7294050069884076,0.09369901267186273,0.16096737355298885,7316.589104268265,Cells,Correlation,ER
Nuclei_Texture_InfoMeas1_ER_10_03_256,0.18105797393572556,0.4929216906397572,0.03237817263872351,0.2936421627857937,18622.455374092908,Nuclei,Texture,ER
Cells_RadialDistribution_FracAtD_mito_tubeness_15of20,0.2286827683395539,0.2435408005210448,0.04020489638457581,0.4875715347548254,16852.165851116308,Cells,RadialDistribution,
Cells_AreaShape_Zernike_7_7,0.09358251288249725,0.4796427164291061,0.036056479120989124,0.3907182915674075,14852.305075764656,Cells,AreaShape,
Nuclei_AreaShape_BoundingBoxMaximum_X,0.025649766755037356,0.6536937295353316,0.010984335838741081,0.3096721678708901,13662.573000839282,Nuclei,AreaShape,
Nuclei_Texture_Contrast_Mito_10_00_256,0.2141627287082275,0.2305431292284043,0.07461197812596633,0.48068216393740193,73411.71562511008,Nuclei,Texture,Mito
Nuclei_Correlation_K_Mito_AGP,0.01195461807621155,0.839172705155128,0.0861460434614275,0.06272663330723294,64434.3246983173,Nuclei,Correlation,AGP
Cytoplasm_Texture_Entropy_RNA_10_01_256,0.010054294407287032,0.8933527702530754,0.033416421705640645,0.06317651363399686,10544.302880523841,Cytoplasm,Texture,RNA
Nuclei_Texture_InfoMeas2_ER_3_01_256,0.013352694025522721,0.8833534767959335,0.039170346017738444,0.06412348316080545,9585.859912067932,Nuclei,Texture,ER
Cytoplasm_Texture_InfoMeas2_AGP_3_01_256,0.005411295946244567,0.9439394748669103,0.02927355822067532,0.021375670966169682,32421.08447433453,Cytoplasm,Texture,AGP
Cytoplasm_AreaShape_Zernike_2_0,0.06189815784196433,0.6244999799271769,0.04784705439077784,0.26575480784008093,10130.55780816645,Cytoplasm,AreaShape,
Image_Texture_InfoMeas1_ER_10_01_256,0.12263351051144769,0.6233760657798233,0.0174256746216924,0.23656474908703665,8720.245393919151,Image,Texture,ER
Cytoplasm_Texture_Variance_AGP_10_01_256,0.09353032328928969,0.4655322009364798,0.012452914403622025,0.4284845613706085,44570.754544084746,Cytoplasm,Texture,AGP
Nuclei_Location_MaxIntensity_Y_ER,0.05902711619298606,0.31235647026779145,0.04445408809508845,0.5841623254441339,20219.078784519057,Nuclei,Location,ER
Nuclei_Correlation_Manders_Mito_RNA,0.06853231067408469,0.7160457374149114,0.04397437462425388,0.17144757728675,484496.73940033506,Nuclei,Correlation,Mito
Nuclei_Texture_Contrast_RNA_3_00_256,0.006341082906924113,0.9377250670513438,0.017323597276617836,0.038610252765114206,251044.46148511724,Nuclei,Texture,RNA
Cells_RadialDistribution_MeanFrac_mito_tubeness_11of16,0.07306658869217275,0.6749342604542514,0.015561376152050372,0.23643777470152547,6499.085729567891,Cells,RadialDistribution,
Nuclei_Texture_Variance_ER_5_03_256,0.08189359648721596,0.5591520951748193,0.01442489293956988,0.3445294153983949,60323.53700616476,Nuclei,Texture,ER
Cytoplasm_Texture_DifferenceEntropy_AGP_10_00_256,0.011215607736337086,0.8884999991622146,0.04876307841299056,0.05152131468845777,18235.611951718012,Cytoplasm,Texture,AGP
Nuclei_Texture_AngularSecondMoment_Mito_5_03_256,0.017182481847721903,0.7374748511154868,0.0999907281243184,0.14535193891247292,21880.22254534377,Nuclei,Texture,Mito
Nuclei_Texture_Correlation_AGP_5_03_256,0.028843635097471516,0.590876757786821,0.105748335233995,0.27453127188171256,6831.358246983067,Nuclei,Texture,AGP
Nuclei_Texture_DifferenceVariance_AGP_5_01_256,0.001467936368760142,0.9565783372819434,0.03028538523254822,0.011668341116748141,648037.963950515,Nuclei,Texture,AGP
Nuclei_Texture_SumVariance_Mito_5_03_256,0.17959979061957046,0.28968404878324133,0.05944553293841207,0.4712706276587761,66873.00253145726,Nuclei,Texture,Mito
Image_Texture_AngularSecondMoment_RNA_10_01_256,0.3628059828517013,0.3281888013738977,0.02158197784672991,0.28742323792767105,53853.2493110042,Image,Texture,RNA
Nuclei_Correlation_Manders_ER_Mito,0.14223736387901276,0.39729520367564003,0.10476661550610446,0.3557008169392427,81508.36496359848,Nuclei,Correlation,ER
Cytoplasm_RadialDistribution_MeanFrac_RNA_3of4,0.20034861862675588,0.2960299217314453,0.04834152180606548,0.4552799378357333,34701.43495097752,Cytoplasm,RadialDistribution,RNA
Cytoplasm_Texture_AngularSecondMoment_ER_5_03_256,0.027691937919187712,0.6522206929256864,0.1322905549093788,0.18779681424574723,174161.26099029725,Cytoplasm,Texture,ER
Nuclei_Texture_Entropy_AGP_3_01_256,0.007502807355742948,0.9308004385670011,0.03828995669552733,0.023406797381728624,23718.30468350905,Nuclei,Texture,AGP
Image_Texture_InverseDifferenceMoment_Mito_10_01_256,0.07069648665276551,0.8324616470521872,0.016790864379971,0.08005100191507614,5610.989950208111,Image,Texture,Mito
Image_Texture_SumAverage_RNA_5_02_256,0.013974356585857321,0.9257251554639158,0.01295665461688067,0.04734383333334616,24713.06611386891,Image,Texture,RNA
Nuclei_Texture_SumEntropy_AGP_10_02_256,0.005049073305323951,0.9326949496067807,0.037201249152865296,0.02505472793503012,30416.710082709564,Nuclei,Texture,AGP
Nuclei_Texture_InverseDifferenceMoment_ER_3_03_256,0.012916290907605611,0.865753066294563,0.05152039850659063,0.069810244291241,10620.523176995182,Nuclei,Texture,ER
Cells_Texture_Correlation_DNA_3_03_256,0.004559333872573093,0.8749041626451867,0.07322229903244003,0.04731420444980016,160382.3799294963,Cells,Texture,DNA
Cells_Texture_InfoMeas2_RNA_10_00_256,0.010853289680344557,0.7759907114264997,0.12535375706334068,0.08780224182981515,24288.720135249347,Cells,Texture,RNA
Cells_Texture_InfoMeas1_DNA_5_01_256,0.0028473475670614096,0.9792840575170938,0.002792643153303641,0.015075951762541112,15800.557592025127,Cells,Texture,DNA
Cells_Texture_Contrast_AGP_10_00_256,0.10923529763962363,0.44796499923244204,0.011378512274623285,0.4314211908533109,63341.0041162909,Cells,Texture,AGP
Cells_Texture_Entropy_Mito_10_01_256,0.018143016165133946,0.7910482946947504,0.06340137772730525,0.12740731141281036,7850.643613946914,Cells,Texture,Mito
Cells_Intensity_LowerQuartileIntensity_ER,0.00196307611066257,0.9752326998202695,0.006725869293636319,0.0160783547754316,32138.58013418888,Cells,Intensity,ER
Cells_RadialDistribution_FracAtD_mito_tubeness_Overflow,0.0,0.0,0.0,0.0,0.0,Cells,RadialDistribution,
Cytoplasm_AreaShape_MaximumRadius,0.07983750309917127,0.3177086815931309,0.027415257596277807,0.5750385577114201,48066.87160211066,Cytoplasm,AreaShape,
Nuclei_Texture_DifferenceEntropy_AGP_10_00_256,0.0077880385997046294,0.9220980306720636,0.036233452239949074,0.03388047848828263,20904.19483636616,Nuclei,Texture,AGP
Image_Intensity_MedianIntensity_AGP,0.006934448497070798,0.9617123059215192,0.011577612414287805,0.01977563316712211,52914.9146892023,Image,Intensity,AGP
Cells_Texture_DifferenceVariance_DNA_3_02_256,0.0014315436432158059,0.9587158314096933,0.021753534401276888,0.0180990905458139,54338.535262953024,Cells,Texture,DNA
Image_Texture_Entropy_DNA_5_00_256,0.015056607682409469,0.9504448222850442,0.004115688941845234,0.030382881090701034,25127.311194282203,Image,Texture,DNA
Cytoplasm_RadialDistribution_RadialCV_RNA_4of4,0.08851955430254947,0.6797435643767775,0.0388675209756178,0.19286936034505525,9319.838035881829,Cytoplasm,RadialDistribution,RNA
Cells_RadialDistribution_RadialCV_ER_3of4,0.025724215825056435,0.7512744095087439,0.07870194818688477,0.14429942647931482,5826.0886376647295,Cells,RadialDistribution,ER
Cells_Texture_DifferenceEntropy_AGP_5_01_256,0.011696391203662693,0.8842859788455826,0.04692822363404625,0.057089406316708294,20558.30403679097,Cells,Texture,AGP
Image_Texture_DifferenceVariance_ER_5_01_256,0.02461972930390171,0.6791421537241545,0.240991037519105,0.055247079452838715,63148.78839674359,Image,Texture,ER
Cells_Correlation_Manders_RNA_Mito,0.15994151241750218,0.5371059017713958,0.03526682586527864,0.2676857599458233,35034.21820133869,Cells,Correlation,Mito
Nuclei_Correlation_RWC_Mito_DNA,0.014574129803131464,0.8742742109287888,0.03777605022498097,0.07337560904309873,20113.597613375347,Nuclei,Correlation,DNA
Cells_Texture_InverseDifferenceMoment_Mito_5_01_256,0.030066874656153667,0.7755150406838456,0.061937632345565936,0.13248045231443478,7237.925363579812,Cells,Texture,Mito
Cytoplasm_RadialDistribution_FracAtD_mito_tubeness_9of20,0.019339849974341367,0.4024293297211962,0.04697942472734699,0.5312513955771154,1030503.8615215094,Cytoplasm,RadialDistribution,
Nuclei_Intensity_UpperQuartileIntensity_Mito,0.040050122268317265,0.8341688056467031,0.013932898422094086,0.11184817366288549,21786.061889431767,Nuclei,Intensity,Mito
Nuclei_Granularity_4_AGP,0.3086435513004549,0.2662422398804542,0.01042440325719216,0.4146898055618987,31781.995841265893,Nuclei,Granularity,AGP
Cells_Intensity_MaxIntensity_DNA,0.021517977682418993,0.8988734710514259,0.021400720372641523,0.058207830893513626,17658.708614989704,Cells,Intensity,DNA
Cytoplasm_Granularity_8_RNA,0.12992484492280104,0.5333570203182434,0.036853072950936996,0.29986506180801853,10998.770391100761,Cytoplasm,Granularity,RNA
Cytoplasm_Texture_InfoMeas1_RNA_3_01_256,0.04111719101923546,0.4144472107539443,0.28078392402598296,0.26365167420083735,25868.897289417666,Cytoplasm,Texture,RNA
Cytoplasm_Texture_SumEntropy_DNA_3_01_256,0.005846614340956734,0.9568370260559383,0.017959477736931535,0.019356881866173386,3596.7978847822333,Cytoplasm,Texture,DNA
Nuclei_Texture_AngularSecondMoment_Mito_5_00_256,0.018282348127325338,0.7418358885167378,0.09700671645226663,0.14287504690367026,20476.893684226896,Nuclei,Texture,Mito
Cells_Texture_Contrast_ER_3_02_256,0.14186861269679962,0.35899189468143605,0.027644118702430085,0.4714953739193343,44727.83021357317,Cells,Texture,ER
Cytoplasm_Texture_DifferenceVariance_RNA_10_00_256,0.010810331150967802,0.7210547905235275,0.11852379722747756,0.14961108109802715,239259.5944322839,Cytoplasm,Texture,RNA
Nuclei_Texture_Contrast_Mito_5_00_256,0.23646276222330076,0.19592349218255217,0.08684840465887107,0.4807653409352761,67724.370145792,Nuclei,Texture,Mito
Nuclei_Texture_SumEntropy_DNA_3_02_256,0.0056108978014479975,0.9771516896813943,0.0064819478537763075,0.010755464663381311,6099.879995125009,Nuclei,Texture,DNA
Cells_Texture_AngularSecondMoment_DNA_10_02_256,0.004541237488748431,0.893356344775917,0.05749647675995903,0.044605940975375555,11939.377244046495,Cells,Texture,DNA
Cytoplasm_RadialDistribution_FracAtD_AGP_1of4,0.09752387984932184,0.2942145078586732,0.009818597960036,0.5984430143319689,44227.85135318957,Cytoplasm,RadialDistribution,AGP
Image_Texture_DifferenceEntropy_ER_10_03_256,0.12551446152680043,0.7296406021917478,0.022012038947314853,0.12283289733413705,7534.881426123415,Image,Texture,ER
Nuclei_Texture_SumEntropy_Mito_5_01_256,0.053358108346174375,0.7713880520447968,0.050050030468912474,0.12520380914011633,6476.557483433193,Nuclei,Texture,Mito
Cytoplasm_Texture_DifferenceEntropy_DNA_10_01_256,0.005197127034147177,0.956225458929247,0.01887920383705438,0.01969821019955139,3386.359744997768,Cytoplasm,Texture,DNA
Cytoplasm_Texture_DifferenceVariance_Mito_5_00_256,0.01229489624279578,0.616006537368523,0.138414975230128,0.23328359115855327,38447.82015367679,Cytoplasm,Texture,Mito
Image_Texture_SumEntropy_AGP_5_02_256,0.10593614989843456,0.7622252952690771,0.020177603605159775,0.11166095122732843,6424.273159014315,Image,Texture,AGP
Image_Texture_SumEntropy_RNA_3_02_256,0.15025168883711743,0.7119014106642669,0.013360649758767669,0.12448625073984788,6304.962478571688,Image,Texture,RNA
Nuclei_Texture_Correlation_AGP_10_03_256,0.015077082243432204,0.4207321841304995,0.2532112114680154,0.3109795221580528,159489.63954575604,Nuclei,Texture,AGP
Image_Texture_Contrast_ER_10_02_256,0.009569815871520691,0.853758181493682,0.07013147678146282,0.06654052585333442,25098.29877373716,Image,Texture,ER
Cells_RadialDistribution_RadialCV_mito_tubeness_17of20,0.09001047638284496,0.6131578010971136,0.012564697984351572,0.2842670245356899,9400.756055057227,Cells,RadialDistribution,
Cytoplasm_RadialDistribution_RadialCV_mito_tubeness_11of16,0.03202667739891122,0.7389841798266096,0.023288519717637807,0.2057006230568415,10107.441479488041,Cytoplasm,RadialDistribution,
Image_Texture_InfoMeas2_RNA_3_00_256,0.42521386501553865,0.20082305513280044,0.04365743809327494,0.330305641758386,215894.64335112373,Image,Texture,RNA
Nuclei_Granularity_16_Mito,0.1988935858416257,0.3214834611597484,0.010715610773797155,0.4689073422248287,15682.581258753773,Nuclei,Granularity,Mito
Cells_RadialDistribution_RadialCV_AGP_4of4,0.09866323965315107,0.6814742606392734,0.007342782818452383,0.21251971688912316,9816.115326574543,Cells,RadialDistribution,AGP
Cytoplasm_Texture_InfoMeas2_DNA_5_00_256,0.003761460446349445,0.9772599605965229,0.006416909735793444,0.012561669221334266,4528.530200355982,Cytoplasm,Texture,DNA
Cells_Texture_Variance_ER_5_03_256,0.09044520904479174,0.49282150850054224,0.01980875246923419,0.39692452998543176,36446.78383807526,Cells,Texture,ER
Cells_Texture_AngularSecondMoment_AGP_5_02_256,0.007700956585885851,0.8566288833248515,0.09080821224581523,0.04486194784344723,454985.8937493446,Cells,Texture,AGP
Cytoplasm_Texture_SumVariance_ER_3_03_256,0.06551453321211972,0.5901387633736946,0.07124351848613297,0.27310318492805263,14428.062529855208,Cytoplasm,Texture,ER
Cytoplasm_RadialDistribution_FracAtD_DNA_3of4,0.014854013891096645,0.7676091559611781,0.019848341989680975,0.1976884881580443,18694.392475705085,Cytoplasm,RadialDistribution,DNA
Image_Granularity_8_ER,0.1551985311780299,0.39909338494473534,0.09913509624622538,0.3465729876310094,12646.782648723234,Image,Granularity,ER
Cytoplasm_Texture_InfoMeas1_DNA_10_01_256,0.00989304777868311,0.9237269005883947,0.02548934828911936,0.040890703343802896,9308.004810024366,Cytoplasm,Texture,DNA
Cytoplasm_Texture_InverseDifferenceMoment_ER_10_01_256,0.010520361750145308,0.8686936392400133,0.05899489386455115,0.0617911051452902,13183.969903545654,Cytoplasm,Texture,ER
Cells_AreaShape_Perimeter,0.11645226734401047,0.23077907353002614,0.030429326387749634,0.6223393327382137,51572.46896596657,Cells,AreaShape,
Nuclei_Correlation_K_RNA_DNA,0.014535372617438086,0.8575550512261952,0.08408514112421622,0.04382443503215055,7617.032405180057,Nuclei,Correlation,DNA
Cells_Intensity_MeanIntensityEdge_AGP,0.002720814232940906,0.9639465665748685,0.022872519113560523,0.010460100078630016,19302.04806905026,Cells,Intensity,AGP
Cells_RadialDistribution_RadialCV_mito_tubeness_4of20,0.092670943986359,0.5741696834020802,0.044107228682202695,0.2890521439293581,24585.590637892426,Cells,RadialDistribution,
Cytoplasm_Correlation_Manders_ER_Mito,0.2129855936802802,0.4128583260126995,0.043088131509358744,0.33106794879766155,15491.58601876341,Cytoplasm,Correlation,ER
Cytoplasm_Granularity_11_AGP,0.2255805498856072,0.3815985359136493,0.014341009518167105,0.3784799046825764,22857.57118200602,Cytoplasm,Granularity,AGP
Cells_AreaShape_Zernike_8_4,0.04667599290419711,0.15836929750250442,0.02454814788572079,0.7704065617075777,37908.592644844,Cells,AreaShape,
Image_Texture_DifferenceVariance_AGP_5_03_256,0.019809200363475887,0.7495577845647075,0.16047486729281213,0.07015814777900453,235474.42691428904,Image,Texture,AGP
Cytoplasm_Intensity_UpperQuartileIntensity_AGP,0.003126707110456013,0.9546403506206186,0.026942305497597963,0.01529063677132731,7418.696928610885,Cytoplasm,Intensity,AGP
Image_Texture_Variance_DNA_3_03_256,0.0005386511978619684,0.9808872415416791,0.011231729898284519,0.00734237736217456,757621.7159380594,Image,Texture,DNA
Nuclei_Texture_Entropy_ER_3_03_256,0.00809852507597623,0.8938901356697087,0.04281114535261772,0.05520019390169739,12533.744528336532,Nuclei,Texture,ER
Cytoplasm_RadialDistribution_FracAtD_mito_tubeness_2of16,0.029425367372649787,0.013071938400340986,0.0006114220573134972,0.9568912721696957,14586.9087759693,Cytoplasm,RadialDistribution,
Image_Texture_SumEntropy_RNA_10_01_256,0.15643327817269448,0.7005854993439417,0.01317061135785367,0.12981061112551026,6402.257959468725,Image,Texture,RNA
Image_Threshold_WeightedVariance_CellsIncludingEdges,0.13609272831210037,0.6021698333570293,0.08707742803611189,0.17466001029475847,18034.990427094086,Image,Threshold,
Cells_Texture_DifferenceVariance_AGP_10_01_256,0.002438888986296011,0.9195218316575244,0.05833373777675105,0.01970554157942853,571186.3796027282,Cells,Texture,AGP
Cytoplasm_Texture_InverseDifferenceMoment_DNA_5_00_256,0.001400189069107508,0.8654452730342926,0.09686652633416433,0.03628801156243542,14503.992678443778,Cytoplasm,Texture,DNA
Nuclei_Texture_InverseDifferenceMoment_DNA_10_02_256,0.006420434357280771,0.9290827427848288,0.04332796212393895,0.02116886073395152,9862.626545053852,Nuclei,Texture,DNA
Nuclei_Texture_SumAverage_RNA_10_00_256,0.011854945115462302,0.9127134949002935,0.015347207547800555,0.060084352436443625,9368.062392874774,Nuclei,Texture,RNA
Cytoplasm_Intensity_MinIntensityEdge_AGP,0.0010312629085063919,0.9818446017688741,0.00948118673949615,0.007642948583123432,69732.38988573561,Cytoplasm,Intensity,AGP
Cytoplasm_Texture_Correlation_RNA_5_02_256,0.059298051218661656,0.5277502983613735,0.14289818937901763,0.27005346104094713,31313.263245458536,Cytoplasm,Texture,RNA
Image_Texture_InfoMeas1_ER_5_03_256,0.09139504619161729,0.6818726126271627,0.015521036084938348,0.2112113050962817,8768.5971198497,Image,Texture,ER
Nuclei_AreaShape_Zernike_5_1,0.11018227041166812,0.513163384311379,0.035848225765529665,0.3408061195114232,10815.476347663665,Nuclei,AreaShape,
Cells_Texture_AngularSecondMoment_DNA_5_01_256,0.004011760857168063,0.925105402759352,0.030437325817807646,0.04044551056567228,10953.63616796294,Cells,Texture,DNA
Image_Texture_SumVariance_ER_10_03_256,0.010345162132274873,0.8449922312297801,0.0529980696968355,0.09166453694110954,18307.45462067616,Image,Texture,ER
Cytoplasm_Texture_DifferenceEntropy_DNA_5_02_256,0.007288389873352471,0.9450410547082496,0.023874406693072774,0.023796148725325178,3529.185644092404,Cytoplasm,Texture,DNA
Cytoplasm_Intensity_MinIntensity_ER,0.0009986974510425306,0.9853768605585708,0.0017876862221921884,0.011836755768194611,75386.42775167534,Cytoplasm,Intensity,ER
Cytoplasm_Texture_Variance_RNA_10_01_256,0.030939170379329715,0.7623810350945768,0.003364787691870507,0.20331500683422293,75257.75598535633,Cytoplasm,Texture,RNA
Cells_Texture_InfoMeas2_RNA_3_00_256,0.031071005775150887,0.5542438478506605,0.2531347049791074,0.16155044139508132,82732.53075067523,Cells,Texture,RNA
Cytoplasm_Texture_SumVariance_RNA_10_02_256,0.030199010900469836,0.7430756708432549,0.0035517947621125086,0.22317352349416267,68556.21396851024,Cytoplasm,Texture,RNA
Cytoplasm_Texture_Variance_DNA_5_02_256,0.009084597131166253,0.8330298038360368,0.08523184122352971,0.07265375780926726,236705.56104410495,Cytoplasm,Texture,DNA
Nuclei_Texture_DifferenceVariance_Mito_10_01_256,0.00997005289503037,0.6813289404054961,0.15646262982447512,0.1522383768749985,38523.42057164089,Nuclei,Texture,Mito
Image_Intensity_MinIntensity_RNA,0.0023346504811412243,0.9397227533625916,0.021679947609158572,0.03626264854710857,14822.683733951582,Image,Intensity,RNA
Nuclei_AreaShape_Zernike_8_0,0.068880387957136,0.5021213924423136,0.00983366092839134,0.419164558672159,9401.775014928566,Nuclei,AreaShape,
Nuclei_Intensity_MassDisplacement_RNA,0.18134542405090764,0.3143588614956045,0.12416206888451196,0.3801336455689759,35596.04620741129,Nuclei,Intensity,RNA
Image_Texture_DifferenceVariance_RNA_5_00_256,0.006858543774871144,0.8027041403258683,0.16693865933889235,0.023498656560368064,160715.32515259844,Image,Texture,RNA
Cells_Texture_Variance_Mito_3_00_256,0.1515520002069882,0.32406266333113914,0.04506350155759974,0.4793218349042729,40945.68576732567,Cells,Texture,Mito
Cytoplasm_RadialDistribution_RadialCV_mito_tubeness_10of16,0.1127297032906871,0.3701741395724885,0.052078602175702475,0.46501755496112207,40189.82079776449,Cytoplasm,RadialDistribution,
Cells_Texture_Variance_AGP_5_01_256,0.12420712960125845,0.3895531113565257,0.013068264473224048,0.47317149456899177,52729.85973257254,Cells,Texture,AGP
Cytoplasm_Texture_SumAverage_Mito_10_00_256,0.004371010229884448,0.9521959055583481,0.00807252278473334,0.03536056142703413,34836.403669033796,Cytoplasm,Texture,Mito
Nuclei_Correlation_RWC_Mito_AGP,0.06980623157553062,0.6727512705639329,0.07759297853111842,0.17984951932941803,8767.375417867137,Nuclei,Correlation,AGP
Nuclei_Intensity_MaxIntensity_ER,0.018248549986455885,0.9024172536052855,0.019968468753445857,0.05936572765481268,6862.338853239864,Nuclei,Intensity,ER
Nuclei_Texture_DifferenceEntropy_Mito_3_03_256,0.11717306695656185,0.6404330584316833,0.050462697784036836,0.19193117682771801,8194.767958826389,Nuclei,Texture,Mito
Cells_Texture_Entropy_RNA_3_02_256,0.00734293973378214,0.8933607788078219,0.03133715193472666,0.0679591295236692,13330.130502801683,Cells,Texture,RNA
Cells_Correlation_Manders_DNA_ER,0.009140106034598833,0.8049360883219596,0.05768181147961131,0.12824199416383023,428384.8024548799,Cells,Correlation,DNA
Cytoplasm_Texture_InfoMeas1_DNA_10_03_256,0.010205588520687205,0.9206503475076424,0.026750978755732853,0.0423930852159375,9105.162496277186,Cytoplasm,Texture,DNA
Cells_Correlation_Manders_Mito_RNA,0.034787010908406184,0.7917205820132709,0.02593343184119078,0.14755897523713216,32209.886763335708,Cells,Correlation,Mito
Image_Texture_Variance_RNA_10_01_256,0.009749199985328916,0.8917849157628133,0.021908389773526896,0.076557494478331,49264.563325873365,Image,Texture,RNA
Cells_Texture_DifferenceVariance_AGP_5_01_256,0.003894158364438247,0.8726807783783589,0.0899878217014761,0.03343724155572675,449529.085790284,Cells,Texture,AGP
Cells_RadialDistribution_FracAtD_mito_tubeness_13of20,0.0812894024728184,0.6763584304723964,0.031217351394448593,0.21113481566033657,6317.533556269353,Cells,RadialDistribution,
Nuclei_Texture_InverseDifferenceMoment_AGP_5_00_256,0.00963716948794106,0.9185265356392842,0.04150827230638329,0.03032802256639134,20772.74776378708,Nuclei,Texture,AGP
Nuclei_Texture_Contrast_AGP_10_03_256,0.1113057992199491,0.4473553520985646,0.013347609640798843,0.42799123904068753,70461.96506532888,Nuclei,Texture,AGP
Cytoplasm_Texture_SumVariance_ER_10_02_256,0.059932890412901126,0.6120716735035406,0.07171806576068088,0.2562773703228773,13439.843713861279,Cytoplasm,Texture,ER
Cytoplasm_Texture_InfoMeas1_ER_3_03_256,0.03689242686613075,0.7152488119824055,0.06749358865905658,0.18036517249240716,21499.68133234874,Cytoplasm,Texture,ER
Cytoplasm_Texture_Variance_ER_10_03_256,0.08292007181529691,0.5220632323007038,0.06046565979021414,0.33455103609378495,16855.136584469055,Cytoplasm,Texture,ER
Nuclei_Texture_InverseDifferenceMoment_Mito_3_01_256,0.08308715281930715,0.721409527654778,0.050024847317490795,0.14547847220842403,6152.166194955188,Nuclei,Texture,Mito
Cells_Intensity_MassDisplacement_ER,0.061199964131979985,0.5363906418734881,0.051426533039511585,0.35098286095502035,10521.157724456662,Cells,Intensity,ER
Cells_Granularity_2_AGP,0.03924732677482351,0.8456785798278745,0.003417600828276844,0.11165649256902521,11018.714416381099,Cells,Granularity,AGP
Cells_Intensity_MeanIntensity_RNA,0.007117644413237381,0.937422954775323,0.011152956015620259,0.04430644479581948,10799.491625602252,Cells,Intensity,RNA
Cytoplasm_Texture_AngularSecondMoment_AGP_5_02_256,0.012402749750509472,0.7823932086059247,0.145217523796212,0.0599865178473539,312022.73706939514,Cytoplasm,Texture,AGP
Image_Intensity_StdIntensity_DNA,0.0020466880096298512,0.966210778054414,0.019813594580183422,0.01192893935577276,31450.53489026394,Image,Intensity,DNA
Image_Texture_DifferenceEntropy_ER_3_02_256,0.10208719176263333,0.7598794382790086,0.026308344517251177,0.11172502544110692,7472.296198884144,Image,Texture,ER
Nuclei_Texture_InfoMeas2_AGP_5_00_256,0.01064191354689782,0.9511196909882691,0.01827556086694593,0.01996283459788709,50760.24124761929,Nuclei,Texture,AGP
Cytoplasm_Texture_Variance_AGP_5_03_256,0.09026243594854064,0.4750904790735556,0.012038929949314403,0.4226081550285893,44680.80412557783,Cytoplasm,Texture,AGP
Image_Texture_InfoMeas2_Mito_3_00_256,0.2697845982700938,0.4176327361868015,0.06563653433921184,0.24694613120389275,95679.53635488069,Image,Texture,Mito
Cytoplasm_Texture_DifferenceVariance_RNA_5_01_256,0.009543630060367231,0.7180293221711379,0.1252610852500105,0.14716596251848435,229148.3199425211,Cytoplasm,Texture,RNA
Cells_Correlation_Manders_RNA_ER,0.02637541583538938,0.8523084859857473,0.01143257926490926,0.10988351891395416,126294.26958190263,Cells,Correlation,ER
Cytoplasm_Texture_Entropy_ER_3_00_256,0.011704372359186314,0.8799171846297287,0.05094045676177266,0.05743798624931226,9566.847867866929,Cytoplasm,Texture,ER
Image_Texture_InverseDifferenceMoment_Mito_10_02_256,0.06101972250455042,0.8488293191367657,0.015724837554884366,0.07442612080379934,5980.977573666775,Image,Texture,Mito
Cells_RadialDistribution_RadialCV_mito_tubeness_1of16,0.21594875279311868,0.3889097057129561,0.04945205080257057,0.3456894906913547,26306.484094721076,Cells,RadialDistribution,
Nuclei_Texture_InfoMeas2_AGP_5_03_256,0.013917244321965134,0.9381195540467537,0.022825349371238306,0.02513785226004302,37395.65514748474,Nuclei,Texture,AGP
Nuclei_Granularity_1_RNA,0.027411465320654502,0.8181612689506527,0.03305330266094703,0.12137396306774596,11134.199544923302,Nuclei,Granularity,RNA
Nuclei_Texture_DifferenceEntropy_DNA_10_02_256,0.0048128422818529,0.9750768931350812,0.00832745397261117,0.011782810610454766,4772.511132384078,Nuclei,Texture,DNA
Nuclei_AreaShape_Zernike_6_0,0.06461771875484336,0.3430507470185235,0.02957542404653098,0.5627561101801021,11812.987837144416,Nuclei,AreaShape,
Nuclei_Texture_DifferenceVariance_AGP_5_03_256,0.0014381204286773462,0.95799945766962,0.02932290523812703,0.011239516663575595,657657.0522996992,Nuclei,Texture,AGP
Cells_Texture_DifferenceVariance_AGP_3_01_256,0.004914063479009504,0.846835657788253,0.10492531660850449,0.04332496212423302,397987.59063864534,Cells,Texture,AGP
Image_Texture_InverseDifferenceMoment_AGP_10_00_256,0.08157967366707651,0.7951109658220334,0.028983115625536616,0.09432624488535342,5575.187780184539,Image,Texture,AGP
Cells_Correlation_K_RNA_DNA,0.017864384964960137,0.8365105666395174,0.09450278051675155,0.05112226787877087,8134.8351032689125,Cells,Correlation,DNA
Cells_RadialDistribution_RadialCV_RNA_4of4,0.09184847533077274,0.6501634934844769,0.05173016222201252,0.20625786896273796,8925.527877277425,Cells,RadialDistribution,RNA
Cytoplasm_Intensity_StdIntensity_Mito,0.08834289543868622,0.6012833896746884,0.051848761070967954,0.25852495381565754,11322.907758846446,Cytoplasm,Intensity,Mito
Image_Texture_SumEntropy_Mito_3_02_256,0.07786287950827346,0.818948370489613,0.02079147444593434,0.08239727555617908,5681.790015252355,Image,Texture,Mito
Cells_Texture_SumVariance_DNA_3_01_256,0.010871429065280089,0.8803332603109075,0.057027012632119185,0.05176829799169323,435073.9993966622,Cells,Texture,DNA
Cytoplasm_RadialDistribution_MeanFrac_mito_tubeness_9of16,0.10922944902161702,0.29884617985780726,0.1372887069711418,0.4546356641494338,198513.4211474824,Cytoplasm,RadialDistribution,
Nuclei_Texture_Correlation_DNA_10_02_256,0.005211071758616999,0.8343518788767992,0.102145613483453,0.058291435881130775,337384.13908484805,Nuclei,Texture,DNA
Image_Texture_InfoMeas1_DNA_5_00_256,0.0641957347416497,0.5868977721071215,0.09138471892204074,0.2575217742291881,14302.513110207754,Image,Texture,DNA
Cytoplasm_Granularity_8_Mito,0.10462914165254149,0.4992256820442992,0.08980912303810887,0.3063360532650504,11312.811096676283,Cytoplasm,Granularity,Mito
Image_Texture_InverseDifferenceMoment_AGP_5_01_256,0.07528530082022855,0.8009785039209367,0.03326432084056176,0.09047187441827294,5174.768309908528,Image,Texture,AGP
Image_Texture_DifferenceVariance_RNA_10_03_256,0.016087774202142663,0.7768510319093984,0.17093776867557595,0.03612342521288311,172431.21345290792,Image,Texture,RNA
Cells_Texture_DifferenceEntropy_Mito_10_01_256,0.043849560165551714,0.7037707199417664,0.06722799828078267,0.18515172161189913,9540.035405886101,Cells,Texture,Mito
Image_Texture_AngularSecondMoment_DNA_10_02_256,0.040758607424607234,0.8724228836055253,0.00836369327056028,0.07845481569930725,6620.330610818211,Image,Texture,DNA
Image_Texture_DifferenceVariance_ER_5_02_256,0.019448053664489054,0.6919980099428747,0.23863422309067867,0.049919713301957505,60244.89541124135,Image,Texture,ER
Cells_Granularity_12_Mito,0.11547461341638587,0.5576168327689286,0.055222071410511955,0.2716864824041736,8545.861493007049,Cells,Granularity,Mito
Cytoplasm_Texture_InverseDifferenceMoment_RNA_3_03_256,0.009453572896435867,0.8920751097629716,0.023757214662401032,0.07471410267819162,8906.50449830841,Cytoplasm,Texture,RNA
Image_ImageQuality_LocalFocusScore_OrigDNA_10,0.013201760527558759,0.7015326185751408,0.04092153334522795,0.24434408755207243,54836.14316984501,Image,ImageQuality,
Image_Intensity_MeanIntensity_DNA_BackgroundOnly,0.0057154409237650475,0.8067925497205383,4.57690480449331e-05,0.18744624030765172,27126.534977815914,Image,Intensity,DNA
Cells_Texture_InfoMeas2_DNA_5_00_256,0.000730643503652958,0.9858411171226352,0.0024866296806405866,0.010941609693071239,36883.34978226508,Cells,Texture,DNA
Nuclei_Texture_AngularSecondMoment_RNA_10_03_256,0.014233927505318236,0.8418511411989672,0.018570466958194854,0.1253444643375196,358844.2927408761,Nuclei,Texture,RNA
Cytoplasm_RadialDistribution_FracAtD_mito_tubeness_Overflow,0.0,0.0,0.0,0.0,0.0,Cytoplasm,RadialDistribution,
Cells_Texture_DifferenceEntropy_Mito_3_02_256,0.06874406950657301,0.6497487352180584,0.08094820853545945,0.20055898673990902,13872.854673028087,Cells,Texture,Mito
Image_Intensity_MeanIntensity_RNA,0.014173579882055237,0.9257161041350631,0.012895506428953223,0.04721480955392828,24781.89211986313,Image,Intensity,RNA
Cells_AreaShape_Eccentricity,0.17311321523359688,0.22402674868707606,0.0075279625330671365,0.5953320735462598,18944.24300896514,Cells,AreaShape,
Cells_RadialDistribution_RadialCV_AGP_3of4,0.0690472873761551,0.7548287617239497,0.01191756298921404,0.16420638791068115,7133.0347192663285,Cells,RadialDistribution,AGP
Nuclei_Texture_DifferenceEntropy_DNA_10_01_256,0.0019254703641290996,0.9814807587016272,0.007598670550248433,0.00899510038399525,4871.955080767381,Nuclei,Texture,DNA
Cells_RadialDistribution_FracAtD_mito_tubeness_1of16,0.3191060414318606,0.10540186795867379,0.034163027093927816,0.5413290635155379,56593.08005083212,Cells,RadialDistribution,
Nuclei_Correlation_Manders_DNA_Mito,0.16029955920456881,0.36325422457824935,0.09623828965409942,0.3802079265630825,72843.98664440926,Nuclei,Correlation,DNA
Cells_Texture_InverseDifferenceMoment_AGP_3_02_256,0.0077511009045105935,0.87980275438137,0.06418911343222625,0.04825703128189315,10185.229423402832,Cells,Texture,AGP
Cells_Correlation_RWC_DNA_AGP,0.03039035476980095,0.784018640300206,0.04756646481510028,0.1380245401148929,21260.906923632796,Cells,Correlation,AGP
Cells_Texture_Variance_Mito_5_01_256,0.15336833346810305,0.31851912586176717,0.04535910110279166,0.482753439567338,42047.33222990623,Cells,Texture,Mito
Cytoplasm_Texture_Correlation_AGP_5_00_256,0.015789989038194775,0.8624111258917441,0.01897273082978939,0.10282615424027176,7901.511903129736,Cytoplasm,Texture,AGP
Cells_Texture_SumEntropy_Mito_3_02_256,0.020683076017141085,0.7893087207646425,0.06340006415926351,0.12660813905895282,7775.838289552206,Cells,Texture,Mito
Cytoplasm_RadialDistribution_MeanFrac_mito_tubeness_5of16,0.017439745504881025,0.5338391303667894,0.07592829782918468,0.37279282629914484,829396.8846189722,Cytoplasm,RadialDistribution,
Image_Texture_Variance_Mito_10_02_256,0.007560314910498224,0.7431256857258971,0.03997995818505297,0.20933404117855156,33872.636049563174,Image,Texture,Mito
Nuclei_Texture_DifferenceVariance_RNA_5_01_256,0.014476301047014929,0.7802146287611536,0.05499601203441242,0.1503130581574191,303441.3414336471,Nuclei,Texture,RNA
Cytoplasm_Texture_DifferenceEntropy_RNA_3_02_256,0.014779899744075828,0.8857259658887731,0.020388678208803458,0.07910545615834777,10361.206356637711,Cytoplasm,Texture,RNA
Cells_Granularity_11_ER,0.059380701020997774,0.767576345517917,0.025782735227208465,0.14726021823387683,7352.201889122987,Cells,Granularity,ER
Cells_Texture_InfoMeas1_Mito_10_03_256,0.1677365397386695,0.490446960814985,0.03485335129910937,0.3069631481472362,9794.136404001842,Cells,Texture,Mito
Image_Texture_SumVariance_DNA_10_00_256,0.000528989957625339,0.9811686807289499,0.010858056571131263,0.007444272742293459,759979.7093192451,Image,Texture,DNA
Cytoplasm_Granularity_7_Mito,0.23241662641219624,0.324073498538218,0.042953260529630305,0.4005566145199555,22037.519494846794,Cytoplasm,Granularity,Mito
Cytoplasm_RadialDistribution_RadialCV_mito_tubeness_9of16,0.03753395998281976,0.5190432244961606,0.19010524448463498,0.2533175710363846,446650.67341801315,Cytoplasm,RadialDistribution,
Nuclei_Correlation_Overlap_Mito_RNA,0.020657350377959,0.7814764111655255,0.12955649281528298,0.06830974564123253,7312.2582149356795,Nuclei,Correlation,Mito
Nuclei_Texture_Entropy_DNA_3_01_256,0.003960695515249656,0.9796143612390568,0.0074619419924211935,0.008963001253272469,5854.8894909205055,Nuclei,Texture,DNA
Nuclei_Texture_InverseDifferenceMoment_DNA_5_01_256,0.005105864502449846,0.9515840297584203,0.024556201408685065,0.018753904330444958,8816.191923645914,Nuclei,Texture,DNA
Cells_Granularity_10_DNA,0.053282449279971604,0.8608164029253336,0.001402458588796819,0.08449868920589794,7250.632972114258,Cells,Granularity,DNA
Cytoplasm_Correlation_Manders_DNA_AGP,0.12129974863570543,0.5963894353818119,0.01912031370670471,0.263190502275778,108474.52111751647,Cytoplasm,Correlation,AGP
Cells_Texture_SumVariance_RNA_3_03_256,0.048618487561686664,0.6603649118998958,0.012841932682858008,0.27817466785555955,63972.46322180123,Cells,Texture,RNA
Cytoplasm_AreaShape_MinorAxisLength,0.11173641976656198,0.2830679197890385,0.05037647274008169,0.5548191877043178,60145.307483154844,Cytoplasm,AreaShape,
Nuclei_Texture_Correlation_DNA_5_01_256,0.005210223454412864,0.8239938924186642,0.10451218683342045,0.06628369729350267,62231.95663382397,Nuclei,Texture,DNA
Cytoplasm_Texture_DifferenceEntropy_RNA_3_03_256,0.014092810150464676,0.888096432688678,0.021328496479632763,0.07648226068122463,10154.043189271359,Cytoplasm,Texture,RNA
Cells_Texture_DifferenceVariance_RNA_3_02_256,0.009940359304686773,0.7229584636481898,0.11416707611003163,0.15293410093709173,224327.9330426174,Cells,Texture,RNA
Cytoplasm_Texture_InfoMeas1_DNA_3_03_256,0.0036170779863471205,0.9672483489450338,0.003422114092595281,0.02571245897602365,4430.853289264656,Cytoplasm,Texture,DNA
Nuclei_Granularity_14_ER,0.1683414228544228,0.5194639576451472,0.023890828932523072,0.2883037905679069,16792.957853721142,Nuclei,Granularity,ER
Cells_Texture_Entropy_DNA_3_01_256,0.006359044807423212,0.9617902315153543,0.0073485929114448685,0.024502130765777765,5888.38221307916,Cells,Texture,DNA
Cytoplasm_Texture_Correlation_DNA_5_02_256,0.0018241534233829255,0.9633317953985294,0.01721040418683144,0.017633646991256236,41019.48757522607,Cytoplasm,Texture,DNA
Image_Texture_Correlation_DNA_5_02_256,0.029343631892358533,0.8611271605843533,0.04217837583058463,0.0673508316927034,12097.117902431672,Image,Texture,DNA
Nuclei_Correlation_K_AGP_ER,0.00719716725428025,0.9184495566426223,0.009319211953174249,0.06503406414992316,35914.460880281855,Nuclei,Correlation,AGP
Image_ImageQuality_TotalIntensity_OrigER,0.0044321656107894816,0.9779899118740941,0.0017712521635175281,0.015806670351598884,62017.787428873584,Image,ImageQuality,
Image_Texture_Entropy_DNA_10_00_256,0.016270653498544427,0.9490356735459344,0.003775132727330476,0.030918540228190634,26167.939045523333,Image,Texture,DNA
Cytoplasm_Intensity_UpperQuartileIntensity_ER,0.006390576407731304,0.9512827123361608,0.015345658436989377,0.0269810528191185,11377.380276702916,Cytoplasm,Intensity,ER
Nuclei_Texture_Correlation_DNA_3_01_256,0.005344230611718604,0.7843585856194684,0.12872658919333999,0.08157059457547305,15898.566436254894,Nuclei,Texture,DNA
Nuclei_Texture_AngularSecondMoment_RNA_5_01_256,0.013267220601777215,0.847314279624098,0.01593371310407433,0.12348478667005033,361559.4143044658,Nuclei,Texture,RNA
Cells_Intensity_IntegratedIntensity_DNA,0.04075920594711259,0.6201177051897073,0.0039627695046839054,0.3351603193584963,28928.815268689403,Cells,Intensity,DNA
Image_Texture_AngularSecondMoment_DNA_3_01_256,0.03031925833123905,0.8918726919859022,0.008679886790354755,0.06912816289250391,5545.739575562142,Image,Texture,DNA
Cells_Texture_InfoMeas1_AGP_3_01_256,0.011363688771762461,0.8515499920304901,0.061820648251384155,0.07526567094636326,8403.09688358018,Cells,Texture,AGP
Cells_Texture_SumEntropy_ER_10_02_256,0.008369630307278112,0.8693735450614891,0.049626227760129794,0.07263059687110304,11668.320696250183,Cells,Texture,ER
Image_ImageQuality_LocalFocusScore_OrigAGP_5,0.06590660007303858,0.6866709698434784,0.006190473917370024,0.2412319561661129,519898.3937512986,Image,ImageQuality,
Cytoplasm_Texture_Variance_Mito_10_01_256,0.13058567334472587,0.3487270939105361,0.058748034393155395,0.46193919835158265,32630.441172312592,Cytoplasm,Texture,Mito
Image_Texture_Variance_RNA_10_02_256,0.009729140271168255,0.8917660847391804,0.021714224319130067,0.07679055067052132,49374.542325586095,Image,Texture,RNA
Cells_Correlation_K_Mito_AGP,0.013163056174888856,0.8478931134896419,0.06925527956323527,0.0696885507722341,45118.20407109985,Cells,Correlation,AGP
Nuclei_Correlation_RWC_RNA_Mito,0.04327232622323865,0.7561264785711147,0.0789561210793506,0.12164507412629605,6086.202819449212,Nuclei,Correlation,Mito
Nuclei_Texture_InfoMeas2_DNA_10_02_256,0.006431606674455852,0.9699322121726822,0.010932966566131536,0.012703214586730545,4637.340154986088,Nuclei,Texture,DNA
Image_ImageQuality_LocalFocusScore_OrigAGP_50,0.3220184315677205,0.18240488809298394,0.010068042652702473,0.4855086376865931,339827.3313260593,Image,ImageQuality,
Nuclei_Texture_InverseDifferenceMoment_AGP_10_03_256,0.012127770854517436,0.9285466488411006,0.032680419245374716,0.02664516105900722,35901.63331737673,Nuclei,Texture,AGP
Image_Texture_InfoMeas2_ER_5_03_256,0.43674546836099154,0.13685962148199565,0.019878649764628938,0.40651626039238375,101441.6505480711,Image,Texture,ER
Cytoplasm_AreaShape_Zernike_9_5,0.18339840599742369,0.17653734179690414,0.0158579162259713,0.6242063359797008,35443.0707353473,Cytoplasm,AreaShape,
Cytoplasm_Texture_AngularSecondMoment_DNA_3_02_256,0.003090627929463333,0.9485386435703769,0.00934740916878139,0.039023319331378446,6770.319844065872,Cytoplasm,Texture,DNA
Image_Texture_SumAverage_AGP_10_01_256,0.00509599053731989,0.9697197532827448,0.011239412129029723,0.013944844050905538,31692.407708061506,Image,Texture,AGP
Nuclei_Texture_Correlation_ER_10_01_256,0.03897909810142185,0.3210247581083903,0.041528759612938754,0.5984673841772491,49871.77297619656,Nuclei,Texture,ER
Nuclei_Texture_Variance_DNA_10_02_256,0.03624722574035352,0.7950988375421799,0.04287774487255381,0.12577619184491284,380510.9843370485,Nuclei,Texture,DNA
Cytoplasm_RadialDistribution_MeanFrac_mito_tubeness_4of16,0.019433403335066053,0.549343658095123,0.06425405191719186,0.36696888665261923,713204.2906445293,Cytoplasm,RadialDistribution,
Cytoplasm_Intensity_MinIntensityEdge_Mito,0.0007133312402217949,0.9795547397785331,0.001226344395964741,0.018505584585280375,113953.50372236207,Cytoplasm,Intensity,Mito
Cytoplasm_Texture_Correlation_Mito_10_03_256,0.16675110990439193,0.40802663911842957,0.05596492382036628,0.36925732715681214,13775.197694403312,Cytoplasm,Texture,Mito
Cytoplasm_Texture_InfoMeas2_RNA_10_03_256,0.008909797486898756,0.8860776728582481,0.03803340237032158,0.06697912728453148,14475.947354540844,Cytoplasm,Texture,RNA
Image_Texture_InfoMeas1_RNA_3_00_256,0.05160365675802944,0.7753834849933181,0.009590016505524204,0.1634228417431282,8999.238392863073,Image,Texture,RNA
Nuclei_RadialDistribution_RadialCV_ER_4of4,0.13118752005018244,0.498593990592076,0.11102193155302488,0.2591965578047166,22074.78773001956,Nuclei,RadialDistribution,ER
Cells_Texture_DifferenceEntropy_DNA_10_02_256,0.0063598605320583455,0.9601717739119232,0.009108358657219614,0.024360006898798726,4944.336397504942,Cells,Texture,DNA
Cytoplasm_Texture_AngularSecondMoment_DNA_10_02_256,0.004560926736603662,0.935305580376214,0.02860968633730715,0.03152380654987517,7804.537353408941,Cytoplasm,Texture,DNA
Image_ImageQuality_FocusScore_OrigAGP,0.053295288545700266,0.7015932447576754,0.04806587041229586,0.19704559628432855,12538.067439921204,Image,ImageQuality,
Cytoplasm_Texture_SumEntropy_ER_3_00_256,0.010282571369226114,0.8829003844958782,0.05036215586765589,0.05645488826724001,9848.748857038494,Cytoplasm,Texture,ER
Cytoplasm_Texture_Correlation_Mito_10_01_256,0.16413144532532817,0.40570900290532264,0.056756133537175055,0.3734034182321741,14095.913285606348,Cytoplasm,Texture,Mito
Image_Texture_Entropy_AGP_3_03_256,0.08725154667844932,0.7889713923824176,0.02645268306626323,0.09732437787287,5197.9904215108,Image,Texture,AGP
Image_Texture_AngularSecondMoment_RNA_3_03_256,0.33577830868976605,0.3737233741693421,0.0231304280287465,0.2673678891121453,36613.701437478085,Image,Texture,RNA
Image_Intensity_StdIntensity_Mito_BackgroundOnly,0.00602235058761428,0.7704277052700768,0.012278736424589888,0.21127120771771912,43361.391945199575,Image,Intensity,Mito
Image_Texture_DifferenceEntropy_AGP_3_02_256,0.07251223424487711,0.796292235438429,0.041393708766359616,0.08980182155033441,6613.959927582424,Image,Texture,AGP
Nuclei_Correlation_RWC_Mito_RNA,0.02248360714880121,0.8369990355766316,0.07392942113691203,0.06658793613765522,4685.327293818901,Nuclei,Correlation,Mito
Nuclei_Texture_DifferenceVariance_DNA_10_03_256,0.0008638335322120169,0.9485348762892054,0.023506497783588372,0.02709479239499415,509165.11775588855,Nuclei,Texture,DNA
Nuclei_Texture_SumEntropy_DNA_3_03_256,0.005785028115803602,0.9766566642092892,0.006572321540591153,0.010985986134316051,5961.250905797768,Nuclei,Texture,DNA
Cells_Texture_AngularSecondMoment_ER_5_02_256,0.029519107438990017,0.6300758640035207,0.13496665101284963,0.20543837754463967,209141.14870587803,Cells,Texture,ER
Nuclei_Correlation_K_ER_DNA,0.013369245194372631,0.9235248975718827,0.028677104515053894,0.034428752718690794,5323.58536154105,Nuclei,Correlation,DNA
Cytoplasm_Texture_InfoMeas1_ER_10_00_256,0.052009880329389725,0.7214621217721198,0.05631474966542871,0.17021324823306183,8148.012716361788,Cytoplasm,Texture,ER
Image_Texture_SumAverage_DNA_10_00_256,0.0014300986377594738,0.9730677570822007,0.011897536982852137,0.013604607297187604,68192.83362267142,Image,Texture,DNA
Cells_Correlation_RWC_Mito_DNA,0.016745863062133746,0.8866203071869478,0.02366891183750171,0.07296491791341674,15983.584243022575,Cells,Correlation,DNA
Nuclei_Location_MaxIntensity_Z_RNA,0.0,0.0,0.0,0.0,0.0,Nuclei,Location,RNA
Image_Texture_SumVariance_AGP_5_03_256,0.0160620708433141,0.7903257941204298,0.08052304496185099,0.11308909007440515,9081.500468550872,Image,Texture,AGP
Cytoplasm_Texture_Contrast_Mito_5_03_256,0.17554352927096625,0.25602623485685755,0.06674410493315773,0.5016861309390184,38484.319125493705,Cytoplasm,Texture,Mito
Cytoplasm_Granularity_3_ER,0.04843219338819005,0.7557571498111793,0.03513819371824693,0.16067246308238378,11763.515234982724,Cytoplasm,Granularity,ER
Cells_RadialDistribution_MeanFrac_Mito_3of4,0.03382222864835537,0.65865365619644,0.04018808742470127,0.26733602773050336,7190.759084876859,Cells,RadialDistribution,Mito
Cytoplasm_RadialDistribution_FracAtD_mito_tubeness_13of20,0.09623551485238463,0.4470988170129415,0.028303423276628333,0.4283622448580456,24134.54988551847,Cytoplasm,RadialDistribution,
Nuclei_Texture_Correlation_Mito_10_02_256,0.1252244856514482,0.5603283902206487,0.025985429825183412,0.2884616943027198,9359.912820821171,Nuclei,Texture,Mito
Image_Texture_Contrast_ER_5_03_256,0.009825547613169316,0.8439619390127713,0.08201687125149874,0.0641956421225607,24773.10136183875,Image,Texture,ER
Cells_Texture_Variance_RNA_10_03_256,0.04693227504357793,0.6772561673989129,0.012961692754993447,0.2628498648025159,67139.69362092165,Cells,Texture,RNA
Image_Texture_InverseDifferenceMoment_AGP_10_01_256,0.08267321140155598,0.7973397692638421,0.02509335127307371,0.09489366806152835,5629.139625007265,Image,Texture,AGP
Nuclei_Texture_SumEntropy_RNA_5_01_256,0.00389473202698898,0.9120358570977298,0.035681237789493864,0.048388173085787446,12483.709077276953,Nuclei,Texture,RNA
Cells_Texture_Variance_ER_3_01_256,0.09014019625388318,0.49509590705849243,0.019866394083551807,0.3948975026040726,35792.78508369128,Cells,Texture,ER
Nuclei_Correlation_Manders_AGP_RNA,0.08439327061491723,0.6811929905616723,0.04366348242972389,0.19075025639368656,366151.28776177764,Nuclei,Correlation,AGP
Cells_Texture_DifferenceVariance_Mito_3_02_256,0.01308174865327258,0.6490601838817968,0.1302698568858715,0.20758821057905916,33852.10258550629,Cells,Texture,Mito
Cytoplasm_Texture_InverseDifferenceMoment_RNA_3_01_256,0.00951868305466766,0.8914686935068291,0.02416832188401313,0.07484430155449004,9011.397968937865,Cytoplasm,Texture,RNA
Image_Intensity_MedianIntensity_Mito,0.0024114272547298473,0.9702364051786482,0.0016699422865838114,0.02568222528003833,92768.87250721434,Image,Intensity,Mito
Cytoplasm_RadialDistribution_RadialCV_mito_tubeness_20of20,0.034765217411181826,0.7496882781333687,0.041208258110799936,0.17433824634464962,28088.919333320635,Cytoplasm,RadialDistribution,
Nuclei_Texture_DifferenceEntropy_AGP_3_02_256,0.011128983707934288,0.9100634835741362,0.04100726168340047,0.03780027103452909,20773.34147249937,Nuclei,Texture,AGP
Cells_Texture_InfoMeas2_ER_5_03_256,0.02077764664443941,0.7483066774303999,0.10577138083721982,0.12514429508794084,31586.981038915717,Cells,Texture,ER
Cytoplasm_RadialDistribution_MeanFrac_RNA_4of4,0.20488313634212618,0.24691249930750847,0.06008098441722514,0.48812337993314026,50123.49499614909,Cytoplasm,RadialDistribution,RNA
Image_Texture_AngularSecondMoment_AGP_10_01_256,0.2984473812221978,0.36177547079909156,0.01810947245226842,0.3216676755264422,30830.429457451795,Image,Texture,AGP
Cells_Texture_InfoMeas2_Mito_3_01_256,0.026861856047367173,0.6042732883728724,0.09459634410371615,0.27426851147604436,14527.641010221543,Cells,Texture,Mito
Image_Texture_SumAverage_DNA_10_03_256,0.0014351949704520368,0.9731466564760393,0.011879838382589826,0.013538310170918957,68091.79774883811,Image,Texture,DNA
Cells_Texture_InfoMeas2_AGP_10_02_256,0.008999280528220424,0.9383577190466338,0.020929169582442994,0.03171383084270282,21595.503943322274,Cells,Texture,AGP
Cytoplasm_RadialDistribution_MeanFrac_mito_tubeness_18of20,0.03749308190837808,0.6156635729678298,0.05751524970985985,0.28932809541393234,54042.68095782444,Cytoplasm,RadialDistribution,
Image_Texture_InverseDifferenceMoment_RNA_5_00_256,0.08251742796870547,0.816438711160489,0.010355914033284976,0.09068794683752043,6485.877469078246,Image,Texture,RNA
Nuclei_Texture_InfoMeas2_ER_10_01_256,0.011479679642284862,0.8710838237622186,0.04986420994289783,0.06757228665259869,9784.149267142882,Nuclei,Texture,ER
Image_Texture_AngularSecondMoment_AGP_3_02_256,0.2692220816071274,0.41679491234311505,0.019708276590110527,0.2942747294596469,23606.53668528339,Image,Texture,AGP
Cells_Texture_Variance_ER_3_00_256,0.09011461130121194,0.4955895705828289,0.019878125390632946,0.3944176927253263,35573.491206733335,Cells,Texture,ER
Nuclei_Texture_InfoMeas2_RNA_5_02_256,0.005020485328322643,0.9024556851079844,0.03995888860394461,0.052564940959748355,14170.568306018557,Nuclei,Texture,RNA
Image_Texture_Contrast_Mito_10_02_256,0.009674352756313176,0.7640720647877857,0.06011188302215815,0.16614169943374296,33757.89338962168,Image,Texture,Mito
Cytoplasm_Granularity_2_AGP,0.030962036400837126,0.8714471312130087,0.004306822739410102,0.09328400964674413,13914.339488054204,Cytoplasm,Granularity,AGP
Nuclei_Granularity_2_RNA,0.032567213956431106,0.8205976330184284,0.029813771253931802,0.1170213817712087,13476.92433897209,Nuclei,Granularity,RNA
Nuclei_Texture_SumVariance_AGP_10_02_256,0.10725853339137222,0.4436229322962448,0.014245386875586092,0.434873147436797,54533.47487837429,Nuclei,Texture,AGP
Image_Texture_AngularSecondMoment_ER_3_01_256,0.3578135935976991,0.32488502888473736,0.0185069600663895,0.298794417451174,27085.56412219654,Image,Texture,ER
Cytoplasm_Texture_Correlation_DNA_5_01_256,0.0009358721472035402,0.9653316842556071,0.0182174929405832,0.01551495065660619,68280.10632708136,Cytoplasm,Texture,DNA
Image_Intensity_TotalIntensity_RNA,0.013512653619747546,0.9290641243512495,0.013155596658494462,0.04426762537050853,23270.320719647723,Image,Intensity,RNA
Cells_Correlation_Manders_ER_Mito,0.23595334780939378,0.3776745585373796,0.03127735957953067,0.35509473407369596,19975.89260884315,Cells,Correlation,ER
Nuclei_Correlation_Correlation_AGP_DNA,0.03088829852612695,0.8303835258517565,0.06426574928806639,0.07446242633405017,42859.14264627955,Nuclei,Correlation,AGP
Cells_Correlation_Correlation_DNA_Mito,0.06442337223490774,0.454640282893527,0.17964279360531377,0.30129355126625157,9749.373173267815,Cells,Correlation,DNA
Cells_Texture_DifferenceEntropy_ER_10_00_256,0.015295205311284935,0.8465587576868262,0.04823476369786659,0.0899112733040223,9141.074993974766,Cells,Texture,ER
Nuclei_RadialDistribution_MeanFrac_DNA_3of4,0.01858811709566455,0.5809355287938598,0.1942536602604243,0.2062226938500514,25810.95954077891,Nuclei,RadialDistribution,DNA
Nuclei_Texture_InverseDifferenceMoment_AGP_3_00_256,0.01018129868064636,0.9088412032296361,0.04506335054783764,0.03591414754188,16454.05708558323,Nuclei,Texture,AGP
Nuclei_Texture_InverseDifferenceMoment_RNA_3_02_256,0.00581808477494988,0.9091672454125,0.03250885631251144,0.05250581350003867,12105.573367678498,Nuclei,Texture,RNA
Cytoplasm_Texture_Contrast_Mito_5_00_256,0.1827164007747415,0.23721080471227807,0.0725594293501835,0.5075133651627969,39073.11273272117,Cytoplasm,Texture,Mito
Cells_Texture_InfoMeas2_Mito_10_00_256,0.022038987879306762,0.7339507425760489,0.0815878984703741,0.1624223710742703,9550.01516046367,Cells,Texture,Mito
Image_Threshold_WeightedVariance_NucleiIncludingEdges,0.0450072135634612,0.6450208820539348,0.19337328707588713,0.11659861730671689,9206.80813694149,Image,Threshold,
Nuclei_Texture_Entropy_RNA_10_02_256,0.00622873104608348,0.9133415239526104,0.03473721146308432,0.045692533538221926,13508.831053246175,Nuclei,Texture,RNA
Cells_Correlation_K_ER_Mito,0.015433189876973848,0.8957547087740115,0.024062309842778167,0.06474979150623648,85623.19938071369,Cells,Correlation,ER
Image_Texture_AngularSecondMoment_RNA_10_03_256,0.36278486940638194,0.3282591730328111,0.021609958540394773,0.2873459990204121,53809.10377012627,Image,Texture,RNA
Cells_AreaShape_MaximumRadius,0.08675280309723174,0.30249077231993,0.03310190817925978,0.5776545164035786,46902.68614865026,Cells,AreaShape,
Cells_Texture_Entropy_AGP_10_00_256,0.006507296008446663,0.9162672215479721,0.04266518794592297,0.034560294497658184,27065.256502283322,Cells,Texture,AGP
Nuclei_Intensity_MinIntensity_Mito,0.0025839639148709584,0.9668475221326689,0.004248557049051209,0.026319956903408947,52055.37201513389,Nuclei,Intensity,Mito
Cells_Neighbors_SecondClosestDistance_5,0.32925674833548346,0.2329471295288865,0.01240959133182436,0.42538653080380584,180063.89507613383,Cells,Neighbors,
Nuclei_Correlation_K_Mito_DNA,0.005832818424747855,0.9154504410720589,0.019123903562688577,0.059592836940504545,60222.3898939082,Nuclei,Correlation,DNA
Nuclei_Texture_DifferenceVariance_ER_10_00_256,0.024363465348353448,0.6137966678630025,0.09632796264486249,0.2655119041437816,129123.71033814292,Nuclei,Texture,ER
Cells_RadialDistribution_FracAtD_AGP_3of4,0.0812569973421274,0.47557120019433147,0.017554915511317257,0.4256168869522238,35120.28101966179,Cells,RadialDistribution,AGP
Cells_Texture_SumEntropy_ER_3_03_256,0.008654313658173379,0.8702850738689633,0.04990454864739635,0.07115606382546723,10808.484288108084,Cells,Texture,ER
Cytoplasm_Texture_Entropy_Mito_3_02_256,0.019136666750193747,0.804476761534007,0.06407413456316431,0.11231243715263478,7662.7765713692015,Cytoplasm,Texture,Mito
Cells_Texture_Entropy_AGP_3_03_256,0.007032113964693624,0.9100273849799186,0.04655142796767941,0.036389073087708286,22157.29892206948,Cells,Texture,AGP
Nuclei_Texture_Contrast_ER_5_01_256,0.09582798689125882,0.5298701171140865,0.013799604692475998,0.3605022913021786,62659.80084624693,Nuclei,Texture,ER
Cells_Texture_SumEntropy_RNA_5_01_256,0.008349882936134423,0.8705013631401513,0.04462557489573867,0.07652317902797572,15935.3142056458,Cells,Texture,RNA
Nuclei_Texture_SumVariance_RNA_10_00_256,0.03875109862703702,0.7144079945245451,0.028303312092997048,0.21853759475542073,75219.83475406074,Nuclei,Texture,RNA
Cytoplasm_AreaShape_EquivalentDiameter,0.08606291020684831,0.3105625341323027,0.03143274742441637,0.5719418082364326,44243.66502840773,Cytoplasm,AreaShape,
Image_Texture_SumEntropy_RNA_3_00_256,0.15035746986784035,0.711703237422129,0.013360691039075936,0.12457860167095473,6293.847042280986,Image,Texture,RNA
Image_Texture_SumAverage_DNA_5_02_256,0.0014352180332869442,0.9730293225412744,0.011904322299443534,0.013631137125995011,68242.26936032312,Image,Texture,DNA
Cells_Granularity_13_Mito,0.17485838866591888,0.46862383329203305,0.03977456392870815,0.31674321411334,10725.515988786592,Cells,Granularity,Mito
Cells_Texture_InfoMeas2_AGP_3_00_256,0.003254478766275552,0.9406047769881545,0.03455841085208255,0.0215823333934875,36452.78984855364,Cells,Texture,AGP
Image_ImageQuality_TotalIntensity_OrigDNA,0.0011365010566507464,0.9832781804826279,0.002940732089866456,0.012644586370854848,82038.60362629278,Image,ImageQuality,
Cells_Texture_DifferenceEntropy_ER_10_03_256,0.011918168816520556,0.8561632129119039,0.04800251673318743,0.08391610153838801,9879.298478079054,Cells,Texture,ER
Image_Intensity_MedianIntensity_ER,0.006009432596279546,0.97265929226782,0.001783706495764092,0.019547568640136473,85852.49285576404,Image,Intensity,ER
Image_Texture_AngularSecondMoment_ER_10_01_256,0.38474326091667727,0.28345277595471435,0.016145690903130023,0.3156582722254783,38664.05544467368,Image,Texture,ER
Nuclei_Texture_SumEntropy_DNA_5_00_256,0.005761559444320678,0.9766434537225599,0.0066260090891013595,0.010968977744018107,5911.151806048598,Nuclei,Texture,DNA
Cytoplasm_Texture_AngularSecondMoment_RNA_10_01_256,0.02915829299537804,0.6987174557105958,0.08113529529457209,0.19098895599945392,284809.52288172557,Cytoplasm,Texture,RNA
Cytoplasm_Texture_Contrast_Mito_3_01_256,0.18423583624990908,0.23276842267709966,0.07188322043610991,0.5111125206368814,38569.57467016345,Cytoplasm,Texture,Mito
Cytoplasm_Correlation_K_AGP_RNA,0.009230740133553409,0.8688749879431005,0.04038944185366649,0.08150483006967953,31971.81621094945,Cytoplasm,Correlation,AGP
Cells_Texture_Contrast_Mito_5_03_256,0.20292791955981118,0.22132020136023758,0.05721670655121986,0.5185351725287313,44993.75117327488,Cells,Texture,Mito
Image_Intensity_TotalIntensity_ER,0.007490316778514099,0.9699063252274844,0.0030782818712331546,0.019525076122768343,30846.713599388244,Image,Intensity,ER
Cells_Intensity_LowerQuartileIntensity_Mito,0.0010195542546557839,0.9728470705838915,0.003575553514435933,0.022557821647016817,65594.76099927194,Cells,Intensity,Mito
Image_Texture_Contrast_RNA_3_01_256,0.008067756313479491,0.9044326017330773,0.021650743570534408,0.06584889838290899,165684.57284160246,Image,Texture,RNA
Image_ImageQuality_PercentMinimal_OrigER,0.0003432178724089918,0.9928993672760279,1.1699650690587253e-05,0.006745715200872555,736428.9446341826,Image,ImageQuality,
Image_Texture_InfoMeas1_DNA_5_02_256,0.0635115910953879,0.5870345139551466,0.09197913442482271,0.2574747605246428,13373.808910670348,Image,Texture,DNA
Nuclei_Texture_Entropy_Mito_10_03_256,0.02011892113521798,0.8365088357233492,0.04868156298865051,0.0946906801527824,6137.487723734386,Nuclei,Texture,Mito
Cytoplasm_Texture_Entropy_AGP_5_00_256,0.008122624357212923,0.9034461200107317,0.05332862188215734,0.035102633749898006,18527.32496284454,Cytoplasm,Texture,AGP
Cells_Texture_InverseDifferenceMoment_RNA_3_03_256,0.007745212875762313,0.8883005160495034,0.02532171041307435,0.07863256066165976,10707.557796064046,Cells,Texture,RNA
Cells_Texture_Entropy_Mito_3_03_256,0.023189532777100123,0.7891696020940393,0.06270976434744031,0.12493110078142024,7619.741843284809,Cells,Texture,Mito
Image_Texture_SumVariance_ER_5_00_256,0.0098338135918932,0.8517722400181126,0.05352127851468838,0.08487266787530594,19050.50549518304,Image,Texture,ER
Cells_Texture_InfoMeas2_DNA_10_01_256,0.00370729305588202,0.9814797216580938,0.002727995448282679,0.01208498983774138,5316.2903275769,Cells,Texture,DNA
Cytoplasm_AreaShape_Extent,0.05112544229911389,0.5351908416527547,0.015084025836034562,0.39859969021209685,18474.983432842855,Cytoplasm,AreaShape,
Nuclei_Texture_Correlation_AGP_3_00_256,0.024911898770005325,0.8933518500765375,0.010586971835809329,0.07114927931764793,6035.218331300239,Nuclei,Texture,AGP
Cytoplasm_Texture_InverseDifferenceMoment_Mito_3_01_256,0.027297709649845556,0.7877771567373985,0.06638896782521116,0.1185361657875449,7626.745317676253,Cytoplasm,Texture,Mito
Image_Texture_DifferenceVariance_AGP_10_02_256,0.021423382141371863,0.7485576686431193,0.15830045882439833,0.07171849039111049,236713.14985029167,Image,Texture,AGP
Cells_Texture_Variance_AGP_5_03_256,0.1242888877660989,0.38924921197847845,0.013018462630708896,0.4734434376247137,52852.19767679318,Cells,Texture,AGP
Cells_Correlation_RWC_RNA_AGP,0.031285318437831944,0.848561638765846,0.016288640133935703,0.10386440266238639,17500.99492198517,Cells,Correlation,AGP
Cells_RadialDistribution_RadialCV_RNA_1of4,0.03295295906111667,0.7704592871296376,0.0506017742538197,0.14598597955542614,8625.975771407313,Cells,RadialDistribution,RNA
Image_ImageQuality_Correlation_OrigER_50,0.03718213454177764,0.7260790237936807,0.06898471632395707,0.16775412534058465,8621.944187470104,Image,ImageQuality,
Cells_Texture_DifferenceEntropy_AGP_3_00_256,0.011816808321013759,0.8753687557956668,0.05319179753053749,0.05962263835278191,15025.066807261093,Cells,Texture,AGP
Image_Texture_Entropy_ER_5_01_256,0.12321445488747176,0.7513260048296397,0.013625136283535585,0.11183440399935297,13622.935038110418,Image,Texture,ER
Nuclei_RadialDistribution_FracAtD_DNA_4of4,0.0517340210364989,0.5263280287502314,0.13899041332226103,0.28294753689100866,80051.07570578247,Nuclei,RadialDistribution,DNA
Cells_AreaShape_Zernike_9_5,0.11075162422252663,0.17632770412256182,0.028339956580236747,0.6845807150746748,37622.64034569668,Cells,AreaShape,
Cells_Texture_Variance_ER_5_02_256,0.09027449160916695,0.4945226383346797,0.019891191513260114,0.39531167854289334,36010.59170369832,Cells,Texture,ER
Image_Texture_Variance_AGP_3_01_256,0.015702526968017955,0.8043433194238792,0.07359741545329934,0.10635673815480343,8452.205940851767,Image,Texture,AGP
Cells_RadialDistribution_FracAtD_RNA_3of4,0.03160693178546202,0.5276518615763836,0.03012182892718088,0.4106193777109735,12009.679355836388,Cells,RadialDistribution,RNA
Cells_Texture_Contrast_DNA_10_02_256,0.02369690722190967,0.8142992714889754,0.0664909278206434,0.09551289346847147,460867.4242571342,Cells,Texture,DNA
Cytoplasm_Texture_Variance_AGP_5_01_256,0.08977090957049619,0.4762125138181953,0.01222100684775614,0.4217955697635525,44577.641008961036,Cytoplasm,Texture,AGP
Image_Texture_InverseDifferenceMoment_Mito_3_03_256,0.04586383648227983,0.8672493099691214,0.016380178894022827,0.070506674654576,6742.438586003372,Image,Texture,Mito
Cells_Texture_Contrast_RNA_10_01_256,0.053248471424525746,0.6643444579073396,0.013285934116885383,0.26912113655124914,76155.0712926185,Cells,Texture,RNA
Cells_Texture_DifferenceVariance_ER_5_00_256,0.020719712111079116,0.6202221928609878,0.10691505996997928,0.25214303505795393,99324.67252876534,Cells,Texture,ER
Cytoplasm_AreaShape_BoundingBoxMinimum_Y,0.08134226196967166,0.28370409907348615,0.04655232353602054,0.5884013154208216,22140.332361516426,Cytoplasm,AreaShape,
Cytoplasm_Texture_SumEntropy_RNA_5_03_256,0.010581223840696959,0.8834361486413013,0.03780627462491504,0.06817635289308653,11676.967955227025,Cytoplasm,Texture,RNA
Nuclei_Texture_Contrast_ER_3_00_256,0.10878404567747821,0.48115564353787516,0.015116531869416994,0.39494377891522975,57572.399475871876,Nuclei,Texture,ER
Nuclei_Texture_Correlation_DNA_10_03_256,0.006620806484867309,0.9298989683519984,0.007396089186379182,0.05608413597675525,489453.8290602489,Nuclei,Texture,DNA
Nuclei_Texture_InverseDifferenceMoment_ER_5_03_256,0.010037293940601698,0.870869773019848,0.05341230164867335,0.0656806313908769,14537.783057485023,Nuclei,Texture,ER
Cytoplasm_Intensity_IntegratedIntensityEdge_Mito,0.0032243092168336633,0.9465058807908839,0.0038652148921781283,0.04640459510010433,37068.05673020497,Cytoplasm,Intensity,Mito
Cytoplasm_Intensity_StdIntensityEdge_ER,0.03752832970499465,0.8345239944252674,0.02500991974089613,0.10293775612884191,7760.076471309225,Cytoplasm,Intensity,ER
Cytoplasm_Texture_AngularSecondMoment_RNA_10_00_256,0.027155049692105734,0.6955016110937166,0.08532060201794757,0.1920227371962302,278134.80423515674,Cytoplasm,Texture,RNA
Cytoplasm_Texture_InverseDifferenceMoment_RNA_10_00_256,0.008649845303051667,0.8759917251219349,0.03779331061160311,0.07756511896341033,15803.786250916848,Cytoplasm,Texture,RNA
Cytoplasm_Texture_SumAverage_ER_3_01_256,0.003701373918136217,0.9641526766790801,0.01244478468185879,0.019701164720924896,13303.752242637718,Cytoplasm,Texture,ER
Image_Texture_SumAverage_RNA_5_03_256,0.013972549345150928,0.9257527808396275,0.012955651302443732,0.04731901851277776,24697.7527183196,Image,Texture,RNA
Nuclei_Texture_SumAverage_AGP_10_00_256,0.0080822592294672,0.948074679190975,0.01502698345187394,0.028816078127683782,5082.286569100973,Nuclei,Texture,AGP
Image_Granularity_7_DNA,0.3291647118855034,0.38745751297054104,0.032754529618339724,0.2506232455256157,16042.500069074791,Image,Granularity,DNA
Cytoplasm_AreaShape_Zernike_9_1,0.15187548217287947,0.3975891881242698,0.007812707263739657,0.44272262243911115,16012.893069490463,Cytoplasm,AreaShape,
Cytoplasm_Texture_SumVariance_RNA_10_01_256,0.029139365923023325,0.7565057242588152,0.0032747367322330393,0.21108017308592825,70560.59569833186,Cytoplasm,Texture,RNA
Cytoplasm_Texture_SumAverage_ER_5_03_256,0.0039027252447861086,0.9632905875207379,0.012769078313148599,0.020037608921327277,13117.68296389613,Cytoplasm,Texture,ER
Image_Granularity_7_RNA,0.11148321017799731,0.36670442227509503,0.09791254933799518,0.4238998182089125,19967.925917007295,Image,Granularity,RNA
Cytoplasm_Granularity_4_DNA,0.05292202080600878,0.7817559515521718,0.06112446960175561,0.10419755804006382,448164.628897237,Cytoplasm,Granularity,DNA
Cytoplasm_Texture_InfoMeas1_Mito_10_01_256,0.09486451761378732,0.6698475662555282,0.02934406630386949,0.20594384982681502,8247.97032878335,Cytoplasm,Texture,Mito
Image_ImageQuality_Correlation_OrigMito_20,0.017818742848624152,0.8738151829395558,0.008244945450412546,0.10012112876140744,9406.67396564631,Image,ImageQuality,
Cytoplasm_Texture_AngularSecondMoment_RNA_5_00_256,0.02492116539923299,0.6875998708732268,0.10194920711080649,0.18552975661673382,253532.95019470362,Cytoplasm,Texture,RNA
Cells_Texture_InfoMeas2_DNA_10_03_256,0.00388991345649245,0.9814911665047898,0.0030434121328374547,0.011575507905880224,5369.319459989323,Cells,Texture,DNA
Cells_RadialDistribution_MeanFrac_AGP_4of4,0.1811718645317505,0.5026424515258785,0.02089457419802643,0.2952911097443445,47960.726939949964,Cells,RadialDistribution,AGP
Cells_Texture_DifferenceVariance_AGP_3_00_256,0.006024415985434908,0.8221269443379083,0.1199564354955337,0.051892204181123114,350118.6518116166,Cells,Texture,AGP
Cells_Texture_SumVariance_AGP_5_02_256,0.13429397933336615,0.34386255612263367,0.014530538445501139,0.507312926098499,46084.59144609897,Cells,Texture,AGP
Cells_Texture_Contrast_RNA_3_03_256,0.023819324692524495,0.847034543546558,0.012820741057249996,0.11632539070366747,118106.93639051836,Cells,Texture,RNA
Cytoplasm_Texture_DifferenceEntropy_AGP_5_02_256,0.012514278542210247,0.8810005854796896,0.05278414153528795,0.0537009944428121,12759.441836456948,Cytoplasm,Texture,AGP
Nuclei_Intensity_MaxIntensity_DNA,0.020716064466569116,0.9014039224455903,0.021415402291442474,0.056464610796398064,17640.09116005754,Nuclei,Intensity,DNA
Cells_Texture_DifferenceEntropy_Mito_3_00_256,0.06787920738900866,0.6486656492211753,0.08285289433843697,0.20060224905137916,13677.502590564887,Cells,Texture,Mito
Cytoplasm_Texture_InfoMeas1_RNA_5_00_256,0.042339649757268664,0.4154669266449925,0.2658553869855816,0.2763380366121573,22817.008123002102,Cytoplasm,Texture,RNA
Nuclei_Texture_Correlation_AGP_5_00_256,0.027147718911808102,0.8023755309930694,0.038907426858468194,0.1315693232366544,5003.910971866219,Nuclei,Texture,AGP
Cells_Granularity_7_RNA,0.15408304759408056,0.47659886904028487,0.03879185619639023,0.3305262271692444,11436.8761312411,Cells,Granularity,RNA
Cells_Texture_Entropy_ER_5_00_256,0.009196893342189956,0.8781037311306463,0.04806631514651526,0.06463306038064838,9516.587709473362,Cells,Texture,ER
Cells_Texture_SumVariance_Mito_3_02_256,0.14258798611030368,0.34356480010641194,0.0423931175347373,0.471454096248547,41307.5695627987,Cells,Texture,Mito
Image_Texture_InverseDifferenceMoment_Mito_3_02_256,0.043203564124838306,0.8647772786053055,0.018055712922162237,0.07396344434769402,6902.147627731556,Image,Texture,Mito
Image_Texture_DifferenceVariance_RNA_5_01_256,0.008943834745316744,0.7970271720461267,0.16849850202536656,0.02553049118318981,166350.7938438962,Image,Texture,RNA
Cells_Texture_InfoMeas2_AGP_10_03_256,0.014027047159117194,0.94015509182664,0.013543064876580573,0.03227479613766217,30269.27653724298,Cells,Texture,AGP
Nuclei_RadialDistribution_FracAtD_Mito_1of4,0.13763823859220167,0.3043615867161921,0.05171324381348271,0.5062869308781236,24403.208036184657,Nuclei,RadialDistribution,Mito
Cells_Texture_DifferenceVariance_Mito_5_03_256,0.010341647617050176,0.6004099733745585,0.13472904727872934,0.25451933172966207,41055.923290322935,Cells,Texture,Mito
Image_Texture_Variance_RNA_3_03_256,0.009706131212613567,0.8917292592195489,0.021741369446777042,0.07682324012106062,49440.784969430875,Image,Texture,RNA
Image_Threshold_FinalThreshold_CellsIncludingEdges,0.0023449026290399758,0.9631574899879203,0.004650875378879775,0.029846732004159833,156130.83352966973,Image,Threshold,
Image_Texture_DifferenceEntropy_ER_5_01_256,0.11114830747663895,0.7520198132212175,0.023260047331909957,0.11357183197023371,7839.071572180604,Image,Texture,ER
Cells_Texture_InfoMeas1_DNA_5_03_256,0.002984307725981516,0.9789290647607349,0.0025781133429891977,0.01550851417029422,14953.914496070069,Cells,Texture,DNA
Cytoplasm_Texture_SumAverage_AGP_5_02_256,0.0023034527771441764,0.9630407457328661,0.022521197916339334,0.012134603573650518,8630.425519339313,Cytoplasm,Texture,AGP
Cells_Texture_DifferenceVariance_RNA_10_03_256,0.013978468566568649,0.7742261554740806,0.057992185505396275,0.15380319045395455,291508.3819372034,Cells,Texture,RNA
Nuclei_AreaShape_Zernike_9_5,0.189126472989218,0.260891259257928,0.1556744286865942,0.3943078390662598,24114.473229435087,Nuclei,AreaShape,
Cytoplasm_Correlation_RWC_DNA_Mito,0.020039227126944805,0.8798389839639295,0.037981149594670666,0.062140639314455126,24354.68783069083,Cytoplasm,Correlation,DNA
Image_ImageQuality_MaxIntensity_OrigDNA,0.003184782006104282,0.9685850605404246,0.012264070398682861,0.01596608705478823,9358.037849245164,Image,ImageQuality,
Cells_Texture_InfoMeas2_AGP_5_01_256,0.0066597659524050504,0.9423334050141173,0.024599100669347822,0.02640772836412989,16326.018668353823,Cells,Texture,AGP
Image_Texture_Contrast_ER_5_02_256,0.01053313043507637,0.8399179807608823,0.08287864335560563,0.06667024544843574,24421.20583235579,Image,Texture,ER
Image_Texture_DifferenceEntropy_RNA_10_03_256,0.12328005331478332,0.7393684167127786,0.01675506344539845,0.12059646652703956,6827.339953877306,Image,Texture,RNA
Nuclei_Texture_SumVariance_AGP_10_00_256,0.10693931835291434,0.44189725188390727,0.013734556697623433,0.43742887306555495,54584.5929716925,Nuclei,Texture,AGP
Cytoplasm_Texture_Variance_ER_3_03_256,0.07830363290729055,0.5364938805251221,0.06528658232032737,0.31991590424725985,16019.340424090586,Cytoplasm,Texture,ER
Nuclei_Texture_Contrast_Mito_3_00_256,0.23512239117075856,0.19538092579405364,0.08955318815003213,0.4799434948851557,62150.96011701499,Nuclei,Texture,Mito
Cytoplasm_Texture_DifferenceEntropy_Mito_3_00_256,0.04969060417629042,0.6742925538772887,0.09243389965833204,0.1835829422880889,13329.195742805492,Cytoplasm,Texture,Mito
Cytoplasm_Texture_InverseDifferenceMoment_AGP_10_01_256,0.006853278945376378,0.8930456065944963,0.059024758436182094,0.04107635602394511,21167.404310847356,Cytoplasm,Texture,AGP
Cells_RadialDistribution_FracAtD_ER_2of4,0.0687578013690925,0.5262451345981658,0.03079733499694098,0.37419972903580073,16864.085755462853,Cells,RadialDistribution,ER
Cytoplasm_Texture_SumEntropy_RNA_3_01_256,0.010532838624638344,0.8835050454297658,0.037737890006911516,0.06822422593868425,12177.066312189656,Cytoplasm,Texture,RNA
Cells_Texture_SumAverage_DNA_10_02_256,0.003398962133143486,0.9567514772929229,0.021991645203826713,0.01785791537010676,33570.27633268858,Cells,Texture,DNA
Nuclei_Texture_Contrast_DNA_3_02_256,0.059737277427885864,0.6899245416435493,0.057931883048472584,0.19240629788009214,246201.6042932003,Nuclei,Texture,DNA
Image_Texture_SumVariance_ER_5_02_256,0.009858295239006326,0.8511357107021316,0.054049721514741966,0.08495627254412003,19037.947856011815,Image,Texture,ER
Nuclei_Texture_DifferenceEntropy_DNA_5_03_256,0.009369715861759784,0.9649332309711581,0.009661637904787135,0.016035415262295006,4722.685542045601,Nuclei,Texture,DNA
Cytoplasm_Texture_SumAverage_RNA_5_02_256,0.005840497407665913,0.9424727529794852,0.007733833936611971,0.04395291567623689,13067.10538226049,Cytoplasm,Texture,RNA
Cells_Granularity_15_DNA,0.027271276160971945,0.43718875526464845,0.015524335597734109,0.5200156329766454,27111.343695810334,Cells,Granularity,DNA
Cells_Texture_InfoMeas1_Mito_10_01_256,0.16752200769699216,0.48987955768373254,0.03522828306650448,0.30737015155277075,9851.195403901791,Cells,Texture,Mito
Nuclei_Texture_SumEntropy_RNA_10_01_256,0.008120476390978822,0.9095600368987552,0.034710464753989256,0.047609021956276774,12360.812506137967,Nuclei,Texture,RNA
Cytoplasm_Intensity_LowerQuartileIntensity_Mito,0.0009457578249351534,0.9739783819982413,0.003210973598154469,0.021864886578669206,72228.21749037196,Cytoplasm,Intensity,Mito
Image_Texture_Variance_DNA_3_00_256,0.0005369719324750389,0.9809365500935984,0.011170404215801627,0.007356073758125037,757950.5815264869,Image,Texture,DNA
Nuclei_Correlation_RWC_DNA_Mito,0.03448264913482113,0.8135768501929355,0.030846855864504932,0.12109364480773849,26824.164990906105,Nuclei,Correlation,DNA
Cells_Texture_InfoMeas2_RNA_5_03_256,0.01933317364568543,0.6861243786112889,0.18599127280365138,0.10855117493937422,33403.71523259717,Cells,Texture,RNA
Image_Texture_InfoMeas1_Mito_3_01_256,0.06957294276955121,0.5296024029643522,0.055292616938178926,0.34553203732791765,15623.756184352776,Image,Texture,Mito
Cells_Texture_SumVariance_Mito_5_02_256,0.13747012956579124,0.3534898152564396,0.04148374245694025,0.467556312720829,41203.62789104934,Cells,Texture,Mito
Cytoplasm_Texture_InverseDifferenceMoment_ER_3_00_256,0.02280531426650985,0.8385018762528322,0.056773392066881555,0.08191941741377644,7285.207925491515,Cytoplasm,Texture,ER
Image_Texture_SumVariance_Mito_5_02_256,0.007523693392365102,0.7395357486852887,0.037207046896176106,0.21573351102617014,36052.339452166416,Image,Texture,Mito
Cytoplasm_Texture_InfoMeas1_DNA_5_03_256,0.006116852415744345,0.9462074451469371,0.009599965139244502,0.03807573729807412,3843.55992698966,Cytoplasm,Texture,DNA
Cells_AreaShape_Zernike_5_5,0.11720143383957222,0.4446665489491091,0.0271777343481763,0.41095428286314234,15440.36296977474,Cells,AreaShape,
Cytoplasm_Texture_InverseDifferenceMoment_DNA_3_01_256,0.0013228186713164717,0.8912981779253542,0.0669169341648916,0.040462069238437856,14548.36696809281,Cytoplasm,Texture,DNA
Cells_Texture_Correlation_AGP_10_01_256,0.032350150027960566,0.5542501950667349,0.05127402145233833,0.3621256334529662,22173.052585930312,Cells,Texture,AGP
Cytoplasm_Texture_SumEntropy_ER_5_00_256,0.010339457251535207,0.8837804468825577,0.04927148442196518,0.05660861144394186,9997.597972646392,Cytoplasm,Texture,ER
Image_Texture_Contrast_RNA_5_03_256,0.007986089984836109,0.9050237902479743,0.022018930188940383,0.06497118957824911,116348.76477531868,Image,Texture,RNA
Cytoplasm_AreaShape_Orientation,0.026063088226094013,0.044684647960199615,0.002334417584734573,0.9269178462289718,425145.9105537776,Cytoplasm,AreaShape,
Cytoplasm_RadialDistribution_RadialCV_mito_tubeness_5of16,0.015118819482662811,0.5655792979583624,0.07255617599235172,0.3467457065666231,746418.8042160247,Cytoplasm,RadialDistribution,
Cells_RadialDistribution_FracAtD_mito_tubeness_8of20,0.19676209025948785,0.2086080003750942,0.06393595514542834,0.5306939542199897,30013.276017916032,Cells,RadialDistribution,
Cells_RadialDistribution_FracAtD_Mito_3of4,0.060854096489622124,0.47525152589023417,0.033024700430008054,0.4308696771901356,19424.92798853453,Cells,RadialDistribution,Mito
Image_Texture_DifferenceVariance_Mito_10_00_256,0.08129699988086748,0.5189515818284761,0.1727155177647509,0.2270359005259055,45585.7070676275,Image,Texture,Mito
Image_Texture_SumEntropy_ER_5_00_256,0.1612242512026008,0.6863620765915875,0.014578345983438594,0.13783532622237318,15033.894691066722,Image,Texture,ER
Image_Texture_Contrast_ER_3_03_256,0.01118587988830899,0.8329246331506406,0.08950956477546008,0.06637992218559029,24056.301598552127,Image,Texture,ER
Nuclei_Intensity_MeanIntensityEdge_RNA,0.009663853219517838,0.9169277106241966,0.006471155238678494,0.06693728091760716,9567.478122150733,Nuclei,Intensity,RNA
Nuclei_RadialDistribution_MeanFrac_RNA_4of4,0.07620590445362409,0.49441250634223555,0.11640029743985121,0.312981291764289,12750.970390401213,Nuclei,RadialDistribution,RNA
Image_Texture_AngularSecondMoment_Mito_5_02_256,0.2040675734327965,0.5284487426781662,0.05251797588276774,0.2149657080062694,26568.080409738322,Image,Texture,Mito
Cells_Texture_Variance_AGP_3_03_256,0.12369720620040364,0.39216143302375656,0.013150638549860684,0.4709907222259791,52406.92220370689,Cells,Texture,AGP
Cells_Intensity_LowerQuartileIntensity_DNA,0.0006150538241799061,0.9824551704301434,0.006893109786700242,0.010036665958976426,28084.710623016108,Cells,Intensity,DNA
Cells_RadialDistribution_RadialCV_mito_tubeness_6of16,0.06081764914545826,0.6843257550440814,0.05101760665890687,0.20383898915155332,16387.227453694275,Cells,RadialDistribution,
Nuclei_Intensity_MADIntensity_AGP,0.09477575896418072,0.5923450955714099,0.024882881147815204,0.2879962643165942,17817.041249772425,Nuclei,Intensity,AGP
Cells_RadialDistribution_RadialCV_mito_tubeness_2of16,0.2023092971620955,0.3790001206020824,0.032869103355442776,0.38582147888037926,24301.23767412771,Cells,RadialDistribution,
Cytoplasm_Texture_Entropy_DNA_5_00_256,0.0071243981040071585,0.9508857846644024,0.018088092881169908,0.023901724350420633,3881.605117778794,Cytoplasm,Texture,DNA
Cells_RadialDistribution_MeanFrac_mito_tubeness_3of20,0.22518059160940815,0.14600289995271193,0.05124447645020642,0.5775720319876736,39296.36072661619,Cells,RadialDistribution,
Cells_Texture_SumAverage_AGP_10_02_256,0.003306988463951314,0.9621924625144844,0.018828284937205935,0.015672264084358328,6766.324880629247,Cells,Texture,AGP
Cells_AreaShape_Zernike_6_2,0.10936295233162427,0.06451467111190594,0.014323827028297292,0.8117985495281725,35163.22018352989,Cells,AreaShape,
Cytoplasm_Correlation_Overlap_AGP_DNA,0.007749211872902537,0.879633778101144,0.058131007139246765,0.054486002886706845,11017.227564554261,Cytoplasm,Correlation,AGP
Cells_Texture_SumAverage_RNA_10_02_256,0.009267763522283614,0.9233844749593995,0.011569619347081703,0.05577814217123528,10327.825538166751,Cells,Texture,RNA
Nuclei_Granularity_13_AGP,0.16183017151504328,0.48448498085529984,0.01039178375065606,0.3432930638790009,17224.16762012185,Nuclei,Granularity,AGP
Cytoplasm_Texture_Correlation_Mito_3_03_256,0.11654234558221126,0.6402557086334703,0.03158831917958049,0.2116136266047379,10584.752183714629,Cytoplasm,Texture,Mito
Cytoplasm_Texture_SumAverage_RNA_5_00_256,0.0058086421082324535,0.9427929347033608,0.007708514435692121,0.043689908752714585,13095.959362320806,Cytoplasm,Texture,RNA
Cytoplasm_Texture_Entropy_DNA_5_02_256,0.0070994453743902985,0.951064117799001,0.018170411453245786,0.023666025373362806,3931.3399864931,Cytoplasm,Texture,DNA
Image_Texture_InfoMeas1_Mito_3_03_256,0.07130644303507316,0.5225154753574567,0.054813719593354626,0.3513643620141155,15659.754213324857,Image,Texture,Mito
Image_Texture_Entropy_Mito_10_00_256,0.06528042801727707,0.8427801263036113,0.01850142325528449,0.07343802242382712,5825.079985383889,Image,Texture,Mito
Nuclei_Texture_AngularSecondMoment_Mito_10_03_256,0.013158312763216455,0.7343335205101337,0.10587337438086877,0.14663479234578097,23728.07247013087,Nuclei,Texture,Mito
Nuclei_Texture_InfoMeas1_Mito_3_00_256,0.04455536655818166,0.7719649246545416,0.04049587484700492,0.1429838339402718,7343.329037415388,Nuclei,Texture,Mito
Nuclei_Texture_SumEntropy_Mito_5_00_256,0.05482537131017622,0.7686502209274165,0.05023003114657775,0.12629437661582948,6355.097963118231,Nuclei,Texture,Mito
Image_Texture_Contrast_ER_10_00_256,0.009697783398905938,0.8460504230600854,0.07838742124180252,0.06586437229920619,24574.871124140118,Image,Texture,ER
Image_Texture_DifferenceEntropy_Mito_10_00_256,0.07439966682043407,0.8158179479456302,0.026220179726521894,0.08356220550741385,6464.408659103266,Image,Texture,Mito
Image_Texture_InfoMeas2_Mito_3_03_256,0.24403121614158355,0.45355189920799566,0.07175341235323349,0.2306634722971874,68665.23332224591,Image,Texture,Mito
Image_Texture_SumEntropy_ER_10_02_256,0.16512625659986604,0.6788079896960224,0.014648377254919982,0.14141737644919145,14526.049352291988,Image,Texture,ER
Cytoplasm_Texture_DifferenceEntropy_ER_5_01_256,0.018844628691596865,0.8520724858231573,0.051148993618659544,0.07793389186658625,9885.063896144615,Cytoplasm,Texture,ER
Cytoplasm_Texture_AngularSecondMoment_DNA_10_00_256,0.004569711242446642,0.9338869997979744,0.029066539246726277,0.032476749712852804,8202.505165622837,Cytoplasm,Texture,DNA
Nuclei_RadialDistribution_FracAtD_AGP_1of4,0.04454248151123331,0.6455514305175002,0.02205602840500105,0.28785005956626547,24753.16540034152,Nuclei,RadialDistribution,AGP
Image_Texture_DifferenceEntropy_ER_3_00_256,0.10282345169820463,0.758934908753376,0.02674997618838113,0.11149166336003828,7630.520585664003,Image,Texture,ER
Cytoplasm_RadialDistribution_RadialCV_AGP_2of4,0.07044161824969264,0.7441471206054892,0.013799558549860782,0.17161170259495756,7068.621305579506,Cytoplasm,RadialDistribution,AGP
Cells_Granularity_5_AGP,0.34394839830983126,0.19336220039605698,0.003340545847752312,0.45934885544635945,40118.05934854971,Cells,Granularity,AGP
Nuclei_Correlation_Correlation_Mito_RNA,0.027568759629824743,0.812889405566043,0.08448285243203629,0.07505898237209586,4744.0232049937895,Nuclei,Correlation,Mito
Nuclei_AreaShape_Zernike_8_2,0.034430160583065236,0.49024032107311233,0.03281783059933129,0.4425116877444912,10513.299514484897,Nuclei,AreaShape,
Cytoplasm_Texture_SumVariance_Mito_5_00_256,0.11009584917468693,0.39841186397193235,0.057514496900178166,0.4339777899532025,30091.13132423086,Cytoplasm,Texture,Mito
Image_Intensity_MADIntensity_AGP__BackgroundOnly,0.007775376474534193,0.6901088823599065,0.02031234736508319,0.2818033938004761,237754.1672599741,Image,Intensity,AGP
Nuclei_Texture_Correlation_RNA_10_03_256,0.05895824245594638,0.2642095691043628,0.07952857701996026,0.5973036114197305,74171.6985068943,Nuclei,Texture,RNA
Nuclei_Texture_InfoMeas2_RNA_5_03_256,0.006212611303370288,0.904412892790321,0.037509746425046044,0.051864749481262594,10441.013538624655,Nuclei,Texture,RNA
Cytoplasm_Texture_InfoMeas1_ER_5_03_256,0.03495465809894435,0.7018511001866709,0.0704524839770431,0.1927417577373417,9980.08247260027,Cytoplasm,Texture,ER
Image_Texture_Contrast_AGP_3_00_256,0.015839897393710445,0.8670580483486303,0.017170057032293073,0.0999319972253662,29274.22659917271,Image,Texture,AGP
Cytoplasm_Texture_Contrast_AGP_5_00_256,0.06139195443895741,0.6204945337991342,0.010696954736022234,0.3074165570258861,64763.586590656254,Cytoplasm,Texture,AGP
Cytoplasm_Texture_Contrast_ER_3_00_256,0.13744847294927776,0.36444007944057316,0.04949564861233756,0.4486157989978115,35870.89496360251,Cytoplasm,Texture,ER
Nuclei_Texture_Variance_DNA_5_02_256,0.04089813416500731,0.777714081852657,0.04335573331215578,0.13803205067017993,367395.48600100423,Nuclei,Texture,DNA
Image_Granularity_2_ER,0.19186048243950396,0.5735305063446079,0.02081547327307798,0.21379353794281009,15099.194112414407,Image,Granularity,ER
Nuclei_Texture_SumVariance_RNA_5_03_256,0.0449698035325869,0.6826650702248257,0.0260412270356888,0.24632389920689865,72066.0692040306,Nuclei,Texture,RNA
Cells_Intensity_UpperQuartileIntensity_Mito,0.015062673223298857,0.9169542681039391,0.010822576837886105,0.057160481834875945,24539.66366649906,Cells,Intensity,Mito
Nuclei_Texture_Variance_RNA_3_03_256,0.036827591629956274,0.741092379954353,0.028553833997523922,0.19352619441816682,87664.82129454854,Nuclei,Texture,RNA
Cells_RadialDistribution_FracAtD_mito_tubeness_10of16,0.06110863087899245,0.7007800590843504,0.04715744920027203,0.19095386083638524,6431.913472137161,Cells,RadialDistribution,
Image_Texture_InverseDifferenceMoment_RNA_10_00_256,0.11002466053304287,0.7748894071249747,0.010708624278610362,0.10437730806337206,6479.439071280025,Image,Texture,RNA
Cells_Granularity_1_RNA,0.04028812485867192,0.7765210030411074,0.03330651276773559,0.1498843593324852,10058.593477665,Cells,Granularity,RNA
Nuclei_Texture_InfoMeas1_Mito_10_02_256,0.2559015060178424,0.33200713750669913,0.03775370167067659,0.374337654804782,14712.288725237246,Nuclei,Texture,Mito
Cells_Texture_InverseDifferenceMoment_RNA_10_02_256,0.006305682799042301,0.8656258660260329,0.04003103261108715,0.08803741856383776,17642.213583750443,Cells,Texture,RNA
Image_ImageQuality_Scaling_OrigRNA,0.0,0.0,0.0,0.0,0.0,Image,ImageQuality,
Cells_Texture_AngularSecondMoment_Mito_5_02_256,0.019657732357686766,0.5859098939918485,0.1393438202250304,0.2550885534254343,32055.699625516543,Cells,Texture,Mito
Cells_Texture_InverseDifferenceMoment_AGP_10_02_256,0.006215888568996099,0.8954827355662492,0.05478549675555561,0.04351587910919898,21063.150174142906,Cells,Texture,AGP
Image_Texture_AngularSecondMoment_DNA_5_00_256,0.031831132238372396,0.8891347755592613,0.008597774397143149,0.07043631780522322,5684.644872716424,Image,Texture,DNA
Nuclei_Granularity_12_ER,0.10161843408103492,0.6687067319563293,0.033439623222203604,0.19623521074043218,10310.901012794566,Nuclei,Granularity,ER
Cells_RadialDistribution_MeanFrac_mito_tubeness_6of16,0.23618320034424606,0.1357420407287866,0.06233429443659498,0.5657404644903724,36419.55242994481,Cells,RadialDistribution,
Cells_Texture_InfoMeas1_ER_5_03_256,0.04197777820802657,0.5174666976753591,0.13367890108970445,0.3068766230269098,19602.932915709025,Cells,Texture,ER
Image_Texture_Entropy_RNA_10_00_256,0.12463985696469979,0.7511240451118831,0.012789921945900104,0.11144617597751694,6160.008963444412,Image,Texture,RNA
Nuclei_AreaShape_Zernike_1_1,0.12377530989545593,0.4723363600707736,0.06282847653907912,0.3410598534946912,8330.539776038944,Nuclei,AreaShape,
Cytoplasm_Intensity_MaxIntensity_AGP,0.020287437644263245,0.8901508987125464,0.013242917348386288,0.07631874629480404,8294.566824153679,Cytoplasm,Intensity,AGP
Nuclei_Granularity_3_ER,0.16068486943068722,0.5584295857439939,0.008277660934324542,0.27260788389099416,15640.240625468075,Nuclei,Granularity,ER
Cytoplasm_Texture_SumVariance_DNA_5_03_256,0.006241547177581836,0.8574673779018345,0.07651322894827677,0.05977784597230684,382839.60621028184,Cytoplasm,Texture,DNA
Image_Texture_InverseDifferenceMoment_ER_3_01_256,0.07940682179830255,0.8223368839783182,0.01173411647475438,0.08652217774862497,12954.212478922935,Image,Texture,ER
Nuclei_Texture_Variance_Mito_5_01_256,0.20490821947143736,0.2491903565352932,0.06681118651916713,0.47909023747410234,69324.16458808264,Nuclei,Texture,Mito
Cells_Texture_Correlation_ER_3_00_256,0.016206896386176485,0.7384046812708729,0.11355021707335718,0.13183820526959347,19741.213954588144,Cells,Texture,ER
Image_Texture_AngularSecondMoment_AGP_5_03_256,0.2856244995357927,0.3863360914204654,0.0186308156561582,0.30940859338758364,26234.43407119598,Image,Texture,AGP
Cells_Intensity_MassDisplacement_AGP,0.08430226885630485,0.4408877934878394,0.006037021945806561,0.46877291571004914,18273.73802010415,Cells,Intensity,AGP
Cells_Neighbors_SecondClosestObjectNumber_5,0.15766633379933176,0.6458487306976494,0.014814849041512871,0.181670086461506,9561.373574121175,Cells,Neighbors,
Image_Texture_Entropy_Mito_3_02_256,0.06270727801965847,0.8440847155458745,0.019390989466311487,0.0738170169681556,5839.024092425938,Image,Texture,Mito
Image_Texture_Entropy_Mito_5_03_256,0.0639726531098499,0.8446521999563813,0.018454452480911262,0.07292069445285754,5856.489798965764,Image,Texture,Mito
Image_Texture_SumEntropy_RNA_3_01_256,0.15227027311684288,0.7084276984034386,0.013470148535178661,0.12583187994453973,6340.380938974585,Image,Texture,RNA
Nuclei_Correlation_K_AGP_DNA,0.051537067820947906,0.8283960446803512,0.025604048809013517,0.09446283868968738,5828.261322788301,Nuclei,Correlation,AGP
Cells_Texture_SumEntropy_AGP_3_00_256,0.007020169524035896,0.9129830922448957,0.04433786599783892,0.03565887223322952,32517.405391974986,Cells,Texture,AGP
Nuclei_Texture_Variance_Mito_10_01_256,0.18830868786640362,0.26480247793350886,0.06638930146420556,0.4804995327358821,61649.420413796164,Nuclei,Texture,Mito
Cells_AreaShape_Zernike_4_0,0.26490335771479867,0.233991154537312,0.007140090869399613,0.49396539687848984,35275.05770525236,Cells,AreaShape,
Cells_Texture_InverseDifferenceMoment_RNA_5_00_256,0.007444273321153768,0.8854116583999507,0.026900447846757474,0.08024362043213805,11592.052868294555,Cells,Texture,RNA
Cytoplasm_Texture_Variance_ER_5_03_256,0.08236780474187023,0.5170169992977632,0.06226946778266275,0.33834572817770375,16873.998273269426,Cytoplasm,Texture,ER
Image_Texture_SumAverage_RNA_3_00_256,0.013968555906052518,0.9257201675455407,0.012947320726931383,0.047363955821475436,24690.197195749006,Image,Texture,RNA
Nuclei_Texture_DifferenceEntropy_RNA_5_03_256,0.0047399493776162,0.9122601125203148,0.037512530340416954,0.045487407761651985,10695.624962258009,Nuclei,Texture,RNA
Image_ImageQuality_LocalFocusScore_OrigRNA_50,0.3796653077913901,0.12351521845623653,0.007987110685002397,0.48883236306737093,378737.2042821245,Image,ImageQuality,
Nuclei_Texture_Correlation_AGP_10_02_256,0.022605510955568748,0.31694021807983047,0.20993248119134741,0.45052178977325336,22474.153379554224,Nuclei,Texture,AGP
Cytoplasm_Texture_Correlation_AGP_5_01_256,0.02260122110773249,0.7354509983865466,0.0345437557460566,0.20740402475966419,5834.126789350675,Cytoplasm,Texture,AGP
Image_Texture_DifferenceEntropy_Mito_5_00_256,0.06710362289828568,0.8204118369776713,0.028290383546037273,0.08419415657800576,6681.316334512328,Image,Texture,Mito
Nuclei_Texture_Entropy_AGP_3_02_256,0.007819587996799436,0.9287016196933268,0.03915120046418676,0.02432759184568709,21561.18517752526,Nuclei,Texture,AGP
Nuclei_Texture_SumAverage_DNA_3_00_256,0.00584948357273478,0.9561411800167385,0.020151861266706032,0.017857475143820783,17609.388542188943,Nuclei,Texture,DNA
Image_ImageQuality_Correlation_OrigER_20,0.049401825790241195,0.7708521594873858,0.04811486576352501,0.13163114895884806,8927.904400955216,Image,ImageQuality,
Nuclei_Texture_AngularSecondMoment_DNA_5_03_256,0.0006681541853621539,0.9735596507134298,0.005086911469014963,0.020685283632193054,560751.7298512538,Nuclei,Texture,DNA
Cells_Correlation_RWC_AGP_DNA,0.011424148087527303,0.9057068181957967,0.020890922021087877,0.06197811169558805,18252.012203845596,Cells,Correlation,AGP
Image_Intensity_MedianIntensity_RNA_BackgroundOnly,0.0021217759962663773,0.9326169543830003,0.010903269422639342,0.05435800019809401,47444.21115237373,Image,Intensity,RNA
Image_Texture_Correlation_Mito_3_01_256,0.019405941975893643,0.8579379161521806,0.028493798318378415,0.09416234355354737,13805.64030513783,Image,Texture,Mito
Nuclei_Texture_Correlation_Mito_3_01_256,0.011090501822274518,0.8897710169891553,0.019296960897218985,0.07984152029135115,5210.565149120863,Nuclei,Texture,Mito
Cells_RadialDistribution_FracAtD_DNA_3of4,0.07991744945377002,0.7211831458027526,0.025893561771417623,0.17300584297205987,28925.886683008306,Cells,RadialDistribution,DNA
Cytoplasm_RadialDistribution_FracAtD_mito_tubeness_12of20,0.171624027334583,0.2822858954389048,0.10033777267415073,0.4457523045523614,130665.71910407975,Cytoplasm,RadialDistribution,
Cytoplasm_RadialDistribution_RadialCV_mito_tubeness_16of16,0.05257239214136302,0.7095799884423969,0.04676508579280442,0.1910825336234356,16111.715544978619,Cytoplasm,RadialDistribution,
Image_Texture_InfoMeas1_ER_3_00_256,0.06695646960159873,0.6832015676739484,0.016166953377447318,0.2336750093470056,10390.740285945194,Image,Texture,ER
Image_Texture_Contrast_Mito_5_02_256,0.01110140809562584,0.7213920312308603,0.08612449929183466,0.18138206138167937,30115.928119384604,Image,Texture,Mito
Image_Texture_InfoMeas2_ER_10_02_256,0.41565053342154334,0.13688874268105244,0.022928605461085806,0.42453211843631844,77084.63810744796,Image,Texture,ER
Cells_Correlation_RWC_DNA_ER,0.00606723375997436,0.948073841563685,0.01711433132638661,0.02874459334995401,30611.63236063138,Cells,Correlation,DNA
Image_Texture_SumAverage_RNA_3_03_256,0.013971663847551248,0.9257324842765728,0.012952741018776345,0.04734311085709964,24698.68584390566,Image,Texture,RNA
Nuclei_Texture_DifferenceEntropy_RNA_10_00_256,0.004230223240319691,0.9132719352039866,0.03728477526938806,0.04521306628630569,10821.387577538644,Nuclei,Texture,RNA
Cells_Texture_AngularSecondMoment_ER_5_03_256,0.026226951157459377,0.6499405934003598,0.142078329154488,0.18175412628769277,245771.28159275444,Cells,Texture,ER
Cells_AreaShape_Zernike_6_6,0.1878067819304243,0.24868392451261012,0.05618663385967745,0.5073226596972882,34859.020964598785,Cells,AreaShape,
Cells_RadialDistribution_RadialCV_mito_tubeness_5of20,0.07953796561067247,0.6057094301165401,0.04527920380432904,0.26947340046845836,23534.018786050583,Cells,RadialDistribution,
Cytoplasm_Texture_AngularSecondMoment_RNA_10_03_256,0.029118531808658244,0.698583441337547,0.08072353693574551,0.1915744899180493,284717.86565114505,Cytoplasm,Texture,RNA
Image_Texture_InfoMeas2_DNA_5_00_256,0.08279909496706335,0.786151062798249,0.020325838498921216,0.11072400373576652,20717.648410799855,Image,Texture,DNA
Cytoplasm_Texture_Entropy_AGP_3_02_256,0.008430518704081152,0.9019139668390441,0.054077166178340054,0.035578348278534636,16686.230526993164,Cytoplasm,Texture,AGP
Image_Texture_SumAverage_Mito_3_01_256,0.0028611002650236208,0.9681597099900802,0.0026570573333992973,0.026322132411496987,52779.95115217019,Image,Texture,Mito
Image_Texture_InfoMeas1_Mito_3_00_256,0.05826652360156984,0.5367866152480673,0.05228415083761973,0.3526627103127432,17270.019178053284,Image,Texture,Mito
Cells_Texture_SumVariance_AGP_5_00_256,0.13426567460941924,0.3445856979902997,0.01448912581393445,0.5066595015863465,46025.78296043887,Cells,Texture,AGP
Cells_Texture_AngularSecondMoment_RNA_5_02_256,0.02926226057528266,0.6878473709561629,0.07540594485087718,0.20748442361767716,275960.53013467375,Cells,Texture,RNA
Nuclei_Texture_DifferenceVariance_Mito_5_02_256,0.013589478630067426,0.6972850770201103,0.1440642487221556,0.14506119562766653,31304.41918166243,Nuclei,Texture,Mito
Cells_Texture_Correlation_AGP_10_02_256,0.023128541944045806,0.7004628394682958,0.056341374571963504,0.220067244015695,12791.287528009749,Cells,Texture,AGP
Cells_Texture_SumAverage_Mito_10_03_256,0.009087542074695518,0.9383719248394761,0.008518474028131454,0.04402205905769683,30069.61090109924,Cells,Texture,Mito
Cells_Intensity_MeanIntensity_DNA,0.0022439835741935804,0.9648050303843246,0.01975705709556178,0.013193928945920086,30090.044015801934,Cells,Intensity,DNA
Cytoplasm_Texture_SumAverage_RNA_10_03_256,0.00580070874421264,0.944025723509299,0.007456393944145855,0.04271717380234254,12857.110285640005,Cytoplasm,Texture,RNA
Nuclei_Texture_Correlation_AGP_3_03_256,0.028515834164673,0.8250914962529479,0.025340200715013732,0.1210524688673656,5470.7690108369825,Nuclei,Texture,AGP
Nuclei_Texture_Correlation_RNA_5_02_256,0.024551379708787544,0.7987162995611841,0.032529837421165136,0.14420248330886326,6344.27699301742,Nuclei,Texture,RNA
Cytoplasm_RadialDistribution_MeanFrac_mito_tubeness_15of20,0.05183719247962855,0.6121178775729088,0.016664150665505074,0.3193807792819575,31152.2927679396,Cytoplasm,RadialDistribution,
Cytoplasm_RadialDistribution_RadialCV_Mito_4of4,0.10804135688268506,0.6436038753558639,0.03541066966294069,0.21294409809851025,8268.49224243779,Cytoplasm,RadialDistribution,Mito
Cells_Correlation_K_AGP_RNA,0.00849475164600887,0.896986193613652,0.022551131389088507,0.0719679233512507,28257.941593247968,Cells,Correlation,AGP
Cells_Texture_AngularSecondMoment_Mito_3_02_256,0.01728707298512533,0.6196889872444141,0.1345208782874196,0.2285030614830409,26895.443890143804,Cells,Texture,Mito
Cytoplasm_RadialDistribution_FracAtD_ER_3of4,0.05946936504345963,0.37897571483347525,0.049269649697803286,0.5122852704252618,38964.89709878112,Cytoplasm,RadialDistribution,ER
Image_Granularity_10_DNA,0.030802347287708174,0.8705791493994723,0.004100160707543113,0.09451834260527636,10575.279597955468,Image,Granularity,DNA
Image_Texture_InfoMeas1_AGP_10_03_256,0.0899825668752238,0.6514791499375504,0.041049729143773375,0.21748855404345238,11720.84442055535,Image,Texture,AGP
Nuclei_Texture_DifferenceVariance_DNA_5_02_256,0.0006561990870989584,0.9419822575307062,0.035399454426760076,0.021962088955434826,354204.7761190429,Nuclei,Texture,DNA
Image_Texture_SumAverage_Mito_10_01_256,0.002866463170409234,0.9681954247539849,0.0026552948476530596,0.026282817227952844,52803.967635066685,Image,Texture,Mito
Nuclei_AreaShape_Zernike_9_3,0.1501842434416804,0.26285169738149466,0.12388798404338291,0.46307607513344207,26463.568799685316,Nuclei,AreaShape,
Cytoplasm_Texture_SumEntropy_AGP_3_02_256,0.008644003757244506,0.9048701075679313,0.05115015903087339,0.03533572964395082,22054.810918584168,Cytoplasm,Texture,AGP
Cytoplasm_Granularity_16_RNA,0.1296431876322238,0.55771646049346,0.026551170361988754,0.2860891815123272,11650.48365165116,Cytoplasm,Granularity,RNA
Cells_Texture_InfoMeas2_Mito_10_02_256,0.023106899450335887,0.7289341220291692,0.084134715411556,0.163824263108939,9560.162985510759,Cells,Texture,Mito
Cells_Texture_SumEntropy_Mito_5_01_256,0.022702684659582695,0.7727071712354681,0.0653804414816691,0.13920970262328008,8393.913710445755,Cells,Texture,Mito
Image_Texture_Correlation_ER_10_00_256,0.1281580312501301,0.6070422644072134,0.021805476655589875,0.24299422768706658,10242.330526553473,Image,Texture,ER
Nuclei_Granularity_12_Mito,0.1225473641837562,0.5668813191496859,0.043408971801233064,0.2671623448653248,8693.496827586709,Nuclei,Granularity,Mito
Image_Granularity_8_Mito,0.24381877993780268,0.20352591512199225,0.16519749865562475,0.3874578062845805,16754.008115255692,Image,Granularity,Mito
Nuclei_RadialDistribution_RadialCV_ER_1of4,0.04513614952132402,0.8558064632452688,0.016108934101301788,0.08294845313210548,6520.097315598139,Nuclei,RadialDistribution,ER
Nuclei_Texture_DifferenceVariance_DNA_3_03_256,0.0006846883514196214,0.9470538694416308,0.031239004590930104,0.02102243761601923,305861.84602387657,Nuclei,Texture,DNA
Nuclei_Granularity_11_DNA,0.08379641632087763,0.7832928079102929,0.005145649189532197,0.12776512657929728,13461.910412327965,Nuclei,Granularity,DNA
Nuclei_Texture_InfoMeas1_RNA_10_02_256,0.04324527645313794,0.8426875366508895,0.02178379936994779,0.09228338752602477,15948.271706901722,Nuclei,Texture,RNA
Cytoplasm_Texture_DifferenceEntropy_DNA_10_00_256,0.006300917366550701,0.9506634947279277,0.020667516844824655,0.02236807106069692,3488.710653039538,Cytoplasm,Texture,DNA
Cells_Granularity_14_AGP,0.13664072054658,0.5004093052327553,0.01072869668753001,0.3522212775331348,13189.859646775203,Cells,Granularity,AGP
Cells_Texture_InfoMeas1_ER_5_01_256,0.04158173748876971,0.5197092464373507,0.13518047135749567,0.3035285447163839,19500.545600408877,Cells,Texture,ER
Cells_Texture_SumVariance_AGP_10_01_256,0.12430268340159224,0.3822373359588515,0.014169589550866486,0.4792903910886897,44368.35599137001,Cells,Texture,AGP
Cells_RadialDistribution_FracAtD_mito_tubeness_19of20,0.03786786209765448,0.6333770155950862,0.03314853032744132,0.2956065919798181,12578.53970095867,Cells,RadialDistribution,
Cells_Texture_InfoMeas2_ER_3_01_256,0.038014834583232196,0.6897966568841598,0.10160652723009657,0.17058198130251154,51739.250079229445,Cells,Texture,ER
Cells_Granularity_15_AGP,0.102480505372653,0.5331677241227626,0.009537531140786254,0.35481423936379825,11494.99195242583,Cells,Granularity,AGP
Image_Intensity_LowerQuartileIntensity_ER__BackgroundOnly,0.0009767841123709947,0.9800390954711952,0.0015843174572557658,0.017399802959178142,28562.939182974136,Image,Intensity,ER
Nuclei_Texture_InfoMeas2_RNA_3_00_256,0.0052120770365912195,0.8592825571441151,0.0632389460227594,0.07226641979653445,26957.14765854145,Nuclei,Texture,RNA
Nuclei_Texture_Variance_Mito_3_01_256,0.20370836374421888,0.24971437175417358,0.0663849836780751,0.48019228082353244,68452.75939274415,Nuclei,Texture,Mito
Cytoplasm_Texture_DifferenceVariance_Mito_3_00_256,0.012770751186912876,0.6432476630687743,0.1345976357253814,0.2093839500189313,35523.42522533027,Cytoplasm,Texture,Mito
Nuclei_Correlation_K_AGP_RNA,0.007354077073355307,0.9066934141310898,0.021167174691629435,0.06478533410392538,27169.09307547131,Nuclei,Correlation,AGP
Nuclei_Granularity_3_AGP,0.19188850537944097,0.4837470496176734,0.013611216658178101,0.3107532283447075,18076.787720190314,Nuclei,Granularity,AGP
Image_Granularity_15_AGP,0.05311236630098898,0.319552416734856,0.013015156291060448,0.6143200606730945,14115.081804179514,Image,Granularity,AGP
Nuclei_RadialDistribution_FracAtD_AGP_3of4,0.06932107548169136,0.5391127483929752,0.015731364859803292,0.3758348112655302,54755.476817188886,Nuclei,RadialDistribution,AGP
Nuclei_Texture_Entropy_DNA_5_00_256,0.003744651278371472,0.9803553142092308,0.0072014392816624325,0.008698595230735314,5960.276912445984,Nuclei,Texture,DNA
Cytoplasm_Texture_SumAverage_AGP_10_02_256,0.0023240818196330047,0.963261460620499,0.022293120663940538,0.0121213368959275,8426.42068623118,Cytoplasm,Texture,AGP
Nuclei_Texture_SumVariance_DNA_3_03_256,0.034599124545663815,0.8060265317864163,0.039275983879182345,0.12009835978873748,411311.24210247805,Nuclei,Texture,DNA
Cells_RadialDistribution_MeanFrac_mito_tubeness_7of16,0.18419531729001828,0.23985661997228294,0.08605067259766683,0.4898973901400319,28608.98974845638,Cells,RadialDistribution,
Cells_Texture_Correlation_AGP_5_01_256,0.021510040813606884,0.8260475364241526,0.0364244114325154,0.11601801132972517,5720.69165431267,Cells,Texture,AGP
Cytoplasm_Texture_Entropy_ER_3_03_256,0.011215588250227101,0.8842276687922012,0.04921932349371546,0.05533741946385625,9294.824215815444,Cytoplasm,Texture,ER
Cytoplasm_Texture_InfoMeas1_AGP_5_01_256,0.035882118108901545,0.78264893988295,0.02903179324580169,0.1524371487623466,8964.995092810337,Cytoplasm,Texture,AGP
Image_Texture_Correlation_DNA_5_01_256,0.04122629521890864,0.824559851196962,0.036744621923903265,0.09746923166022609,18401.550550081403,Image,Texture,DNA
Cytoplasm_Texture_Contrast_RNA_10_00_256,0.03275898578783736,0.7810175237682196,0.0035799716192700284,0.18264351882467317,88500.36455160628,Cytoplasm,Texture,RNA
Nuclei_Location_MaxIntensity_Z_AGP,0.0,0.0,0.0,0.0,0.0,Nuclei,Location,AGP
Cytoplasm_Number_Object_Number,0.1573509544716374,0.6464900617253687,0.014782324958507427,0.18137665884448648,9545.6958464575,Cytoplasm,Number,
Nuclei_AreaShape_Center_Y,0.05843772165525842,0.31465708008120685,0.045476366629079,0.5814288316344557,20059.09296321345,Nuclei,AreaShape,
Nuclei_Texture_AngularSecondMoment_AGP_5_00_256,0.0017483293875815487,0.8990858476842493,0.07870013703692166,0.020465685891247556,402440.7766040562,Nuclei,Texture,AGP
Nuclei_Texture_SumAverage_Mito_10_00_256,0.025168498815147832,0.8797899436426665,0.012411620085516818,0.08262993745666886,23394.96808428093,Nuclei,Texture,Mito
Image_Intensity_UpperQuartileIntensity_RNA,0.025208583252938857,0.8916130621994,0.013206147293945071,0.06997220725371607,21218.40416905015,Image,Intensity,RNA
Nuclei_Texture_AngularSecondMoment_AGP_10_00_256,0.001553573258442289,0.9263678350364244,0.054627688284774545,0.017450903420358602,487481.23819577834,Nuclei,Texture,AGP
Image_Texture_Contrast_RNA_3_02_256,0.008000004959614622,0.9107213293931398,0.017438576302374484,0.0638400893448711,199050.28123587646,Image,Texture,RNA
Nuclei_Correlation_RWC_RNA_DNA,0.007125410611832706,0.9135465669967486,0.019020428805518956,0.060307593585899696,71140.43881382697,Nuclei,Correlation,DNA
Nuclei_Correlation_Overlap_ER_Mito,0.040872964402542455,0.760875884567598,0.07851916236700872,0.11973198866285081,8510.273294658502,Nuclei,Correlation,ER
Cytoplasm_Texture_Variance_Mito_10_00_256,0.13014580059407124,0.3453349192821275,0.06024549859555958,0.4642737815282417,32896.06122718825,Cytoplasm,Texture,Mito
Nuclei_Texture_DifferenceEntropy_RNA_5_00_256,0.004667373048013975,0.9140380396278757,0.0361883634494699,0.045106223874640486,10905.237768477014,Nuclei,Texture,RNA
Nuclei_Intensity_UpperQuartileIntensity_ER,0.02363447040077043,0.8962469965580543,0.01001055296914631,0.07010798007202904,6236.583072059631,Nuclei,Intensity,ER
Cytoplasm_Texture_Variance_ER_5_02_256,0.07951477792508198,0.5294217973858928,0.06454345736502819,0.3265199673239971,16182.165683055799,Cytoplasm,Texture,ER
Cytoplasm_Granularity_9_ER,0.05030747987073749,0.7249220042150668,0.024009989799719127,0.20076052611447648,10667.430800320551,Cytoplasm,Granularity,ER
Cytoplasm_Texture_Correlation_Mito_5_02_256,0.13690299071397588,0.6197597399710175,0.031103038443301506,0.21223423087170512,11153.95213554357,Cytoplasm,Texture,Mito
Image_Intensity_MeanIntensity_Mito_BackgroundOnly,0.0013315579320189216,0.9600805759150239,0.003709977108839609,0.034877889044117594,80308.81976025009,Image,Intensity,Mito
Cytoplasm_RadialDistribution_FracAtD_mito_tubeness_18of20,0.021268154436234525,0.6840316578291307,0.0647021993573243,0.2299979883773106,21773.788870312685,Cytoplasm,RadialDistribution,
Cells_Texture_Entropy_RNA_5_01_256,0.007227097406357966,0.8889384820697037,0.03495404054828746,0.06888037997565086,14319.60771152459,Cells,Texture,RNA
Cytoplasm_Texture_InfoMeas2_ER_3_02_256,0.024992449197839387,0.8224653693916906,0.05554360986348377,0.0969985715469862,43326.36758788663,Cytoplasm,Texture,ER
Nuclei_Location_Center_Z,0.0,0.0,0.0,0.0,0.0,Nuclei,Location,
Cells_Texture_Correlation_DNA_10_00_256,0.012223298562086751,0.7965762659350718,0.1204186733696999,0.07078176213314147,65792.42653940819,Cells,Texture,DNA
Image_Texture_DifferenceEntropy_AGP_3_01_256,0.07801068240074574,0.7891544745509069,0.04057186736840033,0.09226297567994697,6664.265907613868,Image,Texture,AGP
Cytoplasm_Texture_Entropy_DNA_3_01_256,0.0071063879343462085,0.9508117688293548,0.01856347451634751,0.023518368719951534,3978.7832934573958,Cytoplasm,Texture,DNA
Cells_Texture_Entropy_DNA_5_02_256,0.0062547709255510045,0.9624481413285989,0.007128854160199168,0.024168233585650897,5735.789484963027,Cells,Texture,DNA
Cytoplasm_Correlation_K_Mito_DNA,0.010286649963966452,0.8383659210630277,0.04943086611980914,0.10191656285319688,21732.992452836646,Cytoplasm,Correlation,DNA
Image_Texture_SumVariance_Mito_3_03_256,0.007534227015381352,0.7412907610089167,0.037170476007801725,0.21400453596790026,35745.7889077049,Image,Texture,Mito
Nuclei_Intensity_LowerQuartileIntensity_RNA,0.01209799413657859,0.8973065921259539,0.010337487794174266,0.08025792594329344,9365.472619679254,Nuclei,Intensity,RNA
Cytoplasm_Texture_Correlation_RNA_10_01_256,0.07081444429696584,0.31219714304469565,0.034308445417927866,0.5826799672404107,24097.81943504441,Cytoplasm,Texture,RNA
Nuclei_Texture_DifferenceEntropy_DNA_3_00_256,0.011765565945988548,0.954314941489606,0.013790198778719577,0.020129293785685818,5009.267150989077,Nuclei,Texture,DNA
Cells_Texture_Entropy_AGP_3_02_256,0.007263754980885717,0.9085016007661201,0.04749837543488479,0.036736268818109444,21419.330103339365,Cells,Texture,AGP
Cytoplasm_Texture_Correlation_Mito_5_00_256,0.12595510097029858,0.6367470667827986,0.03215190641657198,0.20514592583033087,10673.109106127908,Cytoplasm,Texture,Mito
Cells_Texture_Correlation_ER_10_02_256,0.07740719246522058,0.47151212468755,0.14185252896171122,0.30922815388551816,17896.648292029717,Cells,Texture,ER
Image_Texture_InverseDifferenceMoment_ER_10_02_256,0.106958804045202,0.779600223664961,0.011937563260394924,0.10150340902944203,12514.896600358305,Image,Texture,ER
Cells_Texture_SumVariance_ER_10_03_256,0.06721323909907224,0.5794226651988301,0.0161346004041658,0.3372294952979319,30580.20565966989,Cells,Texture,ER
Nuclei_Texture_Entropy_RNA_3_01_256,0.003433798620057,0.9174917781464943,0.03407341880449675,0.045001004428951885,13232.234345223998,Nuclei,Texture,RNA
Cytoplasm_Granularity_10_DNA,0.053840709428806706,0.7409722748402301,0.019220602029931488,0.1859664137010317,8139.032099736359,Cytoplasm,Granularity,DNA
Nuclei_Texture_InfoMeas1_ER_3_01_256,0.06960204628005731,0.7536847167172273,0.0151152102330695,0.16159802676964588,7427.809098666298,Nuclei,Texture,ER
Cytoplasm_Intensity_MedianIntensity_ER,0.0026010955835362214,0.9694338386337595,0.009457581905492797,0.0185074838772115,21349.383315207255,Cytoplasm,Intensity,ER
Cytoplasm_Texture_SumAverage_AGP_3_02_256,0.0022508113516042177,0.9633081923135546,0.022573682448919975,0.011867313885921403,8755.188744575438,Cytoplasm,Texture,AGP
Image_Texture_Contrast_RNA_10_02_256,0.008171638707431915,0.9017300039455899,0.023602157337409498,0.06649620000956881,97379.62090982046,Image,Texture,RNA
Nuclei_Texture_SumAverage_ER_10_01_256,0.012044255281321888,0.9343265097072286,0.009055353137446532,0.04457388187400285,6175.578002590878,Nuclei,Texture,ER
Nuclei_Location_MaxIntensity_Z_ER,0.0,0.0,0.0,0.0,0.0,Nuclei,Location,ER
Image_Texture_InverseDifferenceMoment_Mito_3_01_256,0.04564776344752126,0.8675636469135365,0.01644627170789165,0.07034231793105071,6740.747310927086,Image,Texture,Mito
Cytoplasm_Texture_Correlation_AGP_10_01_256,0.060920480287447114,0.3817050295341366,0.040350177078460746,0.5170243130999554,34799.02034609704,Cytoplasm,Texture,AGP
Cells_Texture_SumEntropy_RNA_10_01_256,0.00897567884669512,0.8739635573418107,0.04390402825979632,0.07315673555169785,14524.40314562108,Cells,Texture,RNA
Cytoplasm_AreaShape_Zernike_2_2,0.26058367947166655,0.22511916916205377,0.01225577820793974,0.5020413731583399,37061.83780854997,Cytoplasm,AreaShape,
Cytoplasm_Texture_DifferenceEntropy_RNA_5_00_256,0.013763823512540142,0.888435751068612,0.02223706147949811,0.07556336393934986,10300.652590188825,Cytoplasm,Texture,RNA
Cells_Texture_InfoMeas2_ER_3_00_256,0.04750002348726572,0.65088074165835,0.09359965101005643,0.20801958384432787,66243.17798401113,Cells,Texture,ER
Cytoplasm_Granularity_3_RNA,0.17907844093112388,0.43850956598574126,0.015997708404523078,0.36641428467861176,46042.2596026311,Cytoplasm,Granularity,RNA
Image_Texture_Contrast_Mito_10_03_256,0.009118769950990133,0.7800384266369147,0.051838737330919975,0.15900406608117515,33075.15242517784,Image,Texture,Mito
Nuclei_Texture_SumAverage_ER_10_00_256,0.013987648338270896,0.9264687342944766,0.009541196446406323,0.050002420920846204,6133.965524723047,Nuclei,Texture,ER
Nuclei_Texture_Variance_Mito_10_03_256,0.18534374682740165,0.2640851839200925,0.06760432532323024,0.48296674392927563,61843.72498452052,Nuclei,Texture,Mito
Cells_Correlation_Manders_DNA_Mito,0.27201864361386663,0.28768952138855597,0.024237852583925565,0.4160539824136519,33461.95019073382,Cells,Correlation,DNA
Image_ImageQuality_PercentMaximal_OrigRNA,0.007713910148942486,0.7495148586819214,0.0414371042241454,0.2013341269449908,987992.8078074474,Image,ImageQuality,
Nuclei_RadialDistribution_MeanFrac_RNA_1of4,0.061442925909900296,0.48689242238839076,0.1052171723224269,0.34644747937928194,11143.18787345714,Nuclei,RadialDistribution,RNA
Image_Granularity_9_ER,0.1553839387821499,0.5066636669144469,0.04728689133181954,0.29066550297158367,10759.284044675813,Image,Granularity,ER
Nuclei_Texture_Contrast_RNA_10_00_256,0.032970546220689914,0.7670186764798993,0.030607314592277116,0.16940346270713366,102541.72162679798,Nuclei,Texture,RNA
Nuclei_Texture_Entropy_DNA_10_03_256,0.0006771460251565689,0.9870623336387366,0.005702546899755879,0.0065579734363508954,6755.48323913034,Nuclei,Texture,DNA
Nuclei_Texture_InfoMeas1_RNA_3_03_256,0.03839787502176167,0.8294049361047122,0.025782306203641768,0.10641488266988437,14424.83744342787,Nuclei,Texture,RNA
Cytoplasm_Texture_SumAverage_DNA_3_01_256,0.0010286001835396578,0.9778344372167104,0.010745670819256046,0.010391291780493998,54775.758976701836,Cytoplasm,Texture,DNA
Cytoplasm_AreaShape_Zernike_3_1,0.07741432619711207,0.5582561540417034,0.025149355318946975,0.3391801644422375,11177.477472294704,Cytoplasm,AreaShape,
Image_ImageQuality_TotalArea_OrigAGP,0.0002444814099158543,0.9995112158005643,1.6365976335426334e-07,0.00024413912975640862,1938274.7877996452,Image,ImageQuality,
Nuclei_Texture_AngularSecondMoment_RNA_3_03_256,0.01369233767958849,0.8276601529252884,0.026106782372307177,0.13254072702281608,331472.9300665342,Nuclei,Texture,RNA
Nuclei_Texture_AngularSecondMoment_ER_10_00_256,0.01703984912973468,0.6656403629621735,0.12439344918349082,0.1929263387246009,163939.4386043935,Nuclei,Texture,ER
Cytoplasm_Texture_Entropy_ER_10_02_256,0.009843139301911608,0.8920577551661523,0.04759910708342438,0.05049999844851155,10130.671437441742,Cytoplasm,Texture,ER
Nuclei_Texture_SumVariance_RNA_3_02_256,0.04883174077676652,0.6671447622014645,0.025375819788042698,0.2586476772337262,71770.01759410833,Nuclei,Texture,RNA
Cytoplasm_Texture_SumVariance_Mito_10_00_256,0.10930108484666771,0.3988787005474341,0.056443743836989184,0.435376470768909,29609.410136237777,Cytoplasm,Texture,Mito
Image_ImageQuality_LocalFocusScore_OrigDNA_20,0.0066133250428367825,0.806969262910025,0.054188087856411146,0.13222932419072703,656546.2352447412,Image,ImageQuality,
Image_Texture_SumEntropy_AGP_10_03_256,0.10637159069370178,0.7607869812964266,0.020180913558379258,0.1126605144514925,6664.860741454171,Image,Texture,AGP
Nuclei_Texture_AngularSecondMoment_DNA_5_02_256,0.0006638908134908755,0.9712506686890774,0.007755290790528244,0.02033014970690326,535387.2355293205,Nuclei,Texture,DNA
Image_Texture_DifferenceVariance_AGP_3_02_256,0.013836478515292365,0.7713612012600091,0.15587606605845267,0.0589262541662459,234867.88034315605,Image,Texture,AGP
Nuclei_Texture_SumVariance_DNA_10_02_256,0.030644583155375573,0.8150577603406014,0.04253839422053999,0.11175926228348305,377626.72941523424,Nuclei,Texture,DNA
Image_Texture_SumAverage_Mito_3_02_256,0.0028611304736961647,0.9681461578820114,0.0026569123987379957,0.026335799245554507,52771.20344730296,Image,Texture,Mito
Nuclei_Texture_AngularSecondMoment_DNA_3_00_256,0.0006508557645650221,0.9660179543386245,0.013984128388079286,0.019347061508731226,485596.81018424925,Nuclei,Texture,DNA
Image_ImageQuality_ThresholdOtsu_OrigRNA_3FW,0.0015743326390638328,0.9437163880831737,0.017756434293565455,0.03695284498419698,21544.780551450025,Image,ImageQuality,
Nuclei_Intensity_MaxIntensityEdge_RNA,0.014854808680857793,0.9057822108802032,0.004222747080708348,0.07514023335823072,12416.647832853276,Nuclei,Intensity,RNA
Cells_Texture_Variance_RNA_5_02_256,0.04629319754284228,0.6777581686187993,0.012342320311129798,0.26360631352722874,65737.3647746577,Cells,Texture,RNA
Cells_Intensity_UpperQuartileIntensity_RNA,0.014447693398286368,0.8899356498834607,0.011167586142096158,0.0844490705761568,9652.497343803483,Cells,Intensity,RNA
Cells_Texture_Variance_DNA_3_02_256,0.012810715929611563,0.8699641828465258,0.058914002833581454,0.05831109839028135,434325.64613764174,Cells,Texture,DNA
Image_Granularity_3_Mito,0.030577292718768526,0.8016142613130783,0.06692713263883965,0.10088131332931341,10390.410342288433,Image,Granularity,Mito
Cells_AreaShape_EulerNumber,0.03735429083902908,0.44481282018762447,0.017453139363226445,0.50037974961012,32198.129325541875,Cells,AreaShape,
Image_Texture_Variance_AGP_5_01_256,0.015743186576570558,0.80473668139997,0.07322672239116752,0.10629340963229196,8430.050097782907,Image,Texture,AGP
Image_Texture_Correlation_DNA_5_03_256,0.041639339389775286,0.823639362849034,0.03652643752565753,0.09819486023553306,18556.20506476111,Image,Texture,DNA
Image_Texture_AngularSecondMoment_ER_5_01_256,0.3677227435903491,0.3100660762114095,0.017635446870725754,0.30457573332751553,30774.392048364505,Image,Texture,ER
Cells_Texture_SumVariance_DNA_10_02_256,0.008981759570816573,0.8930175417116701,0.05333234157071281,0.04466835714680061,399321.54382017185,Cells,Texture,DNA
Image_Texture_SumEntropy_AGP_10_01_256,0.10625281247130643,0.7610628157679538,0.020023127027465375,0.11266124473327438,6676.320020585522,Image,Texture,AGP
Nuclei_Texture_InfoMeas1_ER_10_00_256,0.1335121148487479,0.5911594691203537,0.021384155602919196,0.25394426042797924,15082.210529399406,Nuclei,Texture,ER
Image_Texture_SumVariance_Mito_5_03_256,0.007586568468669766,0.7366808165078919,0.036303861350139806,0.21942875367329864,36519.363593388334,Image,Texture,Mito
Nuclei_AreaShape_Eccentricity,0.16109150151051743,0.3815091748879248,0.026485247079605197,0.4309140765219526,15899.25704867844,Nuclei,AreaShape,
Nuclei_Texture_Contrast_ER_10_02_256,0.08501306791028751,0.5590195522858368,0.013718463727124744,0.34224891607675084,65857.74960270603,Nuclei,Texture,ER
Nuclei_Location_MaxIntensity_Z_Mito,0.0,0.0,0.0,0.0,0.0,Nuclei,Location,Mito
Cytoplasm_Texture_SumAverage_Mito_5_00_256,0.004150091306280722,0.953378851775647,0.0077818970034190076,0.0346891599146532,35458.01424359334,Cytoplasm,Texture,Mito
Image_Intensity_MinIntensity_ER__BackgroundOnly,0.0017240693736175804,0.9635621660848698,0.007618574603107704,0.027095189938404977,21971.15059979187,Image,Intensity,ER
Cells_Granularity_15_Mito,0.22290411789813216,0.3457877756005562,0.025255456121364653,0.406052650379947,16055.874769469308,Cells,Granularity,Mito
Nuclei_Texture_DifferenceVariance_DNA_3_02_256,0.0007126769711984099,0.9481575439213389,0.03071511416992569,0.020414664937536974,226788.8037859324,Nuclei,Texture,DNA
Cells_Texture_AngularSecondMoment_RNA_10_01_256,0.030920803876217068,0.7268804893426976,0.047939743039708445,0.1942589637413768,315190.8978395519,Cells,Texture,RNA
Image_Texture_DifferenceVariance_DNA_5_02_256,0.0021627995560341506,0.9649438466253051,0.018216792715715358,0.0146765611029453,119703.17287050265,Image,Texture,DNA
Nuclei_RadialDistribution_MeanFrac_ER_2of4,0.03404291391062414,0.687807782948779,0.0824100810431227,0.19573922209747419,13764.62121625299,Nuclei,RadialDistribution,ER
Image_Texture_Contrast_RNA_5_01_256,0.00797693298409435,0.9051664384709012,0.02164761351748954,0.06520901502751503,118356.63774494224,Image,Texture,RNA
Nuclei_Location_CenterMassIntensity_Y_AGP,0.05849818848197303,0.3144967713239585,0.04538157533264152,0.581623464861427,20039.076699903973,Nuclei,Location,AGP
Image_Texture_InfoMeas2_RNA_3_01_256,0.43275205134287265,0.18402492028687917,0.03780741959280408,0.34541560877744415,179089.46631593077,Image,Texture,RNA
Cells_Neighbors_FirstClosestDistance_5,0.2846192351937534,0.25355793409929067,0.016584908619791106,0.44523792208716473,138782.95135727513,Cells,Neighbors,
Cells_Texture_SumVariance_RNA_10_02_256,0.04494004714385443,0.6766123259691658,0.013019354782659455,0.2654282721043202,62802.78955281045,Cells,Texture,RNA
Cells_RadialDistribution_FracAtD_mito_tubeness_2of16,0.2962602976036882,0.12395267582900428,0.030300931876678806,0.5494860946906287,49338.95420763586,Cells,RadialDistribution,
Cytoplasm_Texture_InfoMeas1_DNA_5_01_256,0.00565807363662914,0.9493452447902787,0.009420092531292404,0.03557658904179959,3799.126969303461,Cytoplasm,Texture,DNA
Nuclei_AreaShape_Zernike_8_6,0.05959984205577074,0.376549044728534,0.01634021009856342,0.5475109031171318,15302.122467269439,Nuclei,AreaShape,
Nuclei_Texture_AngularSecondMoment_AGP_3_00_256,0.001761922423058482,0.8633658969025302,0.11139633877100923,0.02347584190340215,319723.18548716075,Nuclei,Texture,AGP
Cytoplasm_Texture_InfoMeas2_ER_3_01_256,0.01851672968191006,0.8465893428593402,0.05770901243012344,0.07718491502862632,31476.036757759524,Cytoplasm,Texture,ER
Nuclei_Texture_AngularSecondMoment_AGP_3_03_256,0.0017749009809002586,0.8916112502009567,0.08539744978809882,0.021216399030044145,381942.0789056831,Nuclei,Texture,AGP
Image_Texture_AngularSecondMoment_ER_10_03_256,0.38474414024589654,0.2834927908629363,0.016179042699482175,0.3155840261916851,38559.28133558681,Image,Texture,ER
Nuclei_Granularity_14_AGP,0.13270911138633112,0.5005024316257869,0.009804591674429756,0.3569838653134523,13584.375831559702,Nuclei,Granularity,AGP
Cells_Correlation_Overlap_AGP_RNA,0.013902309847938304,0.9235874697673401,0.017142756164681756,0.045367464220039774,7579.411626581541,Cells,Correlation,AGP
Image_Texture_SumVariance_ER_3_00_256,0.009760289784756081,0.85237080340851,0.05444127034266522,0.0834276364640689,19117.79058744992,Image,Texture,ER
Cells_Texture_InverseDifferenceMoment_DNA_5_02_256,0.011875666531353761,0.8614258984921849,0.06109759407168301,0.06560084090477827,6230.2993563614455,Cells,Texture,DNA
Image_Intensity_MeanIntensity_Mito,0.0028855882918263523,0.9681607118013246,0.002725822702873092,0.02622787720397589,53437.9717282222,Image,Intensity,Mito
Cells_Correlation_Manders_DNA_RNA,0.011818336737175776,0.9214607000711695,0.004696520186449128,0.06202444300520556,713609.5881204382,Cells,Correlation,DNA
Cells_Texture_Entropy_DNA_3_03_256,0.006309124021791199,0.9620411988767689,0.007272991732269522,0.024376685369170408,5839.094806824025,Cells,Texture,DNA
Cells_Granularity_15_RNA,0.14599323350127502,0.5528485532424103,0.027301985063311635,0.27385622819300304,13034.957175565687,Cells,Granularity,RNA
Cytoplasm_Texture_Contrast_ER_5_00_256,0.13242165346729723,0.35130141946093574,0.04471716153407765,0.4715597655376893,34122.42403780916,Cytoplasm,Texture,ER
Cytoplasm_Texture_AngularSecondMoment_Mito_10_02_256,0.022997578663835044,0.5842313483003543,0.15365986370486792,0.23911120933094276,34755.98838841976,Cytoplasm,Texture,Mito
Image_Texture_Correlation_Mito_3_00_256,0.018325398873136348,0.8512503457266599,0.03556174869915313,0.09486250670105063,17351.840358501508,Image,Texture,Mito
Image_Texture_DifferenceVariance_DNA_10_01_256,0.0028361657918597604,0.9557031795863784,0.02535870299092431,0.01610195163083754,133856.66691040713,Image,Texture,DNA
Nuclei_Texture_DifferenceEntropy_ER_10_00_256,0.007961441424737953,0.8867802921956361,0.038048465422501045,0.06720980095712471,12528.310815998615,Nuclei,Texture,ER
Nuclei_Texture_InfoMeas1_ER_3_03_256,0.07131036656816551,0.7485845099330231,0.015570654607317071,0.16453446889149437,7311.116095901069,Nuclei,Texture,ER
Cytoplasm_Texture_InfoMeas1_Mito_10_03_256,0.09425830407164777,0.6729179569172892,0.029530006191846047,0.20329373281921712,8296.121507335236,Cytoplasm,Texture,Mito
Image_Intensity_MedianIntensity_ER__BackgroundOnly,0.0011561739513426237,0.9718218716415524,0.0018344164401780452,0.025187537966926826,45475.82269710114,Image,Intensity,ER
Cytoplasm_Intensity_MADIntensity_DNA,0.004045386637461291,0.9247548953888507,0.02590799668087584,0.04529172129281213,158896.98648419738,Cytoplasm,Intensity,DNA
Cells_Correlation_Correlation_DNA_RNA,0.05273845773388136,0.5435422259511308,0.1285675320629274,0.27515178425206044,13336.036817714983,Cells,Correlation,DNA
Image_Intensity_MADIntensity_ER__BackgroundOnly,0.006660379745617351,0.7348544544842021,0.01690170208995056,0.24158346368022993,165721.19513596455,Image,Intensity,ER
Nuclei_Texture_DifferenceEntropy_Mito_10_03_256,0.04276619236337416,0.7816513368081843,0.04860579625526642,0.1269766745731751,7307.232571200089,Nuclei,Texture,Mito
Image_Texture_SumAverage_RNA_5_01_256,0.013972561995629554,0.9257524936555263,0.012955796555160364,0.04731914779368384,24697.72566973125,Image,Texture,RNA
Cells_RadialDistribution_RadialCV_DNA_3of4,0.01571619048421807,0.8995199626414367,0.039139953009036534,0.045623893865308705,9147.241789288688,Cells,RadialDistribution,DNA
Cytoplasm_RadialDistribution_RadialCV_mito_tubeness_9of20,0.019988284125770042,0.4135388775790934,0.05672859886270646,0.5097442394324301,996496.8939464602,Cytoplasm,RadialDistribution,
Image_Texture_SumVariance_Mito_5_01_256,0.00759193328919154,0.7366720315509219,0.036223707057871285,0.21951232810201535,36375.76358900485,Image,Texture,Mito
Nuclei_Texture_SumVariance_ER_3_01_256,0.07357075615519237,0.583820761534954,0.013785968204341208,0.3288225141055124,63646.69673755125,Nuclei,Texture,ER
Image_Texture_SumVariance_DNA_5_00_256,0.0005320009714587587,0.9819227950409878,0.010289506887801683,0.007255697099751882,763115.4561121168,Image,Texture,DNA
Image_Texture_InverseDifferenceMoment_DNA_10_03_256,0.027106626733086076,0.9248203859829303,0.002439817469931925,0.04563316981405178,12972.307539152835,Image,Texture,DNA
Image_Texture_InverseDifferenceMoment_AGP_3_03_256,0.07086027621856981,0.7981120566091858,0.040446366025465176,0.0905813011467792,4933.233698218688,Image,Texture,AGP
Cells_Texture_AngularSecondMoment_Mito_5_01_256,0.022455139390134382,0.55654548967476,0.14236365178015203,0.2786357191549535,36750.37862263873,Cells,Texture,Mito
Image_Granularity_14_AGP,0.0769211674919856,0.3044803864980256,0.019196596706404678,0.5994018493035841,14743.877439507869,Image,Granularity,AGP
Nuclei_Granularity_1_ER,0.015754994988981925,0.8829369801587,0.024783733981920332,0.07652429087039771,7542.843062342957,Nuclei,Granularity,ER
Image_Texture_InfoMeas2_RNA_10_02_256,0.4132006112203727,0.18018499064320806,0.03380439390208482,0.37281000423433436,77796.75354266276,Image,Texture,RNA
Cells_Texture_Correlation_AGP_3_02_256,0.0136859605581851,0.8878927531878817,0.025304512491859027,0.07311677376207426,8066.527183261176,Cells,Texture,AGP
Cells_Correlation_Manders_DNA_AGP,0.07957215879742,0.6830778814647845,0.023368128930440758,0.21398183080735472,198138.29897978078,Cells,Correlation,AGP
Cells_Texture_InverseDifferenceMoment_AGP_5_00_256,0.006810527671666482,0.879993230101183,0.064887940984172,0.048308301242978455,13060.634317966878,Cells,Texture,AGP
Image_Texture_InfoMeas1_AGP_3_03_256,0.06669403421169746,0.7237795612435262,0.04450619683950887,0.16502020770526754,11375.527390251864,Image,Texture,AGP
Nuclei_Texture_Entropy_RNA_10_01_256,0.009591652423610137,0.9095004479291569,0.034006785366929214,0.04690111428030383,13450.577938035256,Nuclei,Texture,RNA
Cytoplasm_Texture_Entropy_AGP_3_01_256,0.00817426221579461,0.9028058173679007,0.053686483492847534,0.03533343692345715,17699.956606106185,Cytoplasm,Texture,AGP
Cells_RadialDistribution_RadialCV_mito_tubeness_3of16,0.09689128321921806,0.5526830447307844,0.04256796393212819,0.3078577081178693,25206.883061656,Cells,RadialDistribution,
Image_Texture_SumVariance_Mito_10_02_256,0.0075682288141610135,0.7297113455082539,0.036853509087305315,0.22586691659027983,36882.9799909135,Image,Texture,Mito
Image_Granularity_12_ER,0.0584021154447955,0.5794271059304853,0.03621415962536417,0.32595661899935496,18128.015021333376,Image,Granularity,ER
Image_Texture_Correlation_Mito_10_03_256,0.045166960222293565,0.8054497994746663,0.0162144495829572,0.13316879072008292,8901.562359103464,Image,Texture,Mito
Cytoplasm_Texture_InverseDifferenceMoment_ER_3_01_256,0.01936027727964828,0.8513732622460256,0.05382804975868829,0.07543841071563784,8184.148951275089,Cytoplasm,Texture,ER
Image_Texture_Entropy_Mito_10_03_256,0.06614762731347751,0.8419042247312487,0.018499944421076147,0.07344820353419775,5815.812981238796,Image,Texture,Mito
Nuclei_RadialDistribution_FracAtD_RNA_2of4,0.11679514665179803,0.32929583126470274,0.11588945639356901,0.43801956568993033,24484.285981625548,Nuclei,RadialDistribution,RNA
Cytoplasm_Texture_SumVariance_Mito_3_00_256,0.11486785968809018,0.3897907055007273,0.05780774164018368,0.4375336931709987,30946.30216103555,Cytoplasm,Texture,Mito
Image_Texture_InverseDifferenceMoment_RNA_3_00_256,0.06949058380769135,0.8326673482674649,0.01046240959603003,0.08737965832881367,7008.131497710467,Image,Texture,RNA
Nuclei_RadialDistribution_MeanFrac_RNA_2of4,0.06129158907968653,0.5165488378353268,0.11366177229898251,0.30849780078600425,11642.1881888846,Nuclei,RadialDistribution,RNA
Nuclei_Texture_Contrast_ER_3_02_256,0.10812547857744054,0.4851018549897538,0.01525673151899568,0.39151593491381004,55783.84427842275,Nuclei,Texture,ER
Cytoplasm_Correlation_Overlap_ER_RNA,0.012695193401278452,0.8427441037411194,0.021027173658364977,0.12353352919923717,12912.46713512372,Cytoplasm,Correlation,ER
Image_Texture_DifferenceEntropy_AGP_10_03_256,0.0771378221282111,0.8021209691127953,0.029639039231972367,0.09110216952702124,7376.287156592755,Image,Texture,AGP
Cells_RadialDistribution_FracAtD_ER_4of4,0.04519804255640968,0.6239807224567998,0.030477591875292375,0.300343643111498,12288.071773904492,Cells,RadialDistribution,ER
Nuclei_Texture_InfoMeas1_RNA_3_01_256,0.037808976032579,0.832651243315779,0.024836708750698887,0.10470307190094305,13747.3866497594,Nuclei,Texture,RNA
Nuclei_Texture_Correlation_DNA_3_02_256,0.00526235007601627,0.7778024548054944,0.13495969297909413,0.08197550213939522,12858.891690768502,Nuclei,Texture,DNA
Image_Texture_SumEntropy_RNA_5_02_256,0.1530542704474585,0.707087671879027,0.01348945892914943,0.1263685987443651,6383.082941436853,Image,Texture,RNA
Cytoplasm_Intensity_MeanIntensityEdge_RNA,0.004174527319721095,0.9571901182731422,0.007928177579961008,0.030707176827175792,15012.164151593668,Cytoplasm,Intensity,RNA
Cytoplasm_Correlation_RWC_DNA_ER,0.003002353710650754,0.9425501331663249,0.018564394226730504,0.03588311889629388,27439.174815442984,Cytoplasm,Correlation,DNA
Cytoplasm_Texture_SumAverage_DNA_5_03_256,0.0010566394755050163,0.9768910043897312,0.011491760485452399,0.010560595649311375,60437.762601907714,Cytoplasm,Texture,DNA
Cells_Texture_Contrast_Mito_10_03_256,0.17880069354954645,0.2676278614361362,0.04606041758126806,0.5075110274330493,49829.462157890055,Cells,Texture,Mito
Cytoplasm_Texture_InverseDifferenceMoment_ER_5_02_256,0.01802442991270744,0.8567583080423973,0.052426317744401686,0.07279094430049361,8731.953955572215,Cytoplasm,Texture,ER
Cells_RadialDistribution_RadialCV_DNA_4of4,0.014019057314764266,0.9162118814805961,0.029787427152698834,0.039981634051940836,30178.604639958005,Cells,RadialDistribution,DNA
Nuclei_Correlation_K_ER_Mito,0.015790346852461546,0.8980463280813809,0.02931642101476845,0.056846904051389084,49602.83703301115,Nuclei,Correlation,ER
Image_Texture_Entropy_AGP_3_02_256,0.08648880873998697,0.7889101372713645,0.027559850599663427,0.09704120338898507,5026.248716783055,Image,Texture,AGP
Nuclei_Texture_DifferenceEntropy_AGP_10_01_256,0.005501787142266977,0.9292460517461579,0.034297130419123495,0.030955030692451563,25181.841829423596,Nuclei,Texture,AGP
Image_Texture_SumVariance_DNA_5_02_256,0.0005365673768109846,0.9816820896587756,0.010528393136733726,0.007252949827679845,761815.5086121499,Image,Texture,DNA
Cells_Texture_Variance_RNA_5_00_256,0.046247338267888634,0.6779736373176782,0.012377325344494445,0.2634016990699387,65795.95570877439,Cells,Texture,RNA
Cytoplasm_Granularity_8_ER,0.09529597957330835,0.615150584103612,0.025582333767155283,0.2639711025559245,15105.2491648629,Cytoplasm,Granularity,ER
Nuclei_Location_CenterMassIntensity_Z_AGP,0.0,0.0,0.0,0.0,0.0,Nuclei,Location,AGP
Cells_Texture_SumAverage_AGP_5_00_256,0.0031045675358472836,0.9627014387689895,0.019262541221027503,0.014931452474135696,6918.874496554594,Cells,Texture,AGP
Cytoplasm_Intensity_MassDisplacement_RNA,0.0659992345308575,0.48340107397803206,0.05604347345333919,0.39455621803777124,15531.747669698234,Cytoplasm,Intensity,RNA
Cytoplasm_RadialDistribution_MeanFrac_mito_tubeness_3of16,0.02305517709224673,0.22504198446696705,0.005132596821664223,0.746770241619122,223724.2048316389,Cytoplasm,RadialDistribution,
Nuclei_Granularity_6_AGP,0.35261776094175956,0.2746644078569616,0.014230918264564907,0.358486912936714,103766.2482013247,Nuclei,Granularity,AGP
Cells_RadialDistribution_FracAtD_mito_tubeness_10of20,0.08249783633811325,0.5261155854829407,0.08767642382172783,0.3037101543572181,13739.348311547357,Cells,RadialDistribution,
Cytoplasm_Correlation_Manders_RNA_Mito,0.11966782681549984,0.6130019487053436,0.05815838606051243,0.20917183841864412,20466.05946512706,Cytoplasm,Correlation,Mito
Cells_Texture_Correlation_RNA_10_02_256,0.07056365065007425,0.49158857883773116,0.15693951530892467,0.2809082552032699,23747.469070299976,Cells,Texture,RNA
Cytoplasm_RadialDistribution_RadialCV_mito_tubeness_12of16,0.025258166953302384,0.7435969456798363,0.05942505080324743,0.17171983656361398,9553.969169976699,Cytoplasm,RadialDistribution,
Nuclei_Texture_SumAverage_Mito_5_01_256,0.030893989802817868,0.8627611398568105,0.013074820509162829,0.09327004983120879,22773.907419441137,Nuclei,Texture,Mito
Image_Texture_SumVariance_ER_3_03_256,0.009828526121433532,0.8517468460326927,0.054012589342680585,0.08441203850319323,19069.380011916706,Image,Texture,ER
Cytoplasm_RadialDistribution_MeanFrac_mito_tubeness_8of16,0.03690916662430894,0.6288858556604647,0.07838023068743166,0.2558247470277946,576554.0836399581,Cytoplasm,RadialDistribution,
Cells_Texture_AngularSecondMoment_AGP_10_01_256,0.004380576921390764,0.9198331287372962,0.0426892675568819,0.03309702678443098,661030.1875950152,Cells,Texture,AGP
Cytoplasm_Texture_SumVariance_AGP_3_00_256,0.09546654628821,0.43633906299551933,0.01320742304716209,0.4549869676691085,37039.16279726648,Cytoplasm,Texture,AGP
Nuclei_Granularity_8_DNA,0.07256931431792021,0.7881992950253752,0.01378800756848472,0.12544338308821987,9394.494792141733,Nuclei,Granularity,DNA
Cytoplasm_Texture_InverseDifferenceMoment_Mito_3_00_256,0.02880319925132678,0.7787144976836311,0.07067325184626069,0.12180905121878147,8048.958009922955,Cytoplasm,Texture,Mito
Nuclei_Correlation_K_RNA_ER,0.005346255544447551,0.9483835764231584,0.024311501999205832,0.021958666033188315,15251.603143335717,Nuclei,Correlation,ER
Cells_Texture_DifferenceEntropy_RNA_5_01_256,0.010303751291249587,0.8806876857598619,0.029275698128047263,0.07973286482084133,12759.716001649336,Cells,Texture,RNA
Nuclei_Texture_Entropy_DNA_5_01_256,0.003167619471008956,0.9818964461529445,0.0067990106282945035,0.008136923747751962,6178.181425085097,Nuclei,Texture,DNA
Nuclei_Texture_SumVariance_DNA_10_03_256,0.019197413981725153,0.8554099017910192,0.045444129226784286,0.07994855500047145,371981.5207011934,Nuclei,Texture,DNA
Cytoplasm_Texture_SumAverage_RNA_5_03_256,0.0059703681142756655,0.9416828355993044,0.007672460290995749,0.04467433599542415,13024.151859555599,Cytoplasm,Texture,RNA
Image_Texture_InfoMeas2_Mito_5_00_256,0.22873202443327573,0.4731876434879195,0.07551079504156934,0.22256953703723545,58061.9874229963,Image,Texture,Mito
Nuclei_Granularity_3_DNA,0.280939346020777,0.3458946378455462,0.006767268536478923,0.3663987475971978,34279.00692820885,Nuclei,Granularity,DNA
Cytoplasm_Texture_InfoMeas1_Mito_5_01_256,0.06602235728163616,0.6237814834570569,0.0488192454957815,0.26137691376552546,8075.956676407243,Cytoplasm,Texture,Mito
Image_Intensity_StdIntensity_RNA,0.013670674342090188,0.9250674576790269,0.01598915256806336,0.04527271541081957,9611.845753345408,Image,Intensity,RNA
Nuclei_RadialDistribution_MeanFrac_AGP_2of4,0.05949998409928918,0.7705107240356573,0.017215758021851577,0.15277353384320191,60824.411852315345,Nuclei,RadialDistribution,AGP
Cells_Texture_InverseDifferenceMoment_AGP_5_03_256,0.0063316493257265195,0.8897170662365699,0.05891488040830644,0.04503640402939719,18248.017495505774,Cells,Texture,AGP
Cells_Texture_SumAverage_RNA_5_03_256,0.009278538229827963,0.9229068281188111,0.011364990403812888,0.05644964324754808,10481.892695116765,Cells,Texture,RNA
Cells_Texture_InverseDifferenceMoment_Mito_3_02_256,0.03956369235028646,0.7659104303476159,0.062226900012588855,0.13229897728950887,7686.523318112399,Cells,Texture,Mito
Nuclei_Texture_DifferenceEntropy_RNA_10_01_256,0.0055308814667005945,0.9111655835314639,0.03686366830805393,0.04643986669378164,11050.617518173005,Nuclei,Texture,RNA
Cytoplasm_Texture_InverseDifferenceMoment_DNA_5_03_256,0.0017204169681748907,0.8677470461299799,0.09230618895453019,0.03822634794731506,11817.781231763362,Cytoplasm,Texture,DNA
Nuclei_Texture_SumEntropy_Mito_10_02_256,0.037087709392676305,0.799385324674772,0.05062170082827266,0.11290526510427913,6718.771210924857,Nuclei,Texture,Mito
Nuclei_Texture_SumVariance_ER_5_01_256,0.07280119868799537,0.5823553703088393,0.01438488328011438,0.3304585477230509,61591.81301334564,Nuclei,Texture,ER
Cells_Texture_Entropy_ER_3_01_256,0.009532879145777225,0.8764238807453271,0.048252048774157286,0.0657911913347385,9370.104236283174,Cells,Texture,ER
Cytoplasm_AreaShape_Zernike_1_1,0.14340671528399868,0.39303691155527154,0.009797895794587943,0.45375847736614183,39968.35285821407,Cytoplasm,AreaShape,
Image_Texture_Correlation_ER_10_01_256,0.1610548148256066,0.5163714908511488,0.0282931747150542,0.2942805196081904,11624.437114919067,Image,Texture,ER
Nuclei_AreaShape_Orientation,0.030668678612404885,0.11596172555791104,0.0029038350645366846,0.8504657607651473,427456.55646340596,Nuclei,AreaShape,
Nuclei_Intensity_IntegratedIntensity_RNA,0.01076623957254464,0.9257476918500751,0.02226338367304393,0.04122268490433637,6948.061620173229,Nuclei,Intensity,RNA
Cells_Granularity_7_ER,0.15235620888304002,0.4859571038157462,0.039671433714330046,0.3220152535868837,9991.417024129882,Cells,Granularity,ER
Cells_Correlation_Manders_ER_RNA,0.03259359327531542,0.7654767595085727,0.03790438348723592,0.1640252637288761,94584.5605971196,Cells,Correlation,ER
Cells_Correlation_Correlation_AGP_Mito,0.07023132049518797,0.6390007901963055,0.14927785431951385,0.14149003498899257,11994.954199892796,Cells,Correlation,AGP
Image_Texture_SumEntropy_AGP_5_03_256,0.10597287359390363,0.7621779208146308,0.019872423238441222,0.11197678235302443,6484.97441255854,Image,Texture,AGP
Image_Texture_Correlation_Mito_5_02_256,0.020479029613069685,0.857699276047541,0.026215028561805576,0.09560666577758369,12324.011695024521,Image,Texture,Mito
Image_ImageQuality_LocalFocusScore_OrigER_50,0.4008596233755229,0.1325300916996797,0.009401326132422158,0.4572089587923753,447519.33202719165,Image,ImageQuality,
Image_Granularity_6_RNA,0.16152277583367994,0.20823900198316764,0.09248869172100771,0.5377495304621447,27998.937594965664,Image,Granularity,RNA
Image_Granularity_11_RNA,0.0800498063123177,0.4733243314539765,0.03205225596157291,0.41457360627213297,12372.830001651691,Image,Granularity,RNA
Cytoplasm_Texture_SumAverage_ER_5_00_256,0.0037381477476222083,0.9638386807731371,0.012586672423784515,0.019836499055456258,13292.754790985211,Cytoplasm,Texture,ER
Cells_RadialDistribution_FracAtD_AGP_2of4,0.16970423654133782,0.4019629224073541,0.01093003318496009,0.417402807866348,73622.49315077039,Cells,RadialDistribution,AGP
Image_Texture_InverseDifferenceMoment_RNA_10_02_256,0.10942671303907459,0.7764365229642624,0.010900936089083251,0.10323582790757999,6521.246728033773,Image,Texture,RNA
Image_ImageQuality_LocalFocusScore_OrigDNA_50,0.06218718820153265,0.6164137078592259,0.010356285355038655,0.3110428185842028,746801.4557741338,Image,ImageQuality,
Cells_Texture_SumVariance_ER_10_01_256,0.06687512325382462,0.581187851780707,0.016451428871173176,0.3354855960942952,30092.651406988574,Cells,Texture,ER
Image_Texture_SumVariance_DNA_3_01_256,0.0005350438037592765,0.9816153056588137,0.010583610913999173,0.00726603962342783,761468.5816258634,Image,Texture,DNA
Nuclei_Texture_SumEntropy_Mito_3_03_256,0.05509476000914506,0.7682611916009319,0.050464921335134985,0.12617912705478807,6341.937995856907,Nuclei,Texture,Mito
Image_ImageQuality_LocalFocusScore_OrigER_10,0.18086614469460446,0.4211408418146734,0.017759645610170717,0.38023336788055145,512316.3843744242,Image,ImageQuality,
Cells_Correlation_Manders_ER_DNA,0.0064985431409548275,0.9337543079467738,0.009686996630056099,0.050060152282215234,60019.00154551174,Cells,Correlation,DNA
Cytoplasm_RadialDistribution_FracAtD_ER_1of4,0.0901730695982059,0.24516427297497,0.08025140229383158,0.5844112551329925,24298.46091335012,Cytoplasm,RadialDistribution,ER
Image_Intensity_StdIntensity_AGP__BackgroundOnly,0.007639746083699508,0.8385463347261067,0.05292395457742829,0.1008899646127654,18688.262017900874,Image,Intensity,AGP
Cells_Texture_AngularSecondMoment_AGP_3_01_256,0.008587568924088788,0.840964241870845,0.1030544484798171,0.047393740725249045,419607.74006333033,Cells,Texture,AGP
Image_Texture_SumAverage_DNA_3_00_256,0.0014314276208863069,0.9730141735738637,0.011910311355735847,0.0136440874495141,68234.67867291826,Image,Texture,DNA
Nuclei_Texture_Contrast_AGP_3_01_256,0.0624483397404562,0.6763177248690163,0.012562275793003848,0.2486716595975237,93752.771946859,Nuclei,Texture,AGP
Cells_Texture_SumEntropy_AGP_5_00_256,0.007235308581020838,0.9138078609789768,0.04244534104216602,0.03651148939783638,30959.48461069761,Cells,Texture,AGP
Nuclei_Granularity_10_Mito,0.05835288506773633,0.6808689163431688,0.06623129532382907,0.19454690326526583,6538.288917277874,Nuclei,Granularity,Mito
Cells_Granularity_12_DNA,0.03323075533048309,0.6893749150022408,0.022608794265886203,0.25478553540139004,11807.470452842233,Cells,Granularity,DNA
Cytoplasm_RadialDistribution_FracAtD_mito_tubeness_6of16,0.01962562043692502,0.46205048966730117,0.05716095973968852,0.4611629301560852,960982.1197179165,Cytoplasm,RadialDistribution,
Cytoplasm_Texture_Contrast_AGP_5_02_256,0.06380985985864215,0.6087137312540774,0.0109637043202108,0.3165127045670697,62177.23568453003,Cytoplasm,Texture,AGP
Image_Texture_DifferenceVariance_ER_5_00_256,0.01959648995719678,0.6917294672490608,0.2385318656403653,0.05014217715337723,60069.60036029699,Image,Texture,ER
Cytoplasm_RadialDistribution_RadialCV_mito_tubeness_14of16,0.0684347320282163,0.6895037052911697,0.047827658252090025,0.19423390442852415,17821.96413136396,Cytoplasm,RadialDistribution,
Image_Texture_Correlation_AGP_5_03_256,0.03322143497481694,0.8608294857512868,0.00826911242340431,0.0976799668504919,9046.68168079928,Image,Texture,AGP
Cells_Correlation_RWC_RNA_Mito,0.04938224620896366,0.7251664732515498,0.10628781893963675,0.11916346159984975,16573.774710144968,Cells,Correlation,Mito
Cytoplasm_Correlation_Manders_RNA_DNA,0.00179723504035247,0.9036899198069188,0.07241310534251585,0.022099739810212803,77096.05392239192,Cytoplasm,Correlation,DNA
Image_Texture_SumAverage_DNA_5_00_256,0.0014309530409593691,0.9730299484201141,0.011906725326274022,0.013632373212652349,68214.16407841771,Image,Texture,DNA
Image_Texture_InverseDifferenceMoment_AGP_10_03_256,0.08288929421125145,0.7972011409672443,0.024670206291649004,0.09523935852985543,5617.29635072144,Image,Texture,AGP
Cytoplasm_Texture_InverseDifferenceMoment_AGP_5_02_256,0.007835966740944708,0.8797928832262699,0.06650957076853205,0.04586157926425336,11321.144665210344,Cytoplasm,Texture,AGP
Cells_RadialDistribution_RadialCV_mito_tubeness_12of20,0.050440387682603435,0.6422225798446372,0.05322074538400383,0.2541162870887556,10616.656131939875,Cells,RadialDistribution,
Nuclei_Texture_InverseDifferenceMoment_RNA_5_00_256,0.004620983085593979,0.9081542740855634,0.03323273050350068,0.05399201232534216,16479.794260469644,Nuclei,Texture,RNA
Image_Texture_Entropy_ER_10_01_256,0.1288377697197089,0.7419103395552805,0.013592323944669112,0.1156595667803415,13224.746152120239,Image,Texture,ER
Cytoplasm_RadialDistribution_FracAtD_Mito_2of4,0.09659898563388357,0.3052683379343183,0.07541566781353361,0.5227170086182645,40383.82015424548,Cytoplasm,RadialDistribution,Mito
Cells_Texture_Contrast_ER_5_02_256,0.1406842042050359,0.3442475185346818,0.024571372137869953,0.49049690512241234,48200.88456957237,Cells,Texture,ER
Cells_Texture_Entropy_AGP_5_03_256,0.006736755793925426,0.9132673616919567,0.04428891765753087,0.035706964856587024,24878.29112740785,Cells,Texture,AGP
Cytoplasm_Granularity_1_ER,0.028878724626615986,0.863795169159699,0.021117694352659363,0.08620841186102571,4991.84071107407,Cytoplasm,Granularity,ER
Image_Texture_SumAverage_AGP_3_00_256,0.005097666755200181,0.9696746067165037,0.01124807984069131,0.013979646687604758,31681.645762275504,Image,Texture,AGP
Cells_Texture_InfoMeas1_ER_5_02_256,0.05596228646529871,0.48733558445007424,0.14519976558277373,0.3115023635018534,21001.460794343417,Cells,Texture,ER
Image_Texture_Variance_ER_5_03_256,0.009895284291026915,0.8522989015392513,0.0553796752699002,0.08242613889982155,18859.42541737542,Image,Texture,ER
Cells_Texture_InfoMeas2_Mito_10_01_256,0.033091901699455945,0.7691879369470109,0.06304115380072654,0.13467900755280662,7748.974622130221,Cells,Texture,Mito
Image_Texture_AngularSecondMoment_DNA_5_03_256,0.03551649180670783,0.8820589197746309,0.008493808100942473,0.07393078031771881,5981.7096244891145,Image,Texture,DNA
Cells_Texture_DifferenceEntropy_ER_5_00_256,0.021525302220952724,0.82537112430789,0.050709995337022216,0.10239357813413512,7711.447277573337,Cells,Texture,ER
Nuclei_Intensity_LowerQuartileIntensity_ER,0.010740655926133345,0.940174334472987,0.008569526914755663,0.04051548268612396,6122.579627655945,Nuclei,Intensity,ER
Image_Texture_SumVariance_AGP_10_03_256,0.016744847225060304,0.7831427793998842,0.08240347153164954,0.11770890184340589,9192.427317915513,Image,Texture,AGP
Image_Texture_InfoMeas1_ER_3_01_256,0.07313280555098375,0.6952001542962054,0.016331587857708378,0.2153354522951025,9200.653492866548,Image,Texture,ER
Image_Texture_DifferenceEntropy_RNA_10_01_256,0.12311124360419846,0.7395451687412339,0.016796382407846807,0.12054720524672087,6864.482135081249,Image,Texture,RNA
Cells_Texture_InfoMeas1_ER_10_02_256,0.04972028227270035,0.5811236935771317,0.08996289377730694,0.27919313037286114,15879.498047723657,Cells,Texture,ER
Nuclei_Texture_Correlation_RNA_10_01_256,0.053484069500167285,0.2717191551508073,0.07619657664136073,0.5986001987076648,69032.96607662542,Nuclei,Texture,RNA
Image_Texture_DifferenceEntropy_ER_5_03_256,0.11136334940780278,0.7516984359155304,0.02320071662520448,0.1137374980514624,7847.952069392268,Image,Texture,ER
Cells_RadialDistribution_RadialCV_mito_tubeness_1of20,0.1403766445778168,0.5096695328137444,0.05732946942237242,0.2926243531860663,29576.722230152256,Cells,RadialDistribution,
Cytoplasm_Texture_AngularSecondMoment_AGP_10_00_256,0.011443464081384658,0.7951482923632556,0.136478172661053,0.056930070894306795,351796.1640970167,Cytoplasm,Texture,AGP
Nuclei_Texture_SumAverage_DNA_10_01_256,0.0014968613065175981,0.9726158910615514,0.018070054547889212,0.007817193084041805,18211.997491790105,Nuclei,Texture,DNA
Image_Texture_InfoMeas2_RNA_5_02_256,0.43631161300048565,0.1740294323163876,0.03507082719363095,0.35458812748949586,160283.95069310672,Image,Texture,RNA
Cells_Texture_Correlation_RNA_3_00_256,0.009804592103593537,0.6337204383172186,0.2609237315255848,0.09555123805360306,30651.914460535834,Cells,Texture,RNA
Nuclei_Texture_Contrast_DNA_3_01_256,0.053269405981909025,0.7165845390964396,0.05600627446446972,0.17413978045718173,294402.5298526074,Nuclei,Texture,DNA
Nuclei_Texture_Entropy_ER_5_02_256,0.007624642889978292,0.8955404787448504,0.04283049753435067,0.054004380830820695,12720.502985753414,Nuclei,Texture,ER
Nuclei_Texture_SumVariance_RNA_5_00_256,0.04942149666730599,0.6624673924190907,0.025615766193298868,0.2624953447203045,69467.62285857012,Nuclei,Texture,RNA
Cells_Texture_SumEntropy_DNA_5_00_256,0.00521645720574663,0.9667603694991463,0.006367950162614768,0.021655223132492372,6295.345617109789,Cells,Texture,DNA
Cells_Texture_AngularSecondMoment_AGP_3_00_256,0.010004739018029105,0.8089387431818336,0.12955669641863732,0.05149982138149988,353502.9242181569,Cells,Texture,AGP
Cytoplasm_Texture_Entropy_ER_3_01_256,0.011182714737314471,0.8841230710062297,0.049382957923237956,0.05531125633321792,9350.74925997005,Cytoplasm,Texture,ER
Cells_Texture_Contrast_AGP_5_00_256,0.06987940679985966,0.6095447093603986,0.007923805350661617,0.31265207848908005,68207.6510588476,Cells,Texture,AGP
Nuclei_Texture_Correlation_RNA_5_00_256,0.026938063334371248,0.803655900843872,0.03133981338082743,0.13806622244092936,5826.635638372978,Nuclei,Texture,RNA
Nuclei_Texture_InfoMeas1_DNA_10_02_256,0.06156535835502498,0.7923946885128642,0.025741796197198026,0.12029815693491284,10293.981659485766,Nuclei,Texture,DNA
Nuclei_Texture_DifferenceVariance_RNA_3_02_256,0.015230720174853546,0.7270332267568345,0.09622836104663512,0.1615076920216768,257827.7902274757,Nuclei,Texture,RNA
Cells_Texture_InfoMeas1_Mito_10_02_256,0.10995556263828475,0.4760942763981585,0.07524469863395129,0.33870546232960547,12458.21568008827,Cells,Texture,Mito
Nuclei_Location_CenterMassIntensity_X_RNA,0.025229938086296456,0.640066070298928,0.011939518722343653,0.3227644728924318,14260.912385814125,Nuclei,Location,RNA
Image_Texture_InfoMeas1_DNA_10_01_256,0.09425002178610893,0.7175840346811848,0.045118063013558106,0.14304788051914819,21125.710649237124,Image,Texture,DNA
Cytoplasm_Texture_InfoMeas1_AGP_5_00_256,0.02045340178390981,0.8405395345835336,0.03893515796711985,0.10007190566543685,6798.858279155566,Cytoplasm,Texture,AGP
Cells_Texture_DifferenceVariance_RNA_10_02_256,0.013394070753832888,0.7546391888841611,0.06946354437453997,0.16250319598746604,275222.8966212054,Cells,Texture,RNA
Cells_Texture_Entropy_RNA_10_01_256,0.008534207790438645,0.8842230226123085,0.038663156318748934,0.06857961327850404,15284.919675783884,Cells,Texture,RNA
Cells_Texture_Entropy_ER_3_02_256,0.010244642504802951,0.8728507312674489,0.049033976713969876,0.06787064951377807,9132.189645540599,Cells,Texture,ER
Nuclei_Texture_AngularSecondMoment_RNA_10_01_256,0.013973079949091876,0.8467109155724402,0.016938990914110545,0.12237701356435733,363434.79710810346,Nuclei,Texture,RNA
Cells_Texture_InfoMeas1_Mito_3_02_256,0.04742836693658108,0.6817215694223117,0.0826970100960542,0.18815305354505313,16656.64127527126,Cells,Texture,Mito
Cells_Correlation_K_DNA_RNA,0.011399462227088394,0.8887999166329748,0.038995540949622015,0.06080508019031477,29537.748889470393,Cells,Correlation,DNA
Cytoplasm_Texture_AngularSecondMoment_AGP_10_03_256,0.011389018875329185,0.8053610525790599,0.12797838133847012,0.055271547207140816,378000.3786921806,Cytoplasm,Texture,AGP
Cells_AreaShape_MeanRadius,0.07515879454614803,0.3140250715394226,0.028752167938172615,0.5820639659762568,42283.520794595395,Cells,AreaShape,
Cells_RadialDistribution_RadialCV_mito_tubeness_11of16,0.05339065210193558,0.574594770736281,0.035273690087996364,0.3367408870737872,12616.847025776628,Cells,RadialDistribution,
Cytoplasm_RadialDistribution_MeanFrac_mito_tubeness_4of20,0.022514792348890797,0.3901347530969867,0.013315238626791431,0.5740352159273311,413482.2497901315,Cytoplasm,RadialDistribution,
Nuclei_Texture_SumEntropy_RNA_3_02_256,0.004090786890008311,0.9108538952018473,0.03535211167416891,0.04970320623397545,13045.681635941648,Nuclei,Texture,RNA
Cells_Granularity_10_ER,0.03622195662400432,0.8088675958076244,0.02128372788229127,0.1336267196860801,7513.663073664283,Cells,Granularity,ER
Cytoplasm_Texture_Contrast_DNA_5_03_256,0.013449819632792934,0.7899533820210226,0.10074791909790254,0.09584887924828196,133905.29679514962,Cytoplasm,Texture,DNA
Cytoplasm_Texture_Correlation_RNA_3_03_256,0.044450041325202874,0.5616284313656461,0.16371762530993839,0.23020390199921273,33639.18675134065,Cytoplasm,Texture,RNA
Cytoplasm_Texture_InverseDifferenceMoment_Mito_3_02_256,0.029430666847954916,0.7785888145082932,0.0692465069763909,0.12273401166736103,8021.947499271956,Cytoplasm,Texture,Mito
Cells_Correlation_K_Mito_ER,0.00963418146300298,0.9138240412511365,0.02374922445995422,0.05279255282590646,271686.0294342187,Cells,Correlation,ER
Cytoplasm_Correlation_Manders_DNA_RNA,0.07211764449914472,0.7732750130543032,0.008027569137278607,0.1465797733092734,350040.6232566865,Cytoplasm,Correlation,DNA
Cytoplasm_Texture_InfoMeas2_DNA_5_02_256,0.0038032190343264376,0.9758240599050371,0.006957374123636406,0.013415346937000215,4688.854683683693,Cytoplasm,Texture,DNA
Cytoplasm_Texture_SumVariance_ER_5_00_256,0.06396499174561668,0.5960962833330419,0.07260211509385378,0.26733660982748775,14208.598884569466,Cytoplasm,Texture,ER
Cytoplasm_Granularity_12_DNA,0.011724055363374704,0.7198239847810546,0.010231728116307926,0.2582202317392626,32126.28380339862,Cytoplasm,Granularity,DNA
Cytoplasm_Texture_SumVariance_Mito_5_01_256,0.10863608763351448,0.4015780962100598,0.05768976931525517,0.4320960468411706,29516.479523508893,Cytoplasm,Texture,Mito
Cells_AreaShape_Zernike_1_1,0.12190605107903148,0.352310897736986,0.009716548544273599,0.5160665026397089,31838.49668453651,Cells,AreaShape,
Image_Texture_AngularSecondMoment_DNA_3_00_256,0.028184777306561482,0.8958906873178297,0.008802128027994521,0.0671224073476142,5436.208549326572,Image,Texture,DNA
Image_Texture_SumVariance_RNA_10_02_256,0.010247437531736951,0.8866819882560096,0.021409891550953655,0.08166068266129974,47179.99417876927,Image,Texture,RNA
Nuclei_Texture_InverseDifferenceMoment_RNA_3_03_256,0.004798948377684969,0.9091729000487099,0.03261857130894097,0.05340958026466415,14926.647984066749,Nuclei,Texture,RNA
Cells_Texture_Variance_DNA_10_03_256,0.01359297662555218,0.8690277278089721,0.05550947655399781,0.061869819011477964,412505.1628880225,Cells,Texture,DNA
Image_ImageQuality_Correlation_OrigMito_5,0.039420117135686494,0.8481593502103091,0.014441778688180045,0.09797875396582426,5448.923937043785,Image,ImageQuality,
Cytoplasm_Texture_InverseDifferenceMoment_AGP_10_00_256,0.0069424139497606535,0.8851500390061736,0.06333290009276692,0.04457464695129882,16779.797335669857,Cytoplasm,Texture,AGP
Cytoplasm_Texture_InverseDifferenceMoment_DNA_10_03_256,0.0027184450705881923,0.8480359999197058,0.12083709775369283,0.028408457256013292,11292.749830211413,Cytoplasm,Texture,DNA
Cytoplasm_Texture_InverseDifferenceMoment_AGP_5_03_256,0.007363597954087356,0.883050230263709,0.06498238582161255,0.04460378596059117,13639.830837433023,Cytoplasm,Texture,AGP
Image_ImageQuality_LocalFocusScore_OrigAGP_20,0.16978091111449176,0.40609850317683044,0.010917715221461783,0.413202870487216,475449.7848110831,Image,ImageQuality,
Cells_Texture_Correlation_DNA_10_02_256,0.012555920731119134,0.8020995492741688,0.11590331900763773,0.06944121098707427,72492.02022293198,Cells,Texture,DNA
Cytoplasm_Texture_SumEntropy_ER_10_02_256,0.009992962982489216,0.8862437297575116,0.04792201151586436,0.05584129574413496,10533.278791976209,Cytoplasm,Texture,ER
Nuclei_Intensity_MassDisplacement_Mito,0.07377964836233095,0.5863201037578756,0.1343053020440112,0.2055949458357823,17715.92597282324,Nuclei,Intensity,Mito
Cells_RadialDistribution_RadialCV_mito_tubeness_11of20,0.052651041027061925,0.6914093704640171,0.05067047024250281,0.2052691182664182,9887.51304373059,Cells,RadialDistribution,
Cytoplasm_Texture_DifferenceVariance_AGP_5_00_256,0.005563445812611393,0.8336452541306677,0.11511244981604937,0.04567885024067157,411610.3093893124,Cytoplasm,Texture,AGP
Image_Intensity_LowerQuartileIntensity_RNA_BackgroundOnly,0.0019832968660459986,0.948484120132161,0.009876835540452033,0.03965574746134073,21621.475119578827,Image,Intensity,RNA
Cells_Texture_AngularSecondMoment_RNA_3_00_256,0.028128455458003864,0.6694876162069963,0.1018421081362153,0.20054182019878464,247917.42749757413,Cells,Texture,RNA
Image_Texture_DifferenceVariance_Mito_10_01_256,0.0905199257444405,0.502816726475167,0.17149034565792018,0.23517300212247233,50930.98525256898,Image,Texture,Mito
Nuclei_Intensity_MinIntensityEdge_DNA,0.0005281294102683805,0.9843970474341619,0.010395229586588981,0.004679593568980744,31005.843906962968,Nuclei,Intensity,DNA
Cytoplasm_RadialDistribution_MeanFrac_RNA_2of4,0.2435835550207193,0.23374534695651866,0.0474421426690684,0.4752289553536937,52097.99496424809,Cytoplasm,RadialDistribution,RNA
Cells_Texture_Variance_ER_5_00_256,0.09015638018726162,0.4945443994564712,0.019864910862202375,0.39543430949406483,35984.19774214801,Cells,Texture,ER
Cytoplasm_RadialDistribution_FracAtD_mito_tubeness_5of16,0.017455644910093427,0.533968292449392,0.07593605103686127,0.37264001160365323,829269.9239671773,Cytoplasm,RadialDistribution,
Cytoplasm_Texture_DifferenceEntropy_Mito_10_01_256,0.030742312678764008,0.7313899703326807,0.07210370198911166,0.16576401499944368,9950.043281657918,Cytoplasm,Texture,Mito
Cells_RadialDistribution_RadialCV_mito_tubeness_14of20,0.055942765322049365,0.5695620061720007,0.030670155571282994,0.34382507293466685,12600.097419567945,Cells,RadialDistribution,
Cytoplasm_Correlation_RWC_Mito_ER,0.02931161595312085,0.7548857365642417,0.05791665450961579,0.15788599297302167,11040.800102234614,Cytoplasm,Correlation,ER
Cells_Texture_Variance_AGP_5_00_256,0.12381155498355269,0.39107241717576197,0.013088394535923082,0.4720276333047622,52349.24133744252,Cells,Texture,AGP
Cytoplasm_RadialDistribution_MeanFrac_mito_tubeness_12of16,0.05221484267375313,0.6170581366992868,0.01687073813737379,0.31385628248958625,30490.281484518448,Cytoplasm,RadialDistribution,
Nuclei_RadialDistribution_RadialCV_AGP_3of4,0.09003304070842383,0.7558391233051538,0.003674018563529669,0.1504538174228928,7459.995779580119,Nuclei,RadialDistribution,AGP
Cytoplasm_Texture_SumAverage_Mito_3_00_256,0.003910392090646786,0.954473344529816,0.0075814733884625425,0.03403478999107461,35858.2614916906,Cytoplasm,Texture,Mito
Cells_Texture_SumAverage_AGP_3_01_256,0.003045888308205471,0.9629098617461468,0.01933628814018904,0.014707961805458615,6973.393417839274,Cells,Texture,AGP
Cells_Texture_InfoMeas2_RNA_10_03_256,0.006481113530419439,0.849478495075474,0.06901484838709808,0.07502554300700832,23164.61642624664,Cells,Texture,RNA
Image_Intensity_StdIntensity_AGP,0.0159157971063825,0.8888979383037601,0.04609106295609264,0.049095201633764865,6240.059126966467,Image,Intensity,AGP
Image_Texture_DifferenceEntropy_DNA_3_01_256,0.017648130128286692,0.9428965941640148,0.005182144375300289,0.03427313133239822,13198.543603608732,Image,Texture,DNA
Image_Texture_Entropy_RNA_10_01_256,0.12766661125668138,0.7463955658966214,0.012895887818186028,0.11304193502851127,6214.577885295381,Image,Texture,RNA
Nuclei_Correlation_K_RNA_Mito,0.040649264598888075,0.8230738291452209,0.023833862906457986,0.112443043349433,13775.569848048988,Nuclei,Correlation,Mito
Nuclei_Texture_AngularSecondMoment_Mito_5_01_256,0.017175671036983906,0.7373177571112437,0.1000644451730214,0.1454421266787511,21827.619903416744,Nuclei,Texture,Mito
Image_Intensity_TotalIntensity_RNA_BackgroundOnly,0.05262656309190053,0.7293977986848732,0.0035268127997004945,0.21444882542352584,17427.843702647406,Image,Intensity,RNA
Image_Texture_Contrast_ER_3_01_256,0.010943156321102022,0.8352920894319112,0.08912248828593876,0.064642265961048,24912.936392372645,Image,Texture,ER
Image_Granularity_6_AGP,0.16715506310987993,0.266545706845232,0.08721168726310116,0.4790875427817869,24980.463528885935,Image,Granularity,AGP
Cytoplasm_RadialDistribution_MeanFrac_mito_tubeness_16of16,0.03402197476256677,0.5902689181998458,0.03697768488637703,0.3387314221512104,20080.765351728005,Cytoplasm,RadialDistribution,
Cells_Intensity_MeanIntensity_Mito,0.0069176162128431725,0.9475783580960704,0.007584207919396076,0.037919817771690296,33151.84274801973,Cells,Intensity,Mito
Nuclei_Texture_InfoMeas2_RNA_3_03_256,0.004702099481801711,0.8938466106669395,0.04620044452579558,0.05525084532546334,16756.634370984477,Nuclei,Texture,RNA
Cytoplasm_Texture_InverseDifferenceMoment_AGP_3_00_256,0.00867236439596441,0.8645399609447275,0.07675705940456451,0.05003061525474364,8585.404738616067,Cytoplasm,Texture,AGP
Cells_Texture_InfoMeas1_ER_3_01_256,0.058356592463114386,0.512186333612929,0.13995579242731088,0.2895012814966457,20373.14900823451,Cells,Texture,ER
Cells_Texture_InfoMeas1_ER_3_03_256,0.059037729550229776,0.5038662209363599,0.1390520603080833,0.29804398920532715,20106.053206458044,Cells,Texture,ER
Cells_Texture_Variance_AGP_3_02_256,0.12356463362158909,0.39282180671880135,0.013324410749319416,0.4702891489102901,52037.75230487263,Cells,Texture,AGP
Image_Intensity_TotalArea_Mito,0.0002444814099158543,0.9995112158005643,1.6365976335426334e-07,0.00024413912975640862,1938274.7877996452,Image,Intensity,Mito
Nuclei_Texture_Variance_AGP_3_02_256,0.10519385610760963,0.4729930032626624,0.013063006866433203,0.40875013376329467,67475.23829567591,Nuclei,Texture,AGP
Cells_Texture_AngularSecondMoment_Mito_3_03_256,0.018844138048605033,0.5974938670067118,0.1375653865196488,0.24609660842503422,29806.351090466116,Cells,Texture,Mito
Image_Texture_AngularSecondMoment_Mito_5_01_256,0.21281905615272498,0.512766334757117,0.053012805267174085,0.22140180382298405,29199.184351347558,Image,Texture,Mito
Nuclei_Granularity_5_RNA,0.30234737955457175,0.2742865070687521,0.024882310305630474,0.3984838030710457,25140.665675928663,Nuclei,Granularity,RNA
Nuclei_Location_CenterMassIntensity_X_Mito,0.0251505337591909,0.6405914457788218,0.011910169381210992,0.3223478510807764,14249.171663682404,Nuclei,Location,Mito
Cytoplasm_Texture_InfoMeas2_DNA_10_01_256,0.006498110713074709,0.9563070510036172,0.0172670650909202,0.019927773192387924,3999.919526269262,Cytoplasm,Texture,DNA
Nuclei_Texture_InfoMeas1_AGP_3_02_256,0.029233314614565444,0.8623710982710483,0.02654042705817437,0.08185516005621186,7224.4341751112715,Nuclei,Texture,AGP
Image_Texture_DifferenceEntropy_ER_10_01_256,0.12532447800069413,0.7297817865527014,0.02209942227693603,0.12279431316966849,7509.015135411469,Image,Texture,ER
Nuclei_Texture_SumAverage_AGP_5_00_256,0.009489804041389407,0.9435514069184294,0.015217703317929333,0.0317410857222518,5141.888656541243,Nuclei,Texture,AGP
Nuclei_Texture_AngularSecondMoment_AGP_10_01_256,0.0014850685238489844,0.9342349810490795,0.04865975400818104,0.015620196418890437,521010.45229607006,Nuclei,Texture,AGP
Cells_Texture_Correlation_AGP_3_01_256,0.017497090364132252,0.8853744187616934,0.02470059581053604,0.07242789506363827,5449.9058483108765,Cells,Texture,AGP
Cytoplasm_Intensity_UpperQuartileIntensity_RNA,0.008772501873122928,0.9200627283921834,0.009397508588225884,0.061767261146467814,11151.307474693203,Cytoplasm,Intensity,RNA
Cytoplasm_Texture_SumAverage_DNA_3_02_256,0.0009682255197663416,0.9784390282462048,0.01046033828739155,0.010132407946637232,63733.25452084615,Cytoplasm,Texture,DNA
Cells_Granularity_6_Mito,0.30699950952008315,0.2255628154133377,0.017652062830865723,0.44978561223571345,31246.65420473314,Cells,Granularity,Mito
Cells_Texture_InfoMeas1_AGP_10_01_256,0.07963441013628025,0.6851984842670599,0.01025997962032924,0.22490712597633059,10952.127913328066,Cells,Texture,AGP
Cytoplasm_Texture_Correlation_DNA_10_03_256,0.0007654928167140944,0.9828992775123261,0.006789487815542896,0.009545741855416909,315657.992076701,Cytoplasm,Texture,DNA
Cells_Texture_Variance_RNA_3_01_256,0.04633085246892242,0.6771693738728715,0.012337554650136017,0.26416221900806997,65555.01767515078,Cells,Texture,RNA
Nuclei_Correlation_Manders_AGP_Mito,0.14612281637761496,0.3596487479670328,0.13754515770797218,0.35668327794738,74090.57983404776,Nuclei,Correlation,AGP
Nuclei_Intensity_IntegratedIntensityEdge_AGP,0.004373564739348278,0.9666028944744594,0.013232377036463482,0.015791163749728946,5595.995764544221,Nuclei,Intensity,AGP
Image_Texture_InfoMeas2_Mito_10_01_256,0.120485061531088,0.5870946471854331,0.09387274120928013,0.19854755007419872,19049.751564557424,Image,Texture,Mito
Image_Granularity_2_DNA,0.1622232817150474,0.6567534496211581,0.005767372033842342,0.17525589662995217,7448.029592976403,Image,Granularity,DNA
Image_Texture_Contrast_DNA_5_02_256,0.000674220421304416,0.9698205912150815,0.01988015759590124,0.009625030767712765,715293.8964582959,Image,Texture,DNA
Nuclei_Texture_InfoMeas1_RNA_5_03_256,0.048956175818286034,0.828744292173561,0.019484199020344567,0.10281533298780833,15309.041335662747,Nuclei,Texture,RNA
Cells_RadialDistribution_MeanFrac_mito_tubeness_19of20,0.047969390685276066,0.6817282440774614,0.04671358909018638,0.22358877614707617,8342.927498630866,Cells,RadialDistribution,
Cytoplasm_Texture_InverseDifferenceMoment_Mito_10_02_256,0.022311419764421823,0.7943426589144448,0.06520909687972036,0.11813682444141295,7622.048200263262,Cytoplasm,Texture,Mito
Cytoplasm_AreaShape_MedianRadius,0.07080769724403925,0.3588490801859009,0.026190183935479602,0.5441530386345803,43426.73301534647,Cytoplasm,AreaShape,
Image_Texture_InfoMeas1_ER_3_02_256,0.06581787600848937,0.6891365759234731,0.016229212562419135,0.2288163355056183,10496.447022678594,Image,Texture,ER
Cells_Texture_DifferenceVariance_Mito_3_00_256,0.013127564247831429,0.6486322966859643,0.13007640391410846,0.2081637351520958,33642.22219436437,Cells,Texture,Mito
Cytoplasm_Texture_Contrast_Mito_10_02_256,0.1606648914933412,0.2789479720483169,0.06221566276740139,0.49817147369094056,37833.99648993251,Cytoplasm,Texture,Mito
Cytoplasm_Texture_Contrast_DNA_3_03_256,0.016196830763995553,0.767622396158331,0.10376426169793479,0.1124165113797386,75499.18527355725,Cytoplasm,Texture,DNA
Image_Texture_Variance_RNA_5_02_256,0.00970932539748593,0.8917399379494858,0.02169268338817612,0.07685805326485204,49523.48172098006,Image,Texture,RNA
Cytoplasm_Granularity_12_Mito,0.12087755395550383,0.5283880356438829,0.061270533753725084,0.2894638766468882,9038.581613962697,Cytoplasm,Granularity,Mito
Image_Texture_Correlation_ER_5_01_256,0.10243859223263094,0.6657324915261016,0.018660251954466186,0.21316866428680126,10514.818371684343,Image,Texture,ER
Nuclei_Texture_InfoMeas1_DNA_5_01_256,0.07237584264862909,0.7674024299943449,0.02210137169886509,0.13812035565816083,11554.22128852603,Nuclei,Texture,DNA
Nuclei_Texture_Contrast_DNA_3_03_256,0.05427463427640935,0.7135731249346949,0.05534322530928275,0.17680901547961295,289695.2943187608,Nuclei,Texture,DNA
Cytoplasm_Intensity_MADIntensity_Mito,0.03914550771998421,0.7906697473659703,0.039402163843552475,0.13078258107049304,8279.331891692604,Cytoplasm,Intensity,Mito
Cytoplasm_Texture_SumVariance_DNA_10_00_256,0.006229432852221605,0.8521486978143199,0.0817355404929345,0.059886328840523945,375117.931764293,Cytoplasm,Texture,DNA
Image_Texture_Entropy_AGP_5_03_256,0.0866624124193084,0.7918324462962372,0.024789023788889142,0.09671611749556536,5326.949747913806,Image,Texture,AGP
Cells_Texture_DifferenceEntropy_Mito_10_02_256,0.05159077084357047,0.6893950108643976,0.06795099059307255,0.1910632276989593,9935.751288292662,Cells,Texture,Mito
Cells_Granularity_12_ER,0.09150936044503848,0.7012350269152978,0.03060215413353748,0.17665345850612632,8909.960521467834,Cells,Granularity,ER
Cells_Texture_SumEntropy_Mito_3_03_256,0.021530419624441126,0.7827003090146506,0.06401294015826467,0.13175633120264355,7986.255837496396,Cells,Texture,Mito
Nuclei_RadialDistribution_FracAtD_ER_4of4,0.09849824904986658,0.3984189499516431,0.07250547876836415,0.4305773222301261,28126.13923701029,Nuclei,RadialDistribution,ER
Nuclei_RadialDistribution_FracAtD_Mito_2of4,0.1353683766216537,0.3008186706192959,0.057954310723159985,0.5058586420358904,21826.353854041212,Nuclei,RadialDistribution,Mito
Nuclei_Texture_InverseDifferenceMoment_AGP_5_03_256,0.00904599439629234,0.92639497483755,0.03790302996611676,0.02665600080004101,22345.55445370387,Nuclei,Texture,AGP
Image_Texture_InverseDifferenceMoment_Mito_5_00_256,0.047892539660617,0.8658647933767205,0.01595131444537195,0.07029135251729056,6614.479926225621,Image,Texture,Mito
Cells_Texture_Entropy_DNA_10_03_256,0.0032450114202499628,0.973792562459633,0.00551885950837366,0.017443566611743344,5051.813308499859,Cells,Texture,DNA
Cytoplasm_Texture_DifferenceVariance_RNA_3_00_256,0.005334377297391025,0.7239542802238783,0.14639100182055875,0.12432034065817187,176373.4882668156,Cytoplasm,Texture,RNA
Image_Texture_Variance_DNA_5_00_256,0.0005368765818153697,0.9808956958363579,0.011205296765466322,0.007362130816360487,757753.7888453752,Image,Texture,DNA
Cells_Texture_InfoMeas2_Mito_10_03_256,0.03342499118809789,0.7695924329712109,0.0630135245440213,0.13396905129666986,7641.026048877243,Cells,Texture,Mito
Nuclei_Texture_Entropy_Mito_5_01_256,0.04969025238385724,0.7846864950493557,0.04859162332358664,0.11703162924320046,5835.482500782607,Nuclei,Texture,Mito
Cells_Intensity_MinIntensityEdge_RNA,0.0023325233862589332,0.9677837210008521,0.0024871985219273836,0.02739655709096161,84517.35303122339,Cells,Intensity,RNA
Nuclei_Texture_Variance_Mito_3_02_256,0.20288548909886547,0.2496849506523997,0.06551250156402746,0.48191705868470747,67138.87447698614,Nuclei,Texture,Mito
Nuclei_AreaShape_MajorAxisLength,0.19094574968789768,0.5033082847464613,0.08619835443885811,0.21954761112678287,13943.654854540267,Nuclei,AreaShape,
Image_Granularity_4_ER,0.09739330132599557,0.5709701439883378,0.09658200650325396,0.2350545481824127,9375.431110502646,Image,Granularity,ER
Cytoplasm_Texture_Variance_Mito_5_01_256,0.12915231265633312,0.3498425997630734,0.06091614803864463,0.46008893954194885,32395.59203672022,Cytoplasm,Texture,Mito
Cells_Texture_Entropy_AGP_10_01_256,0.006345910214073978,0.9195840502952712,0.040962930854922384,0.033107108635732324,27716.150195339724,Cells,Texture,AGP
Image_Texture_SumAverage_AGP_5_03_256,0.005097054030902282,0.9696934122852291,0.011244098226517346,0.013965435457351396,31659.52010592431,Image,Texture,AGP
Cells_Texture_Contrast_AGP_10_03_256,0.12516569493357269,0.38592229810344725,0.013107927144424436,0.47580407981855555,63883.2869027996,Cells,Texture,AGP
Cells_Texture_Contrast_Mito_3_01_256,0.2085918065175826,0.20529422401400335,0.06632879026628949,0.5197851792021245,42265.334039098954,Cells,Texture,Mito
Cells_Texture_InfoMeas1_DNA_10_01_256,0.012819953116157181,0.9443269649167256,0.011447475886185079,0.03140560608093198,6108.638098225502,Cells,Texture,DNA
Nuclei_Intensity_MaxIntensity_Mito,0.061311992947336795,0.7518644881087455,0.028562453347208805,0.15826106559670886,12826.236797660431,Nuclei,Intensity,Mito
Cytoplasm_Texture_SumVariance_Mito_10_01_256,0.1142754867037687,0.3860884666455268,0.05692307588249927,0.44271297076820515,29599.640492733048,Cytoplasm,Texture,Mito
Nuclei_Texture_SumVariance_AGP_3_00_256,0.11717163743177947,0.4088526533866857,0.013598160925700651,0.4603775482558342,57585.04237069387,Nuclei,Texture,AGP
Cytoplasm_Granularity_6_Mito,0.2913364358043836,0.258194853677138,0.012273149993756564,0.4381955605247218,38780.4094822603,Cytoplasm,Granularity,Mito
Cells_Texture_SumAverage_Mito_10_00_256,0.009764062923029075,0.9368700975921258,0.008571347185094844,0.044794492299750244,30072.678832294667,Cells,Texture,Mito
Cytoplasm_Texture_Contrast_Mito_10_00_256,0.16083432412613688,0.27576752198113713,0.06552683317654696,0.497871320716179,37638.02576213549,Cytoplasm,Texture,Mito
Nuclei_Texture_Contrast_AGP_5_00_256,0.06994379336344474,0.6426365793874661,0.013195802340241009,0.2742238249088482,87818.63626655014,Nuclei,Texture,AGP
Nuclei_Location_Center_X,0.02517854068052364,0.640586821327141,0.01193495118472547,0.32229968680760984,14217.360368441845,Nuclei,Location,
Cells_Intensity_MedianIntensity_RNA,0.0063455434262238005,0.9428472070243098,0.01091976320272544,0.03988748634674094,12577.263967024846,Cells,Intensity,RNA
Cells_Granularity_10_AGP,0.21434016078264362,0.4323945471666909,0.018147296043989552,0.3351179960066758,26892.632689016835,Cells,Granularity,AGP
Cells_Texture_Contrast_Mito_3_03_256,0.20967830110377486,0.20401746391138487,0.06585979564623803,0.5204444393386022,42178.521786404206,Cells,Texture,Mito
Cells_Texture_DifferenceEntropy_DNA_10_00_256,0.006313553456452339,0.9599534984315139,0.009358062853573452,0.024374885258460332,4885.706732386845,Cells,Texture,DNA
Cells_Texture_SumAverage_AGP_10_03_256,0.0032150130016210298,0.9628488248610773,0.018666088690774862,0.015270073446527019,6716.25029622789,Cells,Texture,AGP
Cells_Texture_InverseDifferenceMoment_RNA_10_00_256,0.006534056074728755,0.8659739874090264,0.04006557200769799,0.08742638450854681,17787.068972152003,Cells,Texture,RNA
Nuclei_Texture_InfoMeas1_AGP_5_01_256,0.09340765248041666,0.6940079262982913,0.011636971439736781,0.2009474497815552,18020.406540493612,Nuclei,Texture,AGP
Nuclei_Texture_Variance_AGP_3_01_256,0.10504858016074663,0.4733757465663128,0.013436147908456188,0.4081395253644844,68347.714530809,Nuclei,Texture,AGP
Cells_Intensity_StdIntensityEdge_DNA,0.00241542703556344,0.9384500722962976,0.03371615141428476,0.025418349253854278,75672.2280127123,Cells,Intensity,DNA
Image_Intensity_PercentMaximal_RNA_BackgroundOnly,0.02353896850681001,0.531253431760917,0.007376879478194651,0.4378307202540783,39068.30985366602,Image,Intensity,RNA
Image_Texture_SumVariance_DNA_10_01_256,0.0005328443245534724,0.9789673761332122,0.01266076111486842,0.00783901842736585,750865.793377836,Image,Texture,DNA
Image_Texture_SumAverage_Mito_10_03_256,0.0028664674156726974,0.9681955976399585,0.00265536534483649,0.026282569599532214,52804.96616037895,Image,Texture,Mito
Nuclei_Texture_AngularSecondMoment_ER_3_00_256,0.01703143640582855,0.6666344421251544,0.10597108354954685,0.2103630379194702,119809.54963962769,Nuclei,Texture,ER
Cells_Texture_SumVariance_RNA_3_02_256,0.048620945905044205,0.6603633670315835,0.01269105852386545,0.2783246285395068,63974.21908154492,Cells,Texture,RNA
Cytoplasm_Texture_DifferenceVariance_RNA_5_03_256,0.009629342565813522,0.718803154439535,0.12456482237285048,0.1470026806218011,229661.08109605723,Cytoplasm,Texture,RNA
Image_Intensity_MaxIntensity_Mito,0.009838729528360327,0.7969332787608754,0.07679057089387913,0.11643742081688511,6661.59274193537,Image,Intensity,Mito
Image_Texture_Contrast_DNA_3_02_256,0.0007464414907900771,0.9518129033877197,0.03625843628637123,0.011182218835119027,657586.7690277342,Image,Texture,DNA
Cytoplasm_Texture_SumVariance_DNA_10_01_256,0.005178659319297625,0.8598642747590582,0.08284473791418351,0.05211232800746063,391684.2451837568,Cytoplasm,Texture,DNA
Cells_RadialDistribution_RadialCV_ER_4of4,0.05248490393420566,0.7744851304625231,0.041071451932338854,0.1319585136709324,7745.130574253591,Cells,RadialDistribution,ER
Cytoplasm_Texture_DifferenceEntropy_RNA_10_00_256,0.011781922764197717,0.8896566203921421,0.026470252012764827,0.0720912048308953,10478.03512526223,Cytoplasm,Texture,RNA
Image_Texture_Variance_DNA_10_01_256,0.0005409143708656696,0.9807765873700203,0.011366049640577608,0.007316448618536452,756866.4387795278,Image,Texture,DNA
Cells_RadialDistribution_FracAtD_DNA_4of4,0.016243507119674122,0.8664168988463861,0.021695769153234214,0.09564382488070548,13650.952547445038,Cells,RadialDistribution,DNA
Nuclei_Texture_DifferenceEntropy_ER_10_03_256,0.006050475069895622,0.8988780253333346,0.036993163790763575,0.058078335806006263,12681.543203723071,Nuclei,Texture,ER
Cytoplasm_Texture_Contrast_DNA_3_01_256,0.01736964339937747,0.7584878555870391,0.10326480455125525,0.12087769646232815,66929.87512056093,Cytoplasm,Texture,DNA
Nuclei_Texture_SumEntropy_AGP_10_00_256,0.0050652195545383485,0.9335038690227381,0.03654500049754804,0.024885910925175562,31585.528648898,Nuclei,Texture,AGP
Cytoplasm_Texture_Variance_AGP_3_02_256,0.08758010850813037,0.47816427951961255,0.012773273667338724,0.4214823383049184,41445.69747777893,Cytoplasm,Texture,AGP
Cells_Texture_SumVariance_DNA_10_00_256,0.008894960180145146,0.8947507599707302,0.05219510047508505,0.044159179374039764,406456.56651807996,Cells,Texture,DNA
Cells_Intensity_IntegratedIntensityEdge_ER,0.0017041535292795012,0.9612769084132442,0.002325721411408374,0.03469321664606793,21484.980999859,Cells,Intensity,ER
Nuclei_Texture_SumVariance_Mito_10_03_256,0.15297763818407045,0.3111616055254058,0.0756033913562881,0.4602573649342356,49833.513641733865,Nuclei,Texture,Mito
Image_ImageQuality_Scaling_OrigMito,0.0,0.0,0.0,0.0,0.0,Image,ImageQuality,
Image_Texture_SumVariance_RNA_3_03_256,0.009871075767529009,0.8899748811351635,0.021648212096200763,0.07850583100110663,48307.66800502734,Image,Texture,RNA
Cells_Texture_DifferenceVariance_ER_3_01_256,0.01973856713823328,0.6198424137615485,0.10944285587423097,0.2509761632259873,90637.1712823474,Cells,Texture,ER
Nuclei_Granularity_7_DNA,0.19893509774512272,0.5890019224990239,0.029529076458009493,0.18253390329784389,12452.203156438398,Nuclei,Granularity,DNA
Nuclei_Texture_InfoMeas1_Mito_5_01_256,0.21760898865425346,0.38742423492996053,0.033016475407243694,0.36195030100854225,13603.825734063514,Nuclei,Texture,Mito
Cells_Texture_DifferenceVariance_RNA_5_03_256,0.012985873839354295,0.7399811617941888,0.08178696776709977,0.16524599659935704,261366.80294830896,Cells,Texture,RNA
Nuclei_AreaShape_Zernike_5_5,0.23584880931065422,0.27734372805932533,0.14618551847468345,0.34062194415533703,14462.918744515677,Nuclei,AreaShape,
Image_Texture_DifferenceEntropy_AGP_5_00_256,0.08140019647142388,0.7851173915043017,0.03909619369656238,0.094386218327712,7113.22227019144,Image,Texture,AGP
Image_Texture_Variance_Mito_3_00_256,0.007501911368793167,0.7445382469873686,0.03998859889172098,0.20797124275211712,34134.43148146392,Image,Texture,Mito
Cytoplasm_Texture_DifferenceEntropy_DNA_5_00_256,0.007269147269972071,0.9442636008146253,0.024346402566896276,0.0241208493485063,3577.1996023806787,Cytoplasm,Texture,DNA
Cytoplasm_Granularity_15_ER,0.1484191420983745,0.5768027481625436,0.026412669507056015,0.24836544023202578,12514.272017440664,Cytoplasm,Granularity,ER
Nuclei_Correlation_RWC_Mito_ER,0.022117045844109232,0.8645092564986705,0.03431968839336743,0.07905400926385288,9414.42574477611,Nuclei,Correlation,ER
Image_Texture_Entropy_RNA_5_02_256,0.1178125314014336,0.7621835141533542,0.012655876314926514,0.10734807813028567,6177.409845332113,Image,Texture,RNA
Nuclei_Texture_InfoMeas2_DNA_5_02_256,0.008091415683942714,0.9714042562813477,0.0063921433442281645,0.014112184690481321,6665.621295170734,Nuclei,Texture,DNA
Cytoplasm_Texture_SumEntropy_RNA_5_01_256,0.01053788510588189,0.8836725202540076,0.0377353704030408,0.06805422423706983,11629.085514760991,Cytoplasm,Texture,RNA
Cytoplasm_Texture_DifferenceEntropy_AGP_5_00_256,0.012184641553306244,0.8772131138535184,0.0551806688861581,0.05542157570701729,11784.55354352245,Cytoplasm,Texture,AGP
Cells_Texture_Entropy_RNA_5_02_256,0.007186884543796589,0.891354264596941,0.03314616245821128,0.06831268840105122,13770.4379251836,Cells,Texture,RNA
Cytoplasm_Texture_DifferenceVariance_RNA_10_02_256,0.010872235724445697,0.7239548554017822,0.11566567244519368,0.14950723642857838,240851.88617212017,Cytoplasm,Texture,RNA
Cells_Texture_DifferenceEntropy_Mito_5_01_256,0.05805427796673066,0.678817959143093,0.07098659456227498,0.19214116832790126,10566.734387306291,Cells,Texture,Mito
Cytoplasm_Intensity_IntegratedIntensity_DNA,0.06673093093359665,0.42981886269578545,0.00227058813295438,0.5011796182376634,27971.70255550377,Cytoplasm,Intensity,DNA
Image_Texture_AngularSecondMoment_RNA_3_00_256,0.3305323853582896,0.38271710152143157,0.023137902347538496,0.26361261077274023,33566.51960472012,Image,Texture,RNA
Cytoplasm_Correlation_RWC_Mito_RNA,0.018432522904802674,0.7560953834522719,0.12153192970384513,0.10394016393908029,30792.062790004595,Cytoplasm,Correlation,Mito
Image_Texture_AngularSecondMoment_Mito_3_00_256,0.19420739743519333,0.5465602631265751,0.05177001847629672,0.20746232096193473,23634.13955250998,Image,Texture,Mito
Cells_Texture_InfoMeas1_ER_5_00_256,0.051893282795334915,0.4951099005096509,0.14474955859073285,0.30824725810428133,21696.62188324704,Cells,Texture,ER
Nuclei_Texture_Correlation_RNA_5_03_256,0.032136743324584445,0.6456369929813798,0.038558070004138176,0.2836681936898975,8201.601350256475,Nuclei,Texture,RNA
Nuclei_Granularity_15_AGP,0.10205812110363925,0.5247258753062891,0.007895216088864633,0.365320787501207,11412.919008390534,Nuclei,Granularity,AGP
Nuclei_Texture_AngularSecondMoment_DNA_10_02_256,0.0008642938821284629,0.9486264573940661,0.025336735839424165,0.025172512884381115,529788.919538228,Nuclei,Texture,DNA
Image_Texture_Variance_RNA_5_00_256,0.009691496048795835,0.8917280019206487,0.0217622306644792,0.07681827136607636,49511.38623292601,Image,Texture,RNA
Nuclei_Texture_SumEntropy_AGP_10_03_256,0.0041089345929152055,0.9349886447429088,0.036929525656038985,0.023972895008136992,29469.218022497516,Nuclei,Texture,AGP
Cytoplasm_Texture_Correlation_Mito_10_02_256,0.1750041251223942,0.5234084195436368,0.03613500536532378,0.26545244996864525,11331.894479350747,Cytoplasm,Texture,Mito
Cytoplasm_Texture_DifferenceEntropy_RNA_5_03_256,0.012987784412218737,0.8886578789183893,0.024214675465167066,0.07413966120422467,10728.610605900838,Cytoplasm,Texture,RNA
Image_Texture_DifferenceVariance_Mito_5_02_256,0.06613632587888037,0.5438970274066313,0.17502845199730707,0.2149381947171813,38873.31269348815,Image,Texture,Mito
Cells_RadialDistribution_MeanFrac_mito_tubeness_14of20,0.0912001991873791,0.6230301408407891,0.010298310282087938,0.275471349689744,7008.427764546968,Cells,RadialDistribution,
Cytoplasm_Texture_Variance_ER_10_01_256,0.0831840124300261,0.5238307574606008,0.06014007219333086,0.33284515791604213,16731.07412853515,Cytoplasm,Texture,ER
Cytoplasm_Texture_Variance_DNA_10_02_256,0.0074078978657938456,0.8377930840071717,0.08909218900034618,0.06570682912668832,315049.66755802993,Cytoplasm,Texture,DNA
Nuclei_Texture_InfoMeas2_Mito_3_02_256,0.022112811224016586,0.791328772487904,0.06987819289613033,0.11668022339194906,8631.673109802112,Nuclei,Texture,Mito
Cells_Texture_InverseDifferenceMoment_RNA_3_02_256,0.00855699056871545,0.8903298869201102,0.02346718994167975,0.07764593256949463,9876.781704136796,Cells,Texture,RNA
Cells_Texture_AngularSecondMoment_DNA_5_02_256,0.004300457183078344,0.923974581617201,0.03078548704316177,0.04093947415655884,9539.039694291601,Cells,Texture,DNA
Image_Intensity_LowerQuartileIntensity_DNA,0.00047321881524460465,0.990649678303687,0.001494383710207106,0.007382719170861391,20479.227097804644,Image,Intensity,DNA
Cells_RadialDistribution_MeanFrac_mito_tubeness_2of20,0.19973994534255718,0.15568435647848775,0.04934301920219581,0.5952326789767594,38685.64134350706,Cells,RadialDistribution,
Nuclei_Texture_AngularSecondMoment_ER_5_02_256,0.018114297033513204,0.6631792484136327,0.11646920148552298,0.20223725306733112,147076.07366985234,Nuclei,Texture,ER
Cytoplasm_Texture_SumVariance_DNA_3_03_256,0.00659462578242374,0.8580518395774054,0.07566627943441911,0.05968725520575182,387842.9656365448,Cytoplasm,Texture,DNA
Image_ImageQuality_MedianIntensity_OrigMito,0.0014199455955406534,0.9771208511737675,0.001081220868003872,0.02037798236268805,214545.65119216233,Image,ImageQuality,
Cells_Texture_SumVariance_ER_5_02_256,0.08091606649939154,0.5206316020131262,0.019233143362631287,0.379219188124851,34931.76509979051,Cells,Texture,ER
Cells_Intensity_MADIntensity_DNA,0.003613554046387973,0.8990332784701419,0.04303741528275474,0.05431575220071542,354884.82789732737,Cells,Intensity,DNA
Cytoplasm_Texture_Variance_Mito_3_00_256,0.12586296725453863,0.36311471154734476,0.06072914840016178,0.4502931727979548,31566.14687229614,Cytoplasm,Texture,Mito
Image_Intensity_StdIntensity_ER__BackgroundOnly,0.006726976219532352,0.8150859615278935,0.010650879979219523,0.16753618227335473,54764.964021623775,Image,Intensity,ER
Nuclei_Texture_InfoMeas2_AGP_10_02_256,0.01057240884946029,0.9378036194205209,0.026938215086477365,0.024685756643541373,34433.246965178274,Nuclei,Texture,AGP
Cytoplasm_Texture_SumVariance_AGP_10_03_256,0.09160144321836451,0.47021084412697645,0.012227975655716376,0.4259597369989426,41465.15125862739,Cytoplasm,Texture,AGP
Cells_RadialDistribution_FracAtD_mito_tubeness_11of16,0.11841892072779113,0.604473800030082,0.017390849584764882,0.25971642965736197,7082.701752953553,Cells,RadialDistribution,
Cells_Intensity_LowerQuartileIntensity_RNA,0.005635626422341023,0.9523630584666763,0.008194133524568116,0.0338071815864145,22394.490234433506,Cells,Intensity,RNA
Cells_Texture_InfoMeas1_Mito_5_03_256,0.06571775268959491,0.5143806666353145,0.10873987680577739,0.3111617038693132,16344.163952619929,Cells,Texture,Mito
Cytoplasm_Granularity_5_ER,0.27817836372733484,0.2576117034552369,0.013243297949889533,0.45096663486753874,28794.35547286916,Cytoplasm,Granularity,ER
Nuclei_Intensity_MaxIntensityEdge_ER,0.01448500221728469,0.9157703317894095,0.026809996736070648,0.042934669257235276,5890.917965344355,Nuclei,Intensity,ER
Cells_Correlation_RWC_RNA_DNA,0.021592988334739625,0.8976265183448141,0.014563677024336233,0.06621681629611005,14186.670989443257,Cells,Correlation,DNA
Nuclei_Texture_InfoMeas1_Mito_3_03_256,0.09417572930781178,0.6429324273836201,0.039751651315645,0.22314019199292312,7239.729828456097,Nuclei,Texture,Mito
Image_ImageQuality_MinIntensity_OrigDNA,0.00125602679440921,0.975394008054908,0.0006046049291571363,0.022745360221525714,17137.911441362332,Image,ImageQuality,
Nuclei_AreaShape_Zernike_9_9,0.20532585162171785,0.35871537227071554,0.1874160082134995,0.24854276789406718,41940.02665202547,Nuclei,AreaShape,
Cytoplasm_Texture_Variance_ER_3_00_256,0.07639666614318272,0.5467858002427688,0.06654512299568113,0.31027241061836736,15576.955121631527,Cytoplasm,Texture,ER
Cytoplasm_Texture_InfoMeas1_ER_3_02_256,0.04319344536101802,0.7347730634156724,0.0605632522706342,0.16147023895267532,21403.54595385184,Cytoplasm,Texture,ER
Image_Granularity_2_AGP,0.03354896937510395,0.8494778533316399,0.020275024590389122,0.096698152702867,13956.409338118097,Image,Granularity,AGP
Nuclei_AreaShape_MedianRadius,0.09553550350505131,0.6481187843304781,0.1135361315165654,0.14280958064790508,10957.487409785115,Nuclei,AreaShape,
Image_Texture_Entropy_RNA_10_02_256,0.12417173781197781,0.7521259048797335,0.012877375006941227,0.11082498230134735,6182.60782444064,Image,Texture,RNA
Nuclei_Texture_Contrast_AGP_10_01_256,0.10975208544703995,0.4453857372258187,0.01257745566906141,0.43228472165807985,70603.6087480532,Nuclei,Texture,AGP
Cytoplasm_RadialDistribution_FracAtD_ER_2of4,0.0810338884111329,0.2880282027222874,0.07502967185567931,0.5559082370109004,25937.5514929203,Cytoplasm,RadialDistribution,ER
Image_Texture_Entropy_DNA_3_00_256,0.014384087676074788,0.9512413227612881,0.004382874947364102,0.02999171461527302,23721.01252451993,Image,Texture,DNA
Nuclei_Texture_Contrast_DNA_5_00_256,0.0527115026559075,0.7191106234257525,0.05469221999293443,0.1734856539254056,301410.3130018774,Nuclei,Texture,DNA
Nuclei_Texture_DifferenceVariance_DNA_3_00_256,0.0007127065318262239,0.948167545335993,0.030734794258081514,0.02038495387409922,222158.85962998687,Nuclei,Texture,DNA
Image_Texture_InfoMeas1_DNA_5_01_256,0.09640485545777124,0.584670448369511,0.0793622740498453,0.23956242212287235,18503.183770330375,Image,Texture,DNA
Cytoplasm_RadialDistribution_FracAtD_mito_tubeness_11of20,0.023921560453090324,0.6103834995381873,0.09081833315255143,0.274876606856171,718088.6612650407,Cytoplasm,RadialDistribution,
Cytoplasm_Texture_AngularSecondMoment_AGP_3_01_256,0.012829240846956224,0.7783306996093086,0.1476976111567382,0.061142448386997,295900.23373386957,Cytoplasm,Texture,AGP
Cells_Texture_Contrast_ER_10_01_256,0.12164740924080604,0.38797907576696483,0.022649860581724548,0.46772365441050456,51932.93396128567,Cells,Texture,ER
Cytoplasm_Granularity_13_DNA,0.009550099522698766,0.7119289183643702,0.031914486834857335,0.24660649527807374,94706.16922791037,Cytoplasm,Granularity,DNA
Image_Intensity_UpperQuartileIntensity_AGP__BackgroundOnly,0.001128895150593763,0.9710963125325184,0.001276544203631175,0.026498248113256708,120144.08869727667,Image,Intensity,AGP
Image_ImageQuality_MedianIntensity_OrigRNA,0.007035954965411888,0.9479757523763717,0.010008720201215082,0.03497957245700131,94736.0827604183,Image,ImageQuality,
Nuclei_Intensity_MinIntensity_RNA,0.003755324129357911,0.9575745386340636,0.009894593309158161,0.028775543927420297,10310.827925887488,Nuclei,Intensity,RNA
Nuclei_Texture_DifferenceVariance_AGP_10_02_256,0.0016830126301235582,0.9642157177203194,0.022994192053145193,0.011107077596411939,698950.3573094413,Nuclei,Texture,AGP
Cells_Texture_SumAverage_RNA_3_00_256,0.008388182939445168,0.9289749314240314,0.011185691483417047,0.05145119415310625,10647.038343326793,Cells,Texture,RNA
Cytoplasm_Texture_Correlation_AGP_5_03_256,0.02343472260924126,0.743147337361564,0.032137942246118024,0.20127999778307662,5466.0967128347565,Cytoplasm,Texture,AGP
Cytoplasm_Texture_DifferenceEntropy_Mito_5_03_256,0.04095757471327007,0.7119728482803565,0.07624210215458185,0.17082747485179156,10399.766074803725,Cytoplasm,Texture,Mito
Cells_Texture_Correlation_RNA_10_03_256,0.09676204805252911,0.39544724815954513,0.08273374310081844,0.4250569606871073,25406.733258269524,Cells,Texture,RNA
Cytoplasm_Correlation_Overlap_DNA_ER,0.005578502348329061,0.8040630740458464,0.12443086751064862,0.06592755609517588,13404.998067711243,Cytoplasm,Correlation,DNA
Image_Texture_InverseDifferenceMoment_RNA_3_01_256,0.07797117041596967,0.8224963215325665,0.01063048571254171,0.08890202233892222,6713.22552956963,Image,Texture,RNA
Cells_RadialDistribution_RadialCV_RNA_3of4,0.03210086000133589,0.715399261160441,0.07712729262552892,0.17537258621269433,6211.023116814693,Cells,RadialDistribution,RNA
Image_Texture_InfoMeas2_AGP_3_00_256,0.212920985487184,0.48485756218482207,0.02201746077383307,0.28020399155416076,62483.96700357171,Image,Texture,AGP
Cells_Texture_Variance_ER_3_02_256,0.09015574901937108,0.49553223013780623,0.019883803890376812,0.3944282169524459,35538.32719746094,Cells,Texture,ER
Cells_Texture_SumAverage_Mito_10_02_256,0.009831368560786475,0.9366402370560065,0.00855100352111459,0.044977390862092424,29967.948320651187,Cells,Texture,Mito
Image_Granularity_3_RNA,0.2013427135791932,0.4937849097258431,0.015145658896015695,0.28972671779894815,33235.00357651871,Image,Granularity,RNA
Nuclei_Texture_SumAverage_Mito_5_02_256,0.031369952927306384,0.8612400104976071,0.01312276728067238,0.09426726929441423,22737.5543252676,Nuclei,Texture,Mito
Cells_Texture_AngularSecondMoment_DNA_3_00_256,0.004365823019215793,0.9293632631508958,0.02630750131878897,0.03996341251109943,8822.284203823681,Cells,Texture,DNA
Cells_Texture_AngularSecondMoment_Mito_3_00_256,0.017451987144023264,0.6191973940097698,0.13417534679843632,0.22917527204777044,26467.7209651425,Cells,Texture,Mito
Cytoplasm_Texture_InfoMeas1_AGP_10_03_256,0.067431204195682,0.7396006549260796,0.012472117322259791,0.18049602355597852,7972.5454755380715,Cytoplasm,Texture,AGP
Nuclei_Texture_SumEntropy_DNA_10_03_256,0.0010670103200274602,0.9842941226108313,0.0071316555219758425,0.007507211547165282,5629.049363808099,Nuclei,Texture,DNA
Nuclei_Texture_AngularSecondMoment_DNA_3_03_256,0.0006804054549807028,0.972682871473752,0.007073365933186341,0.019563357138080845,528559.08398032,Nuclei,Texture,DNA
Image_ImageQuality_MeanIntensity_OrigAGP,0.0034439488492708013,0.9830312621950357,0.0033395764872751425,0.010185212468418288,30378.660250337314,Image,ImageQuality,
Image_ImageQuality_MADIntensity_OrigAGP,0.048538527408730804,0.7974429365220533,0.03068220030615529,0.12333633576306045,6813.676692441095,Image,ImageQuality,
Image_Granularity_2_RNA,0.18133114941457637,0.5370068841638848,0.04364327890525733,0.23801868751628158,19187.99379357184,Image,Granularity,RNA
Nuclei_Texture_DifferenceVariance_ER_3_00_256,0.024099609503253967,0.6111278109340685,0.0921235219697471,0.27264905759293034,100771.5415245184,Nuclei,Texture,ER
Cytoplasm_RadialDistribution_MeanFrac_mito_tubeness_1of20,0.019916098288174786,0.41385685964079366,0.05106257830403229,0.5151644637669993,1005555.4519167988,Cytoplasm,RadialDistribution,
Cells_Neighbors_NumberOfNeighbors_Adjacent,0.34667296113338225,0.3721144594673669,0.03717533914334202,0.24403724025590892,24750.04971218437,Cells,Neighbors,
Nuclei_Intensity_MeanIntensity_AGP,0.00844511892270841,0.9469913207621288,0.015366974363955573,0.029196585951207377,5145.975055187242,Nuclei,Intensity,AGP
Cells_Texture_SumAverage_RNA_3_01_256,0.008791016292988727,0.9260908581255533,0.011231501333378845,0.053886624248079294,10591.73547313291,Cells,Texture,RNA
Cells_Texture_SumVariance_RNA_5_03_256,0.04719059968009938,0.6662733677881986,0.01313163265855341,0.27340439987314863,63393.491620180925,Cells,Texture,RNA
Cytoplasm_RadialDistribution_RadialCV_mito_tubeness_8of20,0.019461018799898644,0.5424890630236032,0.062349277789192026,0.37570064038730616,768518.0113795357,Cytoplasm,RadialDistribution,
Cells_Texture_Variance_AGP_10_02_256,0.12491832613088655,0.3857309358988066,0.013205746601782073,0.4761449913685248,52934.74024543232,Cells,Texture,AGP
Nuclei_Texture_SumAverage_RNA_3_02_256,0.016179908962310596,0.8871063630496678,0.013853541426862874,0.08286018656115854,9997.964090518406,Nuclei,Texture,RNA
Cytoplasm_Texture_SumVariance_Mito_5_02_256,0.11107634333023338,0.3958457423798375,0.058220938006712554,0.4348569762832166,30155.521380266528,Cytoplasm,Texture,Mito
Image_Texture_SumAverage_RNA_10_03_256,0.013973607319027874,0.925805517328782,0.012962083303753789,0.04725879204843624,24721.132877688287,Image,Texture,RNA
Nuclei_Texture_SumAverage_Mito_5_03_256,0.030926172974971425,0.8626790573382563,0.013079309779351983,0.09331545990742028,22778.264994624522,Nuclei,Texture,Mito
Cells_Correlation_RWC_RNA_ER,0.023947419750099997,0.7712657071938444,0.0576201932251105,0.14716667983094514,103788.42368951664,Cells,Correlation,ER
Nuclei_Texture_DifferenceVariance_ER_3_03_256,0.02409248931554934,0.6200598416881954,0.09417713693859456,0.26167053205766067,123383.00742237418,Nuclei,Texture,ER
Cells_Texture_SumAverage_ER_5_01_256,0.008327079362148736,0.9513130811240584,0.010334136670225223,0.0300257028435676,9945.714340939116,Cells,Texture,ER
Cells_Texture_SumEntropy_DNA_10_03_256,0.0029944590259965713,0.9755868004583481,0.005458947995230814,0.01595979252042448,4851.313320586645,Cells,Texture,DNA
Cells_Texture_AngularSecondMoment_DNA_3_01_256,0.004322711112617981,0.9294784044647587,0.026206250706333964,0.039992633716289375,9380.077283915933,Cells,Texture,DNA
Cytoplasm_AreaShape_FormFactor,0.029809069522436255,0.7065601363933084,0.010387277129892524,0.2532435169543628,51858.448296397546,Cytoplasm,AreaShape,
Cytoplasm_Intensity_StdIntensity_DNA,0.0028559684966922238,0.9418327795019715,0.036975996529209514,0.018335255472126805,21670.867734305284,Cytoplasm,Intensity,DNA
Cytoplasm_RadialDistribution_MeanFrac_mito_tubeness_13of20,0.07695111339020116,0.5352188925310145,0.007327545689639719,0.3805024483891446,14876.29857106703,Cytoplasm,RadialDistribution,
Image_Texture_SumVariance_AGP_10_01_256,0.016791115110944548,0.7838034541802065,0.08154216254234777,0.11786326816650133,9154.854640831663,Image,Texture,AGP
Nuclei_RadialDistribution_RadialCV_DNA_4of4,0.14123743397613064,0.41351620377584775,0.15548325400497795,0.2897631082430437,42244.10647181905,Nuclei,RadialDistribution,DNA
Cells_Texture_DifferenceEntropy_ER_3_03_256,0.022829238407052033,0.819195299777947,0.05136574953008149,0.10660971228491943,7536.972503560718,Cells,Texture,ER
Cytoplasm_Texture_DifferenceEntropy_DNA_5_03_256,0.007050558558354062,0.9475367197030442,0.022230777689694836,0.023181944048906916,3481.6786350267425,Cytoplasm,Texture,DNA
Image_Texture_InfoMeas1_RNA_5_03_256,0.08022347277952824,0.7397419974409458,0.014024134062992898,0.16601039571653306,9294.661740208883,Image,Texture,RNA
Image_Granularity_13_AGP,0.09433374698249129,0.3105950461266729,0.02483024536658131,0.5702409615242544,13668.84720956312,Image,Granularity,AGP
Cytoplasm_Texture_SumAverage_AGP_5_01_256,0.0023118335537556504,0.9630377982291586,0.022461029195034846,0.012189339022050761,8562.869898923323,Cytoplasm,Texture,AGP
Cytoplasm_Correlation_Manders_Mito_ER,0.035841823922787654,0.7189797022233367,0.04310108059178169,0.2020773932620938,20006.92662109149,Cytoplasm,Correlation,ER
Nuclei_Texture_DifferenceVariance_AGP_10_03_256,0.0014414674664129548,0.9661520038247915,0.02289254350347525,0.009513985205320128,728849.3759661838,Nuclei,Texture,AGP
Cells_Texture_Correlation_ER_3_01_256,0.025585796300643227,0.6865113782924812,0.1213497483370289,0.16655307706984665,20597.890476799184,Cells,Texture,ER
Nuclei_Texture_SumAverage_ER_3_00_256,0.01791473805518555,0.9161149459910735,0.009842953838270167,0.05612736211547088,6145.532414320041,Nuclei,Texture,ER
Nuclei_Texture_InverseDifferenceMoment_ER_3_01_256,0.013371740502018835,0.8638703123001313,0.052035931058555106,0.07072201613929467,10511.797395671245,Nuclei,Texture,ER
Image_Texture_AngularSecondMoment_AGP_10_02_256,0.2911222640736128,0.37670265913739903,0.018511144033084806,0.3136639327559033,28131.995851590305,Image,Texture,AGP
Nuclei_Texture_Correlation_ER_5_01_256,0.02207480761110788,0.7297292612324783,0.02261325392236903,0.22558267723404474,8076.087991585577,Nuclei,Texture,ER
Cytoplasm_Texture_InfoMeas2_RNA_5_00_256,0.023899833720848876,0.7062529193831146,0.16635761681274655,0.10348963008328996,23179.822139805397,Cytoplasm,Texture,RNA
Image_ImageQuality_FocusScore_OrigMito,0.048838482002969405,0.5234632446264191,0.10267783348040223,0.3250204398902092,10698.807156617182,Image,ImageQuality,
Nuclei_Texture_SumVariance_Mito_10_02_256,0.16848825428210545,0.303453354151012,0.0654774367534668,0.46258095481341577,61315.07611339212,Nuclei,Texture,Mito
Nuclei_Texture_Variance_AGP_5_02_256,0.10512556583130839,0.4727906398096543,0.013693630498293165,0.408390163860744,68390.69253911603,Nuclei,Texture,AGP
Nuclei_Texture_SumVariance_AGP_3_02_256,0.11726526152278746,0.409956077229196,0.013621110340063549,0.45915755090795296,58061.12524769001,Nuclei,Texture,AGP
Nuclei_Texture_SumAverage_ER_3_01_256,0.018065897092746745,0.9153586492652994,0.009901526562751577,0.056673927079202366,6132.413100041796,Nuclei,Texture,ER
Cells_Intensity_StdIntensityEdge_Mito,0.019262370017799936,0.8480905842287472,0.024666708501869104,0.10798033725158399,11104.920550976225,Cells,Intensity,Mito
Image_Texture_AngularSecondMoment_DNA_5_01_256,0.03550429406015312,0.882118170089914,0.008461022807562661,0.07391651304237043,5961.069012073212,Image,Texture,DNA
Nuclei_AreaShape_Zernike_3_1,0.2090903825209769,0.305176364538372,0.10550443602911569,0.38022881691153537,25752.210791543883,Nuclei,AreaShape,
Nuclei_Correlation_RWC_RNA_AGP,0.05397931960945913,0.8333341565918972,0.015827165695480015,0.09685935810316347,52371.82059377351,Nuclei,Correlation,AGP
Nuclei_Texture_SumAverage_DNA_5_03_256,0.005703225122138374,0.9571641920997742,0.019503342842885407,0.01762923993520199,17919.86257429597,Nuclei,Texture,DNA
Image_Texture_Entropy_ER_5_03_256,0.12329714344820437,0.7511977826817026,0.013622493651531252,0.11188258021856189,13639.51588342015,Image,Texture,ER
Cytoplasm_Texture_SumEntropy_AGP_10_00_256,0.00906249914922885,0.9077277223574908,0.046758488309903014,0.03645129018337741,21883.187454177067,Cytoplasm,Texture,AGP
Nuclei_Texture_SumVariance_ER_10_01_256,0.06445316936115125,0.587283109928671,0.017350000992823612,0.3309137197173541,49863.148726861094,Nuclei,Texture,ER
Cytoplasm_Texture_Correlation_ER_10_00_256,0.07255030188359324,0.41597150625304263,0.08409273830080072,0.42738545356256347,17834.33022458377,Cytoplasm,Texture,ER
Cells_AreaShape_Orientation,0.028489700085500124,0.05668787919121751,0.0028345630497964847,0.9119878576734859,425385.5116344552,Cells,AreaShape,
Nuclei_Location_MaxIntensity_Y_AGP,0.05952011386091726,0.31061534001187574,0.04332200581225387,0.5865425403149532,20313.641857970113,Nuclei,Location,AGP
Cytoplasm_Texture_Correlation_RNA_10_02_256,0.08273666681454778,0.4120755030650421,0.04668229703877931,0.45850553308163083,24051.58431907508,Cytoplasm,Texture,RNA
Nuclei_Correlation_Correlation_AGP_RNA,0.04034891783867116,0.865569233534214,0.024876533987245444,0.06920531463986948,59964.15655959462,Nuclei,Correlation,AGP
Cells_Granularity_8_RNA,0.07404764336977,0.6515941309459833,0.03794448421739366,0.23641374146685312,8369.23204714456,Cells,Granularity,RNA
Cells_Texture_Correlation_RNA_5_02_256,0.019862318939872732,0.5883316084166215,0.24327300672809934,0.14853306591540638,27226.814651495828,Cells,Texture,RNA
Cells_Texture_InfoMeas1_ER_10_01_256,0.09253062472906091,0.6065499402367495,0.04169239114684444,0.2592270438873452,11019.675294709612,Cells,Texture,ER
Image_Texture_SumAverage_Mito_5_03_256,0.0028628244517932117,0.9681691012045311,0.002656521923347006,0.026311552420328715,52814.015444910896,Image,Texture,Mito
Cytoplasm_Granularity_2_RNA,0.15075872891581946,0.522774378516996,0.020311111879611942,0.30615578068757254,37581.91392205841,Cytoplasm,Granularity,RNA
Cytoplasm_RadialDistribution_FracAtD_RNA_3of4,0.05957836634684944,0.2719889328794834,0.02687159595831864,0.6415611048153487,48148.69948199379,Cytoplasm,RadialDistribution,RNA
Nuclei_Texture_Variance_Mito_10_02_256,0.1943709832956196,0.2597394902997599,0.06765937775181984,0.47823014865280067,66677.92508538149,Nuclei,Texture,Mito
Cells_Texture_InverseDifferenceMoment_ER_3_00_256,0.02075091835433926,0.8369601518760152,0.05246850853341335,0.08982042123623214,6994.729897204076,Cells,Texture,ER
Cells_AreaShape_Area,0.1321159575049275,0.27931252017362584,0.0393946248881527,0.5491768974332939,80407.19240824223,Cells,AreaShape,
Cells_RadialDistribution_MeanFrac_DNA_3of4,0.057694864606918896,0.7164396989145898,0.028401959785792717,0.19746347669269865,14293.01988404425,Cells,RadialDistribution,DNA
Cells_RadialDistribution_RadialCV_mito_tubeness_15of16,0.15164122091695387,0.5450246546563879,0.011706806173984008,0.29162731825267413,19469.703217126284,Cells,RadialDistribution,
Cytoplasm_RadialDistribution_FracAtD_Mito_4of4,0.0812654193987712,0.33049592819284807,0.06334527439992328,0.5248933780084576,45441.17528122534,Cytoplasm,RadialDistribution,Mito
Cells_Intensity_MassDisplacement_RNA,0.06630534212042566,0.46480031202691896,0.05759891766445424,0.4112954281882012,13120.336603937703,Cells,Intensity,RNA
Image_ImageQuality_PercentMinimal_OrigAGP,0.00044120482466402923,0.990291287632179,5.033641380980693e-06,0.009262473901776135,540231.1465313078,Image,ImageQuality,
Cells_Texture_SumAverage_RNA_5_02_256,0.009004526050773003,0.9246443294414144,0.011281951799480933,0.055069192708331674,10582.620858214916,Cells,Texture,RNA
Cells_Texture_Entropy_Mito_5_01_256,0.021979182372105558,0.7881604492708217,0.0628055950790015,0.12705477327807124,7622.525565745904,Cells,Texture,Mito
Image_Texture_InfoMeas1_Mito_10_00_256,0.12329265635169287,0.4611915176071587,0.05865072754610225,0.3568650984950463,13930.037967074739,Image,Texture,Mito
Image_Texture_SumAverage_AGP_3_01_256,0.005098109785064752,0.9696814883533382,0.011246099885027167,0.013974301976569846,31661.266227617452,Image,Texture,AGP
Cytoplasm_Texture_Variance_AGP_5_02_256,0.08832290526478423,0.4785638671692251,0.012225348910405966,0.42088787865558464,43512.82260351455,Cytoplasm,Texture,AGP
Cells_Granularity_5_ER,0.3143780818418536,0.23213439751792658,0.011490725280496637,0.4419967953597232,39307.8569026309,Cells,Granularity,ER
Cells_Texture_SumEntropy_ER_5_01_256,0.008467442595370859,0.8693144014888652,0.049618293065633416,0.0725998628501306,11278.413278669092,Cells,Texture,ER
Cytoplasm_Texture_InfoMeas1_AGP_3_00_256,0.009368253081112448,0.8864302057345442,0.04352939704018611,0.06067214414415742,5434.753287787233,Cytoplasm,Texture,AGP
Cytoplasm_Texture_InfoMeas1_DNA_10_02_256,0.008106034438418128,0.9360203820294356,0.01584278574176772,0.04003079779037868,6567.484253975278,Cytoplasm,Texture,DNA
Image_Texture_AngularSecondMoment_Mito_10_02_256,0.22353438375762866,0.49426814009250203,0.05343230594583533,0.22876517020403395,32560.12162891411,Image,Texture,Mito
Cytoplasm_Texture_InfoMeas2_Mito_10_02_256,0.021382938404543382,0.8156520206482568,0.04416272255778374,0.118802318389416,7142.86786680164,Cytoplasm,Texture,Mito
Image_Texture_Entropy_ER_3_02_256,0.12040164838010954,0.7551303200094335,0.01403149425600402,0.11043653735445297,13832.135491146706,Image,Texture,ER
Nuclei_Texture_InfoMeas2_RNA_5_00_256,0.005008740591082304,0.9007557897393508,0.0410692659916077,0.053166203677959295,14397.191786108488,Nuclei,Texture,RNA
Nuclei_Granularity_2_DNA,0.22421988962792197,0.480640390040466,0.007855650890933642,0.28728406944067825,18110.873800103924,Nuclei,Granularity,DNA
Cells_Granularity_6_RNA,0.28373313316376275,0.26741807118503025,0.023412306683925514,0.4254364889672815,23361.889348703346,Cells,Granularity,RNA
Cells_Texture_Variance_DNA_5_00_256,0.013254130535884374,0.868265331967486,0.058531885417901434,0.059948652078728105,431175.73471347726,Cells,Texture,DNA
Nuclei_Correlation_K_RNA_AGP,0.010009972204647374,0.816732862294339,0.10666691918150091,0.06659024631951282,7383.433280221152,Nuclei,Correlation,AGP
Nuclei_Texture_Contrast_AGP_10_00_256,0.10050404419272069,0.4919050447257868,0.013699773183062878,0.3938911378984296,72347.74245733277,Nuclei,Texture,AGP
Image_Granularity_1_ER,0.1856009262450582,0.6232343542243008,0.006453615180647937,0.18471110434999316,8254.681118292185,Image,Granularity,ER
Cytoplasm_Intensity_MassDisplacement_DNA,0.009742599470720675,0.907255506420313,0.03168097038527146,0.05132092372369489,29621.370753032283,Cytoplasm,Intensity,DNA
Image_Texture_SumVariance_RNA_5_01_256,0.010060144321662827,0.8882827353311713,0.021737169797474438,0.07991995054969149,47596.215186659654,Image,Texture,RNA
Cells_Texture_SumVariance_DNA_3_03_256,0.010888230069746686,0.880432485677074,0.05699930901898218,0.05167997523419719,434232.2227132822,Cells,Texture,DNA
Cells_Texture_Correlation_ER_5_03_256,0.05136711227505374,0.5685830687378672,0.14452209595352367,0.23552772303355532,16502.047826072412,Cells,Texture,ER
Cells_Texture_Correlation_DNA_3_02_256,0.0027841224331915763,0.87677324246337,0.0752943277522654,0.04514830735117307,323662.4324325006,Cells,Texture,DNA
Nuclei_Texture_InverseDifferenceMoment_AGP_5_02_256,0.009791154216745274,0.920625114561121,0.03976043091650827,0.0298233003056256,19705.36054374421,Nuclei,Texture,AGP
Image_Texture_InfoMeas1_Mito_10_01_256,0.14145703831918016,0.4470764481044973,0.059669033369138556,0.35179748020718404,14146.242443703532,Image,Texture,Mito
Cytoplasm_Texture_SumEntropy_DNA_5_01_256,0.005752186202601342,0.9567666768596241,0.017858262200733475,0.01962287473704102,3430.9404201062243,Cytoplasm,Texture,DNA
Cells_Texture_AngularSecondMoment_RNA_5_01_256,0.0296603946419085,0.7004859443039404,0.06379439578786739,0.20605926526628368,292463.2501022068,Cells,Texture,RNA
Cytoplasm_Texture_InverseDifferenceMoment_AGP_10_03_256,0.00686885038801631,0.8931057116803206,0.05877457119766041,0.041250866734002654,21245.96225756616,Cytoplasm,Texture,AGP
Cells_Correlation_K_DNA_Mito,0.004826663562997861,0.9435058747883325,0.01847673932866789,0.03319072232000178,519424.0650000556,Cells,Correlation,DNA
Cells_Texture_DifferenceVariance_ER_10_00_256,0.021094182540810188,0.6444411764662529,0.11154595645398312,0.22291868453895383,147170.2755790013,Cells,Texture,ER
Cells_Texture_Entropy_ER_10_03_256,0.007849189057998316,0.8834447134745017,0.04912631570409713,0.05957978176340269,11090.140804082279,Cells,Texture,ER
Cells_Texture_Variance_AGP_10_01_256,0.12543155617559332,0.3833168665348891,0.013582300581320974,0.47766927670819664,52222.5868319484,Cells,Texture,AGP
Cytoplasm_Texture_SumVariance_AGP_5_00_256,0.09721944212307249,0.43219038073572014,0.013111186308457054,0.45747899083275045,37098.26246901644,Cytoplasm,Texture,AGP
Cells_Texture_Variance_RNA_3_02_256,0.046518115661867566,0.6752210153055611,0.012340884430437434,0.2659199846021339,65201.82747687292,Cells,Texture,RNA
Cells_Texture_SumEntropy_ER_5_02_256,0.008578333211409574,0.8698721673801405,0.04974793141190645,0.07180156799654344,10961.643104326307,Cells,Texture,ER
Image_Texture_Correlation_DNA_3_03_256,0.022994726302702703,0.8754784491893796,0.04412453447038748,0.057402290037530154,13551.149650834093,Image,Texture,DNA
Nuclei_Correlation_Overlap_DNA_RNA,0.10448126663541238,0.6241669282543311,0.06968525935004925,0.2016665457602073,10855.832697383594,Nuclei,Correlation,DNA
Nuclei_Texture_InfoMeas2_RNA_3_01_256,0.004642739328379493,0.895886721904595,0.04512411289038734,0.054346425876638335,17018.31795213535,Nuclei,Texture,RNA
Image_Texture_SumVariance_AGP_5_00_256,0.015713935654839178,0.7941911400412298,0.07965005557471068,0.11044486872922027,9285.87104685893,Image,Texture,AGP
Image_Intensity_TotalArea_RNA_BackgroundOnly,0.2757437985806492,0.45886781724025927,0.015064126027869653,0.2503242581512217,11723.584905771417,Image,Intensity,RNA
Nuclei_Intensity_LowerQuartileIntensity_DNA,0.00043065743335681856,0.9736783260247434,0.021432543770591794,0.004458472771308091,15459.659521830003,Nuclei,Intensity,DNA
Cells_AreaShape_Zernike_9_1,0.06894848517511074,0.04260353843490555,0.0077632306260557475,0.8806847457639279,36045.31838881441,Cells,AreaShape,
Cytoplasm_Texture_DifferenceEntropy_RNA_10_03_256,0.01053152751850857,0.8916388321373929,0.028452278380852045,0.06937736196324654,10298.305473657896,Cytoplasm,Texture,RNA
Image_Texture_DifferenceVariance_RNA_5_02_256,0.0068599818249542215,0.803125666080851,0.1665683661062941,0.023445985987900722,161207.77298633519,Image,Texture,RNA
Image_Texture_SumEntropy_Mito_3_00_256,0.07791662559222058,0.8188952979295426,0.020752699893884962,0.08243537658435186,5686.907248669925,Image,Texture,Mito
Nuclei_Texture_InfoMeas1_ER_3_00_256,0.03612804328066165,0.832110933812686,0.015872800655682716,0.11588822225096954,6628.824523458625,Nuclei,Texture,ER
Nuclei_Intensity_MaxIntensity_AGP,0.018526323364095508,0.9059584359813848,0.012369710819563196,0.06314552983495655,7216.501623901934,Nuclei,Intensity,AGP
Image_Texture_DifferenceVariance_ER_10_03_256,0.04037226339417141,0.6462900987149812,0.24075459922406137,0.07258303866678593,73390.16056500215,Image,Texture,ER
Nuclei_Texture_InfoMeas2_RNA_10_02_256,0.004596463263855299,0.9008762627338759,0.041365070055293066,0.05316220394697579,10015.612520290775,Nuclei,Texture,RNA
Cells_RadialDistribution_FracAtD_mito_tubeness_20of20,0.08432353935628277,0.3318622899483239,0.14985502640612283,0.4339591442892705,30500.15451596237,Cells,RadialDistribution,
Cells_Texture_SumVariance_ER_3_00_256,0.08562671284049031,0.5070325711132363,0.019399902932884062,0.38794081311338935,35451.75449331278,Cells,Texture,ER
Cells_Texture_DifferenceVariance_RNA_5_00_256,0.012106140062783634,0.7292235613483488,0.0949557032345715,0.16371459535429606,246371.51378375827,Cells,Texture,RNA
Nuclei_Texture_InverseDifferenceMoment_DNA_3_03_256,0.006119266569008401,0.9496692540195231,0.024397899382846207,0.019813580028622317,7031.004251172799,Nuclei,Texture,DNA
Cytoplasm_Texture_InfoMeas1_RNA_10_02_256,0.04907440795554083,0.684194296873417,0.05325872030621365,0.2134725748648285,12580.756693814168,Cytoplasm,Texture,RNA
Image_ImageQuality_PowerLogLogSlope_OrigDNA,0.07763303672125649,0.7940031336840636,0.01622069296456795,0.11214313663011187,6054.728969261756,Image,ImageQuality,
Nuclei_Texture_SumVariance_Mito_3_01_256,0.1851837687827649,0.28316235869860296,0.05918450949886089,0.47246936301977116,68854.90410639298,Nuclei,Texture,Mito
Nuclei_Texture_Contrast_RNA_10_01_256,0.04213023814230395,0.713770245902101,0.024428089706471173,0.21967142624912384,84455.88938819293,Nuclei,Texture,RNA
Image_Intensity_TotalIntensity_Mito_BackgroundOnly,0.17036669115306324,0.4067101726794678,0.02277893014874613,0.40014420601872286,12158.269685236564,Image,Intensity,Mito
Cytoplasm_Texture_DifferenceEntropy_ER_5_00_256,0.022569095629222897,0.8361920550692628,0.05515674480674536,0.08608210449476883,9094.29220363772,Cytoplasm,Texture,ER
Nuclei_Texture_DifferenceEntropy_Mito_10_01_256,0.04277595211384646,0.781626435812563,0.04823709327333633,0.12736051880025412,7359.821569019197,Nuclei,Texture,Mito
Cells_Texture_DifferenceEntropy_DNA_3_00_256,0.01024408361919815,0.9447873198187109,0.014248494988968246,0.03072010157312272,5569.549662646723,Cells,Texture,DNA
Nuclei_Location_CenterMassIntensity_X_ER,0.025201723842008524,0.6404628951460405,0.011910586473743281,0.32242479453820777,14257.354875910925,Nuclei,Location,ER
Cells_Texture_SumEntropy_Mito_3_00_256,0.020710866728647123,0.789246368090422,0.06324546935802954,0.1267972958229013,7775.838625832435,Cells,Texture,Mito
Cytoplasm_RadialDistribution_MeanFrac_mito_tubeness_8of20,0.018601523258447706,0.504135725446887,0.0740740325393182,0.4031887187553472,879252.2339334018,Cytoplasm,RadialDistribution,
Cytoplasm_Texture_SumEntropy_ER_10_00_256,0.010148974930315958,0.8854822489102997,0.04823039086919317,0.05613838529019118,10488.264578456115,Cytoplasm,Texture,ER
Cells_Texture_Variance_Mito_3_02_256,0.1517097785239912,0.3234969457794333,0.0451169216038205,0.4796763540927551,40873.96987593378,Cells,Texture,Mito
Cytoplasm_AreaShape_MaxFeretDiameter,0.10059691674535906,0.3106280904053991,0.035891227951087006,0.5528837648981548,48552.152869134734,Cytoplasm,AreaShape,
Image_Texture_Entropy_Mito_3_03_256,0.06288594254095334,0.8451115775842927,0.01887845191632195,0.07312402795843215,5881.360717243005,Image,Texture,Mito
Cytoplasm_Granularity_2_Mito,0.056774556198834834,0.7800905329084779,0.034238400661626874,0.12889651023106044,7951.148740115249,Cytoplasm,Granularity,Mito
Cytoplasm_RadialDistribution_RadialCV_AGP_4of4,0.13565603018725858,0.6118059610528481,0.008959364462029806,0.24357864429786352,11100.582337899505,Cytoplasm,RadialDistribution,AGP
Image_Intensity_MADIntensity_AGP,0.07826819164032243,0.649382052731709,0.05242465907640914,0.21992509655155934,8874.404842118747,Image,Intensity,AGP
Cytoplasm_Granularity_8_DNA,0.009793304296888487,0.8906463131850555,0.030779186231603476,0.0687811962864526,14134.853583782278,Cytoplasm,Granularity,DNA
Nuclei_Texture_Correlation_Mito_5_01_256,0.038814279179271854,0.8386347954372074,0.012269036123865994,0.11028188925965474,5686.769448121112,Nuclei,Texture,Mito
Nuclei_Texture_SumAverage_DNA_5_00_256,0.006031906734634402,0.9556522274921008,0.01985578965574222,0.018460076117522543,17771.468730053253,Nuclei,Texture,DNA
Cells_Texture_SumVariance_DNA_5_01_256,0.009813423813544334,0.8874735866102518,0.05492672440422346,0.04778626517198034,420336.11115933023,Cells,Texture,DNA
Cytoplasm_Granularity_12_ER,0.09387669956204892,0.6954404092741721,0.02916431884034593,0.18151857232343316,8415.707553976714,Cytoplasm,Granularity,ER
Cytoplasm_Texture_Contrast_RNA_5_02_256,0.027573421851054918,0.8220755077779945,0.0032103217261678415,0.14714074864478274,104393.09874556099,Cytoplasm,Texture,RNA
Cells_Texture_InfoMeas1_RNA_10_01_256,0.044098844106502035,0.7475881720196549,0.04424265649643387,0.16407032737740918,22829.94464887863,Cells,Texture,RNA
Cytoplasm_Intensity_MeanIntensity_AGP,0.0021754858681667932,0.9642546959221628,0.022468794356321556,0.011101023853348872,9253.166404574937,Cytoplasm,Intensity,AGP
Nuclei_Texture_SumVariance_RNA_5_02_256,0.048638920572362396,0.6648714299191837,0.02532714081069048,0.26116250869776336,69895.77235093058,Nuclei,Texture,RNA
Cytoplasm_Texture_Correlation_DNA_10_01_256,0.0006270439923647319,0.9828907234063374,0.007284651063317529,0.009197581537980516,287169.4176543552,Cytoplasm,Texture,DNA
Image_ImageQuality_PowerLogLogSlope_OrigAGP,0.029975784489509893,0.878838993554295,0.011266412797335942,0.07991880915885921,7085.694202369927,Image,ImageQuality,
Nuclei_Granularity_9_Mito,0.049466295204512976,0.677437960508652,0.08249904072099594,0.1905967035658392,6310.810194716793,Nuclei,Granularity,Mito
Nuclei_Texture_AngularSecondMoment_AGP_3_01_256,0.0017820200529208743,0.8908187887261372,0.0860782550913803,0.021320936129561645,380702.50337437924,Nuclei,Texture,AGP
Cells_Texture_DifferenceEntropy_Mito_5_02_256,0.06276915471810818,0.6696849137355821,0.0734703858095809,0.1940755457367288,11528.518291850265,Cells,Texture,Mito
Image_Texture_Entropy_Mito_5_00_256,0.06321881245805584,0.8449500804899871,0.01875396875446177,0.07307713829749525,5890.989057818334,Image,Texture,Mito
Cytoplasm_Texture_SumVariance_AGP_10_00_256,0.09559613129188811,0.4500956129374298,0.01285235645647327,0.441455899314209,39461.55291228149,Cytoplasm,Texture,AGP
Nuclei_Texture_Entropy_AGP_10_02_256,0.004175445860695731,0.9391633369737825,0.03572658154546229,0.020934635620059504,29678.00033399871,Nuclei,Texture,AGP
Nuclei_Neighbors_PercentTouching_1,0.07869610944849921,0.7068450801740579,0.032330741722989734,0.1821280686544532,7943.755242085565,Nuclei,Neighbors,
Cells_Texture_InfoMeas1_RNA_5_02_256,0.025991675239574973,0.4263862685830538,0.30391765552676503,0.24370440065060628,22608.54318539717,Cells,Texture,RNA
Image_Texture_InverseDifferenceMoment_ER_3_00_256,0.07250114607189298,0.8303708780583575,0.01292890355692213,0.08419907231282736,12349.781133157478,Image,Texture,ER
Nuclei_Correlation_RWC_DNA_AGP,0.018781578782448047,0.8778690361941306,0.01668279303696648,0.08666659198645477,30401.374763872143,Nuclei,Correlation,AGP
Nuclei_Texture_InfoMeas2_Mito_10_03_256,0.04588184203258794,0.7438175006508756,0.0677608994583643,0.14253975785817222,8197.519637252957,Nuclei,Texture,Mito
Image_Texture_InfoMeas1_Mito_3_02_256,0.05778063427134332,0.5444782056313769,0.050426493125759926,0.34731466697151986,18364.471233000313,Image,Texture,Mito
Cytoplasm_Correlation_RWC_ER_DNA,0.002737387003525093,0.8890326602794211,0.08335393440691688,0.024876018310137013,8879.702755533275,Cytoplasm,Correlation,DNA
Image_ImageQuality_PowerLogLogSlope_OrigMito,0.02381372239891643,0.8396261235973822,0.01697953919326373,0.11958061481043764,8145.442422371637,Image,ImageQuality,
Image_Threshold_SumOfEntropies_CellsIncludingEdges,0.03535167576177671,0.42984356087070363,0.007296154218076498,0.5275086091494432,15507.341647445635,Image,Threshold,
Cytoplasm_Correlation_Manders_DNA_ER,0.043333299895685844,0.759359665491254,0.023007424565889636,0.17429961004717043,94225.70639636235,Cytoplasm,Correlation,DNA
Nuclei_Texture_Entropy_ER_3_02_256,0.009277189568467884,0.889622313762719,0.043166294479147584,0.05793420218966546,11832.668415431803,Nuclei,Texture,ER
Nuclei_Texture_SumAverage_RNA_10_01_256,0.010132859463286348,0.9220875332070516,0.014994802570466528,0.0527848047591956,9136.089678283666,Nuclei,Texture,RNA
Nuclei_Texture_Variance_ER_10_00_256,0.07721734816885192,0.5729404993861794,0.014528488279561822,0.33531366416540687,60865.93138744941,Nuclei,Texture,ER
Cells_RadialDistribution_FracAtD_mito_tubeness_16of16,0.07949788383137506,0.3687494892866775,0.13379970160376378,0.4179529252781837,34417.31223936878,Cells,RadialDistribution,
Cells_RadialDistribution_MeanFrac_mito_tubeness_7of20,0.24139782402367074,0.12800886369050596,0.05834540809338169,0.5722479041924416,37962.138866425026,Cells,RadialDistribution,
Nuclei_Texture_AngularSecondMoment_ER_10_03_256,0.018634078041253634,0.6711239291730561,0.12156686831277648,0.18867512447291387,156489.54060531728,Nuclei,Texture,ER
Cells_Texture_InverseDifferenceMoment_Mito_5_02_256,0.03414780723079451,0.776179857973598,0.060126084029339465,0.1295462507662681,7286.960065740406,Cells,Texture,Mito
Image_Texture_SumEntropy_AGP_3_03_256,0.10522221152001542,0.7634201128078225,0.02018629792539567,0.11117137774676639,6369.773103040907,Image,Texture,AGP
Image_Texture_Variance_AGP_10_03_256,0.015837753432290012,0.8057272648302037,0.07233666592468815,0.10609831581281819,8400.364753711596,Image,Texture,AGP
Nuclei_RadialDistribution_RadialCV_AGP_4of4,0.09209620118753238,0.7474096457174415,0.01756089440107392,0.14293325869395235,10874.438768828088,Nuclei,RadialDistribution,AGP
Cytoplasm_RadialDistribution_RadialCV_mito_tubeness_13of20,0.06270009928386282,0.5513264964736981,0.018259034352921873,0.36771436988951706,18846.787521513375,Cytoplasm,RadialDistribution,
Image_Texture_InverseDifferenceMoment_RNA_5_03_256,0.09444812794756294,0.7992899028836314,0.010521974395437105,0.09573999477336856,6408.595999438787,Image,Texture,RNA
Cytoplasm_AreaShape_Solidity,0.04140771572981163,0.7069786128008096,0.017763292300608285,0.23385037916877044,11603.745214745217,Cytoplasm,AreaShape,
Cells_Texture_SumVariance_RNA_5_01_256,0.04710335676110693,0.666892231135212,0.013215422929614664,0.2727889891740663,63458.76738186239,Cells,Texture,RNA
Image_Texture_DifferenceEntropy_RNA_5_01_256,0.10450422711197911,0.7697581244647976,0.016552751285775266,0.10918489713744799,6509.9515061934435,Image,Texture,RNA
Cytoplasm_Texture_InfoMeas2_DNA_5_03_256,0.004133889307918668,0.9724304434585701,0.008960527987715948,0.014475139245795247,3960.373705119362,Cytoplasm,Texture,DNA
Nuclei_Texture_SumEntropy_ER_3_03_256,0.008928598605236097,0.8855596059234443,0.0401219401319484,0.06538985533937118,12559.438182949107,Nuclei,Texture,ER
Cells_Texture_Variance_AGP_10_00_256,0.12478151263082236,0.38623601805677854,0.013155939947722864,0.47582652936467623,52786.63267872004,Cells,Texture,AGP
Cytoplasm_Texture_SumEntropy_DNA_3_03_256,0.005828550555508105,0.9569272834719146,0.017897803285544273,0.019346362687033228,3582.8185419830725,Cytoplasm,Texture,DNA
Cytoplasm_Texture_Variance_DNA_3_02_256,0.008627449007112327,0.8361674697054903,0.08397616266252148,0.07122891862487583,218368.3839048574,Cytoplasm,Texture,DNA
Cells_RadialDistribution_RadialCV_mito_tubeness_6of20,0.07317158377291859,0.6206372889631453,0.04596508472461573,0.26022604253932036,24301.885561642266,Cells,RadialDistribution,
Cells_Neighbors_FirstClosestObjectNumber_Adjacent,0.15752266307456567,0.6461219219796971,0.01487656906855612,0.18147884587718124,9515.850706438792,Cells,Neighbors,
Nuclei_Texture_Contrast_Mito_5_02_256,0.2389601994526829,0.19027958695172217,0.08354529464067653,0.48721491895491836,67574.30031020395,Nuclei,Texture,Mito
Cytoplasm_RadialDistribution_FracAtD_DNA_4of4,0.014668012713897099,0.7385070051593193,0.01758708980493138,0.22923789232185238,17843.548091218618,Cytoplasm,RadialDistribution,DNA
Nuclei_Texture_Entropy_RNA_3_02_256,0.0034457415096937824,0.9175999604602564,0.03367568388974964,0.04527861414030021,12941.329159255592,Nuclei,Texture,RNA
Image_Intensity_MinIntensity_RNA_BackgroundOnly,0.002478216262964636,0.9378161381597471,0.021667496928953645,0.03803814864833473,15088.769018536028,Image,Intensity,RNA
Cells_Texture_Entropy_Mito_10_03_256,0.018079581390298066,0.7914056492644296,0.06321306429418788,0.12730170505108465,7860.499799339444,Cells,Texture,Mito
Cytoplasm_Correlation_RWC_RNA_ER,0.0322463964405903,0.7913307372920376,0.04319465751218525,0.13322820875518687,55531.73223221105,Cytoplasm,Correlation,ER
Image_Texture_DifferenceEntropy_DNA_3_03_256,0.017649491139001196,0.9429586740095248,0.005194798701832557,0.03419703614964151,13209.486148287104,Image,Texture,DNA
Image_Texture_InverseDifferenceMoment_ER_5_02_256,0.08340598084765095,0.8169238955973464,0.011399226305449628,0.08827089724955306,12993.760086823295,Image,Texture,ER
Cytoplasm_Texture_InfoMeas1_RNA_5_02_256,0.04178977387689178,0.42413511978989943,0.2609627480326023,0.2731123583006065,21200.009706612196,Cytoplasm,Texture,RNA
Image_ImageQuality_LocalFocusScore_OrigMito_5,0.05720786279308148,0.5396405988014535,0.09534509332621263,0.30780644507925237,132836.85516716918,Image,ImageQuality,
Cells_Texture_DifferenceEntropy_RNA_10_02_256,0.009313802227274322,0.8784059441013052,0.03195117245165654,0.08032908121976391,13186.965444540943,Cells,Texture,RNA
Cytoplasm_Texture_SumEntropy_ER_3_02_256,0.010279415299293977,0.8830101930519542,0.05022549663032216,0.05648489501842978,9856.79540543749,Cytoplasm,Texture,ER
Cytoplasm_Texture_DifferenceVariance_ER_5_03_256,0.015622717229106589,0.6780804655676302,0.10416056534001479,0.20213625186324835,110723.43366485357,Cytoplasm,Texture,ER
Nuclei_Texture_InfoMeas1_AGP_10_01_256,0.12619449477053227,0.6304389294474457,0.019427204736390508,0.22393937104563166,24820.536116431165,Nuclei,Texture,AGP
Nuclei_Texture_InfoMeas2_Mito_10_00_256,0.049092386616728656,0.7558901162849934,0.05990486169230038,0.13511263540597748,7846.064383045328,Nuclei,Texture,Mito
Cytoplasm_Texture_Correlation_ER_3_03_256,0.032480341014443324,0.7189145643728949,0.055312973009035794,0.1932921216036258,23252.715074291787,Cytoplasm,Texture,ER
Cytoplasm_Texture_Correlation_RNA_5_03_256,0.07321489758660277,0.47219003501711004,0.09873750757570447,0.35585755982058276,28532.964595927886,Cytoplasm,Texture,RNA
Cells_Correlation_Overlap_AGP_Mito,0.012466589687701419,0.9149380839912633,0.0205145936829448,0.05208073263809058,5016.622156118872,Cells,Correlation,AGP
Nuclei_Texture_InfoMeas2_ER_5_01_256,0.0225697008011491,0.8694858146034725,0.038892663961213686,0.06905182063416472,9308.861211660582,Nuclei,Texture,ER
Cells_Texture_SumVariance_AGP_3_01_256,0.13369238640285416,0.3464669822805304,0.014462461556451457,0.505378169760164,46230.0415508008,Cells,Texture,AGP
Cells_Texture_Correlation_Mito_5_01_256,0.07394147765070568,0.6569790035333894,0.056347453802709224,0.21273206501319578,10654.672768051638,Cells,Texture,Mito
Cytoplasm_Texture_InfoMeas1_AGP_5_03_256,0.03527684847713723,0.781335850653986,0.026587309440529706,0.15679999142834697,8899.269726346438,Cytoplasm,Texture,AGP
Cytoplasm_Texture_InfoMeas1_Mito_3_02_256,0.0391983825855678,0.7299040600484087,0.07836393500580782,0.15253362236021584,10757.06261567708,Cytoplasm,Texture,Mito
Image_Texture_Variance_Mito_5_03_256,0.007566726174227316,0.7438234738702284,0.03975455637399939,0.2088552435815448,33848.19860691464,Image,Texture,Mito
Nuclei_Texture_SumVariance_RNA_10_03_256,0.033277617405258274,0.7453905801250684,0.027034979016967997,0.1942968234527052,81061.1355933984,Nuclei,Texture,RNA
Nuclei_Intensity_MaxIntensity_RNA,0.009978368751970815,0.9191280061840074,0.021672836978343765,0.049220788085678084,11063.568181829687,Nuclei,Intensity,RNA
Cytoplasm_Texture_Contrast_ER_10_02_256,0.12079826910077245,0.3764038490857501,0.04601631759351109,0.4567815642199664,28163.237618207448,Cytoplasm,Texture,ER
Cytoplasm_Texture_SumEntropy_DNA_10_02_256,0.005473168756436482,0.957494206640212,0.01766044496099543,0.019372179642356036,3298.7107961350944,Cytoplasm,Texture,DNA
Cells_Texture_SumVariance_ER_3_03_256,0.08279678870203494,0.5151778004501322,0.019242784538661933,0.38278262630917104,35355.421334101775,Cells,Texture,ER
Cells_RadialDistribution_RadialCV_ER_1of4,0.03695228901778417,0.7960960048106476,0.02856903459080255,0.13838267158076567,9324.985508582733,Cells,RadialDistribution,ER
Cytoplasm_Texture_AngularSecondMoment_Mito_5_00_256,0.019484301556572763,0.6258302261792399,0.1438094126557752,0.21087605960841216,26491.344972049345,Cytoplasm,Texture,Mito
Nuclei_Texture_DifferenceEntropy_RNA_5_01_256,0.0048139971088280815,0.9116754465222221,0.03770406808797954,0.04580648828097022,10655.896925940271,Nuclei,Texture,RNA
Cytoplasm_Texture_Correlation_DNA_5_03_256,0.0009510669086671424,0.9654380098009641,0.017953691307598347,0.015657231982770456,72146.07586048832,Cytoplasm,Texture,DNA
Cells_Texture_InfoMeas1_DNA_5_02_256,0.0012841218105706866,0.9833234138314414,0.002678809098495405,0.012713655259492602,36398.945679058335,Cells,Texture,DNA
Nuclei_Texture_SumAverage_DNA_3_01_256,0.006002595557941124,0.9556928917972917,0.01997093254509635,0.01833358009967085,17700.618466287306,Nuclei,Texture,DNA
Cells_RadialDistribution_MeanFrac_mito_tubeness_5of20,0.23488081799379906,0.13681879204699024,0.05528279718640778,0.573017592772803,40582.53357071949,Cells,RadialDistribution,
Nuclei_Texture_Variance_ER_10_03_256,0.07996106908222965,0.5606377402691118,0.015304280108639863,0.34409691054001856,58113.38809003077,Nuclei,Texture,ER
Nuclei_Texture_DifferenceEntropy_DNA_10_00_256,0.0048861970286824385,0.9745166429261635,0.008599539397056172,0.01199762064809786,4781.222191411809,Nuclei,Texture,DNA
Image_Texture_DifferenceEntropy_ER_5_00_256,0.1072916474047682,0.7565995791968189,0.02445223428895433,0.11165653910945858,7836.203283079203,Image,Texture,ER
Cytoplasm_Texture_SumEntropy_RNA_3_02_256,0.010540678486206599,0.8840257943063355,0.03722991638696207,0.0682036108204957,12577.06572490224,Cytoplasm,Texture,RNA
Cells_RadialDistribution_FracAtD_RNA_2of4,0.10645443579114064,0.41102560974930885,0.019839254480848587,0.462680699978702,25804.427078171524,Cells,RadialDistribution,RNA
Image_Texture_DifferenceVariance_RNA_10_00_256,0.012005928288665289,0.7892539707504186,0.16905564748851634,0.029684453472399955,170509.15842443978,Image,Texture,RNA
Cells_Texture_AngularSecondMoment_DNA_5_03_256,0.0040272750113305635,0.9252101776772754,0.03040375498531689,0.04035879232607704,10925.315298868984,Cells,Texture,DNA
Image_Intensity_PercentMaximal_ER,0.02426500318091476,0.11146596951764665,0.014556453692803204,0.8497125736086354,42538.73276424762,Image,Intensity,ER
Nuclei_Texture_SumEntropy_ER_3_00_256,0.009097105950728037,0.8854206730422054,0.040096065961439685,0.06538615504562684,12676.28357016487,Nuclei,Texture,ER
Nuclei_Texture_SumAverage_AGP_3_01_256,0.009441535503827625,0.9436944940277217,0.015229063341081513,0.03163490712736927,5144.576299314241,Nuclei,Texture,AGP
Cytoplasm_Texture_InverseDifferenceMoment_ER_10_03_256,0.010463157116919666,0.8688999522034329,0.058639783160902036,0.0619971075187456,13096.694999140256,Cytoplasm,Texture,ER
Image_Texture_SumAverage_RNA_10_00_256,0.013965033626155907,0.9257553293163288,0.012947537672810325,0.04733209938470503,24679.710267649032,Image,Texture,RNA
Cytoplasm_Texture_Variance_DNA_5_03_256,0.008414693063348869,0.8351821216238116,0.08649927823388297,0.0699039070789565,261688.65449737725,Cytoplasm,Texture,DNA
Cells_AreaShape_Zernike_9_9,0.08183067744772679,0.4869518435597942,0.036213329815888935,0.3950041491765901,14891.92520527217,Cells,AreaShape,
Cells_RadialDistribution_MeanFrac_mito_tubeness_6of20,0.23201277499899517,0.13479750383169933,0.054087924830868446,0.5791017963384371,39305.05606306794,Cells,RadialDistribution,
Cytoplasm_Texture_InfoMeas1_AGP_3_02_256,0.007215394257824904,0.8438264489127213,0.06238562856202636,0.0865725282674274,7875.7289837701255,Cytoplasm,Texture,AGP
Image_Intensity_TotalArea_AGP__BackgroundOnly,0.2757437985806492,0.45886781724025927,0.015064126027869653,0.2503242581512217,11723.584905771417,Image,Intensity,AGP
Nuclei_Texture_SumVariance_AGP_3_03_256,0.1178486533880051,0.4028258208047811,0.01386577707577781,0.4654597487314361,57108.51482320715,Nuclei,Texture,AGP
Cells_RadialDistribution_RadialCV_mito_tubeness_12of16,0.061684554457232775,0.5949154999510072,0.020456538063173386,0.3229434075285865,12126.4084991103,Cells,RadialDistribution,
Cells_Correlation_K_RNA_AGP,0.010075886759078638,0.8083001849269636,0.1067097344663604,0.0749141938475973,7315.940621091491,Cells,Correlation,AGP
Cytoplasm_Texture_Entropy_DNA_10_01_256,0.005919077745346322,0.9552473241177207,0.016284239023960728,0.022549359112972164,3565.5854525458794,Cytoplasm,Texture,DNA
Cells_Texture_InfoMeas1_RNA_5_01_256,0.02419772391744407,0.49585740277442164,0.24106520774757934,0.23887966556055504,24232.19642464062,Cells,Texture,RNA
Nuclei_Texture_Correlation_AGP_5_02_256,0.02876125435054962,0.7453971275778394,0.04460631337743966,0.18123530469417137,5863.83096145381,Nuclei,Texture,AGP
Nuclei_Texture_InfoMeas2_ER_3_03_256,0.013561421189166208,0.8821299017049704,0.03957603850296735,0.06473263860289613,9636.188474197226,Nuclei,Texture,ER
Image_Texture_InverseDifferenceMoment_RNA_3_03_256,0.0777277981552441,0.823244687002696,0.010405472963639778,0.08862204187841999,6671.188508179805,Image,Texture,RNA
Cells_Texture_InfoMeas2_DNA_3_03_256,0.0006183182616229225,0.9857731877147154,0.0027988181695442343,0.010809675854117403,48048.77347058748,Cells,Texture,DNA
Image_Texture_InfoMeas2_DNA_5_03_256,0.06093637130536922,0.8281676930165729,0.01727643536147282,0.09361950031658513,12193.466149763048,Image,Texture,DNA
Image_Granularity_6_ER,0.18022942028303046,0.11749795324388403,0.15960100873473063,0.5426716177383547,34211.54020711625,Image,Granularity,ER
Cytoplasm_RadialDistribution_FracAtD_mito_tubeness_16of16,0.026602099792025224,0.7212265012302733,0.0414109892158032,0.21076040976189817,103837.13349022846,Cytoplasm,RadialDistribution,
Cells_Intensity_MaxIntensity_ER,0.016667413554243185,0.8975691782594007,0.03037808649069037,0.055385321695665624,6591.37263730667,Cells,Intensity,ER
Cells_AreaShape_MaxFeretDiameter,0.1006197850964833,0.3105282781648442,0.035894843039122715,0.5529570936995497,48547.30901978314,Cells,AreaShape,
Cells_RadialDistribution_RadialCV_mito_tubeness_10of16,0.05008949472359752,0.6289656222284644,0.051459930626072826,0.2694849524218652,10958.062154593563,Cells,RadialDistribution,
Cells_Texture_Correlation_DNA_3_00_256,0.0027106772258610108,0.8738737683983089,0.07702767856594352,0.04638787580988649,278260.1323392401,Cells,Texture,DNA
Cells_Texture_Correlation_Mito_10_03_256,0.15761585856271224,0.4679999376186503,0.07162361438383472,0.3027605894348028,11035.96300285741,Cells,Texture,Mito
Cytoplasm_Texture_DifferenceVariance_ER_10_00_256,0.015031855007423154,0.6971827498663533,0.10518683826269751,0.1825985568635261,138297.1095170761,Cytoplasm,Texture,ER
Cytoplasm_Texture_SumEntropy_ER_10_03_256,0.00987387380712623,0.8861015687693142,0.047878596161109406,0.056145961262450035,11090.611373634458,Cytoplasm,Texture,ER
Image_Granularity_12_RNA,0.10313591417370183,0.4635584195960839,0.03512626620590617,0.3981794000243082,17255.186438506113,Image,Granularity,RNA
Cytoplasm_RadialDistribution_MeanFrac_DNA_4of4,0.013147320031907108,0.9207597519180922,0.019467867321306478,0.04662506072869416,20586.228744872846,Cytoplasm,RadialDistribution,DNA
Cells_RadialDistribution_FracAtD_mito_tubeness_14of16,0.0689114872118722,0.6596019173820789,0.04669059470018012,0.22479600070586883,8912.425936462556,Cells,RadialDistribution,
Cytoplasm_Correlation_Manders_AGP_Mito,0.08870253402833513,0.6822584686029137,0.06398151647103442,0.16505748089771657,16631.732299445117,Cytoplasm,Correlation,AGP
Cytoplasm_Texture_Variance_AGP_10_03_256,0.09372031601482589,0.46356934230803815,0.012287728419511187,0.4304226132576248,44110.13782519134,Cytoplasm,Texture,AGP
Image_Intensity_MedianIntensity_AGP__BackgroundOnly,0.0009176505037100014,0.9791875137950163,0.000579310700592064,0.01931552500068161,96659.85253346871,Image,Intensity,AGP
Image_Intensity_MADIntensity_Mito,0.01837500606474501,0.8871919881454519,0.01793793338162609,0.07649507240817703,14990.147752778708,Image,Intensity,Mito
Cytoplasm_Texture_SumEntropy_DNA_5_02_256,0.005774131292894224,0.9571780076220562,0.0176859636868435,0.019361897398206082,3530.8611575004884,Cytoplasm,Texture,DNA
Image_Texture_Variance_AGP_3_02_256,0.01567842478368237,0.8040131849378774,0.07378612996149984,0.10652226031694041,8464.361499112043,Image,Texture,AGP
Cells_Correlation_K_Mito_RNA,0.00975695866047614,0.8470692798317094,0.08995113931398786,0.05322262219382663,184991.86912333415,Cells,Correlation,Mito
Cells_Texture_SumEntropy_RNA_10_00_256,0.008457598160552427,0.8708426385514068,0.044769660569558625,0.0759301027184823,15307.11110197267,Cells,Texture,RNA
Cytoplasm_Texture_AngularSecondMoment_AGP_5_00_256,0.012560377266898837,0.7796669770489797,0.14777922810664648,0.059993417577475026,310971.9492582188,Cytoplasm,Texture,AGP
Cells_Texture_SumVariance_ER_10_00_256,0.07290492278430653,0.5528303832272309,0.017504091813389727,0.356760602175073,32869.09894706741,Cells,Texture,ER
Image_Texture_SumEntropy_Mito_3_03_256,0.07943724344509889,0.8161750312171171,0.021005900895232663,0.08338182444255125,5674.905513702183,Image,Texture,Mito
Nuclei_RadialDistribution_MeanFrac_DNA_1of4,0.14410648676649937,0.4393926386825657,0.07638489681041657,0.34011597774051844,27432.73803997979,Nuclei,RadialDistribution,DNA
Image_Texture_Correlation_RNA_3_00_256,0.07045152954060999,0.6272523535334994,0.05016003153032914,0.25213608539556137,13450.40740575846,Image,Texture,RNA
Cytoplasm_RadialDistribution_MeanFrac_RNA_1of4,0.2498937573964871,0.22158416109942666,0.048063347859341896,0.48045873364474445,57378.491102684304,Cytoplasm,RadialDistribution,RNA
Nuclei_Texture_InverseDifferenceMoment_Mito_5_03_256,0.06636473184774337,0.7489364372983485,0.05228783363680931,0.13241099721709873,5862.632138058757,Nuclei,Texture,Mito
Cells_Texture_Contrast_Mito_10_01_256,0.17942305320137802,0.2666941701555725,0.04630124346664017,0.5075815331764094,49781.93100409373,Cells,Texture,Mito
Cytoplasm_Granularity_1_Mito,0.06305630392346676,0.7421486642673715,0.05351875894674369,0.1412762728624181,6596.50227193923,Cytoplasm,Granularity,Mito
Image_Texture_Correlation_DNA_3_01_256,0.0227974620544655,0.8760438747313571,0.04379287616322304,0.05736578705095442,13302.076808412063,Image,Texture,DNA
Nuclei_Texture_DifferenceEntropy_ER_10_02_256,0.008011246411539955,0.886655341652577,0.0377642080799968,0.06756920385588623,12897.738749946191,Nuclei,Texture,ER
Nuclei_RadialDistribution_FracAtD_DNA_3of4,0.055443203466545,0.4931619029892756,0.14640004666680878,0.30499484687737066,90876.7524276476,Nuclei,RadialDistribution,DNA
Cells_Texture_AngularSecondMoment_RNA_3_01_256,0.0291462432543685,0.6814207387646087,0.08282472167814457,0.20660829630287816,267492.78920166637,Cells,Texture,RNA
Cytoplasm_RadialDistribution_FracAtD_mito_tubeness_15of16,0.043418710256545166,0.6310509888315685,0.0574439162916735,0.2680863846202128,19034.921781165693,Cytoplasm,RadialDistribution,
Cytoplasm_Texture_Correlation_Mito_3_02_256,0.0927792584728224,0.6579034466244441,0.027387595429271376,0.22192969947346208,10163.54115519256,Cytoplasm,Texture,Mito
Cytoplasm_Texture_InverseDifferenceMoment_DNA_5_01_256,0.0016847151887641567,0.8681352281605182,0.09186135402110307,0.03831870262961444,11733.288097333661,Cytoplasm,Texture,DNA
Nuclei_Texture_Contrast_DNA_10_03_256,0.024935134338769,0.8350935262103637,0.04412766332106948,0.09584367612979772,390884.5942559785,Nuclei,Texture,DNA
Cells_RadialDistribution_MeanFrac_AGP_1of4,0.14647850716726585,0.5163477414619639,0.020919298221168753,0.3162544531496015,65290.7645512313,Cells,RadialDistribution,AGP
Image_Texture_Correlation_AGP_5_02_256,0.028312317821976248,0.8825524429635516,0.008906040381733598,0.08022919883273845,13027.933877041862,Image,Texture,AGP
Image_Texture_InfoMeas2_DNA_3_02_256,0.10749300930350092,0.738377815359296,0.024365434240038092,0.129763741097165,29326.001414418693,Image,Texture,DNA
Cells_Texture_SumVariance_Mito_3_03_256,0.1390942140608857,0.35005954247959115,0.04152582297301039,0.4693204204865128,41463.37744532868,Cells,Texture,Mito
Nuclei_Texture_SumAverage_ER_5_03_256,0.01772992022406225,0.9161679539763115,0.009880470088375965,0.05622165571125031,6150.859965096148,Nuclei,Texture,ER
Nuclei_Texture_AngularSecondMoment_ER_3_03_256,0.01808781686409219,0.66238985839798,0.11325955925767886,0.20626276548024902,138673.01691765845,Nuclei,Texture,ER
Cells_RadialDistribution_MeanFrac_Mito_4of4,0.11056756887488275,0.48396903692352333,0.046302540499106634,0.35916085370248724,10080.719677802017,Cells,RadialDistribution,Mito
Cells_Texture_DifferenceVariance_ER_3_03_256,0.01977234951762798,0.6202045873350768,0.10933487972501124,0.2506881834222841,90796.97029814761,Cells,Texture,ER
Cells_Neighbors_PercentTouching_5,0.3358723248597465,0.35887054124592876,0.054252528244154136,0.25100460565017046,29529.87765875311,Cells,Neighbors,
Image_Texture_DifferenceEntropy_DNA_10_00_256,0.02243793387438007,0.9364674382506704,0.004294332084021941,0.03680029579092757,13144.490591195508,Image,Texture,DNA
Image_Texture_Variance_DNA_5_03_256,0.0005393112839636475,0.9807814189018922,0.011336912453666357,0.007342357360477734,757052.9406431931,Image,Texture,DNA
Nuclei_Texture_InverseDifferenceMoment_RNA_5_02_256,0.00468975455070596,0.9067622404058167,0.03406187428625407,0.054486130757223326,16282.20389878919,Nuclei,Texture,RNA
Cytoplasm_Texture_InfoMeas2_DNA_3_02_256,0.0031356022112886297,0.9823140568909612,0.005099225770552488,0.009451115127197708,4124.458004365285,Cytoplasm,Texture,DNA
Cells_Texture_SumAverage_RNA_5_00_256,0.008973359521016912,0.924799945642441,0.011257398722174017,0.05496929611436832,10589.465859026397,Cells,Texture,RNA
Cytoplasm_Texture_SumAverage_Mito_10_01_256,0.00435776766784824,0.9521758003300157,0.008055182517443506,0.03541124948469254,34302.150945819005,Cytoplasm,Texture,Mito
Nuclei_Texture_Contrast_RNA_10_03_256,0.04005365508748534,0.7206267410284158,0.024517976762306753,0.21480162712179213,83890.81355855687,Nuclei,Texture,RNA
Cells_Granularity_8_Mito,0.06419124235760709,0.554330473130642,0.0971526519290268,0.28432563258272414,10573.034691217024,Cells,Granularity,Mito
Image_Granularity_13_RNA,0.11746586409409666,0.44794434833983815,0.03678430895262915,0.3978054786134361,19572.795341718014,Image,Granularity,RNA
Cytoplasm_Texture_AngularSecondMoment_RNA_3_01_256,0.02423901777545523,0.6850502810753085,0.10852421199677825,0.18218648915245805,244971.19210557736,Cytoplasm,Texture,RNA
Cells_RadialDistribution_RadialCV_mito_tubeness_15of20,0.06413633461821328,0.5906540592887174,0.019986771175997835,0.3252228349170714,12436.631345339465,Cells,RadialDistribution,
Image_Texture_Contrast_AGP_5_00_256,0.014697060530938959,0.8669788839881427,0.021418437705096837,0.09690561777582148,19803.714890942898,Image,Texture,AGP
Nuclei_RadialDistribution_RadialCV_RNA_3of4,0.046380307907553396,0.7217386893168967,0.033280171916327234,0.1986008308592227,12664.376511594972,Nuclei,RadialDistribution,RNA
Cytoplasm_Texture_Contrast_AGP_10_00_256,0.08819842198231793,0.4931343191294229,0.011786397390923922,0.4068808614973353,50724.099016493805,Cytoplasm,Texture,AGP
Cells_Texture_Variance_RNA_10_01_256,0.046943819403961515,0.677144237821314,0.012964456414422516,0.26294748636030185,67117.7526935951,Cells,Texture,RNA
Cells_Texture_SumEntropy_AGP_10_03_256,0.007356116853408561,0.9162721551217888,0.03968643637244021,0.036685291652362416,24650.740845476517,Cells,Texture,AGP
Nuclei_Texture_SumVariance_DNA_5_02_256,0.03494298010524985,0.8039244332659653,0.03948143877611973,0.12165114785266509,400520.4726817838,Nuclei,Texture,DNA
Cytoplasm_Texture_InverseDifferenceMoment_AGP_3_03_256,0.00812873856579774,0.875875413444547,0.06982375920790629,0.04617208878174894,10016.835753802945,Cytoplasm,Texture,AGP
Cells_Intensity_MedianIntensity_DNA,0.001253987397654888,0.9583900916653937,0.018290530155538432,0.022065390781413008,47740.11111292979,Cells,Intensity,DNA
Image_Texture_SumAverage_ER_5_03_256,0.007807872322262767,0.969478485037529,0.0031692775909793816,0.019544365049228872,33517.067617989684,Image,Texture,ER
Image_Intensity_StdIntensity_ER,0.015233888636531833,0.9078259042153642,0.029894713203070692,0.04704549394503319,7015.925478553879,Image,Intensity,ER
Nuclei_AreaShape_Zernike_6_2,0.24112452307183987,0.22729489428346952,0.1018297955852863,0.4297507870594042,24474.378310807973,Nuclei,AreaShape,
Image_Texture_Contrast_Mito_3_03_256,0.011668664693662387,0.7083562179226361,0.09620452834795411,0.18377058903574714,27545.8827350362,Image,Texture,Mito
Cytoplasm_RadialDistribution_MeanFrac_AGP_3of4,0.27491120417248427,0.270724884743638,0.02341642110082854,0.43094748998304916,54601.58704326319,Cytoplasm,RadialDistribution,AGP
Cytoplasm_Texture_SumAverage_DNA_5_00_256,0.001007308279369132,0.977788286181064,0.0109316636900673,0.010272741849499627,77326.76807309495,Cytoplasm,Texture,DNA
Cytoplasm_Texture_DifferenceVariance_Mito_10_03_256,0.015745115790045793,0.5443836407512376,0.13744135262003643,0.3024298908386803,50535.053207810386,Cytoplasm,Texture,Mito
Image_Texture_AngularSecondMoment_AGP_3_03_256,0.2767115328737703,0.4025267302510174,0.019161004202041046,0.3016007326731714,24442.027945011083,Image,Texture,AGP
Cytoplasm_Texture_Variance_Mito_5_02_256,0.12907582615033544,0.3528884250213537,0.06105596578806441,0.45697978304024656,31832.86644813063,Cytoplasm,Texture,Mito
Cytoplasm_RadialDistribution_RadialCV_RNA_2of4,0.049712399582493516,0.745887648057234,0.01764444212057392,0.1867555102396986,6716.091764185392,Cytoplasm,RadialDistribution,RNA
Cytoplasm_RadialDistribution_FracAtD_mito_tubeness_10of16,0.13648399700166639,0.31348086162505284,0.0597847038637176,0.49025043750956315,60755.2945017443,Cytoplasm,RadialDistribution,
Image_Texture_AngularSecondMoment_DNA_10_03_256,0.04810124972529879,0.8580190132298647,0.008227811594128004,0.08565192545070836,7464.199464054975,Image,Texture,DNA
Image_Texture_DifferenceVariance_DNA_3_02_256,0.002264901581069313,0.9661437935680837,0.016851305241387587,0.014739999609459264,113027.30699860843,Image,Texture,DNA
Cells_Texture_SumVariance_ER_3_01_256,0.08269708394944979,0.5154318080980311,0.01924226408275477,0.38262884386976426,35313.34234901609,Cells,Texture,ER
Cytoplasm_Texture_SumEntropy_AGP_3_00_256,0.008522171485184298,0.9069638146359577,0.049872081851326674,0.03464193202753142,20854.68069480974,Cytoplasm,Texture,AGP
Cells_Intensity_UpperQuartileIntensity_AGP,0.004994849758735053,0.9496932552936334,0.0232575897435021,0.022054305204129498,6307.3240812815,Cells,Intensity,AGP
Image_Texture_InfoMeas1_DNA_10_03_256,0.095023419375081,0.7201093155637793,0.040458938545650545,0.14440832651548927,20838.81145647545,Image,Texture,DNA
Nuclei_Correlation_Overlap_AGP_RNA,0.007879094070500199,0.9083055703731044,0.045352021814636836,0.0384633137417584,6744.726563879919,Nuclei,Correlation,AGP
Nuclei_RadialDistribution_MeanFrac_AGP_3of4,0.08821136732754802,0.7158996064926014,0.0411118077957114,0.15477721838413924,31665.722264259675,Nuclei,RadialDistribution,AGP
Image_Texture_Correlation_RNA_10_00_256,0.17849128767903583,0.5219236811212761,0.03564384285950001,0.2639411883401881,15111.49517678469,Image,Texture,RNA
Cytoplasm_Correlation_RWC_ER_RNA,0.0172507132788502,0.6990164885217224,0.10314332494493515,0.18058947325449223,132087.94339504527,Cytoplasm,Correlation,ER
Image_Intensity_MADIntensity_Mito_BackgroundOnly,0.009413484530544412,0.6654446002817157,0.004627724014061221,0.3205141911736788,102631.8709322171,Image,Intensity,Mito
Cytoplasm_Texture_SumVariance_Mito_5_03_256,0.10948522543368082,0.3985457024399716,0.05742555951720881,0.4345435126091388,29862.97126084854,Cytoplasm,Texture,Mito
Image_Texture_InverseDifferenceMoment_ER_5_03_256,0.09379543593554476,0.800731111943699,0.011430669780543638,0.09404278234021264,12883.060910757591,Image,Texture,ER
Cells_RadialDistribution_RadialCV_RNA_2of4,0.03883306610230102,0.6831880383907118,0.08414091937150774,0.19383797613547937,8152.595931633919,Cells,RadialDistribution,RNA
Image_Granularity_11_ER,0.06775939323908138,0.6136773104257911,0.03513147093139887,0.28343182540372863,13456.627344043902,Image,Granularity,ER
Nuclei_Texture_InfoMeas2_Mito_3_03_256,0.032167668963842565,0.781882693138007,0.06381020258016863,0.12213943531798194,8091.966609354236,Nuclei,Texture,Mito
Cells_Granularity_4_AGP,0.23627909268987368,0.368891099204896,0.0021764291583354313,0.39265337894689484,19980.47637344234,Cells,Granularity,AGP
Nuclei_Texture_Variance_ER_3_03_256,0.08166331011222332,0.5578787733397634,0.014503379206147214,0.34595453734186604,59506.18583610782,Nuclei,Texture,ER
Cytoplasm_Granularity_14_AGP,0.1427498665865939,0.4855802882511593,0.011762289046234714,0.3599075561160121,14101.765543112753,Cytoplasm,Granularity,AGP
Cytoplasm_Texture_AngularSecondMoment_RNA_5_01_256,0.02598592164010573,0.693294197222405,0.09011827602487112,0.19060160511261803,270019.32022316364,Cytoplasm,Texture,RNA
Cytoplasm_Texture_Variance_RNA_10_02_256,0.031424400684090525,0.7559163641750247,0.003702524005856581,0.20895671113502828,74720.49289545025,Cytoplasm,Texture,RNA
Image_Texture_DifferenceVariance_ER_5_03_256,0.02462975547707514,0.6791858098013824,0.24099200210049615,0.05519243262104642,63301.56572592086,Image,Texture,ER
Image_ImageQuality_PercentMaximal_OrigMito,0.008279694449699001,0.657616412555716,0.07716468770336525,0.25693920529121966,787892.3659966118,Image,ImageQuality,
Cytoplasm_Texture_DifferenceEntropy_Mito_3_01_256,0.046611826461695205,0.6931101088044579,0.08375157910726583,0.17652648562658116,11853.595234911345,Cytoplasm,Texture,Mito
Nuclei_Texture_SumVariance_AGP_10_01_256,0.09371663509189589,0.4953352989130503,0.014364327571865896,0.39658373842318795,51348.59103071341,Nuclei,Texture,AGP
Image_Texture_DifferenceEntropy_RNA_10_02_256,0.11344606782979243,0.7554171526772104,0.016862502251292308,0.11427427724170498,6692.142494039885,Image,Texture,RNA
Image_Texture_DifferenceVariance_AGP_5_02_256,0.01688509241786248,0.7602717966614733,0.15852665905365737,0.06431645186700691,232368.6767285599,Image,Texture,AGP
Cytoplasm_Texture_Correlation_AGP_10_00_256,0.0386762020649484,0.6311677508602921,0.030433490685100456,0.2997225563896591,7665.231320458894,Cytoplasm,Texture,AGP
Image_Texture_SumVariance_AGP_3_00_256,0.015526699148299385,0.798116065828855,0.07798849641618572,0.10836873860665992,9061.16691664456,Image,Texture,AGP
Cytoplasm_Correlation_Correlation_DNA_ER,0.016173403788575427,0.8250027577049434,0.059711373166011765,0.09911246534046936,20119.874722039305,Cytoplasm,Correlation,DNA
Cytoplasm_Texture_Entropy_RNA_10_03_256,0.010045804444076099,0.8930781580723259,0.03340381864649321,0.06347221883710476,10641.91520069266,Cytoplasm,Texture,RNA
Cytoplasm_Texture_InfoMeas1_Mito_3_03_256,0.04475993022852955,0.670857834544329,0.07979134119268566,0.20459089403445574,10191.922230139178,Cytoplasm,Texture,Mito
Image_Texture_Variance_ER_10_00_256,0.00987035760428277,0.8524909050209042,0.05521618603403675,0.08242255134077626,18882.85034883621,Image,Texture,ER
Cells_Texture_Variance_Mito_10_01_256,0.15186361842104917,0.3207994781853045,0.04473089618709698,0.4826060072065493,42910.592684171585,Cells,Texture,Mito
Cells_RadialDistribution_RadialCV_mito_tubeness_3of20,0.1565349435591592,0.43602900106262765,0.03725261812518272,0.3701834372530305,26901.869254975867,Cells,RadialDistribution,
Cells_Texture_DifferenceVariance_AGP_3_02_256,0.005213267266208986,0.8385946771915208,0.10818677420873839,0.048005281333531866,373304.73938202113,Cells,Texture,AGP
Cytoplasm_Correlation_K_Mito_AGP,0.01284702497495682,0.8541753580437941,0.06134623916403128,0.07163137781721782,38799.04030704122,Cytoplasm,Correlation,AGP
Nuclei_Texture_SumEntropy_ER_5_01_256,0.008156914990991207,0.8865782769409745,0.040494747748753564,0.0647700603192808,12545.382049421067,Nuclei,Texture,ER
Cells_Texture_InverseDifferenceMoment_ER_3_01_256,0.01693454319476797,0.8472011930074675,0.0517656118402865,0.08409865195747801,8147.469120275691,Cells,Texture,ER
Cells_Texture_DifferenceEntropy_RNA_5_02_256,0.01082068157518678,0.8821557684000907,0.027478237858037824,0.07954531216668463,12140.239909046668,Cells,Texture,RNA
Cells_Texture_AngularSecondMoment_ER_10_02_256,0.023872417714453985,0.6643989093109491,0.14964866620717096,0.1620800067674259,275420.4081187391,Cells,Texture,ER
Cytoplasm_Texture_DifferenceEntropy_ER_10_00_256,0.014879792783458575,0.8656592444663861,0.049676489528772294,0.0697844732213829,10679.727065400966,Cytoplasm,Texture,ER
Cells_Texture_SumVariance_ER_5_01_256,0.07701278164921974,0.5346187552867702,0.018652296400807667,0.3697161666632024,34277.12965229839,Cells,Texture,ER
Image_Texture_DifferenceEntropy_AGP_10_01_256,0.07712548269069072,0.8015843812862016,0.030390615296174497,0.09089952072693326,7172.266517186058,Image,Texture,AGP
Cytoplasm_Granularity_16_DNA,0.014571044163192772,0.43648835755381815,0.19972574145087255,0.34921485683211656,111064.88724504245,Cytoplasm,Granularity,DNA
Image_Texture_DifferenceEntropy_DNA_5_01_256,0.020182505178916697,0.9397683702996821,0.004508202086370839,0.035540922435030306,13678.553580727954,Image,Texture,DNA
Image_Texture_Entropy_DNA_10_03_256,0.016716142013033525,0.9488116404549654,0.0036455053699037524,0.030826712162097293,26139.86624403236,Image,Texture,DNA
Image_Texture_InfoMeas2_Mito_3_02_256,0.27129073024062184,0.4160909534409213,0.06474601412084602,0.247872302197611,95211.3161141921,Image,Texture,Mito
Nuclei_Texture_Contrast_RNA_3_02_256,0.0070367077840931816,0.9328323160498948,0.01922971927623508,0.04090125688977709,248027.87009727393,Nuclei,Texture,RNA
Nuclei_Texture_Variance_AGP_3_00_256,0.10542274531182283,0.47224546216430524,0.013064372955518915,0.40926741956835305,67342.71705977475,Nuclei,Texture,AGP
Image_ImageQuality_Scaling_OrigAGP,0.0,0.0,0.0,0.0,0.0,Image,ImageQuality,
Cytoplasm_Texture_InfoMeas2_RNA_5_03_256,0.016662654719224797,0.7852466111589251,0.11485112943190717,0.08323960468994307,22396.609779550396,Cytoplasm,Texture,RNA
Cytoplasm_Texture_InfoMeas2_ER_10_02_256,0.009370267809733787,0.883928716548652,0.05646933331763768,0.05023168232397658,10774.150723542763,Cytoplasm,Texture,ER
Image_Texture_DifferenceEntropy_DNA_10_02_256,0.022150765703106676,0.9374395759036694,0.004085858770455231,0.03632379962276862,13475.066217321022,Image,Texture,DNA
Nuclei_Texture_SumAverage_ER_5_00_256,0.018036266596516394,0.9152887774672194,0.00991469517723411,0.0567602607590302,6135.55961304672,Nuclei,Texture,ER
Cells_RadialDistribution_FracAtD_mito_tubeness_6of20,0.24101625963728043,0.149567468831335,0.042603133486477145,0.5668131380449073,38540.27579691807,Cells,RadialDistribution,
Cells_Texture_SumAverage_RNA_10_01_256,0.00857966840378172,0.9288648939420749,0.011793969442994684,0.05076146821114847,10123.318480519607,Cells,Texture,RNA
Cytoplasm_Texture_Correlation_ER_3_00_256,0.01990509409138985,0.7855161063739383,0.049530261000944494,0.14504853853372737,23615.90921055573,Cytoplasm,Texture,ER
Cytoplasm_Texture_SumAverage_RNA_3_03_256,0.005731624379705232,0.9434987396368648,0.007742025245069816,0.043027610738360256,13079.348971352098,Cytoplasm,Texture,RNA
Cells_Texture_Correlation_Mito_5_03_256,0.07415304263602118,0.6536280050720888,0.0573930045203827,0.2148259477715072,10406.540939848153,Cells,Texture,Mito
Cells_Texture_Contrast_RNA_3_01_256,0.023446139575967733,0.8504749762948289,0.012705999580529244,0.11337288454867418,120356.81072117605,Cells,Texture,RNA
Nuclei_Granularity_2_ER,0.040048323427887784,0.7979065726011613,0.00786360999200266,0.15418149397894831,9639.227269061623,Nuclei,Granularity,ER
Image_Threshold_OrigThreshold_mito_bw,0.08018010180644027,0.5003296412281906,0.02789780027326909,0.39159245669209997,20797.088096356143,Image,Threshold,
Image_ImageQuality_Correlation_OrigMito_50,0.00862176319350479,0.8153830566808038,0.020748040597422,0.15524713952826946,43861.30906783142,Image,ImageQuality,
Image_Texture_InfoMeas1_ER_10_03_256,0.12324113789263957,0.6241235412311303,0.01665710748990057,0.23597821338632968,8813.84994536902,Image,Texture,ER
Cells_Texture_InverseDifferenceMoment_DNA_10_03_256,0.0078170882631683,0.8654105501494993,0.07410986024493997,0.05266250134239256,5559.87318008458,Cells,Texture,DNA
Cytoplasm_Texture_InfoMeas2_Mito_3_01_256,0.027346356367892982,0.7256098776680353,0.05293592015958734,0.19410784580448437,7997.604616223487,Cytoplasm,Texture,Mito
Image_Texture_InfoMeas1_RNA_10_02_256,0.10160315533466671,0.6952321170898131,0.017672284663349958,0.18549244291217026,9880.313774833317,Image,Texture,RNA
Image_Texture_SumEntropy_RNA_10_02_256,0.15585841194825822,0.7020491542610643,0.013331198526153784,0.1287612352645237,6433.332341743066,Image,Texture,RNA
Nuclei_Texture_InverseDifferenceMoment_DNA_5_02_256,0.005742042291544322,0.9479650841997391,0.026386279463291622,0.019906594045425028,7543.945147317369,Nuclei,Texture,DNA
Cytoplasm_Texture_DifferenceVariance_DNA_3_02_256,0.0007923858832961739,0.9782948050480349,0.0038371883509871747,0.017075620717681716,46950.503465238624,Cytoplasm,Texture,DNA
Cytoplasm_Texture_DifferenceVariance_RNA_5_02_256,0.007479662175827133,0.7164003098773702,0.13841001525726182,0.13771001268954078,210909.006444455,Cytoplasm,Texture,RNA
Nuclei_Texture_Entropy_Mito_5_02_256,0.054916284006079584,0.7742971398742566,0.04902548755765721,0.1217610885620066,5950.168555689672,Nuclei,Texture,Mito
Nuclei_Intensity_IntegratedIntensity_ER,0.009900996456733011,0.9476125176156063,0.0043288227948216134,0.038157663132839206,8300.654993766995,Nuclei,Intensity,ER
Cells_Granularity_13_DNA,0.019070442107259323,0.6916752208175582,0.01565432667069661,0.27360001040448595,19844.0401317169,Cells,Granularity,DNA
Cells_RadialDistribution_RadialCV_Mito_3of4,0.039757301320287285,0.7734353800661069,0.029918584959702364,0.1568887336539035,6290.806875601002,Cells,RadialDistribution,Mito
Cytoplasm_Texture_SumEntropy_Mito_3_02_256,0.018082144151049726,0.806868589068323,0.06224033987751129,0.11280892690311584,7762.838610173417,Cytoplasm,Texture,Mito
Nuclei_Location_MaxIntensity_X_ER,0.025308805439759635,0.6398572433440088,0.011518729678273219,0.3233152215379584,14353.98359230244,Nuclei,Location,ER
Cytoplasm_Texture_DifferenceEntropy_DNA_5_01_256,0.0071149895147555155,0.9468878026390511,0.022485159740833836,0.023512048105359548,3488.9684672325857,Cytoplasm,Texture,DNA
Image_Texture_InfoMeas2_DNA_5_01_256,0.060910899951932176,0.8282604885666144,0.017346519132203732,0.09348209234924973,12179.634569050751,Image,Texture,DNA
Cells_Texture_SumVariance_DNA_5_00_256,0.01058310669097971,0.8825396806527033,0.056237122808415724,0.05064008984790131,432803.5228624168,Cells,Texture,DNA
Cells_Texture_InverseDifferenceMoment_ER_10_00_256,0.009868246182810677,0.8532991009016718,0.060050301921012274,0.07678235099450519,11959.864956060968,Cells,Texture,ER
Cytoplasm_Texture_SumVariance_DNA_10_03_256,0.005303454859969052,0.861076865587223,0.08140657972953642,0.05221309982327148,404416.5853451607,Cytoplasm,Texture,DNA
Nuclei_Texture_InverseDifferenceMoment_ER_10_02_256,0.01245452172541277,0.8686312087335734,0.0530491124808266,0.06586515706018724,13448.05419982854,Nuclei,Texture,ER
Image_Texture_SumVariance_Mito_10_03_256,0.007704316688508544,0.7226475080547589,0.036346266147572866,0.23330190910915977,36945.84942070231,Image,Texture,Mito
Image_Texture_Correlation_DNA_10_00_256,0.042900750860903995,0.8043923030866837,0.02769526646906221,0.12501167958335,20397.71298105467,Image,Texture,DNA
Cells_Texture_Variance_AGP_10_03_256,0.1254305564240456,0.38218004252878984,0.013445254946537718,0.4789441461006268,52513.28291518967,Cells,Texture,AGP
Image_Texture_Entropy_RNA_3_01_256,0.11692789331777777,0.7634202224550019,0.012570398787414677,0.10708148543980586,6184.67169495648,Image,Texture,RNA
Cells_Granularity_14_ER,0.1447499167475003,0.5823930140198225,0.0286942921082629,0.24416277712441434,12869.799082787702,Cells,Granularity,ER
Nuclei_AreaShape_Zernike_9_1,0.1743083273919365,0.2751214626883056,0.09584791593665613,0.4547222939831018,30405.01930071447,Nuclei,AreaShape,
Cytoplasm_Granularity_1_RNA,0.04494466429403625,0.77934648773867,0.032091215671747074,0.14361763229554672,9259.717419660255,Cytoplasm,Granularity,RNA
Cytoplasm_Intensity_IntegratedIntensity_Mito,0.049829341718648903,0.5531642642113811,0.006140441893608184,0.3908659521763619,42110.894696918665,Cytoplasm,Intensity,Mito
Cells_Texture_DifferenceEntropy_DNA_5_03_256,0.008237511695331597,0.9542882899796628,0.01038927120156224,0.027084927123443344,5414.527897834554,Cells,Texture,DNA
Image_Texture_Contrast_AGP_3_02_256,0.013862382628687346,0.8706151144194346,0.018641487012903676,0.09688101593897437,30348.76406898757,Image,Texture,AGP
Cells_RadialDistribution_FracAtD_mito_tubeness_5of20,0.24665492580848067,0.15389031228839792,0.042670507329968306,0.5567842545731531,41931.24103843671,Cells,RadialDistribution,
Nuclei_Texture_SumVariance_RNA_5_01_256,0.04433767274475403,0.6862639825554239,0.026556362488091716,0.24284198221173023,71842.43086045638,Nuclei,Texture,RNA
Cytoplasm_Texture_DifferenceVariance_AGP_3_02_256,0.006055024545839642,0.8238505123226513,0.11730358084901299,0.05279088228249617,376197.85042719555,Cytoplasm,Texture,AGP
Nuclei_Texture_Variance_DNA_3_01_256,0.040747696531150894,0.7784226730998005,0.043362994324135526,0.13746663604491308,367462.0281330127,Nuclei,Texture,DNA
Image_Texture_SumEntropy_ER_3_02_256,0.1578801633644627,0.6919966279997503,0.014728424372977209,0.13539478426280985,15201.418287582723,Image,Texture,ER
Image_Texture_Correlation_Mito_5_03_256,0.023415105067566527,0.8582783295115064,0.021576101021835496,0.0967304643990916,11208.851665497974,Image,Texture,Mito
Image_Texture_InverseDifferenceMoment_Mito_3_00_256,0.043195228107031906,0.8644836225236764,0.018196262708191083,0.07412488666110074,7000.466340402012,Image,Texture,Mito
Image_Texture_SumAverage_ER_5_00_256,0.007804979748997018,0.9694576597633022,0.003171382461960854,0.019565978025739967,33566.35841164508,Image,Texture,ER
Cells_Texture_AngularSecondMoment_ER_5_00_256,0.02969944517809162,0.6307119923112581,0.1346997677470345,0.20488879476361582,208718.51961878792,Cells,Texture,ER
Cytoplasm_Intensity_UpperQuartileIntensity_Mito,0.006109818893641952,0.9436712460311262,0.009632743251068407,0.040586191824163384,28892.819865568003,Cytoplasm,Intensity,Mito
Cells_Intensity_StdIntensityEdge_ER,0.026756405372414294,0.8434659918948489,0.040765178431964116,0.08901242430077266,7050.672237133041,Cells,Intensity,ER
Image_Texture_Entropy_Mito_5_01_256,0.06390500673324526,0.8447246500362989,0.018483088240662585,0.07288725498979319,5874.394354162638,Image,Texture,Mito
Image_Texture_SumAverage_ER_10_03_256,0.007809111700468298,0.9695168492754197,0.00316842167214009,0.01950561735197187,33555.46189266189,Image,Texture,ER
Nuclei_Texture_SumEntropy_ER_3_01_256,0.008887221108376447,0.8858827795746826,0.04000366344445867,0.06522633587248207,12482.116641351506,Nuclei,Texture,ER
Image_Texture_DifferenceVariance_AGP_3_00_256,0.015351180987491844,0.7638246525452953,0.1584318959466391,0.06239227052057379,244239.0075494119,Image,Texture,AGP
Cytoplasm_Texture_Entropy_ER_5_00_256,0.01090963105995188,0.8859442769259659,0.04910878568475714,0.05403730632932516,9380.349635480059,Cytoplasm,Texture,ER
Cells_Intensity_MinIntensityEdge_DNA,0.00047917932558100556,0.9880433393315433,0.0037894194657130515,0.007688061877162496,22277.916098132624,Cells,Intensity,DNA
Nuclei_Granularity_1_AGP,0.08267966155860203,0.7886834923564813,0.016689470012002845,0.11194737607291384,12212.396071605788,Nuclei,Granularity,AGP
Cells_Correlation_K_AGP_DNA,0.059613253848821796,0.8082261214670866,0.024383350182953976,0.10777727450113758,6748.715220886939,Cells,Correlation,AGP
Cells_Texture_InverseDifferenceMoment_ER_10_03_256,0.008090564784150392,0.844725247084242,0.06743387411870502,0.07975031401290263,15011.61365770101,Cells,Texture,ER
Cells_Granularity_9_Mito,0.03223415928102395,0.6479034277282097,0.09618087687327505,0.22368153611749125,7863.166051471832,Cells,Granularity,Mito
Nuclei_Texture_Variance_AGP_10_01_256,0.10398456685422237,0.46631798272355307,0.012907470786009302,0.4167899796362151,61990.22252025048,Nuclei,Texture,AGP
Nuclei_RadialDistribution_MeanFrac_DNA_2of4,0.13594389977991417,0.48615339419523745,0.10805515397614966,0.2698475520486986,30300.64767673725,Nuclei,RadialDistribution,DNA
Nuclei_Texture_SumAverage_AGP_5_02_256,0.009510921416754683,0.9434510222020108,0.015206107956602983,0.03183194842463152,5140.986694863661,Nuclei,Texture,AGP
Nuclei_Texture_InverseDifferenceMoment_Mito_10_02_256,0.06488832976105917,0.7478415349632368,0.05367173078708671,0.13359840448861726,5810.028650236805,Nuclei,Texture,Mito
Cytoplasm_Texture_Entropy_Mito_3_03_256,0.01869621627911096,0.8066778236244992,0.0628691955072945,0.11175676458909521,7569.593791486715,Cytoplasm,Texture,Mito
Nuclei_AreaShape_Zernike_6_4,0.249718046815351,0.0650324914424481,0.0341098003677856,0.6511396613744153,28035.1087534834,Nuclei,AreaShape,
Image_Texture_Correlation_ER_5_02_256,0.07827059210809188,0.7098176178368553,0.018866839965064185,0.19304495008998881,11383.90048732344,Image,Texture,ER
Image_Texture_Entropy_AGP_10_00_256,0.08746289715903446,0.7914224135983892,0.023850987236109098,0.09726370200646729,5470.197387195405,Image,Texture,AGP
Cells_Texture_SumEntropy_AGP_10_02_256,0.007416333661503807,0.9130782179959406,0.04130208107621936,0.03820336726633631,26614.1066007095,Cells,Texture,AGP
Nuclei_AreaShape_BoundingBoxMinimum_X,0.025032810888852477,0.6269065400348749,0.013149762136462961,0.33491088693980964,14966.332280463652,Nuclei,AreaShape,
Image_Texture_Contrast_DNA_5_00_256,0.0006800446827573249,0.9624877184972034,0.027521058789416915,0.009311178030622386,690238.9593345255,Image,Texture,DNA
Image_Texture_InfoMeas1_DNA_3_02_256,0.021483017539222386,0.6609764577637482,0.08651867043984957,0.23102185425717986,23447.98615350134,Image,Texture,DNA
Cytoplasm_RadialDistribution_RadialCV_mito_tubeness_14of20,0.02598744893806757,0.7518795913616313,0.03168297510378557,0.19044998459651558,9423.027698499893,Cytoplasm,RadialDistribution,
Cytoplasm_Texture_SumEntropy_RNA_10_01_256,0.010344016079981597,0.8862502521343147,0.037186411236715206,0.06621932054898858,10705.200320960845,Cytoplasm,Texture,RNA
Image_Texture_SumAverage_AGP_3_02_256,0.005100928476878222,0.9696695656308453,0.011246363458222466,0.013983142434054081,31660.230504684063,Image,Texture,AGP
Nuclei_Texture_InfoMeas1_Mito_5_03_256,0.21832299813296568,0.38665757109359167,0.03333201610275477,0.3616874146706879,13661.041134686377,Nuclei,Texture,Mito
Nuclei_Texture_SumEntropy_Mito_10_00_256,0.03726863504661156,0.7992482259052665,0.05035201621288669,0.11313112283523549,6691.3898909308355,Nuclei,Texture,Mito
Cells_Texture_SumAverage_DNA_3_01_256,0.003339210309419498,0.9577484962379182,0.022406170976778154,0.016506122475883917,35442.61131855511,Cells,Texture,DNA
Cells_Texture_AngularSecondMoment_ER_10_01_256,0.023236479686419592,0.6733409992600455,0.15734310237702234,0.14607941867651245,298167.39567741234,Cells,Texture,ER
Cells_Texture_SumEntropy_RNA_10_03_256,0.009033300806589057,0.8737890797912512,0.04396376334049063,0.07321385606166914,14528.298316031309,Cells,Texture,RNA
Cytoplasm_Intensity_MaxIntensityEdge_Mito,0.044843049977267145,0.7945982248867843,0.024268857725790655,0.13628986741015786,13852.860668981091,Cytoplasm,Intensity,Mito
Cytoplasm_Texture_Correlation_AGP_5_02_256,0.01335165951160697,0.7868392551275214,0.03697073473057279,0.16283835063029892,8478.99019389245,Cytoplasm,Texture,AGP
Cells_Texture_SumAverage_AGP_3_02_256,0.002930850904046021,0.9633402207094733,0.01947441137338181,0.014254517013098789,7049.464791763849,Cells,Texture,AGP
Cells_Correlation_Manders_AGP_Mito,0.09367624300654867,0.6752535806982191,0.05988899843629472,0.17118117785893763,17984.505949525068,Cells,Correlation,AGP
Nuclei_Granularity_3_RNA,0.22058615683686783,0.45146972399500407,0.014189730867375395,0.31375438830075264,28091.137691168995,Nuclei,Granularity,RNA
Cells_Texture_DifferenceVariance_ER_5_03_256,0.021758030206894475,0.6272575493827152,0.10544890561023189,0.24553551480015842,122485.26077033917,Cells,Texture,ER
Cytoplasm_AreaShape_Zernike_5_3,0.23730055605513048,0.26026494572758846,0.022530481048619485,0.47990401716866166,31245.53772067878,Cytoplasm,AreaShape,
Cells_Correlation_RWC_ER_AGP,0.01756221703239804,0.8447282421309918,0.023273303513221315,0.11443623732338874,17592.410987047013,Cells,Correlation,AGP
Cells_Texture_AngularSecondMoment_Mito_5_00_256,0.01990536328395354,0.5849592225536799,0.13889946605949383,0.2562359481028728,31409.489596500644,Cells,Texture,Mito
Image_Granularity_4_DNA,0.04807488533678212,0.5412436467960143,0.029051128318419477,0.3816303395487839,17671.230313089407,Image,Granularity,DNA
Cytoplasm_Intensity_LowerQuartileIntensity_DNA,0.0005133360721637963,0.9862955984606746,0.005134831663350008,0.008056233803811513,23405.465878117153,Cytoplasm,Intensity,DNA
Cytoplasm_Texture_InfoMeas1_RNA_5_03_256,0.042423508519314965,0.5424028408789848,0.15794243316641746,0.25723121743528277,19364.24764048519,Cytoplasm,Texture,RNA
Nuclei_Texture_Variance_ER_3_00_256,0.08233910550326426,0.5546694868539804,0.014558209344228417,0.348433198298527,59190.69625890149,Nuclei,Texture,ER
Nuclei_Texture_SumVariance_Mito_10_01_256,0.15603236861094247,0.31179616602205795,0.07302368612620362,0.45914777924079603,49992.722038360116,Nuclei,Texture,Mito
Image_Granularity_2_Mito,0.0208966081463417,0.8427469713574974,0.05036210430376477,0.08599431619239614,6847.374203071631,Image,Granularity,Mito
Nuclei_Texture_SumVariance_Mito_5_01_256,0.18058346877062412,0.2915406317585463,0.05922612343351,0.4686497760373196,66816.48129470272,Nuclei,Texture,Mito
Cells_Texture_DifferenceVariance_RNA_3_03_256,0.011559706077360845,0.7266458757123174,0.10036082176985005,0.16143359644047173,239626.82581184548,Cells,Texture,RNA
Cells_Correlation_Manders_Mito_ER,0.04476548502719019,0.7394681813387874,0.03533337995422824,0.18043295367979406,16015.638567644834,Cells,Correlation,ER
Cytoplasm_Texture_SumEntropy_RNA_5_00_256,0.010660784492108335,0.8827858509625459,0.038008533743438135,0.06854483080190774,12043.844290233894,Cytoplasm,Texture,RNA
Cells_Texture_Entropy_DNA_3_02_256,0.006541844554868518,0.9609700257282903,0.0076235577007252925,0.024864572016115905,6218.488660760575,Cells,Texture,DNA
Cells_Texture_Variance_DNA_10_01_256,0.013616491086069186,0.8691613811536114,0.05531344496045058,0.06190868279986894,411541.7581603904,Cells,Texture,DNA
Cytoplasm_AreaShape_Perimeter,0.1175667129946181,0.23184162593332042,0.03332215351414212,0.6172695075579193,57592.23043014194,Cytoplasm,AreaShape,
Image_Texture_Variance_Mito_10_03_256,0.007630286918946642,0.7433205267806844,0.039400605943661425,0.20964858035670755,33642.34186817585,Image,Texture,Mito
Image_Texture_DifferenceEntropy_ER_3_01_256,0.10520060860559924,0.7589474051250361,0.02480261889520031,0.11104936737416432,7786.479692374667,Image,Texture,ER
Image_Texture_Variance_RNA_5_03_256,0.009720285271609693,0.8917455280740911,0.02179216855841556,0.07674201809588377,49359.7838321254,Image,Texture,RNA
Cytoplasm_Texture_DifferenceEntropy_RNA_5_02_256,0.013823957079637935,0.8873212785600573,0.022564924218275828,0.07628984014202914,10333.43929806013,Cytoplasm,Texture,RNA
Nuclei_Texture_Contrast_RNA_3_01_256,0.010107302380683397,0.8965874688870393,0.03716399621383082,0.05614123251844652,210827.38933398586,Nuclei,Texture,RNA
Cells_Correlation_RWC_AGP_ER,0.04615759429842286,0.8228423301355987,0.030465580949212298,0.10053449461676602,15195.925510766985,Cells,Correlation,AGP
Image_Texture_InverseDifferenceMoment_AGP_5_02_256,0.06881470103239794,0.805958415014371,0.03745668759537827,0.0877701963578528,4858.5226075350765,Image,Texture,AGP
Cells_RadialDistribution_FracAtD_Mito_4of4,0.10389745760795886,0.35978136409429823,0.03533268706673749,0.5009884912310054,21392.325212050746,Cells,RadialDistribution,Mito
Cells_RadialDistribution_MeanFrac_AGP_2of4,0.15309692235472222,0.5209107550164956,0.023270501450744267,0.30272182117803803,53774.23689504253,Cells,RadialDistribution,AGP
Cells_RadialDistribution_RadialCV_AGP_1of4,0.01727606938911944,0.89686349055947,0.007572236053589686,0.07828820399782094,5432.662451796219,Cells,RadialDistribution,AGP
Cells_RadialDistribution_MeanFrac_mito_tubeness_5of16,0.23808623389997646,0.13032404833586264,0.05448717225543429,0.5771025455087266,38891.900063562694,Cells,RadialDistribution,
Cells_Texture_Variance_DNA_5_01_256,0.013722078800106332,0.8668135389036598,0.057805892690328646,0.061658489605905205,426913.7603155306,Cells,Texture,DNA
Cytoplasm_Texture_SumEntropy_AGP_10_02_256,0.009026163555501752,0.905098888622768,0.04824720916218589,0.03762773865954433,23239.22371483921,Cytoplasm,Texture,AGP
Image_Texture_AngularSecondMoment_DNA_3_03_256,0.030324677550559148,0.8918466117463453,0.008699820946718,0.0691288897563776,5551.332370267489,Image,Texture,DNA
Cells_Granularity_7_AGP,0.3410578358687996,0.22835690527522162,0.014773280530336849,0.415811978325642,48341.57077006776,Cells,Granularity,AGP
Nuclei_Correlation_RWC_AGP_ER,0.1420653173192327,0.6533061890979579,0.032421538559756165,0.17220695502305325,32978.01992726435,Nuclei,Correlation,AGP
Cells_Intensity_MinIntensity_DNA,0.0004959976950292285,0.9882248746182223,0.0038476495709247518,0.007431478115823737,23574.838539705706,Cells,Intensity,DNA
Cells_Texture_SumAverage_DNA_5_00_256,0.003387463092119658,0.9573561769621682,0.022545877625028923,0.016710482320683208,35417.1815547531,Cells,Texture,DNA
Image_Texture_AngularSecondMoment_ER_5_03_256,0.36773077989472813,0.3100747448480779,0.017656610022748268,0.3045378652344457,30789.99079678705,Image,Texture,ER
Cells_Texture_Variance_DNA_5_02_256,0.013301608704376107,0.86823954338182,0.05843082373987559,0.06002802417392843,431345.7242446925,Cells,Texture,DNA
Nuclei_Texture_AngularSecondMoment_RNA_3_02_256,0.013641702635634499,0.8108821139417559,0.03714140643541845,0.13833477698719124,308351.21665130724,Nuclei,Texture,RNA
Image_Texture_DifferenceVariance_AGP_10_01_256,0.024483453257398088,0.7402710321365391,0.15827767676138768,0.07696783784467524,240995.76858949638,Image,Texture,AGP
Cells_Texture_InverseDifferenceMoment_ER_3_02_256,0.021158597605134312,0.8355160570740261,0.05256093510643481,0.09076441021440479,7079.594437455303,Cells,Texture,ER
Image_Texture_Entropy_RNA_10_03_256,0.12770761622798285,0.7463881356816597,0.012881342370894723,0.11302290571946277,6188.416636799714,Image,Texture,RNA
Cells_Texture_InfoMeas2_AGP_10_00_256,0.010506431522461149,0.9447803657164965,0.015339057741152951,0.029374145019889327,20319.591620409396,Cells,Texture,AGP
Nuclei_Texture_Entropy_RNA_5_02_256,0.0034655957442839822,0.9172133165398964,0.03444679002387889,0.04487429769194068,13350.768895259962,Nuclei,Texture,RNA
Image_Texture_Contrast_RNA_5_02_256,0.007946187980434883,0.9034357640720438,0.022917534373367434,0.06570051357415398,146407.81705742778,Image,Texture,RNA
Cytoplasm_RadialDistribution_FracAtD_AGP_2of4,0.08937979868884886,0.313916198236219,0.012215741880649753,0.5844882611942824,37904.886850085124,Cytoplasm,RadialDistribution,AGP
Cytoplasm_Texture_Variance_ER_3_01_256,0.07823570317649091,0.5373505013011378,0.06523767498106531,0.31917612054130595,15995.71804594096,Cytoplasm,Texture,ER
Image_Texture_SumEntropy_Mito_10_01_256,0.0839817169876897,0.8073183204244138,0.02252382390797866,0.08617613867991784,5669.1552470010765,Image,Texture,Mito
Cytoplasm_Intensity_MinIntensity_AGP,0.0009859354232662893,0.982994852986859,0.008611030254020923,0.007408181335853859,69173.77026246328,Cytoplasm,Intensity,AGP
Nuclei_Correlation_Overlap_AGP_DNA,0.053811036029212465,0.7669622747278619,0.07972828070427299,0.09949840853865266,12326.427016404836,Nuclei,Correlation,AGP
Cytoplasm_Texture_SumEntropy_AGP_3_01_256,0.008691062908472203,0.9065323858882045,0.04928613960218123,0.03549041160114221,21401.43532291599,Cytoplasm,Texture,AGP
Nuclei_Intensity_StdIntensity_Mito,0.18278619489535616,0.4000312261815241,0.03226775510639797,0.3849148238167219,13328.007417193203,Nuclei,Intensity,Mito
Nuclei_Intensity_MeanIntensity_Mito,0.028654860927919933,0.8696726944753866,0.01285403307672455,0.08881841151996886,22978.553507734243,Nuclei,Intensity,Mito
Cytoplasm_Texture_InfoMeas1_ER_5_01_256,0.03403776124304243,0.7100695571251249,0.07354550852421263,0.1823471731076202,9959.254218721604,Cytoplasm,Texture,ER
Image_ImageQuality_Correlation_OrigRNA_10,0.08763224046363212,0.66874274151633,0.01696344664485632,0.2266615713751816,16010.815314958447,Image,ImageQuality,
Image_Intensity_MedianIntensity_RNA,0.013347766991226332,0.9203104380711916,0.010716047906969695,0.05562574703061242,50339.800654633684,Image,Intensity,RNA
Image_Intensity_PercentMaximal_AGP__BackgroundOnly,0.024257477585824694,0.5245909782846598,0.00793571592213869,0.44321582820737687,39706.68446330227,Image,Intensity,AGP
Cytoplasm_Texture_SumAverage_DNA_3_00_256,0.0009544324551333832,0.9785699119726431,0.010368551276227742,0.010107104295995855,78052.3575911726,Cytoplasm,Texture,DNA
Image_Texture_InverseDifferenceMoment_ER_3_03_256,0.07968350516273487,0.8219279539758495,0.011670700940837345,0.08671783992057837,12928.074570213317,Image,Texture,ER
Cells_Texture_AngularSecondMoment_DNA_10_01_256,0.0035122871926370146,0.8991092663374268,0.056203900986498585,0.04117454548343743,15483.546235376252,Cells,Texture,DNA
Nuclei_Texture_Correlation_DNA_5_03_256,0.005281961770837927,0.8200110843737356,0.10642993791873241,0.06827701593669402,67683.44828704407,Nuclei,Texture,DNA
Nuclei_Texture_DifferenceVariance_ER_5_00_256,0.024337158073449227,0.6205729105605688,0.09437453645191077,0.2607153949140712,127617.22139007809,Nuclei,Texture,ER
Cells_Texture_Contrast_AGP_3_02_256,0.04845855449097979,0.7162262388470422,0.007312051762260467,0.22800315489971745,84265.77009654768,Cells,Texture,AGP
Cytoplasm_Texture_SumEntropy_DNA_5_00_256,0.005760393048805508,0.9572962030382254,0.017563354383567042,0.01938004952940194,3521.441441804016,Cytoplasm,Texture,DNA
Image_ImageQuality_FocusScore_OrigDNA,0.002324105491875526,0.9563859605303181,0.01901825164662897,0.022271682331177448,26008.118670634627,Image,ImageQuality,
Cells_Texture_Contrast_DNA_3_01_256,0.03589376590256471,0.750741951121768,0.07824183081073667,0.13512245216493063,317716.63360855787,Cells,Texture,DNA
Cells_AreaShape_Zernike_9_7,0.1613367378893684,0.2949025269710566,0.033740144942845995,0.5100205901967289,41505.740617962394,Cells,AreaShape,
Cells_Texture_InfoMeas2_DNA_5_01_256,0.0013614175575345313,0.9851660573116755,0.0018760143936275195,0.011596510737162497,20329.658912902574,Cells,Texture,DNA
Cytoplasm_RadialDistribution_RadialCV_mito_tubeness_10of20,0.024311533000597324,0.3234174796937261,0.029136459775866548,0.6231345275298099,1071924.9323757114,Cytoplasm,RadialDistribution,
Image_Texture_Contrast_RNA_10_03_256,0.008683674766769608,0.8985148822509528,0.023777274698137528,0.06902416828414022,79427.54555769113,Image,Texture,RNA
Image_Texture_DifferenceEntropy_RNA_5_03_256,0.10458688031225759,0.7697267220413013,0.01646212730048801,0.10922427034595301,6509.090619903736,Image,Texture,RNA
Cells_RadialDistribution_MeanFrac_mito_tubeness_2of16,0.22187668232274682,0.14640557989833794,0.04910207230533659,0.5826156654735786,39324.56988101341,Cells,RadialDistribution,
Cells_RadialDistribution_RadialCV_Mito_1of4,0.05041628290173753,0.7847677768622378,0.04562839572414808,0.11918754451187676,6432.070417329016,Cells,RadialDistribution,Mito
Cells_Texture_Contrast_AGP_10_02_256,0.11023922168789799,0.4473192440045454,0.011296096627396635,0.43114543768016006,65761.16805108993,Cells,Texture,AGP
Cells_Texture_Correlation_AGP_10_00_256,0.025977223459184674,0.7775423384456719,0.034958119654007434,0.16152231844113607,7967.7864090618295,Cells,Texture,AGP
Cells_Granularity_6_AGP,0.37464599665068204,0.17575748287061485,0.006918427416169865,0.4426780930625332,60006.50953984526,Cells,Granularity,AGP
Cytoplasm_Texture_InfoMeas1_RNA_5_01_256,0.04175190646326539,0.5451644496785384,0.16010017908073884,0.25298346477745726,19236.16882768538,Cytoplasm,Texture,RNA
Nuclei_Texture_Correlation_Mito_10_00_256,0.10635785385148845,0.6330970639699007,0.023579782959503172,0.23696529921910756,8021.857084325677,Nuclei,Texture,Mito
Nuclei_Texture_Variance_ER_5_00_256,0.08177576525283872,0.5579731553393164,0.014454544747283877,0.34579653466056104,59721.329374817506,Nuclei,Texture,ER
Cytoplasm_Granularity_10_Mito,0.0449330334571197,0.6236126405111109,0.09393790953702073,0.23751641649474875,7513.424072551259,Cytoplasm,Granularity,Mito
Cells_Granularity_14_Mito,0.21221697605666903,0.3909417243400259,0.031163613301459798,0.3656776863018452,13680.328210919042,Cells,Granularity,Mito
Cytoplasm_Intensity_MeanIntensity_RNA,0.005172445267475745,0.9495325791348641,0.007919557443784813,0.03737541815387549,13131.078932414395,Cytoplasm,Intensity,RNA
Cells_Texture_SumAverage_RNA_5_01_256,0.00928337469313353,0.9228301388135158,0.011371660370820987,0.056514826122529664,10473.95340676207,Cells,Texture,RNA
Nuclei_Location_MaxIntensity_Y_DNA,0.05834066778190095,0.3160358688728908,0.04464992798968444,0.5809735353555238,20205.42099021328,Nuclei,Location,DNA
Nuclei_Texture_AngularSecondMoment_DNA_5_01_256,0.0006684054926010191,0.9735876745812324,0.005087245803749517,0.020656674122417014,560470.8618083134,Nuclei,Texture,DNA
Cytoplasm_Texture_Variance_AGP_3_00_256,0.08761293409490828,0.4784002974169202,0.012849457748281562,0.4211373107398898,41374.07387180058,Cytoplasm,Texture,AGP
Nuclei_Texture_DifferenceVariance_RNA_3_03_256,0.01545672788009856,0.7452977473445025,0.07947408049562046,0.15977144427977857,276213.5657740425,Nuclei,Texture,RNA
Nuclei_Texture_Correlation_ER_10_03_256,0.04263772686045252,0.3057159626013606,0.046825853552848684,0.6048204569853382,44831.05446509078,Nuclei,Texture,ER
Image_Intensity_StdIntensity_Mito,0.007513773990659453,0.8808913168553947,0.036650288784059674,0.07494462036988618,8659.998706368699,Image,Intensity,Mito
Image_Texture_AngularSecondMoment_AGP_5_02_256,0.2784577823405402,0.40031537689419733,0.0191138551112427,0.30211298565401973,24711.00836737558,Image,Texture,AGP
Cells_Granularity_16_ER,0.15142059027295968,0.5253238352841088,0.02032008719395865,0.30293548724897285,13630.492121067171,Cells,Granularity,ER
Image_Texture_InfoMeas2_ER_3_02_256,0.4639306825997218,0.14499610666826643,0.01882436087061329,0.3722488498613985,145681.65755510647,Image,Texture,ER
Nuclei_Texture_InverseDifferenceMoment_DNA_3_00_256,0.0068116021302622115,0.9441520416046242,0.027565373648890355,0.021470982616223256,6139.436246078587,Nuclei,Texture,DNA
Nuclei_Texture_InfoMeas2_RNA_3_02_256,0.005136619201865481,0.8625650016218996,0.06168093155149152,0.07061744762474335,23626.080114215092,Nuclei,Texture,RNA
Image_Texture_InfoMeas2_RNA_3_03_256,0.43304550041475687,0.1831804671570753,0.038009755633510396,0.3457642767946574,180202.97939040093,Image,Texture,RNA
Image_Texture_SumVariance_AGP_10_00_256,0.0162260099373978,0.7873941765923164,0.08187342478186277,0.11450638868842306,9412.137559441775,Image,Texture,AGP
Image_Texture_AngularSecondMoment_AGP_5_01_256,0.2864415794857508,0.385264152115188,0.01854283091712072,0.3097514374819405,26237.43260233415,Image,Texture,AGP
Nuclei_Texture_InfoMeas2_AGP_10_00_256,0.010569768180748843,0.9384198816778344,0.026509774599854506,0.02450057554156223,35585.65010982397,Nuclei,Texture,AGP
Image_Texture_Correlation_DNA_3_02_256,0.013517094926813678,0.8917893794533137,0.04666760183200889,0.04802592378786364,22723.150474228,Image,Texture,DNA
Image_Texture_Variance_ER_3_01_256,0.00985383889044043,0.8524225715094804,0.05550202964346729,0.08222155995661193,18908.249151185293,Image,Texture,ER
Nuclei_Texture_Contrast_RNA_5_03_256,0.023906857370687293,0.8240488611099082,0.034889990684084354,0.1171542908353203,131653.35863767515,Nuclei,Texture,RNA
Image_Texture_DifferenceVariance_Mito_3_01_256,0.06327005703032397,0.5482798840938823,0.17544137260844223,0.21300868626735153,37930.14615379643,Image,Texture,Mito
Image_Granularity_9_Mito,0.2548346281646171,0.2665143393527185,0.11287297507255406,0.36577805741011016,15392.281159119524,Image,Granularity,Mito
Cells_RadialDistribution_FracAtD_mito_tubeness_2of20,0.25522092017526404,0.1358904127163218,0.030073561854225824,0.5788151052541883,46351.95431146881,Cells,RadialDistribution,
Image_Texture_Variance_DNA_10_00_256,0.000536889400729342,0.9809015999790955,0.011194663137356047,0.007366847482819098,757784.6812639001,Image,Texture,DNA
Cytoplasm_Texture_DifferenceVariance_Mito_5_03_256,0.012462788343067037,0.5928066627742605,0.1401533438598352,0.2545772050228372,41592.30795855339,Cytoplasm,Texture,Mito
Cells_Texture_InverseDifferenceMoment_ER_5_02_256,0.015364897148346367,0.8512657095605904,0.051211840229966527,0.08215755306109684,8936.228968390504,Cells,Texture,ER
Image_Granularity_13_ER,0.09960088875448309,0.531542901128899,0.03854824287009135,0.33030796724652656,18160.714859020547,Image,Granularity,ER
Nuclei_Texture_Correlation_AGP_3_01_256,0.02728765705413857,0.823735635996507,0.0277773977176373,0.12119930923171723,5525.839736259294,Nuclei,Texture,AGP
Nuclei_Intensity_MinIntensityEdge_ER,0.0022764972331864026,0.9774276386076803,0.005700121277926525,0.014595742881206637,8854.63774704936,Nuclei,Intensity,ER
Cells_Texture_Entropy_AGP_3_00_256,0.007275881397246021,0.9066244295405126,0.04875791379552457,0.03734177526671672,22143.035078310164,Cells,Texture,AGP
Cytoplasm_Texture_InverseDifferenceMoment_RNA_5_00_256,0.00927999397464478,0.8896234033144272,0.025618532693611334,0.07547807001731677,9857.17654293673,Cytoplasm,Texture,RNA
Cytoplasm_Texture_DifferenceVariance_RNA_10_03_256,0.012373727657635761,0.7332138009428727,0.10454853422106263,0.14986393717842894,255773.85862195835,Cytoplasm,Texture,RNA
Cytoplasm_Texture_Correlation_ER_3_02_256,0.019943837914201963,0.7843616387675233,0.048836942054171474,0.14685758126410337,25381.56835130916,Cytoplasm,Texture,ER
Cells_Texture_InverseDifferenceMoment_RNA_3_00_256,0.008512782497360726,0.8927191700202397,0.022330812034258126,0.07643723544814146,9640.115827098101,Cells,Texture,RNA
Cytoplasm_Intensity_MaxIntensityEdge_AGP,0.012508964783626926,0.9238733294195483,0.013568066884467505,0.05004963891235737,5856.053737912765,Cytoplasm,Intensity,AGP
Cells_Texture_Entropy_Mito_10_00_256,0.020279086501053003,0.7875816242152472,0.0634039531166776,0.12873533616702215,7769.446123160222,Cells,Texture,Mito
Cytoplasm_Texture_Entropy_ER_10_01_256,0.00965628408207246,0.8928727736267257,0.04816007588861402,0.0493108664025879,10948.051676084384,Cytoplasm,Texture,ER
Image_Texture_SumVariance_Mito_3_01_256,0.007537478303367192,0.7413343682823595,0.0371597209609555,0.21396843245331776,35734.32472021079,Image,Texture,Mito
Cells_AreaShape_Zernike_3_3,0.1431144868831579,0.4212956778197349,0.020997797158301534,0.4145920381388056,15827.740675765492,Cells,AreaShape,
Nuclei_Texture_InfoMeas1_Mito_10_01_256,0.30998694429659557,0.23252093730918683,0.0440034364193588,0.4134886819748589,18924.77029461691,Nuclei,Texture,Mito
Nuclei_Texture_SumEntropy_RNA_10_03_256,0.008125519517216075,0.909123452837795,0.035093161574601565,0.04765786607038736,12399.036813961822,Nuclei,Texture,RNA
Cytoplasm_Granularity_16_ER,0.14408413260240732,0.5541008884577338,0.022229871459625013,0.2795851074802339,12539.758434939502,Cytoplasm,Granularity,ER
Cytoplasm_Texture_Contrast_RNA_3_01_256,0.025169113031641734,0.8385614751292889,0.002781845294872784,0.13348756654419655,110838.64059693944,Cytoplasm,Texture,RNA
Nuclei_Texture_Variance_ER_10_02_256,0.07764544251595326,0.5705034311667522,0.014630785729967144,0.3372203405873273,60651.858102816004,Nuclei,Texture,ER
Cells_Granularity_10_Mito,0.03510065300476936,0.6722341810445053,0.08516949336709913,0.20749567258362625,6708.961899736416,Cells,Granularity,Mito
Cytoplasm_Texture_SumEntropy_DNA_3_02_256,0.005661541668221704,0.9579434471539011,0.017507009062466227,0.0188880021154109,3661.175894541248,Cytoplasm,Texture,DNA
Cells_Texture_Variance_AGP_3_01_256,0.12371063431623427,0.3921112901484055,0.013160908460238417,0.47101716707512187,52349.91992399117,Cells,Texture,AGP
Cytoplasm_Texture_DifferenceEntropy_AGP_5_01_256,0.011744388628792382,0.8833550485586296,0.051637516148458185,0.0532630466641199,14506.004582678637,Cytoplasm,Texture,AGP
Image_Texture_InfoMeas1_Mito_5_03_256,0.09890475663027222,0.49523901455763814,0.05685858000266322,0.3489976488094265,13955.625339657741,Image,Texture,Mito
Nuclei_AreaShape_Zernike_9_7,0.2097240106597345,0.2934684771113823,0.15885639493467427,0.33795111729420896,28844.3736389736,Nuclei,AreaShape,
Cells_Granularity_13_RNA,0.14067793474166637,0.5911887745984942,0.03284118579352648,0.2352921048663129,12179.395867321306,Cells,Granularity,RNA
Cytoplasm_Correlation_Correlation_AGP_ER,0.056125890469613984,0.7197084481411242,0.10304531371783132,0.12112034767143046,14865.141011018073,Cytoplasm,Correlation,AGP
Image_Texture_DifferenceEntropy_AGP_10_02_256,0.0743446574811109,0.8052870594420218,0.031881943195366864,0.08848633988150051,6500.323588030109,Image,Texture,AGP
Nuclei_Intensity_IntegratedIntensity_AGP,0.006091066890905779,0.9628501419204398,0.007693650626048222,0.023365140562606152,6213.316625060033,Nuclei,Intensity,AGP
Image_Texture_InfoMeas1_ER_10_02_256,0.10755005031687742,0.659861219981964,0.015814967871520157,0.21677376182963853,8605.278370407521,Image,Texture,ER
Nuclei_RadialDistribution_MeanFrac_Mito_3of4,0.08326686672340193,0.5220492784091204,0.20436849826285525,0.19031535660462248,29738.63714390403,Nuclei,RadialDistribution,Mito
Image_Texture_InfoMeas2_DNA_10_01_256,0.013561865423947335,0.9129711951411662,0.01721111067433499,0.056255828760551366,6264.6496146796635,Image,Texture,DNA
Cytoplasm_Texture_InverseDifferenceMoment_Mito_5_00_256,0.02650725142528726,0.7885211213004855,0.06619321179053525,0.11877841548369202,7632.277212751987,Cytoplasm,Texture,Mito
Cytoplasm_Texture_DifferenceEntropy_DNA_3_00_256,0.00679605874388203,0.9410456575441017,0.028709440898129535,0.023448842813886667,3990.106490433389,Cytoplasm,Texture,DNA
Nuclei_Texture_AngularSecondMoment_RNA_3_01_256,0.013686371993282946,0.8274191838523676,0.02621801575848177,0.13267642839586763,331460.6181012158,Nuclei,Texture,RNA
Nuclei_Texture_Contrast_AGP_5_02_256,0.0712311857988352,0.6364732612368603,0.013208201900906495,0.279087351063398,87489.60525997114,Nuclei,Texture,AGP
Nuclei_Texture_SumAverage_Mito_3_00_256,0.03089922016723528,0.8627292825333642,0.013081169201651466,0.09329032809774897,22726.16154865817,Nuclei,Texture,Mito
Nuclei_Texture_SumAverage_RNA_3_01_256,0.01618339100922996,0.8873253030212837,0.01408200215539501,0.08240930381409127,9985.271039594058,Nuclei,Texture,RNA
Image_Texture_Contrast_AGP_5_03_256,0.013705634666652537,0.8674138779378129,0.0249462698698885,0.09393421752564603,14279.772833897983,Image,Texture,AGP
Cells_Texture_InfoMeas1_Mito_5_01_256,0.0644794170935222,0.5197300432036738,0.11107740990717989,0.30471312979562415,16563.540480407897,Cells,Texture,Mito
Cytoplasm_Texture_InverseDifferenceMoment_ER_5_03_256,0.014556582902888476,0.8647782146294524,0.053088305647380714,0.06757689682027822,10304.05693096907,Cytoplasm,Texture,ER
Cells_Texture_Variance_AGP_3_00_256,0.1235855099617346,0.3922788957578834,0.013305997033372024,0.4708295972470099,51748.0772439749,Cells,Texture,AGP
Nuclei_Correlation_K_DNA_Mito,0.0030393821074465787,0.95094764926012,0.024704306400399913,0.021308662232033693,576439.8672095294,Nuclei,Correlation,DNA
Cytoplasm_Texture_InfoMeas2_AGP_3_03_256,0.005347558742906066,0.9386359901179646,0.031578817081248274,0.024437634057881012,30309.932928266924,Cytoplasm,Texture,AGP
Nuclei_Texture_Entropy_Mito_3_03_256,0.05681678779229863,0.7700210717058836,0.049393017497102655,0.12376912300471508,6017.213506466526,Nuclei,Texture,Mito
Cells_Texture_InverseDifferenceMoment_ER_5_03_256,0.01195803986373024,0.8554320044321988,0.053546372893648796,0.0790635828104221,10183.794516151207,Cells,Texture,ER
Nuclei_Texture_SumVariance_AGP_5_02_256,0.11778270181967641,0.4030388234231801,0.013921007355521906,0.46525746740162166,57074.65933765625,Nuclei,Texture,AGP
Image_ImageQuality_LocalFocusScore_OrigER_20,0.2517866613391597,0.30402651978254147,0.019862273648754845,0.42432454522954394,563040.676184995,Image,ImageQuality,
Image_Granularity_4_AGP,0.028458792521448815,0.6628244214075768,0.07551499427420676,0.2332017917967678,12301.853517673859,Image,Granularity,AGP
Cells_Texture_InfoMeas1_DNA_10_03_256,0.013157329324425988,0.9439576496544367,0.012012799931904534,0.030872221089232883,5948.568516345113,Cells,Texture,DNA
Cells_Texture_Entropy_RNA_10_00_256,0.007583370283297076,0.8863897707304899,0.03686420561557901,0.0691626533706341,14986.883538745074,Cells,Texture,RNA
Cells_Correlation_RWC_Mito_AGP,0.027601956554936448,0.8353085171283622,0.03923593966549116,0.09785358665121023,10822.851800193996,Cells,Correlation,AGP
Nuclei_Texture_Variance_AGP_10_00_256,0.1039205920919129,0.4704493272045583,0.01399303871405001,0.4116370419894788,65888.54555879612,Nuclei,Texture,AGP
Nuclei_RadialDistribution_RadialCV_ER_3of4,0.07973898164860418,0.6341264556143317,0.013798146190828666,0.27233641654623564,10101.808737226876,Nuclei,RadialDistribution,ER
Cells_RadialDistribution_MeanFrac_mito_tubeness_15of20,0.15190251018695888,0.34770322470348636,0.03853657006511826,0.46185769504443647,13695.967473362776,Cells,RadialDistribution,
Cytoplasm_Granularity_14_RNA,0.14338568533970472,0.587069476268658,0.032826666473867276,0.2367181719177701,12061.81589072514,Cytoplasm,Granularity,RNA
Nuclei_Intensity_MinIntensityEdge_Mito,0.002634333586841505,0.9665040646032225,0.004261388705386317,0.026600213104549703,52126.64348888428,Nuclei,Intensity,Mito
Nuclei_Texture_Variance_RNA_10_03_256,0.037487427698288216,0.730109804760751,0.02523973724395167,0.207163030297009,82061.10287798372,Nuclei,Texture,RNA
Image_Intensity_MeanIntensity_RNA_BackgroundOnly,0.002792249533391369,0.9185199618560913,0.011059789835908454,0.06762799877460879,54233.454645570426,Image,Intensity,RNA
Cells_Texture_SumAverage_AGP_3_00_256,0.0029196109460779807,0.963360932761581,0.019481524821172026,0.014237931471168972,7048.7581000874015,Cells,Texture,AGP
Image_Texture_InfoMeas1_RNA_5_02_256,0.06537509438683115,0.7640415316662525,0.013305762512819234,0.15727761143409716,8801.137083939715,Image,Texture,RNA
Nuclei_Intensity_StdIntensityEdge_DNA,0.002005985479193404,0.9331450861167041,0.04636210330762487,0.018486825096477717,10057.496341056702,Nuclei,Intensity,DNA
Cytoplasm_Texture_InfoMeas1_ER_3_01_256,0.037068115446798326,0.7169018576742309,0.0709639892258461,0.17506603765312465,20637.5806259811,Cytoplasm,Texture,ER
Image_Texture_SumAverage_AGP_5_02_256,0.005101145920508311,0.9696739727879156,0.011245627906405426,0.01397925338517076,31642.47739301221,Image,Texture,AGP
Nuclei_Intensity_MeanIntensityEdge_DNA,0.0006050465498294112,0.9778852693626083,0.016506319518236456,0.005003364569325844,17964.517580726606,Nuclei,Intensity,DNA
Cytoplasm_AreaShape_Zernike_6_4,0.18726908376228665,0.19703325540291225,0.015156829318521015,0.60054083151628,32050.896340988846,Cytoplasm,AreaShape,
Cells_Intensity_MADIntensity_AGP,0.05339976697150186,0.7138084475811186,0.03763510379044798,0.1951566816569315,12364.671931339726,Cells,Intensity,AGP
Nuclei_Texture_Contrast_RNA_10_02_256,0.0339009071892664,0.7627532457341487,0.03151891424798695,0.17182693282859804,101017.1835599548,Nuclei,Texture,RNA
Image_Texture_DifferenceEntropy_ER_5_02_256,0.10675691906567605,0.7578052065833616,0.023911032274399474,0.11152684207656294,7861.71755318571,Image,Texture,ER
Nuclei_Correlation_K_ER_AGP,0.0065785353154007836,0.9294444759989571,0.01751576872907618,0.04646121995656594,7684.102576602245,Nuclei,Correlation,AGP
Cells_RadialDistribution_FracAtD_mito_tubeness_15of16,0.033831559897401144,0.696111584364613,0.03113662893142319,0.23892022680656264,8164.120006981984,Cells,RadialDistribution,
Cells_Texture_InfoMeas1_AGP_5_00_256,0.015036228354512328,0.8515823226053784,0.05313648549478988,0.08024496354531946,6693.192557918601,Cells,Texture,AGP
Cytoplasm_Granularity_2_ER,0.0563990534426957,0.7534208822278503,0.03106962903599407,0.15911043529346,15384.954824708184,Cytoplasm,Granularity,ER
Nuclei_Texture_DifferenceVariance_ER_10_03_256,0.022789578545224214,0.6270926000338457,0.1073979976338664,0.24271982378706364,141736.29972704046,Nuclei,Texture,ER
Cytoplasm_Correlation_Overlap_AGP_Mito,0.014248981488860555,0.9210674414947433,0.017428725858861925,0.047254851157534354,4684.749518215602,Cytoplasm,Correlation,AGP
Image_ImageQuality_LocalFocusScore_OrigMito_10,0.09613572674775166,0.48180279494691103,0.0577380702261922,0.36432340807914504,236525.5247929502,Image,ImageQuality,
Cells_Texture_AngularSecondMoment_ER_3_01_256,0.03189539524896301,0.6192583859602021,0.13125713412375511,0.2175890846670798,189104.27440663992,Cells,Texture,ER
Image_Texture_SumAverage_ER_3_01_256,0.007807252649059287,0.9694635712296936,0.003169787548491902,0.01955938857275532,33500.56382403453,Image,Texture,ER
Nuclei_Texture_SumAverage_AGP_10_02_256,0.00808399449869097,0.9481712487235258,0.015017952504759872,0.028726804273023276,5075.823285333561,Nuclei,Texture,AGP
Image_Texture_SumVariance_ER_10_01_256,0.010378561745251256,0.8449175129962195,0.0528709662811317,0.09183295897739749,18383.7331211032,Image,Texture,ER
Cytoplasm_Texture_Contrast_Mito_3_00_256,0.18662469397411477,0.225954503363191,0.07792414040396173,0.5094966622587324,40263.610668148576,Cytoplasm,Texture,Mito
Cells_Intensity_MinIntensity_RNA,0.0023585565373047492,0.9684827551904052,0.0021171599540046266,0.02704152831828542,66014.5667635266,Cells,Intensity,RNA
Image_Texture_SumEntropy_Mito_5_02_256,0.0800913578805285,0.814989291179711,0.0211312659461802,0.0837880849935802,5676.413078613223,Image,Texture,Mito
Cytoplasm_Granularity_16_AGP,0.07831342131025856,0.5508796529703457,0.010046707779944599,0.3607602179394511,10444.336059822082,Cytoplasm,Granularity,AGP
Cells_Texture_SumAverage_ER_5_03_256,0.008330457578521447,0.9513365285057979,0.010331169507446945,0.03000184440823378,9953.653138437981,Cells,Texture,ER
Cytoplasm_Texture_InverseDifferenceMoment_DNA_10_01_256,0.0026681485258776613,0.8478353964245942,0.12051759059715712,0.028978864452371154,11312.624737564602,Cytoplasm,Texture,DNA
Nuclei_Texture_DifferenceVariance_AGP_3_02_256,0.002135170032209472,0.9216826638843759,0.052662261293864795,0.023519904789549774,484307.38785455044,Nuclei,Texture,AGP
Nuclei_Texture_Variance_DNA_10_00_256,0.03629104132882613,0.7950333178062631,0.04321506423181914,0.12546057663309168,383543.2743571776,Nuclei,Texture,DNA
Nuclei_Texture_DifferenceVariance_RNA_10_03_256,0.012493796479617377,0.8284653594539978,0.02541954909994221,0.13362129496644254,343515.3892935264,Nuclei,Texture,RNA
Image_Texture_DifferenceEntropy_RNA_5_00_256,0.09747576668628845,0.7806902680504638,0.016115768125258105,0.10571819713798959,6456.934504406885,Image,Texture,RNA
Nuclei_Intensity_IntegratedIntensity_DNA,0.0013187669011317247,0.9807003681236522,0.011370243123461155,0.006610621851755001,20884.54185766483,Nuclei,Intensity,DNA
Cells_Texture_InverseDifferenceMoment_RNA_10_01_256,0.007054587158854756,0.8473342033137633,0.05232874894151371,0.09328246058586835,22892.898147766937,Cells,Texture,RNA
Cytoplasm_Intensity_IntegratedIntensityEdge_AGP,0.0018181267711270671,0.9681727746150319,0.011258473204958708,0.018750625408882234,9839.874454849123,Cytoplasm,Intensity,AGP
Cells_AreaShape_Zernike_2_2,0.1979715443644113,0.204537637642255,0.017237782462655435,0.5802530355306783,31526.59776234112,Cells,AreaShape,
Cytoplasm_Intensity_StdIntensity_RNA,0.03741012959572916,0.7401657177194325,0.004890533852377983,0.21753361883246036,15144.958599788592,Cytoplasm,Intensity,RNA
Cytoplasm_Texture_AngularSecondMoment_Mito_10_01_256,0.02753903423196015,0.5553145121466909,0.15383061220014715,0.2633158414212017,39847.30526393491,Cytoplasm,Texture,Mito
Image_Texture_SumAverage_DNA_5_01_256,0.0014339064959045828,0.973069449711371,0.011895461424313752,0.013601182368410706,68174.97045716018,Image,Texture,DNA
Nuclei_Texture_SumVariance_DNA_3_00_256,0.035087992884703066,0.8039852215161679,0.03944415997452833,0.12148262562460069,414213.2724822125,Nuclei,Texture,DNA
Cells_Texture_InverseDifferenceMoment_AGP_5_01_256,0.006234166146906907,0.8882238612510495,0.060184097939629685,0.045357874662413936,17728.576034311212,Cells,Texture,AGP
Cytoplasm_Texture_SumEntropy_RNA_3_00_256,0.010574629732102006,0.8836998373829855,0.03741164679952602,0.06831388608538655,12554.003291275514,Cytoplasm,Texture,RNA
Nuclei_Texture_Correlation_ER_3_02_256,0.0198692191633601,0.8814848132868056,0.02205952143898611,0.0765864461108482,5210.254082016258,Nuclei,Texture,ER
Nuclei_Correlation_RWC_AGP_DNA,0.009604655448539834,0.9023726112597416,0.020809215462026433,0.06721351782969212,31730.75980648091,Nuclei,Correlation,AGP
Nuclei_Texture_DifferenceVariance_Mito_5_01_256,0.012609127542842281,0.6896488943848519,0.1483542970731945,0.14938768099911123,32810.38659952028,Nuclei,Texture,Mito
Nuclei_Texture_InfoMeas1_RNA_3_00_256,0.029473721189835277,0.8118217333607675,0.039597913917465186,0.11910663153193206,14072.429499312562,Nuclei,Texture,RNA
Cells_Texture_SumVariance_Mito_10_00_256,0.12996144987775082,0.37248221838031625,0.03990658676258663,0.4576497449793463,40648.54329883568,Cells,Texture,Mito
Cytoplasm_RadialDistribution_RadialCV_DNA_4of4,0.006326143528913117,0.8968430770793817,0.07912683736929069,0.017703942022414484,31926.037020188654,Cytoplasm,RadialDistribution,DNA
Cells_Texture_InverseDifferenceMoment_AGP_3_03_256,0.007149629393211227,0.8824874831908247,0.06328681893608194,0.047076068479882126,12342.43329490395,Cells,Texture,AGP
Image_Texture_InfoMeas2_Mito_10_02_256,0.16006811212877037,0.5499606584637365,0.08930222275288208,0.200669006654611,27231.09496067008,Image,Texture,Mito
Nuclei_AreaShape_EulerNumber,0.02179400099982919,0.25804879914736395,0.003355488507131675,0.716801711345675,972423.0948605541,Nuclei,AreaShape,
Cells_Texture_DifferenceVariance_Mito_3_03_256,0.011911714858246112,0.6324696268308005,0.1321292707055348,0.22348938760541862,36037.04108247948,Cells,Texture,Mito
Nuclei_Intensity_MaxIntensityEdge_DNA,0.0010193416380225072,0.9675400882989088,0.023993951155003263,0.007446618908065481,16257.340531611975,Nuclei,Intensity,DNA
Image_Texture_Entropy_ER_3_03_256,0.12102103008528516,0.7546538926851493,0.013790036144956032,0.11053504108460963,13915.03988237197,Image,Texture,ER
Cytoplasm_Correlation_K_DNA_RNA,0.015982122288380494,0.7918055217734931,0.091990949865713,0.10022140607241344,20824.18674319678,Cytoplasm,Correlation,DNA
Cytoplasm_Texture_AngularSecondMoment_RNA_5_03_256,0.026146690317207576,0.6933495015232728,0.09004500414601921,0.19045880401350035,269790.8853473484,Cytoplasm,Texture,RNA
Cytoplasm_Texture_DifferenceEntropy_Mito_10_03_256,0.030406812985729323,0.7319571207809827,0.07178101854864473,0.16585504768464324,9999.743628798842,Cytoplasm,Texture,Mito
Cells_AreaShape_BoundingBoxMaximum_Y,0.042133641877360295,0.28741885661389305,0.03264458378588644,0.6378029177228602,22688.258788604122,Cells,AreaShape,
Cells_RadialDistribution_RadialCV_mito_tubeness_18of20,0.12399241762605118,0.5934705465819607,0.010602005862104857,0.2719350299298832,11265.829633120306,Cells,RadialDistribution,
Cells_Texture_InfoMeas2_RNA_3_03_256,0.027205530990598383,0.5947977000734841,0.2400933563729501,0.13790341256296745,55423.55083369042,Cells,Texture,RNA
Image_Texture_InverseDifferenceMoment_ER_5_01_256,0.09367067907708564,0.8008258205650531,0.011472944885855737,0.09403055547200548,12811.729628396659,Image,Texture,ER
Cytoplasm_Granularity_7_RNA,0.23222661302285527,0.3667798930670749,0.02603053831677106,0.3749629555932987,20287.755659674684,Cytoplasm,Granularity,RNA
Nuclei_RadialDistribution_MeanFrac_ER_4of4,0.0412325130380011,0.6635978928422966,0.10363791701809795,0.19153167710160426,13557.099136614695,Nuclei,RadialDistribution,ER
Cytoplasm_Intensity_MeanIntensity_DNA,0.000718970265088886,0.9800884092550322,0.010146770603728903,0.009045849876149923,30393.097921122106,Cytoplasm,Intensity,DNA
Cells_Texture_Variance_ER_10_02_256,0.09079153482085175,0.49068449579070267,0.019787591175648312,0.39873637821279734,37093.55002296296,Cells,Texture,ER
Nuclei_Granularity_13_RNA,0.15605195037038858,0.5498903144516557,0.029894340310218533,0.2641633948677371,15357.934034154885,Nuclei,Granularity,RNA
Nuclei_Granularity_14_DNA,0.04195267158115154,0.5827874601258041,0.018045885860886957,0.35721398243215735,7881.830507402512,Nuclei,Granularity,DNA
Cells_Correlation_Manders_Mito_DNA,0.007341951980167984,0.9323708056803843,0.012195181935595455,0.048092060403852235,26050.18405097394,Cells,Correlation,DNA
Nuclei_Texture_InverseDifferenceMoment_DNA_3_01_256,0.006107970917230006,0.9501101238737186,0.024053720700324202,0.019728184508727205,7010.747513665376,Nuclei,Texture,DNA
Cells_Texture_Correlation_DNA_3_01_256,0.0046577577700010085,0.8776661360498671,0.07156585257665699,0.046110253603474864,153604.57238559853,Cells,Texture,DNA
Cells_Texture_Correlation_ER_10_03_256,0.08774270153135644,0.377345387167013,0.11579741632556542,0.4191144949760652,20455.00724509788,Cells,Texture,ER
Image_ImageQuality_PowerLogLogSlope_OrigER,0.03238114388598339,0.799649537133597,0.021230593060975547,0.14673872591944406,9443.84166109929,Image,ImageQuality,
Cytoplasm_RadialDistribution_MeanFrac_Mito_3of4,0.12341953744262572,0.4468165328947785,0.1335538129782025,0.2962101166843932,21540.194761928695,Cytoplasm,RadialDistribution,Mito
Cells_Correlation_Overlap_DNA_Mito,0.04312099466881113,0.6022318412209149,0.17130253486831024,0.18334462924196374,21089.262958503496,Cells,Correlation,DNA
Cytoplasm_Texture_SumEntropy_ER_5_02_256,0.010386668853337886,0.8841736676947752,0.04901457385525774,0.05642508959662918,10032.29988714019,Cytoplasm,Texture,ER
Cells_Correlation_Overlap_AGP_ER,0.01425766958348333,0.9185873638590947,0.024662251745769782,0.04249271481165212,6438.3720502749875,Cells,Correlation,AGP
Cells_Texture_SumEntropy_Mito_10_02_256,0.02296885861565923,0.7659401150211377,0.0664730881746416,0.14461793818856142,8740.267399730916,Cells,Texture,Mito
Cytoplasm_Texture_SumVariance_AGP_3_02_256,0.09524360441005614,0.4365754317482385,0.013107685372148733,0.4550732784695566,37297.026097857,Cytoplasm,Texture,AGP
Cytoplasm_Texture_DifferenceVariance_ER_3_00_256,0.010814652154990239,0.6843561194214934,0.11608723928282183,0.1887419891406945,64219.94038148455,Cytoplasm,Texture,ER
Cytoplasm_Texture_DifferenceVariance_Mito_10_01_256,0.015655295577085157,0.5450217571564098,0.1378773566482538,0.3014455906182514,50073.40046075301,Cytoplasm,Texture,Mito
Cells_Texture_SumAverage_ER_5_02_256,0.008030828544294185,0.9526838664091075,0.010210992909859506,0.029074312136738775,10072.67422738354,Cells,Texture,ER
Cells_Texture_InfoMeas2_Mito_5_03_256,0.019904165279345794,0.6767770183163693,0.09784287350709926,0.2054759428971856,11805.49526705021,Cells,Texture,Mito
Nuclei_Location_MaxIntensity_X_DNA,0.02551371895733978,0.6377681059733089,0.011816496620453988,0.3249016784488972,14284.938568529446,Nuclei,Location,DNA
Nuclei_Texture_Entropy_DNA_10_01_256,0.0006669098048900157,0.9871177397580233,0.005646462890059165,0.006568887547027415,6744.220254783548,Nuclei,Texture,DNA
Image_Texture_DifferenceVariance_DNA_3_01_256,0.0021830346611938036,0.9654796606320794,0.017666519610263103,0.014670785096463754,117933.29630551892,Image,Texture,DNA
Nuclei_Texture_InfoMeas2_AGP_10_01_256,0.0092746501286949,0.9351187181653261,0.032336553014341886,0.023270078691637254,37520.02099865601,Nuclei,Texture,AGP
Cells_Texture_InfoMeas2_RNA_5_02_256,0.02566461182320634,0.6185103403006261,0.22699664743359943,0.12882840044256805,49778.176917273246,Cells,Texture,RNA
Image_Texture_SumEntropy_RNA_5_00_256,0.153170603331677,0.706871320583432,0.01349067557882987,0.12646740050606098,6401.423459825655,Image,Texture,RNA
Nuclei_Granularity_1_DNA,0.005407206781142001,0.9351747842374771,0.021220089455639624,0.038197919525741315,25374.784621230556,Nuclei,Granularity,DNA
Image_Texture_SumAverage_AGP_3_03_256,0.005098119797817313,0.9696815641785991,0.011246003243172112,0.013974312780411455,31661.388717299214,Image,Texture,AGP
Image_Granularity_14_RNA,0.12819049108033137,0.4354023098875443,0.03421108363366588,0.40219611539845845,18345.351030961872,Image,Granularity,RNA
Cytoplasm_Texture_SumAverage_ER_5_02_256,0.0037832521117680015,0.9638310784072333,0.012501486579803543,0.019884182901195098,13263.572916178973,Cytoplasm,Texture,ER
Cells_Texture_DifferenceVariance_ER_5_02_256,0.020574734416935022,0.619927868391909,0.10747401573714266,0.2520233814540131,100089.29227037876,Cells,Texture,ER
Image_Texture_Correlation_DNA_10_02_256,0.046068482280789795,0.792883850838933,0.027844455198910163,0.1332032116813668,18948.223238763465,Image,Texture,DNA
Nuclei_AreaShape_Zernike_4_0,0.10893012375503039,0.3226714367924215,0.06371592183391585,0.5046825176186321,17784.555802181534,Nuclei,AreaShape,
Image_ImageQuality_TotalArea_OrigRNA,0.0002444814099158543,0.9995112158005643,1.6365976335426334e-07,0.00024413912975640862,1938274.7877996452,Image,ImageQuality,
Cytoplasm_Texture_SumEntropy_RNA_3_03_256,0.010538132309376716,0.8832048814761239,0.03779992211277961,0.06845706410171994,12228.52130299863,Cytoplasm,Texture,RNA
Nuclei_Texture_AngularSecondMoment_AGP_5_02_256,0.0017090243704607204,0.902462555629259,0.07557509903735186,0.020253320962928447,408340.064112663,Nuclei,Texture,AGP
Image_Granularity_14_DNA,0.07402252286704869,0.43256650465438434,0.00871019167695246,0.48470078080161444,42169.12356993313,Image,Granularity,DNA
Nuclei_Correlation_K_DNA_ER,0.005470790654011205,0.8529884331386087,0.10628850581244588,0.03525227039493421,96415.21191967276,Nuclei,Correlation,DNA
Nuclei_Texture_AngularSecondMoment_Mito_10_02_256,0.017254041410285748,0.7339141531761015,0.10027561466857825,0.14855619074503448,22812.29597227593,Nuclei,Texture,Mito
Nuclei_Texture_Variance_Mito_5_03_256,0.2051570653672388,0.24868537905583898,0.06683284645670141,0.47932470912022085,68986.92401141068,Nuclei,Texture,Mito
Cells_Texture_DifferenceVariance_Mito_10_01_256,0.010116439686928424,0.5520454324731665,0.1356101872347452,0.3022279406051598,52381.71802380559,Cells,Texture,Mito
Nuclei_Correlation_Manders_ER_AGP,0.07528038605476871,0.7038228410477473,0.02922806752564356,0.19166870537184033,279563.62015889003,Nuclei,Correlation,AGP
Cells_Correlation_Correlation_AGP_DNA,0.025754457178280815,0.8045207820151665,0.09169500206727044,0.07802975873928227,14640.539644967579,Cells,Correlation,AGP
Cytoplasm_Texture_Variance_ER_5_00_256,0.07905966744784583,0.5306748839328198,0.06516488147882916,0.32510056714050517,16217.113268243058,Cytoplasm,Texture,ER
Nuclei_Texture_SumAverage_AGP_10_01_256,0.007279066313239589,0.9512948423675642,0.014982139983984975,0.026443951335211217,5092.363923142731,Nuclei,Texture,AGP
Cells_Texture_InfoMeas1_AGP_5_03_256,0.02317349700836535,0.8018791348348419,0.04991736335059358,0.12503000480619925,7986.536025872994,Cells,Texture,AGP
Nuclei_Texture_Entropy_ER_3_01_256,0.008155998635196381,0.8934455263266654,0.04300276571881454,0.0553957093193237,12450.075705954776,Nuclei,Texture,ER
Nuclei_Texture_SumAverage_ER_3_02_256,0.017966132003602395,0.9160067374495251,0.009844863200410189,0.05618226734646243,6143.694977749358,Nuclei,Texture,ER
Cells_Texture_DifferenceEntropy_Mito_5_00_256,0.06252947681287001,0.6679110321427539,0.07501103218390343,0.19454845886047262,11489.313449078978,Cells,Texture,Mito
Cytoplasm_AreaShape_Area,0.11956030952176701,0.2787582520639537,0.03247362697179517,0.5692078114424841,67940.74549139504,Cytoplasm,AreaShape,
Cells_Texture_Correlation_ER_10_00_256,0.07152767947480874,0.4984437433929269,0.14709003230580364,0.28293854482646075,17055.457851206185,Cells,Texture,ER
Cells_Texture_SumAverage_AGP_5_01_256,0.003233068905006139,0.9623199058784572,0.019059675954730418,0.015387349261806162,6850.948240283485,Cells,Texture,AGP
Cytoplasm_RadialDistribution_MeanFrac_mito_tubeness_2of16,0.02945311800096019,0.013100271536907905,0.0006605607954395418,0.9567860496666923,14748.922675123587,Cytoplasm,RadialDistribution,
Image_Texture_Entropy_AGP_5_01_256,0.0866602227404113,0.791799588342564,0.025015991957852896,0.09652419695917173,5337.203323387255,Image,Texture,AGP
Cytoplasm_AreaShape_Zernike_8_0,0.07897679320524167,0.5316305852816738,0.013180853247672179,0.3762117682654122,14198.921498914495,Cytoplasm,AreaShape,
Image_Texture_Correlation_RNA_10_01_256,0.22342998679510143,0.42639595424833027,0.04441952972076616,0.30575452923580215,16328.084668835745,Image,Texture,RNA
Nuclei_RadialDistribution_MeanFrac_AGP_1of4,0.0597600500096991,0.7727880119518026,0.014562505311536288,0.1528894327269621,52041.53484570483,Nuclei,RadialDistribution,AGP
Nuclei_Intensity_MADIntensity_DNA,0.03350296185478892,0.8559855919308194,0.015931175176623426,0.0945802710377683,24089.680124276412,Nuclei,Intensity,DNA
Image_Texture_Variance_RNA_5_01_256,0.009720297171395255,0.8917450913694156,0.02179244960442979,0.07674216185475957,49362.07137739531,Image,Texture,RNA
Image_Texture_AngularSecondMoment_DNA_10_00_256,0.041072730463200924,0.8715948088232174,0.008296889647544946,0.07903557106603677,6647.562547410043,Image,Texture,DNA
Image_Texture_AngularSecondMoment_Mito_10_00_256,0.22372209568196944,0.49393545298046937,0.053385516594833295,0.2289569347427279,32542.596736506213,Image,Texture,Mito
Cytoplasm_RadialDistribution_RadialCV_mito_tubeness_13of16,0.052717785924023444,0.7068635122475287,0.058073318280418895,0.1823453835480289,14555.671280579023,Cytoplasm,RadialDistribution,
Nuclei_Correlation_RWC_DNA_ER,0.008266895849295519,0.9105068928611,0.02670617724902423,0.05452003404058046,78637.8201520785,Nuclei,Correlation,DNA
Nuclei_Texture_DifferenceEntropy_DNA_5_02_256,0.010544273022644627,0.9609285324576152,0.010712132442822498,0.017815062076917586,4756.411639576056,Nuclei,Texture,DNA
Cells_Intensity_UpperQuartileIntensity_ER,0.012948125839643677,0.9319846909573294,0.011230730448265985,0.04383645275476091,8448.804682133019,Cells,Intensity,ER
Nuclei_Texture_DifferenceEntropy_ER_5_03_256,0.014344330181933897,0.8666440177633568,0.03994678350671067,0.07906486854799875,11532.08629441966,Nuclei,Texture,ER
Cytoplasm_Texture_Contrast_ER_5_01_256,0.1280994716274355,0.3557830646907132,0.0433636231839453,0.47275384049790603,32079.697881343072,Cytoplasm,Texture,ER
Image_Texture_InverseDifferenceMoment_DNA_10_02_256,0.02209922538077507,0.9336833152269226,0.0024640985460804106,0.0417533608462219,14966.763051225756,Image,Texture,DNA
Nuclei_Texture_Correlation_AGP_10_01_256,0.012856451282588822,0.4087016849521744,0.2436323109943287,0.3348095527709081,122120.08031764289,Nuclei,Texture,AGP
Cells_Texture_DifferenceEntropy_RNA_5_00_256,0.0107622536917407,0.8838152789734641,0.026673425025160263,0.07874904230963505,12062.049907553748,Cells,Texture,RNA
Cytoplasm_RadialDistribution_FracAtD_mito_tubeness_4of16,0.019372524400603816,0.5497957958749139,0.06427703052294695,0.3665546492015352,712820.7615284426,Cytoplasm,RadialDistribution,
Cytoplasm_Texture_DifferenceVariance_Mito_3_01_256,0.012338818886775684,0.6252113974900604,0.1372124450162439,0.22523733860691997,37122.1225182675,Cytoplasm,Texture,Mito
Image_Texture_InfoMeas1_Mito_10_03_256,0.14314454923367242,0.4444371232237707,0.058507641520342206,0.35391068602221465,14095.28492209107,Image,Texture,Mito
Cells_Texture_SumEntropy_DNA_3_03_256,0.005295174069575211,0.9665296853934147,0.006388138610929797,0.02178700192608041,6284.351063211028,Cells,Texture,DNA
Cytoplasm_RadialDistribution_FracAtD_Mito_3of4,0.08071408913277926,0.34014060707010285,0.05232318917515531,0.5268221146219626,47187.29461839875,Cytoplasm,RadialDistribution,Mito
Cells_RadialDistribution_MeanFrac_DNA_4of4,0.012516602222363686,0.8878374462017945,0.02553306847742417,0.07411288309841765,10913.080507100865,Cells,RadialDistribution,DNA
Cells_Texture_DifferenceVariance_AGP_3_03_256,0.004957476554422116,0.8460543609412391,0.10558696590261753,0.04340119660172129,393380.53244680667,Cells,Texture,AGP
Cytoplasm_AreaShape_Zernike_9_3,0.28456401984927904,0.13856975710373426,0.008666072435576485,0.5682001506114102,29326.997468040776,Cytoplasm,AreaShape,
Cytoplasm_Texture_SumAverage_RNA_10_01_256,0.005822311560032257,0.9440695160287903,0.0074636926053558515,0.04264447980582154,12808.941161766466,Cytoplasm,Texture,RNA
Nuclei_Texture_Entropy_AGP_5_01_256,0.006673636618937916,0.9347490544112776,0.036922131220706624,0.021655177749077707,27372.155884278593,Nuclei,Texture,AGP
Cytoplasm_Texture_DifferenceEntropy_ER_10_02_256,0.014906380177789988,0.8665915116878428,0.04828855528480056,0.0702135528495667,10652.64681924494,Cytoplasm,Texture,ER
Image_Texture_SumAverage_Mito_5_01_256,0.0028628236701939373,0.9681690316031683,0.002656505375826739,0.026311639350811062,52813.83741711518,Image,Texture,Mito
Nuclei_Texture_SumEntropy_ER_10_02_256,0.005653795612811534,0.8947075279128552,0.040790442940546894,0.0588482335337865,12601.339768744778,Nuclei,Texture,ER
Cells_Texture_SumEntropy_DNA_3_01_256,0.005305824312121359,0.9664527696796702,0.006403064605704861,0.02183834140250357,6307.120590747392,Cells,Texture,DNA
Cytoplasm_Granularity_14_ER,0.13985501662512084,0.6029634370951882,0.02883471499419097,0.22834683128549996,11682.714274236161,Cytoplasm,Granularity,ER
Nuclei_Texture_DifferenceEntropy_AGP_3_03_256,0.011416181413373588,0.9127135894793326,0.039100700525108306,0.03676952858218541,22203.69195627036,Nuclei,Texture,AGP
Image_Intensity_LowerQuartileIntensity_DNA_BackgroundOnly,0.0005802677699812826,0.9919522320775802,5.9090616919055044e-05,0.007408409535519477,15118.60865248732,Image,Intensity,DNA
Nuclei_Texture_DifferenceEntropy_DNA_3_02_256,0.011800548472333004,0.9544692244375301,0.013550533126653387,0.020179693963483437,5002.229345448255,Nuclei,Texture,DNA
Nuclei_Location_CenterMassIntensity_Y_ER,0.05849820355398744,0.31461726805831935,0.04540634853737467,0.5814781798503186,20054.928014108897,Nuclei,Location,ER
Cytoplasm_Texture_Correlation_DNA_5_00_256,0.0019614958939995117,0.96269580340373,0.017859779137061785,0.017482921565208854,37413.1549638842,Cytoplasm,Texture,DNA
Cells_Texture_SumAverage_ER_10_03_256,0.0078061369520481035,0.9527003570541953,0.01031767356936703,0.029175832424389495,9612.080186572293,Cells,Texture,ER
Nuclei_Texture_SumAverage_DNA_10_03_256,0.0014544399604745244,0.9727456887655872,0.01818717615436057,0.007612695119577528,18201.632725104944,Nuclei,Texture,DNA
Nuclei_Texture_SumVariance_Mito_5_02_256,0.1817799928234872,0.28947827536993975,0.0595923863391454,0.46914934546742765,69068.10347849637,Nuclei,Texture,Mito
Cytoplasm_Granularity_6_DNA,0.014518873026992299,0.893530434464874,0.03896749892137056,0.05298319358676306,244949.06307225593,Cytoplasm,Granularity,DNA
Image_Texture_Contrast_Mito_3_01_256,0.011635248133529294,0.7075527569157415,0.09612554710143767,0.18468644784929159,27697.978346961714,Image,Texture,Mito
Image_Texture_SumVariance_AGP_10_02_256,0.016453058603121715,0.7853077273929544,0.08159945458964916,0.11663975941427479,8816.22514790554,Image,Texture,AGP
Cytoplasm_Correlation_RWC_AGP_ER,0.03647902108403385,0.8334093853430486,0.03066790569661178,0.09944368787630566,23227.732947685683,Cytoplasm,Correlation,AGP
Image_Intensity_MeanIntensity_ER__BackgroundOnly,0.001527769411453996,0.9623363041746252,0.0011321969802865779,0.03500372943363412,60260.58154793242,Image,Intensity,ER
Cells_Correlation_RWC_Mito_RNA,0.026286369942268812,0.7803713403910705,0.09922762365241827,0.09411466601424252,14034.531161025323,Cells,Correlation,Mito
Cytoplasm_Texture_Correlation_DNA_3_00_256,0.0029862807173095143,0.9492911481094846,0.029763060876006255,0.017959510297199662,26948.02953654513,Cytoplasm,Texture,DNA
Nuclei_Intensity_StdIntensityEdge_Mito,0.11395280963225657,0.530892811055093,0.04808970310728845,0.30706467620536193,12564.345292964252,Nuclei,Intensity,Mito
Cytoplasm_RadialDistribution_RadialCV_mito_tubeness_15of20,0.023780890343772364,0.7504805933829991,0.058524336278671464,0.16721417999455698,9467.232151026568,Cytoplasm,RadialDistribution,
Cells_Texture_Entropy_RNA_5_00_256,0.007245444493710886,0.8918530994907604,0.032980292989894446,0.0679211630256343,13708.896907079017,Cells,Texture,RNA
Cytoplasm_Granularity_1_DNA,0.005471035574119027,0.9659391640513715,0.011757437631291681,0.016832362743217977,19674.31665062764,Cytoplasm,Granularity,DNA
Nuclei_Texture_InverseDifferenceMoment_DNA_10_01_256,0.0034578135147285524,0.9358743381902669,0.0419899186110543,0.018677929683950302,11527.213304745383,Nuclei,Texture,DNA
Cytoplasm_Texture_Contrast_DNA_10_02_256,0.00945801436720252,0.813421448372852,0.09864163565863686,0.07847890160130853,231363.05888118927,Cytoplasm,Texture,DNA
Cytoplasm_Intensity_MassDisplacement_AGP,0.09439319874307733,0.4432985020173246,0.010817246306101366,0.45149105293349656,16639.732416666564,Cytoplasm,Intensity,AGP
Nuclei_Texture_Entropy_RNA_10_03_256,0.009662877195099706,0.9087769242665763,0.03431970303621634,0.047240495502107745,13423.909810498206,Nuclei,Texture,RNA
Image_Texture_Contrast_DNA_3_00_256,0.000751628330964459,0.9412030683194708,0.04698330395694728,0.01106199939261752,632628.9215112149,Image,Texture,DNA
Nuclei_Texture_InfoMeas2_DNA_5_01_256,0.010466616401889148,0.9629391793368192,0.010137663591983394,0.01645654066930815,4736.530136912683,Nuclei,Texture,DNA
Cells_Texture_SumEntropy_AGP_5_03_256,0.007379543202796049,0.9129128868237075,0.04199100522568982,0.03771656474780668,28992.732120467706,Cells,Texture,AGP
Cytoplasm_Texture_DifferenceVariance_Mito_5_01_256,0.012439766267438403,0.5924768458054094,0.14022987134030507,0.25485351658684735,41333.538285006936,Cytoplasm,Texture,Mito
Cells_Texture_Contrast_AGP_10_01_256,0.12554519877462497,0.3865199251492503,0.013149507186913607,0.4747853688892111,63541.700601726836,Cells,Texture,AGP
Image_Texture_AngularSecondMoment_Mito_10_01_256,0.23607566163968505,0.4720798990601956,0.05419600566484752,0.2376484336352719,36753.121081784164,Image,Texture,Mito
Cytoplasm_RadialDistribution_MeanFrac_ER_1of4,0.21316285662325984,0.2276403147212951,0.12104183072224552,0.43815499793319956,45407.861054655164,Cytoplasm,RadialDistribution,ER
Cytoplasm_Texture_SumEntropy_AGP_5_02_256,0.008899715430470606,0.9046292666582395,0.04999976343343033,0.036471254477859746,22146.848712969782,Cytoplasm,Texture,AGP
Cytoplasm_Texture_DifferenceEntropy_RNA_3_01_256,0.014113724892582271,0.8871851573564515,0.02172258048165341,0.07697853726931264,10154.164200276662,Cytoplasm,Texture,RNA
Nuclei_Intensity_StdIntensity_RNA,0.02940186780873345,0.8318220012282305,0.02689458647895277,0.11188154448408329,17319.921402753112,Nuclei,Intensity,RNA
Nuclei_Texture_DifferenceVariance_RNA_5_00_256,0.015276353851208409,0.7534794095459191,0.07314588996508632,0.15809834663778624,283118.04507600324,Nuclei,Texture,RNA
Cytoplasm_Texture_SumAverage_DNA_3_03_256,0.001023875571478866,0.9779479712134869,0.010674524904558393,0.010353628310475843,59034.64201008329,Cytoplasm,Texture,DNA
Cells_Texture_SumAverage_ER_10_00_256,0.00838939468186418,0.9506774181135598,0.010437564072494654,0.030495623132081387,9794.209257071874,Cells,Texture,ER
Nuclei_Texture_SumAverage_ER_5_02_256,0.018065323896991326,0.9152278109668869,0.009917111240637624,0.05678975389548416,6142.848054391574,Nuclei,Texture,ER
Nuclei_Texture_SumVariance_Mito_3_00_256,0.19001960277402288,0.27169473925781007,0.05971584966893248,0.47856980829923457,67709.37103791037,Nuclei,Texture,Mito
Cytoplasm_AreaShape_Zernike_4_2,0.2621599704365985,0.21355520340275688,0.013365941212299228,0.5109188849483455,23640.843543678937,Cytoplasm,AreaShape,
Cytoplasm_Texture_Entropy_RNA_3_00_256,0.00887063972129126,0.9011914008093664,0.0267861770428393,0.06315178242650302,10769.767899398013,Cytoplasm,Texture,RNA
Image_Texture_DifferenceVariance_DNA_10_02_256,0.0023818921809014787,0.9602742891025987,0.022133487528372676,0.015210331188127002,128052.34514680965,Image,Texture,DNA
Cytoplasm_RadialDistribution_RadialCV_mito_tubeness_1of16,0.0,0.0,0.0,0.0,0.0,Cytoplasm,RadialDistribution,
Nuclei_Texture_SumEntropy_DNA_10_02_256,0.002662207752154962,0.9816157342164372,0.007085894887092311,0.008636163144315371,5734.454596515673,Nuclei,Texture,DNA
Nuclei_Texture_SumVariance_ER_3_02_256,0.0755854204030672,0.5783540337808838,0.013966650994774253,0.3320938948212748,63403.53247525236,Nuclei,Texture,ER
Cells_Texture_InfoMeas2_RNA_10_02_256,0.011145761763881238,0.7768481664953715,0.12473313787193123,0.08727293386881602,24679.762236354312,Cells,Texture,RNA
Image_Texture_AngularSecondMoment_AGP_3_01_256,0.2779074174450859,0.40093852600321844,0.019137850415518357,0.3020162061361774,24335.18653950771,Image,Texture,AGP
Cells_Granularity_6_DNA,0.06348453033576354,0.8166006647108504,0.024881274374640067,0.09503353057874613,33391.39160747273,Cells,Granularity,DNA
Cytoplasm_RadialDistribution_FracAtD_ER_4of4,0.06032514514982697,0.34879983421122457,0.06087576557852536,0.5299992550604231,33510.042881831425,Cytoplasm,RadialDistribution,ER
Cells_Texture_Correlation_DNA_5_02_256,0.005718801255354398,0.8716459769341742,0.07503950204800149,0.047595719762469874,122592.04608078694,Cells,Texture,DNA
Cytoplasm_Texture_Contrast_RNA_3_02_256,0.021574630253522867,0.8641950126503443,0.0023303911923424213,0.11189996590379048,125928.69350781656,Cytoplasm,Texture,RNA
Cells_RadialDistribution_RadialCV_mito_tubeness_7of20,0.0654405102970208,0.6644050206058204,0.04913874843356326,0.22101572066359557,17732.461079397897,Cells,RadialDistribution,
Image_Texture_SumAverage_ER_3_02_256,0.007807925571310858,0.9694537973779839,0.0031693839762996926,0.01956889307440549,33500.830096686164,Image,Texture,ER
Cytoplasm_Intensity_UpperQuartileIntensity_DNA,0.0010265403047667126,0.9753129334976265,0.010458114606240862,0.013202411591365922,37606.01983775825,Cytoplasm,Intensity,DNA
Cytoplasm_Texture_SumAverage_RNA_3_00_256,0.005540079048153481,0.9453905909654098,0.007761003104761287,0.04130832688167541,13131.04234298372,Cytoplasm,Texture,RNA
Nuclei_Texture_AngularSecondMoment_RNA_5_02_256,0.013445229539255728,0.8367084145474499,0.02127005924853445,0.12857629666475995,344091.14424768015,Nuclei,Texture,RNA
Cells_Texture_DifferenceEntropy_AGP_10_02_256,0.011607573750268304,0.8899001708955101,0.04281949330169786,0.05567276205252362,22834.90858380682,Cells,Texture,AGP
Cytoplasm_Texture_Contrast_Mito_3_02_256,0.19059805386466167,0.22062698768631184,0.07250206475972694,0.5162728936892995,39031.22418281646,Cytoplasm,Texture,Mito
Cells_Texture_Contrast_DNA_10_00_256,0.02391290538341388,0.8088724286719269,0.07136646368010927,0.09584820226454994,446222.11828580603,Cells,Texture,DNA
Cells_Texture_Contrast_ER_5_01_256,0.13636168119628914,0.3468391214373181,0.024045628230622697,0.4927535691357702,51290.38142912235,Cells,Texture,ER
Cytoplasm_Texture_SumAverage_DNA_10_02_256,0.0010131739240918257,0.9757981422420788,0.012532787535079413,0.010655896298749957,58171.77642589217,Cytoplasm,Texture,DNA
Image_ImageQuality_Correlation_OrigAGP_50,0.012596511877458137,0.9034541185891936,0.01619755210621769,0.06775181742713063,14482.672942051206,Image,ImageQuality,
Nuclei_Texture_Variance_Mito_3_03_256,0.20418175969106087,0.2490974249401665,0.06631160622551818,0.4804092091432545,68075.29150877977,Nuclei,Texture,Mito
Image_Texture_Contrast_Mito_3_02_256,0.013824238621506528,0.6832754421827617,0.10445025688302732,0.19845006231270448,22775.418610588084,Image,Texture,Mito
Image_Texture_Contrast_Mito_5_00_256,0.01086682629759585,0.716420171556381,0.09457909101509318,0.17813391113092983,29069.129283683065,Image,Texture,Mito
Image_Texture_DifferenceVariance_AGP_10_00_256,0.022938011888650425,0.740768974293717,0.1609648498163457,0.07532816400128683,238608.2209486169,Image,Texture,AGP
Cells_RadialDistribution_MeanFrac_RNA_4of4,0.07807853323817594,0.5836596044387454,0.0367404652975804,0.3015213970254982,10398.953309784236,Cells,RadialDistribution,RNA
Cytoplasm_Texture_DifferenceEntropy_DNA_3_02_256,0.006945916897213229,0.9417364410578144,0.028111395379621748,0.02320624666535065,3937.3091801791497,Cytoplasm,Texture,DNA
Nuclei_Correlation_Correlation_DNA_ER,0.03420185541465121,0.6012916325068004,0.26636316559697887,0.09814334648156972,10396.221458354015,Nuclei,Correlation,DNA
Nuclei_Granularity_13_DNA,0.06275205409976735,0.6637413896866007,0.014538434894007067,0.258968121319625,9205.254764197196,Nuclei,Granularity,DNA
Nuclei_Texture_Contrast_DNA_3_00_256,0.06111190259920654,0.680330751985947,0.06155800109330418,0.1969993443215425,235191.6073735365,Nuclei,Texture,DNA
Cells_Texture_Contrast_ER_5_03_256,0.13687739789549797,0.34551630526285243,0.024040151348699593,0.49356614549295014,51107.040540905,Cells,Texture,ER
Cells_Texture_InfoMeas1_AGP_5_01_256,0.023029399338371292,0.8030899632729375,0.053174761214459965,0.12070587617423144,8487.434236149396,Cells,Texture,AGP
Image_Texture_DifferenceVariance_AGP_5_01_256,0.02002254515161202,0.7480212028120659,0.16143770066062169,0.07051855137570041,233527.51816409445,Image,Texture,AGP
Nuclei_Texture_AngularSecondMoment_AGP_3_02_256,0.0017256678472995603,0.8684828302233106,0.10669328574249427,0.023098216186895434,327115.3575464904,Nuclei,Texture,AGP
Nuclei_Texture_Correlation_ER_10_00_256,0.03483792719629358,0.5064457147896009,0.031078689131154403,0.4276376688829512,15254.89291080459,Nuclei,Texture,ER
Image_Texture_SumEntropy_Mito_10_00_256,0.08283087718455621,0.8098610739282469,0.021866988807966448,0.08544106007923043,5695.71792875079,Image,Texture,Mito
Nuclei_Texture_InfoMeas2_DNA_10_01_256,0.003883338228535613,0.9750629762879063,0.009525309800930862,0.011528375682627209,6010.726975600488,Nuclei,Texture,DNA
Cells_Texture_SumVariance_AGP_3_03_256,0.13391931277813954,0.3457243663654137,0.014345914200421183,0.5060104066560257,46318.46055242416,Cells,Texture,AGP
Nuclei_Texture_SumEntropy_RNA_3_00_256,0.004100321987401281,0.9104191484653745,0.035578402458258614,0.049902127088965596,13074.348890217614,Nuclei,Texture,RNA
Image_Texture_Correlation_AGP_3_02_256,0.01861704578505209,0.9136242096223716,0.0093751018346612,0.058383642757915015,20283.730842078534,Image,Texture,AGP
Image_Texture_Entropy_AGP_3_01_256,0.08733930353157317,0.788749266649209,0.02678505122980552,0.09712637858941234,5196.529186657042,Image,Texture,AGP
Nuclei_Location_MaxIntensity_Y_RNA,0.05810538389642809,0.3177908553757324,0.04431693969574123,0.5797868210320983,20087.84640645682,Nuclei,Location,RNA
Image_ImageQuality_LocalFocusScore_OrigRNA_5,0.04969386319927546,0.7307720223393338,0.009297413907636278,0.21023670055375443,503636.5644568022,Image,ImageQuality,
Cells_Texture_AngularSecondMoment_RNA_5_00_256,0.029343877947577007,0.6875039388760322,0.07611832674063336,0.2070338564357573,275756.633258122,Cells,Texture,RNA
Cells_Correlation_Overlap_Mito_RNA,0.01876402183414993,0.8315488567561956,0.08239221353306095,0.06729490787659341,6675.434882306521,Cells,Correlation,Mito
Image_ImageQuality_MedianIntensity_OrigAGP,0.004100522612883722,0.9805137565254807,0.0029373460813350485,0.012448374780300558,66130.65720333045,Image,ImageQuality,
Cytoplasm_Texture_Correlation_DNA_3_02_256,0.002530053708742652,0.9506236090922604,0.029198448246677295,0.017647888952319588,31123.51522508421,Cytoplasm,Texture,DNA
Nuclei_Granularity_14_Mito,0.2156572542370495,0.40405795392909283,0.020908502535416942,0.3593762892984407,15101.01235201788,Nuclei,Granularity,Mito
Cytoplasm_Texture_SumEntropy_ER_3_01_256,0.010269528192538242,0.8838403057688801,0.04937501617973158,0.056515149858850026,9964.077901300314,Cytoplasm,Texture,ER
Cytoplasm_Correlation_RWC_RNA_AGP,0.02971356417521512,0.8502707057354502,0.011586341286291857,0.10842938880304272,19903.212165863035,Cytoplasm,Correlation,AGP
Image_Texture_Correlation_ER_3_03_256,0.06666786959113155,0.7326984312069369,0.02010237403614233,0.18053132516578912,11619.048786495598,Image,Texture,ER
Cells_Texture_Contrast_DNA_3_02_256,0.042912850087854906,0.7207185818358662,0.07764311869523151,0.1587254493810474,262367.0068483689,Cells,Texture,DNA
Nuclei_Texture_InfoMeas2_AGP_3_01_256,0.008903208477999587,0.9524725341207957,0.020644555770926283,0.01797970163027847,54012.53686297646,Nuclei,Texture,AGP
Cytoplasm_Texture_Contrast_AGP_3_01_256,0.056110847539822276,0.6469310637669632,0.011171261698117694,0.2857868269950969,68175.60991608881,Cytoplasm,Texture,AGP
Nuclei_Texture_InfoMeas1_RNA_5_00_256,0.04206084738255205,0.8304646252038591,0.022513589044329037,0.10496093836925977,14445.824369719241,Nuclei,Texture,RNA
Cells_Texture_DifferenceVariance_RNA_3_00_256,0.009850556501944115,0.7191416153774208,0.11872328077763353,0.15228454734300145,220868.0591292405,Cells,Texture,RNA
Cytoplasm_Texture_Correlation_ER_5_01_256,0.05972199478098805,0.5477393991464493,0.07194149415454378,0.32059711191801876,21114.32046495869,Cytoplasm,Texture,ER
Nuclei_AreaShape_FormFactor,0.10354531520134198,0.5602964368622784,0.13272070183500195,0.2034375461013776,209892.5591789062,Nuclei,AreaShape,
Nuclei_Texture_InverseDifferenceMoment_AGP_10_01_256,0.011851336524159468,0.928803607167353,0.032943193844956344,0.026401862463531225,34986.13886862532,Nuclei,Texture,AGP
Cells_Texture_InverseDifferenceMoment_ER_10_01_256,0.008103116969957644,0.8441000994263824,0.06793386020847499,0.07986292339518485,14885.38540375686,Cells,Texture,ER
Cells_Intensity_IntegratedIntensity_RNA,0.05374088152338975,0.45380071546901324,0.009545382839907943,0.48291302016768917,16864.69220169868,Cells,Intensity,RNA
Cells_RadialDistribution_MeanFrac_RNA_2of4,0.07188651706395674,0.5452547252564776,0.045302663351818866,0.33755609432774675,11363.88497882492,Cells,RadialDistribution,RNA
Cytoplasm_Texture_DifferenceEntropy_Mito_5_01_256,0.04084902752911862,0.7115901024401751,0.07678750647701238,0.170773363553694,10521.14691252552,Cytoplasm,Texture,Mito
Nuclei_Texture_InverseDifferenceMoment_Mito_10_03_256,0.054683061289711545,0.757532512499176,0.05665187934585533,0.13113254686525722,6109.683754631552,Nuclei,Texture,Mito
Image_Texture_Contrast_AGP_10_00_256,0.013636781386769966,0.8639884333511992,0.02929423373783148,0.0930805515241994,11711.358489712731,Image,Texture,AGP
Cells_Texture_SumEntropy_Mito_10_00_256,0.02300302246383962,0.766441943649683,0.06599645111925208,0.14455858276722525,8733.004418261035,Cells,Texture,Mito
Image_Texture_Variance_Mito_5_00_256,0.007516071061201501,0.7445686325327638,0.03987096697123814,0.20804432943479634,34075.14635354161,Image,Texture,Mito
Cells_Texture_InverseDifferenceMoment_AGP_5_02_256,0.006906828952956273,0.8863860333137911,0.060368238035079354,0.046338899698173196,14204.947241201353,Cells,Texture,AGP
Cells_Texture_Correlation_AGP_5_00_256,0.019790044149188803,0.8933577596316774,0.02031149113641388,0.06654070508271989,5270.0179319797335,Cells,Texture,AGP
Cells_Texture_SumAverage_Mito_3_03_256,0.008933604295097614,0.9405852445095402,0.008218942668009564,0.04226220852735263,30904.90684635273,Cells,Texture,Mito
Image_Texture_DifferenceEntropy_RNA_3_03_256,0.09420335670924741,0.7856341981201974,0.016100237400842057,0.10406220776971307,6483.384362647783,Image,Texture,RNA
Cells_Texture_Entropy_AGP_10_02_256,0.0065316404297191604,0.9159159454709661,0.04259174767283611,0.034960666426478756,26749.728875736924,Cells,Texture,AGP
Nuclei_Texture_AngularSecondMoment_ER_3_01_256,0.018071063413893713,0.6621481508542308,0.11315155919610219,0.20662922653577337,138383.9143356508,Nuclei,Texture,ER
Nuclei_Texture_Contrast_ER_3_01_256,0.1051835897240019,0.4966939865376525,0.014731805083946347,0.38339061865439916,57322.05041307457,Nuclei,Texture,ER
Cells_Texture_SumEntropy_RNA_10_02_256,0.008503862150933513,0.871026505923816,0.04461196485416176,0.07585766707108867,15302.09287111733,Cells,Texture,RNA
Image_Texture_DifferenceVariance_Mito_10_02_256,0.08118769125718527,0.519292734458527,0.1727756270825756,0.2267439472017122,45684.722154291725,Image,Texture,Mito
Cells_Texture_DifferenceEntropy_AGP_5_03_256,0.011780248801635092,0.8854848453963541,0.045836206575973724,0.05689869922603699,21219.908051279705,Cells,Texture,AGP
Nuclei_AreaShape_Solidity,0.10209591058209762,0.583261333747596,0.11983832958163022,0.19480442608867618,187792.1357694056,Nuclei,AreaShape,
Nuclei_Texture_InfoMeas1_Mito_3_02_256,0.04598298147218167,0.7645562722614025,0.04100035105004939,0.1484603952163666,6784.978292668133,Nuclei,Texture,Mito
Cells_AreaShape_Zernike_5_3,0.26415281918723793,0.11164407195588093,0.03200028238230079,0.5922028264745804,48200.43015642375,Cells,AreaShape,
Cells_Correlation_Correlation_ER_RNA,0.04447976643067802,0.4998792478436054,0.02960694727759722,0.4260340384481193,19732.30651756676,Cells,Correlation,ER
Cytoplasm_Texture_InfoMeas1_RNA_3_03_256,0.040777652057833756,0.41006311276065693,0.2816822370886733,0.267476998092836,26749.960729564613,Cytoplasm,Texture,RNA
Image_Texture_SumAverage_RNA_5_00_256,0.013967624306844884,0.925731045273104,0.012947204292822954,0.04735412612722815,24697.21699876667,Image,Texture,RNA
Image_Texture_Correlation_ER_3_01_256,0.06654715243887149,0.7351386750525207,0.020103803983593075,0.1782103685250147,11753.325044211848,Image,Texture,ER
Cytoplasm_RadialDistribution_FracAtD_mito_tubeness_13of16,0.016842810929807592,0.7610591210616385,0.025170578723426477,0.19692748928512724,18696.74324498471,Cytoplasm,RadialDistribution,
Nuclei_Texture_Entropy_ER_5_01_256,0.006578885188638107,0.8986626946983487,0.042963166061061646,0.05179525405195163,12800.017774707247,Nuclei,Texture,ER
Cytoplasm_AreaShape_Compactness,0.1291181715401555,0.44976174596502655,0.006266660072365863,0.414853422422452,58270.13071121644,Cytoplasm,AreaShape,
Image_Texture_SumAverage_ER_10_01_256,0.0078091622419610394,0.9695166396058515,0.0031682340822947364,0.019505964069892787,33543.45352319261,Image,Texture,ER
Cytoplasm_Correlation_RWC_Mito_AGP,0.026499498617805217,0.8211996032677683,0.03510218311106496,0.11719871500336151,11663.32193266131,Cytoplasm,Correlation,AGP
Nuclei_Texture_Correlation_Mito_10_01_256,0.2469996090033641,0.09762947482495814,0.08939194561058923,0.5659789705610886,27810.67022148577,Nuclei,Texture,Mito
Cytoplasm_AreaShape_Center_X,0.02669124299309636,0.6560977273978448,0.011889953319989129,0.3053210762890698,14207.460971678522,Cytoplasm,AreaShape,
Cytoplasm_Granularity_10_AGP,0.245480968870587,0.3498252870539597,0.016227816568138636,0.38846592750731457,25917.72273924091,Cytoplasm,Granularity,AGP
Cytoplasm_Texture_DifferenceVariance_DNA_10_03_256,0.001034862931506529,0.9766385507018711,0.012690614189658578,0.009635972176963723,34987.08506572093,Cytoplasm,Texture,DNA
Cytoplasm_Texture_InfoMeas2_Mito_10_00_256,0.020727654013619062,0.8203431321670507,0.04265723606063074,0.11627197775869949,7072.042693263496,Cytoplasm,Texture,Mito
Nuclei_Texture_InverseDifferenceMoment_RNA_10_03_256,0.004723777802122481,0.8970594957829905,0.03679041698924433,0.061426309425642665,27300.821994385402,Nuclei,Texture,RNA
Nuclei_Texture_DifferenceEntropy_AGP_10_02_256,0.007911787575118361,0.9237145561722795,0.035046233279511334,0.03332742297309073,22367.73397035941,Nuclei,Texture,AGP
Cytoplasm_RadialDistribution_MeanFrac_ER_2of4,0.19026691106595842,0.2844894616571306,0.11459067065881802,0.4106529566180929,34062.631010889265,Cytoplasm,RadialDistribution,ER
Cytoplasm_Texture_InfoMeas2_ER_3_03_256,0.01828672912291496,0.8467650433395258,0.05782364861642212,0.07712457892113704,31705.571487560803,Cytoplasm,Texture,ER
Image_Texture_AngularSecondMoment_RNA_10_02_256,0.3537377308737699,0.34359494608310764,0.022296484243527016,0.2803708387995955,46698.5836510059,Image,Texture,RNA
Image_Texture_SumVariance_DNA_5_01_256,0.0005360606957737797,0.9817018077844573,0.010465238049561799,0.007296893470207137,762162.64756569,Image,Texture,DNA
Cells_Texture_DifferenceVariance_ER_10_01_256,0.018851793495221425,0.6691533577955522,0.12545851683647188,0.1865363318727544,186628.021711518,Cells,Texture,ER
Nuclei_Texture_SumAverage_DNA_10_02_256,0.0036829358263384764,0.9639855621120051,0.018904649382755656,0.013426852678900788,18009.5429091907,Nuclei,Texture,DNA
Nuclei_Texture_InfoMeas2_ER_10_03_256,0.01147315157556467,0.871690881913673,0.04971957908488893,0.06711638742587334,9901.26195531615,Nuclei,Texture,ER
Image_Intensity_TotalIntensity_AGP,0.0045164995792123805,0.9715546851738068,0.011179970297528931,0.012748844949451825,34094.90026925262,Image,Intensity,AGP
Cells_Texture_SumEntropy_DNA_5_03_256,0.004953416785100981,0.967805112348731,0.006167282141368688,0.021074188724799242,6084.499275498074,Cells,Texture,DNA
Cells_Texture_AngularSecondMoment_DNA_10_03_256,0.0036883637267585774,0.8989207796943289,0.05576077070911957,0.041630085869792825,15469.552919736949,Cells,Texture,DNA
Cytoplasm_Granularity_3_DNA,0.08704122444721624,0.6899558866512988,0.06939693818937401,0.15360595071211097,289867.1599599236,Cytoplasm,Granularity,DNA
Cytoplasm_Texture_DifferenceEntropy_DNA_10_03_256,0.005195831679181711,0.9567353605848398,0.018609086340358818,0.01945972139561972,3355.828193269879,Cytoplasm,Texture,DNA
Nuclei_Texture_Correlation_ER_5_03_256,0.024704231147859707,0.7290135089998688,0.023468393334821713,0.22281386651744975,7948.468682941302,Nuclei,Texture,ER
Image_Granularity_7_Mito,0.209808057437818,0.18139108299558085,0.17647469445925665,0.43232616510734445,24777.360983622635,Image,Granularity,Mito
Cytoplasm_Texture_InfoMeas2_Mito_10_03_256,0.024676705662445467,0.8271022149435726,0.04374850712382723,0.10447257227015458,6709.675177943626,Cytoplasm,Texture,Mito
Nuclei_Texture_DifferenceVariance_RNA_10_01_256,0.012452073037358614,0.8313601735916655,0.02405790594623606,0.13212984742473985,345745.5655195249,Nuclei,Texture,RNA
Cells_Correlation_K_RNA_ER,0.005721364557320188,0.945909799779119,0.02402252432980311,0.02434631133375774,16212.898683698793,Cells,Correlation,ER
Image_Texture_InfoMeas2_DNA_3_03_256,0.09244403530604675,0.7677880241031791,0.021767752632200946,0.11800018795857325,24375.134165376243,Image,Texture,DNA
Image_Texture_SumAverage_Mito_5_00_256,0.0028580326320669165,0.9681704645085171,0.0026578580085311007,0.02631364485088487,52809.50716338963,Image,Texture,Mito
Nuclei_Texture_DifferenceVariance_RNA_5_02_256,0.0151138926194408,0.7569982252879989,0.0706595511886309,0.1572283309039294,285879.6299449232,Nuclei,Texture,RNA
Cells_Texture_SumAverage_DNA_10_01_256,0.0028616272519045647,0.9593836524813247,0.021040976599167212,0.016713743667603233,34598.808175056925,Cells,Texture,DNA
Cytoplasm_Texture_Contrast_DNA_5_01_256,0.013929124300926528,0.7860889028941347,0.10122083138780165,0.09876114141713702,117843.28362187548,Cytoplasm,Texture,DNA
Nuclei_Texture_Variance_DNA_3_00_256,0.03975680095460921,0.7827504737556401,0.04315370374692544,0.13433902154282523,372314.1351161724,Nuclei,Texture,DNA
Image_Texture_SumAverage_DNA_3_03_256,0.0014332671704561605,0.9730378824212502,0.01190287545764546,0.013625974950648136,68209.40178892014,Image,Texture,DNA
Image_ImageQuality_StdIntensity_OrigER,0.008901783372169948,0.941074830088158,0.01684433557362713,0.033179050966044996,6729.364719710948,Image,ImageQuality,
Image_Texture_Variance_AGP_5_02_256,0.015704231043396542,0.8041529114031093,0.07355449007448435,0.10658836747900985,8450.503842722628,Image,Texture,AGP
Cells_AreaShape_Zernike_4_4,0.11824703722453424,0.21887269553981997,0.040178203822136056,0.6227020634135098,32275.39663187847,Cells,AreaShape,
Cytoplasm_Texture_SumAverage_AGP_5_03_256,0.002309805829612901,0.9630089569254561,0.02252006236037001,0.012161174884560826,8539.94164495479,Cytoplasm,Texture,AGP
Image_Texture_Variance_RNA_10_03_256,0.009748878751240168,0.8917883143121874,0.021908000363319413,0.0765548065732531,49271.348892674076,Image,Texture,RNA
Cells_Texture_DifferenceEntropy_AGP_3_03_256,0.01190333035802151,0.8814516621088664,0.04939135053620452,0.057253656996907584,15943.709980822607,Cells,Texture,AGP
Cytoplasm_RadialDistribution_FracAtD_mito_tubeness_14of20,0.04979530334611717,0.7233603713738568,0.008183327582875705,0.21866099769715028,10970.89108043653,Cytoplasm,RadialDistribution,
Cytoplasm_Texture_Variance_Mito_3_01_256,0.12715552082933024,0.35809384390332677,0.061156184555529965,0.4535944507118131,31828.228754239954,Cytoplasm,Texture,Mito
Image_Texture_SumVariance_AGP_3_02_256,0.015715368501718216,0.7971964988882813,0.07785649780214987,0.1092316348078507,8556.339556161982,Image,Texture,AGP
Cells_Texture_SumEntropy_RNA_5_00_256,0.008446110076995037,0.8713208137725891,0.044046930514863324,0.07618614563555257,16205.309005462606,Cells,Texture,RNA
Image_ImageQuality_Correlation_OrigRNA_5,0.048111016364061815,0.6997752621533013,0.008259273432346777,0.24385444805029008,21058.191994819914,Image,ImageQuality,
Image_Texture_DifferenceEntropy_ER_3_03_256,0.10564366704819751,0.7581369119119171,0.02471322713560242,0.11150619390428275,7740.172792500138,Image,Texture,ER
Image_Texture_InverseDifferenceMoment_RNA_10_01_256,0.1273644784072192,0.7479997479039021,0.01124796194378676,0.11338781174509173,6888.381611311326,Image,Texture,RNA
Cytoplasm_Texture_SumEntropy_ER_5_01_256,0.010214294312949504,0.8852436949520412,0.04836302325081991,0.05617898748418937,10209.430746794349,Cytoplasm,Texture,ER
Cells_Texture_SumVariance_Mito_5_03_256,0.1338470142300732,0.3611609556694084,0.04075881554577894,0.4642332145547395,40843.20287056397,Cells,Texture,Mito
Cytoplasm_Granularity_3_AGP,0.05323322686435022,0.7773711828740142,0.0027995237397063894,0.16659606652192918,23354.434122849034,Cytoplasm,Granularity,AGP
Cytoplasm_Texture_InfoMeas1_DNA_3_00_256,0.0024718761715603523,0.9765469326912171,0.0029309064202267107,0.018050284716995792,4024.1296679655043,Cytoplasm,Texture,DNA
Nuclei_Texture_SumVariance_ER_10_02_256,0.06978490422263509,0.5825416160135574,0.016075668551409204,0.33159781121239834,57199.343451500645,Nuclei,Texture,ER
Cytoplasm_Texture_DifferenceEntropy_DNA_3_03_256,0.007470714557526929,0.9432666805818882,0.025367906873693693,0.023894697986891127,3642.1340998210526,Cytoplasm,Texture,DNA
Cells_RadialDistribution_MeanFrac_mito_tubeness_9of16,0.042984145162754964,0.6580745120000091,0.08479229187771219,0.21414905095952375,7962.513075166648,Cells,RadialDistribution,
Nuclei_Texture_Contrast_RNA_3_03_256,0.010181884620773143,0.8953106643365668,0.03748564029149132,0.05702181075116871,209485.65994360173,Nuclei,Texture,RNA
Image_Intensity_PercentMaximal_DNA,0.026280490448224704,0.1069529766975229,0.01214917832337146,0.8546173545308808,69587.3548985857,Image,Intensity,DNA
Cytoplasm_Texture_DifferenceVariance_RNA_5_00_256,0.007464347248661381,0.7158519583564208,0.13966078417397834,0.13702291022093954,210310.2783217898,Cytoplasm,Texture,RNA
Image_ImageQuality_MinIntensity_OrigMito,0.002939268889280724,0.9204296884843277,0.016227251753703566,0.06040379087268802,34176.3882115245,Image,ImageQuality,
Image_Texture_Contrast_AGP_5_01_256,0.013619216693740574,0.8651214015543973,0.027033446023068296,0.09422593572879376,14085.99098993309,Image,Texture,AGP
Cytoplasm_Texture_InfoMeas2_DNA_3_00_256,0.0031853666523058034,0.9827424447975818,0.004812408977348306,0.009259779572764122,3535.5667337899476,Cytoplasm,Texture,DNA
Cells_Texture_AngularSecondMoment_AGP_3_02_256,0.009450069148182891,0.8187133910819717,0.12124304832843037,0.05059349144141498,363791.7768633533,Cells,Texture,AGP
Nuclei_AreaShape_Perimeter,0.1641304222220053,0.5734176885175143,0.024475102335267965,0.2379767869252126,18324.566935799703,Nuclei,AreaShape,
Cytoplasm_Texture_Entropy_Mito_10_00_256,0.017258934017485402,0.8047539737221264,0.06337229619083086,0.11461479606955732,7735.486370878751,Cytoplasm,Texture,Mito
Image_Texture_DifferenceVariance_Mito_3_02_256,0.057727496382749405,0.5565421684911945,0.1765905194017996,0.2091398157242564,36556.90333507591,Image,Texture,Mito
Cells_Texture_SumVariance_ER_10_02_256,0.07198910224864877,0.5560027409988976,0.018069535059212754,0.353938621693241,32488.500140119715,Cells,Texture,ER
Image_Intensity_PercentMaximal_AGP,0.014652511219321743,0.32429483744066173,0.11684937437548971,0.5442032769645267,51554.58891252727,Image,Intensity,AGP
Nuclei_Texture_InfoMeas1_Mito_3_01_256,0.09365001893836303,0.6450609809040738,0.038773885332083424,0.22251511482547975,7252.409465430434,Nuclei,Texture,Mito
Cytoplasm_Texture_SumEntropy_DNA_5_03_256,0.0057224065540582795,0.9570891029281328,0.017705621874682283,0.01948286864312654,3433.9721621739304,Cytoplasm,Texture,DNA
Cells_Texture_Entropy_Mito_5_00_256,0.02278698107018639,0.7888399171391303,0.06287906534854983,0.12549403644213344,7602.353155713706,Cells,Texture,Mito
Cytoplasm_Texture_InverseDifferenceMoment_AGP_5_01_256,0.007187758969830535,0.88157908264083,0.06613233098173886,0.04510082740760069,13371.408359541103,Cytoplasm,Texture,AGP
Nuclei_Texture_DifferenceVariance_Mito_3_01_256,0.014058761824221841,0.7007740700661012,0.14225776056298495,0.14290940754669212,30242.924060909965,Nuclei,Texture,Mito
Nuclei_Texture_DifferenceEntropy_DNA_10_03_256,0.0019322614845707126,0.9812981998111182,0.007805010480560614,0.008964528223750552,4885.716265499097,Nuclei,Texture,DNA
Cells_RadialDistribution_RadialCV_mito_tubeness_2of20,0.28898108543739054,0.2772817790561206,0.026209357096588854,0.40752777840989995,21137.31320143507,Cells,RadialDistribution,
Nuclei_Texture_InfoMeas2_ER_10_00_256,0.013602664348368095,0.8831892878769966,0.04165173638440196,0.06155631139023339,9449.033194203814,Nuclei,Texture,ER
Cells_Texture_SumVariance_RNA_3_01_256,0.04854935857289807,0.6608288745347003,0.012904059574590884,0.2777177073178107,64018.00997101693,Cells,Texture,RNA
Nuclei_Location_MaxIntensity_X_RNA,0.02524042229220561,0.6391515111211938,0.011807728956638546,0.32380033762996197,14271.729072705215,Nuclei,Location,RNA
Cytoplasm_Texture_DifferenceVariance_DNA_3_03_256,0.0008365102460073142,0.9787502225660447,0.0036902814605925005,0.016722985727355467,43610.8058055447,Cytoplasm,Texture,DNA
Nuclei_Texture_SumEntropy_DNA_5_01_256,0.005485893599414927,0.9767767617715774,0.006950373523898273,0.010786971105109467,5853.117048729398,Nuclei,Texture,DNA
Cytoplasm_Texture_SumAverage_AGP_3_01_256,0.002274937928666202,0.9631291362035765,0.02255041398563934,0.01204551188211789,8746.386011524488,Cytoplasm,Texture,AGP
Image_Texture_SumAverage_ER_3_03_256,0.007807266757035181,0.9694635954564685,0.003169783622787135,0.01955935416370913,33500.57582402216,Image,Texture,ER
Nuclei_Intensity_LowerQuartileIntensity_AGP,0.003983963659744453,0.9648237230986544,0.01381187413019593,0.01738043911140525,6003.425337717777,Nuclei,Intensity,AGP
Nuclei_Texture_Entropy_AGP_5_03_256,0.006663027407786434,0.9348925348637898,0.03686631172415341,0.02157812600427044,27593.99052568707,Nuclei,Texture,AGP
Cells_Texture_Contrast_RNA_5_01_256,0.03767237864573007,0.7651742835341059,0.01206174808682783,0.1850915897333362,94085.07559196353,Cells,Texture,RNA
Cells_RadialDistribution_RadialCV_mito_tubeness_7of16,0.0466472502163194,0.7269084109848323,0.051252550189384315,0.17519178860946413,14833.210719092494,Cells,RadialDistribution,
Cytoplasm_RadialDistribution_MeanFrac_mito_tubeness_6of16,0.019626091556546047,0.4618956250848895,0.057158482715785636,0.4613198006427789,961143.9231414978,Cytoplasm,RadialDistribution,
Image_Texture_InfoMeas1_RNA_5_00_256,0.06561609327469868,0.7628914837103538,0.01220848923299914,0.1592839337819484,8965.499226563763,Image,Texture,RNA
Cytoplasm_Texture_Entropy_AGP_5_02_256,0.008155158505747103,0.9042101042742284,0.052616505578760846,0.03501823164126377,18417.489386622954,Cytoplasm,Texture,AGP
Image_Texture_SumEntropy_Mito_3_01_256,0.07944047566486524,0.8161577371780098,0.021010105375843923,0.08339168178128094,5673.083480314985,Image,Texture,Mito
Nuclei_Texture_SumAverage_RNA_5_01_256,0.01571755440583242,0.8900179567970193,0.01447536610237487,0.07978912269477344,9936.032314882787,Nuclei,Texture,RNA
Cytoplasm_Correlation_Overlap_Mito_RNA,0.02480579629195461,0.8407910235503288,0.05245170562556304,0.08195147453215366,7317.953155530856,Cytoplasm,Correlation,Mito
Cytoplasm_Texture_AngularSecondMoment_DNA_5_00_256,0.003543745531667598,0.9400971236626057,0.017858200325224064,0.03850093048050256,7480.8847573978655,Cytoplasm,Texture,DNA
Cytoplasm_Texture_InfoMeas2_ER_10_03_256,0.011160621253658078,0.8910961651492415,0.04812201621560869,0.04962119738149174,8199.689321364,Cytoplasm,Texture,ER
Image_Texture_InverseDifferenceMoment_DNA_3_01_256,0.014325676607712433,0.946008484572791,0.0032175197910686184,0.03644831902842785,18590.872212241364,Image,Texture,DNA
Cytoplasm_RadialDistribution_MeanFrac_mito_tubeness_17of20,0.034880697233939044,0.6477851462470093,0.03551248750671825,0.28182166901233346,72548.20912250415,Cytoplasm,RadialDistribution,
Image_Texture_SumEntropy_AGP_3_02_256,0.10456471998678252,0.7642927344142171,0.020667197976358336,0.1104753476226422,6332.857695677291,Image,Texture,AGP
Cells_Texture_SumVariance_AGP_5_01_256,0.13386129505374864,0.34664020692717235,0.014698036832232385,0.5048004611868466,45729.95140343044,Cells,Texture,AGP
Cytoplasm_Texture_SumVariance_Mito_10_03_256,0.11250133231024781,0.38655598479419717,0.05692348149779125,0.44401920139776385,29741.16474893399,Cytoplasm,Texture,Mito
Cells_RadialDistribution_MeanFrac_mito_tubeness_12of16,0.14431095047836084,0.3873921093229137,0.03052889625100517,0.4377680439477203,12142.468608943858,Cells,RadialDistribution,
Image_Texture_InfoMeas2_AGP_10_03_256,0.1890762778215918,0.46684732208319824,0.024343615481162945,0.3197327846140469,25442.14926719951,Image,Texture,AGP
Image_Texture_Entropy_RNA_3_00_256,0.11541628252607962,0.7655409228571058,0.012370656968627493,0.10667213764818707,6230.4760755933785,Image,Texture,RNA
Image_ImageQuality_Correlation_OrigDNA_10,0.15709146673876576,0.5963221798715537,0.01649496047300389,0.23009139291667663,9808.205742352795,Image,ImageQuality,
Cytoplasm_Texture_AngularSecondMoment_DNA_5_03_256,0.0036281507993695585,0.9428070130218775,0.015353831660447398,0.03821100451830561,7131.347565317528,Cytoplasm,Texture,DNA
Cells_Texture_SumVariance_Mito_10_01_256,0.12682002551347613,0.3783315467119585,0.042695044060748887,0.45215338371381647,37612.56813835254,Cells,Texture,Mito
Cytoplasm_Texture_SumAverage_RNA_10_02_256,0.00595894143587024,0.9420632720113272,0.007634616261125138,0.04434317029167736,12906.246185903039,Cytoplasm,Texture,RNA
Nuclei_RadialDistribution_RadialCV_DNA_1of4,0.09654399180974103,0.7535231504559311,0.011593256427605381,0.13833960130672251,15615.177557510566,Nuclei,RadialDistribution,DNA
Nuclei_Intensity_MedianIntensity_AGP,0.008023551632831196,0.9477134222051203,0.016019885906012468,0.028243140256036015,5524.425692216837,Nuclei,Intensity,AGP
Cells_Neighbors_SecondClosestObjectNumber_Adjacent,0.15766633379933176,0.6458487306976494,0.014814849041512871,0.181670086461506,9561.373574121175,Cells,Neighbors,
Cytoplasm_Correlation_Manders_RNA_ER,0.0290344944638851,0.8321958905562986,0.028955652315878704,0.10981396266393754,54959.415105716325,Cytoplasm,Correlation,ER
Nuclei_Texture_Entropy_AGP_5_02_256,0.0072900908485022935,0.9323198630221162,0.037565218857102865,0.022824827272278688,25081.138299538554,Nuclei,Texture,AGP
Cytoplasm_Texture_Entropy_Mito_3_00_256,0.018883211410702525,0.8048230791974424,0.06438826156173771,0.1119054478301173,7730.834344711651,Cytoplasm,Texture,Mito
Nuclei_Texture_Variance_RNA_5_00_256,0.03648382750418724,0.7432847644890042,0.02894730396652459,0.19128410404028395,88252.63135893541,Nuclei,Texture,RNA
Cells_RadialDistribution_RadialCV_mito_tubeness_19of20,0.16243738796762128,0.5048453413906404,0.013993202630596164,0.3187240680111421,24639.98246032485,Cells,RadialDistribution,
Image_Texture_DifferenceVariance_DNA_10_03_256,0.0028387656852831987,0.9556837805479816,0.02536163732797156,0.016115816438763624,133688.99424383882,Image,Texture,DNA
Cytoplasm_Texture_InverseDifferenceMoment_ER_10_02_256,0.01259333812507377,0.8695157060003802,0.05482109911812528,0.06306985675642097,11460.333897590637,Cytoplasm,Texture,ER
Image_Intensity_PercentMaximal_ER__BackgroundOnly,0.023722291124978673,0.5250170357533612,0.007610162046510267,0.44365051107514986,39461.667749908585,Image,Intensity,ER
Nuclei_Texture_Variance_DNA_10_01_256,0.0228897829973579,0.8435798272239572,0.044676608902792916,0.08885378087589202,387028.70349997934,Nuclei,Texture,DNA
Cells_Texture_InverseDifferenceMoment_AGP_3_00_256,0.007686278226074594,0.8720387563544704,0.06920199314299702,0.05107297227645814,10036.9097647024,Cells,Texture,AGP
Cytoplasm_Texture_SumAverage_AGP_3_03_256,0.0022721838946472457,0.9631333603863917,0.02257250356337983,0.012021952155581083,8731.02522791408,Cytoplasm,Texture,AGP
Cytoplasm_AreaShape_MeanRadius,0.07399876631924887,0.340025193210938,0.02673420836424904,0.559241832105564,44442.471921810655,Cytoplasm,AreaShape,
Image_Texture_Contrast_ER_10_03_256,0.00985561704077677,0.8573713692550167,0.06291246431287854,0.06986054939132798,24609.319926587996,Image,Texture,ER
Nuclei_Texture_Entropy_DNA_10_00_256,0.0012888500724924712,0.9857916690689127,0.006231858085070558,0.006687622773524244,6325.262740989371,Nuclei,Texture,DNA
Image_ImageQuality_TotalIntensity_OrigRNA,0.007473357947930171,0.9492243304143889,0.013004990339719844,0.030297321297961227,35274.130480744345,Image,ImageQuality,
Nuclei_Texture_SumVariance_Mito_3_02_256,0.18828358307368914,0.2759112814010376,0.06076237458691846,0.47504276093835485,68672.59568380333,Nuclei,Texture,Mito
Cells_Texture_Contrast_AGP_3_03_256,0.0632671793459707,0.6417359689196148,0.007744639544651921,0.2872522121897625,71453.23451976245,Cells,Texture,AGP
Image_Texture_Entropy_ER_10_00_256,0.12625814677777897,0.746143300281023,0.013660334719937394,0.11393821822126043,13325.864788219042,Image,Texture,ER
Cytoplasm_AreaShape_Zernike_7_1,0.21151422035183795,0.3569431155257927,0.020718145696425935,0.41082451842594336,23703.31759693782,Cytoplasm,AreaShape,
Nuclei_Texture_AngularSecondMoment_DNA_10_03_256,0.0006675151753409674,0.9478559045162253,0.025979288002700697,0.025497292305733072,535603.5226475785,Nuclei,Texture,DNA
Nuclei_Texture_Entropy_ER_5_03_256,0.0065659771125882345,0.8986019512625576,0.043001415015968374,0.05183065660888582,12762.442582814132,Nuclei,Texture,ER
Cells_Intensity_MeanIntensityEdge_ER,0.002185615039341047,0.9751352497397408,0.007534749395770699,0.015144385825147546,35599.37411196995,Cells,Intensity,ER
Cells_Texture_DifferenceVariance_RNA_3_01_256,0.01154828646646097,0.7254890804783996,0.10131737088388815,0.16164526217125136,239276.49492412398,Cells,Texture,RNA
Nuclei_Intensity_LowerQuartileIntensity_Mito,0.017803225474891052,0.9041334969763073,0.011181701247814028,0.06688157630098761,25216.699359312843,Nuclei,Intensity,Mito
Image_Texture_SumEntropy_ER_5_01_256,0.16335321709178768,0.6823822315222062,0.014564671566625944,0.13969987981937995,14897.668294175797,Image,Texture,ER
Nuclei_Texture_DifferenceEntropy_Mito_5_02_256,0.11355660254363152,0.6496444121357501,0.049693273037883325,0.18710571228273515,7953.29292395119,Nuclei,Texture,Mito
Cells_Texture_Correlation_ER_5_00_256,0.030982257041948527,0.6557902643005771,0.12971899134659107,0.18350848731088337,18596.040178273466,Cells,Texture,ER
Cytoplasm_Intensity_MedianIntensity_DNA,0.0005850159667062474,0.9835320479520069,0.006521962653324636,0.009360973427962186,25292.9315411221,Cytoplasm,Intensity,DNA
Nuclei_Texture_SumAverage_Mito_3_01_256,0.03130133348908337,0.8614721552906425,0.013124880709053125,0.09410163051122118,22690.08582622428,Nuclei,Texture,Mito
Cytoplasm_Texture_Contrast_RNA_5_03_256,0.030784671012948295,0.7990664333023242,0.0035403532963483014,0.1666085423883793,94999.82593332215,Cytoplasm,Texture,RNA
Cytoplasm_RadialDistribution_FracAtD_mito_tubeness_2of20,0.02993137276196609,0.0019259479819115385,0.0022386057791963527,0.965904073476926,1199.6642104281318,Cytoplasm,RadialDistribution,
Nuclei_Texture_Variance_RNA_3_00_256,0.037623131644814546,0.7373151019376304,0.02776546911304489,0.19729629730451,86673.153205364,Nuclei,Texture,RNA
Nuclei_Location_CenterMassIntensity_Y_Mito,0.058368238785361036,0.31455448572940675,0.045398732440481454,0.5816785430447508,20073.44453648856,Nuclei,Location,Mito
Nuclei_Texture_InfoMeas1_Mito_5_02_256,0.1296443368181181,0.5626543234720945,0.03746360502045384,0.27023773468933354,8520.117998353115,Nuclei,Texture,Mito
Nuclei_Texture_InverseDifferenceMoment_DNA_5_00_256,0.005797304226134534,0.9471925857858094,0.027026401830571384,0.019983708157484726,7579.543529541099,Nuclei,Texture,DNA
Cells_Texture_AngularSecondMoment_Mito_10_03_256,0.03040075521962414,0.4999972611330197,0.1477036959539725,0.32189828769338363,53058.80417636215,Cells,Texture,Mito
Image_Intensity_MaxIntensity_AGP__BackgroundOnly,0.02794102551762954,0.753576422221452,0.04180859722054048,0.1766739550403779,10050.123726059339,Image,Intensity,AGP
Nuclei_Intensity_MassDisplacement_DNA,0.25893149735610194,0.31858220877555077,0.08143574412336502,0.3410505497449824,33529.81197872515,Nuclei,Intensity,DNA
Image_Texture_SumAverage_ER_5_01_256,0.007807899155596676,0.969478360199621,0.0031692222257179467,0.019544518419064502,33516.99585751518,Image,Texture,ER
Nuclei_Texture_DifferenceEntropy_Mito_5_00_256,0.11236973980750596,0.6520645287860356,0.04980157030190145,0.18576416110455704,7772.190452850875,Nuclei,Texture,Mito
Cells_Texture_SumVariance_AGP_3_00_256,0.13214371926499405,0.3522060586766946,0.014183806396511114,0.5014664156618003,46585.01674477936,Cells,Texture,AGP
Nuclei_Texture_DifferenceVariance_RNA_10_00_256,0.013438131866054942,0.7982519635422747,0.04135442903691386,0.14695547555475638,316811.4326207541,Nuclei,Texture,RNA
Cells_Texture_InverseDifferenceMoment_Mito_10_02_256,0.02643404411879545,0.775153763116249,0.06468515807839255,0.13372703468656302,7556.9993450869515,Cells,Texture,Mito
Cytoplasm_Texture_InverseDifferenceMoment_Mito_5_03_256,0.024385097948121662,0.7920715921358409,0.0644496933030131,0.11909361661302428,7476.725645731225,Cytoplasm,Texture,Mito
Cytoplasm_Texture_SumVariance_RNA_5_02_256,0.03119259635062801,0.7363674047456961,0.003911417877829298,0.22852858102584667,68374.78739480379,Cytoplasm,Texture,RNA
Cytoplasm_Texture_InverseDifferenceMoment_DNA_3_00_256,0.0010099746833240532,0.8922138928506786,0.06837950189484455,0.03839663057115292,18605.740767031166,Cytoplasm,Texture,DNA
Cells_RadialDistribution_FracAtD_ER_1of4,0.0873187460049032,0.41602603496502527,0.02819519167646394,0.4684600273536076,26331.326978995843,Cells,RadialDistribution,ER
Cells_Texture_SumAverage_Mito_3_00_256,0.00842530895397159,0.9424003438629545,0.008072606355350113,0.041101740827723804,31306.012326554486,Cells,Texture,Mito
Nuclei_AreaShape_Zernike_2_0,0.3851838105314055,0.12542099320861885,0.008329854390553575,0.48106534186942207,21031.975850572562,Nuclei,AreaShape,
Nuclei_Granularity_4_Mito,0.3170347677675226,0.29250019429535906,0.002644710177214002,0.3878203277599043,25257.97999564669,Nuclei,Granularity,Mito
Nuclei_Intensity_IntegratedIntensityEdge_DNA,0.0004934372470123676,0.9824127225160261,0.012997964676745069,0.0040958755602166766,22921.909165850197,Nuclei,Intensity,DNA
Cytoplasm_RadialDistribution_MeanFrac_ER_4of4,0.14232289631143102,0.3724701948232618,0.1150714018952853,0.3701355069700219,23810.853424030778,Cytoplasm,RadialDistribution,ER
Nuclei_Texture_SumAverage_Mito_10_03_256,0.021995077758986865,0.8902128025283691,0.012077940885346238,0.07571417882729785,23781.68721182188,Nuclei,Texture,Mito
Cells_Correlation_K_AGP_ER,0.014361204910406506,0.8888741750099909,0.009935995398219379,0.08682862468138332,28857.188206818548,Cells,Correlation,AGP
Cells_Texture_DifferenceEntropy_Mito_3_03_256,0.06428354084217548,0.6647837784415207,0.07582489878942902,0.19510778192687464,12072.241830840336,Cells,Texture,Mito
Cells_Granularity_11_RNA,0.11404548070229706,0.6457199986857267,0.029308302944678354,0.21092621766729777,8968.899850974412,Cells,Granularity,RNA
Cells_Texture_Variance_Mito_5_02_256,0.1527316895658402,0.3202669217569864,0.045435159693115804,0.48156622898405765,41501.664245046646,Cells,Texture,Mito
Cytoplasm_Texture_Variance_ER_3_02_256,0.07648141295222821,0.546298536844048,0.06619508045641968,0.31102496974730404,15646.390291544516,Cytoplasm,Texture,ER
Nuclei_Texture_InfoMeas2_DNA_10_03_256,0.003908070184745262,0.9754771698396436,0.009786542426864447,0.010828217548746872,6027.298005523169,Nuclei,Texture,DNA
Image_ImageQuality_TotalArea_OrigMito,0.0002444814099158543,0.9995112158005643,1.6365976335426334e-07,0.00024413912975640862,1938274.7877996452,Image,ImageQuality,
Nuclei_Texture_SumAverage_DNA_3_02_256,0.005862415463511315,0.9561609234312891,0.02011166760749151,0.017864993497708044,17578.595563229574,Nuclei,Texture,DNA
Image_Texture_SumAverage_RNA_3_01_256,0.013971695106411282,0.9257323872747413,0.012952813004360955,0.047343104614486535,24698.677159094303,Image,Texture,RNA
Cytoplasm_Texture_SumAverage_ER_5_01_256,0.0038987924342123257,0.9633267295385062,0.012769364670536583,0.020005113356744902,13155.546950910975,Cytoplasm,Texture,ER
Cytoplasm_Texture_Contrast_RNA_5_00_256,0.02691841470309442,0.8263901033618942,0.0028824702530577356,0.14380901168195367,104453.63510604523,Cytoplasm,Texture,RNA
Image_ImageQuality_MADIntensity_OrigMito,0.007288244690041914,0.9351953026954722,0.013131169655283107,0.04438528295920276,42316.526599698795,Image,ImageQuality,
Nuclei_Texture_AngularSecondMoment_AGP_10_02_256,0.0015410684546390383,0.9286239912060315,0.052346777325129726,0.017488163014199844,490754.8547918827,Nuclei,Texture,AGP
Cytoplasm_Texture_InverseDifferenceMoment_ER_3_02_256,0.02343563902132571,0.8356776645450967,0.056625315772660965,0.08426138066091651,7093.1129461262535,Cytoplasm,Texture,ER
Nuclei_Texture_DifferenceVariance_ER_10_02_256,0.02408780692552172,0.6152508030626772,0.09638767590357777,0.26427371410822337,130380.66886513402,Nuclei,Texture,ER
Cells_Intensity_MinIntensity_AGP,0.0009852662551257127,0.983525110800769,0.008152816151619037,0.007336806792486393,68573.55282421203,Cells,Intensity,AGP
Nuclei_Intensity_MinIntensity_AGP,0.0010986227572090553,0.9827140092542035,0.008596603396234092,0.0075907645923534595,11593.581806540955,Nuclei,Intensity,AGP
Image_ImageQuality_Correlation_OrigER_5,0.023240157935690477,0.8412043298083436,0.009584595332326378,0.12597091692363946,18080.40394096695,Image,ImageQuality,
Nuclei_Correlation_RWC_ER_DNA,0.0075166438656210895,0.8898157759279258,0.03811561139468753,0.06455196881176553,43069.1101311752,Nuclei,Correlation,DNA
Nuclei_Texture_Entropy_AGP_5_00_256,0.007273251666336054,0.9320705500783536,0.03781565019851035,0.02284054805680002,24752.02475060093,Nuclei,Texture,AGP
Image_Texture_DifferenceVariance_DNA_5_00_256,0.0021678882851347454,0.9647916312584343,0.01836259030347396,0.01467789015295717,120409.4246238276,Image,Texture,DNA
Nuclei_RadialDistribution_MeanFrac_AGP_4of4,0.0740765479675249,0.7377472391939783,0.02427876502829419,0.16389744781020252,53261.88715778794,Nuclei,RadialDistribution,AGP
Image_Texture_SumEntropy_Mito_10_02_256,0.08283224070335943,0.8097790444767964,0.02191857837688376,0.08547013644296048,5691.643044615572,Image,Texture,Mito
Cytoplasm_Texture_Variance_AGP_10_02_256,0.09222340608682345,0.46894426377747533,0.012006496726470518,0.4268258334092306,45120.52637629946,Cytoplasm,Texture,AGP
Cytoplasm_Texture_Correlation_ER_5_03_256,0.059999745443549454,0.5458265896118795,0.07164498437395746,0.32252868057061373,20509.89637932826,Cytoplasm,Texture,ER
Cytoplasm_Texture_SumAverage_RNA_3_01_256,0.005738829515939646,0.9434426468446402,0.007735047869866707,0.04308347576955341,13071.498340601525,Cytoplasm,Texture,RNA
Nuclei_Location_MaxIntensity_X_Mito,0.024646219126830887,0.6450201671043173,0.011174656724629754,0.3191589570442221,14298.834193546707,Nuclei,Location,Mito
Cytoplasm_Correlation_K_RNA_Mito,0.03193109734133868,0.8514034285131824,0.014638286624665422,0.10202718752081347,22118.41064416424,Cytoplasm,Correlation,Mito
Nuclei_Texture_InfoMeas1_DNA_3_02_256,0.03609049403479345,0.8725399394053884,0.006482359433421381,0.08488720712639669,5642.550657393195,Nuclei,Texture,DNA
Nuclei_Intensity_UpperQuartileIntensity_RNA,0.02094257874647341,0.8695775526746843,0.013287872117740109,0.09619199646110213,10376.621672983756,Nuclei,Intensity,RNA
Nuclei_Intensity_StdIntensityEdge_ER,0.04288469662177242,0.7979066275120413,0.05086201096581533,0.10834666490037083,6547.092582194173,Nuclei,Intensity,ER
Image_Texture_InfoMeas2_DNA_5_02_256,0.08356030827619834,0.784693864097118,0.02033353737962889,0.11141229024705462,20762.7476703169,Image,Texture,DNA
Image_Texture_InfoMeas1_AGP_3_00_256,0.059583800381424974,0.7338469582186197,0.04342762231528564,0.16314161908466976,10364.566521068424,Image,Texture,AGP
Image_Intensity_LowerQuartileIntensity_AGP__BackgroundOnly,0.0008942023432476697,0.9835742062926441,0.00010324504235548635,0.015428346321752882,72544.04309975196,Image,Intensity,AGP
Cells_Texture_Contrast_RNA_10_03_256,0.05298420319607759,0.6651716636379955,0.013389083316787051,0.26845504984913976,76389.77742269734,Cells,Texture,RNA
Cytoplasm_Texture_Entropy_AGP_10_01_256,0.00791021629757091,0.9101600877180437,0.048668649531102455,0.03326104645328305,22789.17545943531,Cytoplasm,Texture,AGP
Nuclei_Texture_Contrast_Mito_3_03_256,0.23786986676206362,0.191296984142221,0.08596381265789685,0.48486933643781854,64556.48729162229,Nuclei,Texture,Mito
Cytoplasm_Texture_SumVariance_DNA_5_02_256,0.007024040627429653,0.8530762202608432,0.07600630486584183,0.06389343424588535,364618.24632643093,Cytoplasm,Texture,DNA
Image_Texture_InverseDifferenceMoment_AGP_3_02_256,0.06467170380274542,0.800031868944595,0.04666035863938568,0.08863606861327385,5001.889180106457,Image,Texture,AGP
Cells_Granularity_15_ER,0.15622569554602858,0.5530541638610657,0.025381395959474442,0.2653387446334312,13645.989073124485,Cells,Granularity,ER
Cells_RadialDistribution_RadialCV_mito_tubeness_9of20,0.047715744459273304,0.7339750842979954,0.049794779800368984,0.16851439144236233,13528.786409929367,Cells,RadialDistribution,
Cells_Texture_DifferenceEntropy_DNA_3_02_256,0.010369189488118222,0.9449880698311591,0.0138698593697937,0.03077288131092909,5555.844817933683,Cells,Texture,DNA
Cytoplasm_AreaShape_Zernike_9_7,0.21331615482494473,0.2752077144760184,0.03074926384213644,0.4807268668569004,39548.42163307995,Cytoplasm,AreaShape,
Image_Texture_Variance_RNA_3_02_256,0.009699067992101754,0.891728180450576,0.021681757736893747,0.07689099382042858,49554.40567757176,Image,Texture,RNA
Nuclei_Texture_DifferenceEntropy_ER_5_01_256,0.01461327034588373,0.86573395684567,0.04009138865374703,0.07956138415469925,11671.092352646581,Nuclei,Texture,ER
Cells_RadialDistribution_FracAtD_RNA_1of4,0.128055537109693,0.3172411416828116,0.015216754390086315,0.539486566817409,42382.00137822899,Cells,RadialDistribution,RNA
Nuclei_Texture_DifferenceEntropy_ER_5_02_256,0.015351607382233625,0.8570384649369103,0.04258991678850736,0.08502001089234867,10926.199072255165,Nuclei,Texture,ER
Image_Texture_Correlation_Mito_5_01_256,0.023315491775459,0.8579413756691959,0.021144441393834555,0.0975986911615107,11380.694576896363,Image,Texture,Mito
Cytoplasm_RadialDistribution_MeanFrac_Mito_1of4,0.2041154148936131,0.27514087862921344,0.14695410799822708,0.3737895984789464,38399.39895722956,Cytoplasm,RadialDistribution,Mito
Image_Texture_Variance_ER_10_01_256,0.00998771529919896,0.8520266351946456,0.055091915985032394,0.08289373352112303,18740.88795071031,Image,Texture,ER
Cells_AreaShape_Zernike_8_0,0.18485876275107324,0.04360399311704159,0.004313754059443936,0.7672234900724412,45018.776348485044,Cells,AreaShape,
Nuclei_Texture_Variance_AGP_5_01_256,0.10543170662023844,0.4710311237176015,0.013970402056772543,0.4095667676053875,68803.53453116254,Nuclei,Texture,AGP
Nuclei_Intensity_MeanIntensityEdge_Mito,0.015999185271565068,0.9058625192515531,0.012028690197409752,0.06610960527947216,24318.683214108947,Nuclei,Intensity,Mito
Image_Granularity_5_RNA,0.2569314069984295,0.13107308258095673,0.04208085100301296,0.5699146594176008,44336.548937932406,Image,Granularity,RNA
Image_Intensity_MedianIntensity_Mito_BackgroundOnly,0.0010212459262592842,0.9673997406269526,0.004454304208153708,0.027124709238634498,79565.14306539763,Image,Intensity,Mito
Cells_Texture_InfoMeas1_ER_3_00_256,0.06399851196314729,0.5470560858882678,0.12127474628546754,0.2676706558631172,17084.875264795195,Cells,Texture,ER
Cells_Texture_SumVariance_RNA_5_02_256,0.0483074467628272,0.6615329630024309,0.012869358541449164,0.27729023169329264,63736.18533087149,Cells,Texture,RNA
Cells_Texture_AngularSecondMoment_ER_5_01_256,0.02614782394037075,0.6501035229500681,0.14234953352282165,0.18139911958673957,246287.0809958113,Cells,Texture,ER
Cells_RadialDistribution_MeanFrac_DNA_2of4,0.017823022345923496,0.8563468493858765,0.023715742097339582,0.1021143861708605,10359.451397350085,Cells,RadialDistribution,DNA
Cytoplasm_Texture_SumAverage_Mito_3_02_256,0.0039446379510050915,0.9543570774833803,0.007554432406957371,0.034143852158657166,35717.11172952145,Cytoplasm,Texture,Mito
Cells_Texture_Contrast_ER_3_01_256,0.1401350960223885,0.35067857038075745,0.026599255704041733,0.4825870778928124,46900.21823777631,Cells,Texture,ER
Cytoplasm_Correlation_Manders_ER_AGP,0.0850885026951099,0.6591234653611631,0.018849909933455866,0.23693812201027115,72735.09360712062,Cytoplasm,Correlation,AGP
Image_Texture_DifferenceEntropy_AGP_3_00_256,0.08252968849749123,0.7768617568778322,0.04305834010936398,0.0975502145153125,8163.419965523146,Image,Texture,AGP
Nuclei_Texture_DifferenceVariance_AGP_5_00_256,0.0015749624647047285,0.9441151905101476,0.039200448063279325,0.01510939896186854,580366.2298961218,Nuclei,Texture,AGP
Cytoplasm_Intensity_LowerQuartileIntensity_ER,0.0019626111447324074,0.9764360222498626,0.006161590491129537,0.01543977611427549,36252.89339970712,Cytoplasm,Intensity,ER
Cells_Texture_AngularSecondMoment_DNA_5_00_256,0.004271454604792541,0.9239751591007606,0.03078142816314923,0.04097195813129777,9646.14606476811,Cells,Texture,DNA
Cytoplasm_RadialDistribution_MeanFrac_mito_tubeness_11of20,0.06497567923142558,0.41136361450562337,0.14047492063084902,0.38318578563210204,370132.4796931421,Cytoplasm,RadialDistribution,
Image_Texture_SumEntropy_ER_3_03_256,0.16022284502348824,0.6880501214105167,0.014622857566474122,0.13710417599952104,15141.162647925434,Image,Texture,ER
Cells_Texture_SumVariance_Mito_5_00_256,0.1372910144895237,0.35444007182804366,0.040735025409193076,0.4675338882732396,41667.437525463974,Cells,Texture,Mito
Cytoplasm_Texture_Correlation_ER_10_03_256,0.075059547332629,0.2852878113590488,0.0768041781818187,0.5628484631265035,31379.774689809965,Cytoplasm,Texture,ER
Cells_Texture_InfoMeas2_AGP_3_03_256,0.003870423760226546,0.9369417368211161,0.03405466784219741,0.02513317157645984,20600.363981701346,Cells,Texture,AGP
Cytoplasm_Texture_SumVariance_DNA_3_00_256,0.006695584424577223,0.8613467311774768,0.07461485051884531,0.05734283387910059,415092.34371661476,Cytoplasm,Texture,DNA
Nuclei_Correlation_K_DNA_RNA,0.010470172276030264,0.8756388543413308,0.05664203428555288,0.05724893909708608,28825.73585327039,Nuclei,Correlation,DNA
Cytoplasm_RadialDistribution_RadialCV_mito_tubeness_18of20,0.0698564551515167,0.6906411485803073,0.044350145312704495,0.19515225095547156,18647.254329720414,Cytoplasm,RadialDistribution,
Nuclei_Texture_InfoMeas2_AGP_10_03_256,0.009231136168299152,0.9360660824203627,0.03196414093561571,0.02273864047572231,36761.99038088041,Nuclei,Texture,AGP
Cytoplasm_Texture_InfoMeas1_RNA_3_00_256,0.04073781225852141,0.42444839748003405,0.2834490080471776,0.25136478221426695,23842.0002904064,Cytoplasm,Texture,RNA
Cells_Correlation_Manders_RNA_AGP,0.06830076821747634,0.7115162803736756,0.01430916461652998,0.20587378679231808,107404.8358048826,Cells,Correlation,AGP
Nuclei_Texture_Entropy_DNA_10_02_256,0.0012694307753516759,0.9858227564585746,0.006285768791195748,0.006622043974878058,6336.119277219012,Nuclei,Texture,DNA
Nuclei_Texture_SumEntropy_AGP_3_01_256,0.008535267731406193,0.9267268245189979,0.03787145654669428,0.026866451202901726,33371.30629778251,Nuclei,Texture,AGP
Cytoplasm_RadialDistribution_RadialCV_mito_tubeness_Overflow,0.0,0.0,0.0,0.0,0.0,Cytoplasm,RadialDistribution,
Image_Texture_Correlation_Mito_10_02_256,0.031262798858495096,0.8379400582037998,0.01877103151054815,0.11202611142715696,9891.585300634204,Image,Texture,Mito
Nuclei_Correlation_RWC_RNA_ER,0.03365113433333612,0.5837653261445128,0.21578134363775478,0.16680219588439626,34430.79692738311,Nuclei,Correlation,ER
Nuclei_Granularity_11_ER,0.0654252718276735,0.7454242034618913,0.03130281729647288,0.15784770741396234,7916.444600528965,Nuclei,Granularity,ER
Cells_RadialDistribution_FracAtD_mito_tubeness_18of20,0.04401776318161257,0.7300075406861423,0.03571433729345957,0.19026035883878553,7262.398718437045,Cells,RadialDistribution,
Image_Texture_InverseDifferenceMoment_Mito_5_01_256,0.05321543930289259,0.8600569020589145,0.015627428103727924,0.07110023053446504,6303.0811715348655,Image,Texture,Mito
Cells_Texture_InfoMeas1_DNA_3_02_256,0.0008348141443904543,0.9840219959397554,0.003372558205072045,0.011770631710782062,41127.227785891795,Cells,Texture,DNA
Image_Texture_SumEntropy_DNA_10_00_256,0.02019129280668248,0.9413182411766461,0.00386994880504398,0.03462051721162742,21635.928196057146,Image,Texture,DNA
Cytoplasm_AreaShape_Zernike_7_5,0.2499958547472185,0.2272331954060947,0.026545346901379028,0.4962256029453078,41950.29800692519,Cytoplasm,AreaShape,
Cytoplasm_Texture_Variance_ER_10_02_256,0.0842900297826653,0.5112799131562066,0.060228331318560674,0.34420172574256763,17194.682972606963,Cytoplasm,Texture,ER
Image_Texture_SumAverage_Mito_10_02_256,0.002866840109551294,0.9681495039148083,0.0026555706468272197,0.026328085328813085,52699.605012335414,Image,Texture,Mito
Image_Intensity_UpperQuartileIntensity_RNA_BackgroundOnly,0.00336819923174593,0.8821356804801537,0.013162515862181796,0.10133360442591854,67391.66758931913,Image,Intensity,RNA
Cytoplasm_Intensity_IntegratedIntensity_RNA,0.05866404440784222,0.4254515813060175,0.008529095501212036,0.5073552787849283,19298.358338836006,Cytoplasm,Intensity,RNA
Nuclei_RadialDistribution_MeanFrac_ER_3of4,0.03936167043720879,0.6327366068467084,0.17191241423142548,0.15598930848465742,9816.60873773539,Nuclei,RadialDistribution,ER
Cells_Texture_InverseDifferenceMoment_ER_5_00_256,0.015156349792630447,0.8516520414903181,0.051864022773479464,0.08132758594357195,8944.690436230705,Cells,Texture,ER
Cells_Texture_Contrast_Mito_5_02_256,0.20829648184061084,0.2083326001322988,0.061592539429219065,0.5217783785978714,42725.41753330323,Cells,Texture,Mito
Cytoplasm_AreaShape_Zernike_7_7,0.14558028640512205,0.4472476994010083,0.036665225799571016,0.3705067883942986,14918.54195845871,Cytoplasm,AreaShape,
Cytoplasm_Texture_Contrast_Mito_10_03_256,0.1449400245692027,0.31006031409195395,0.06003689080079738,0.4849627705380459,36047.14580879601,Cytoplasm,Texture,Mito
Cytoplasm_AreaShape_BoundingBoxMaximum_Y,0.042225545491806106,0.2863810859822329,0.03266716026966007,0.6387262082563009,22770.542251030656,Cytoplasm,AreaShape,
Nuclei_Granularity_5_Mito,0.3532203751118042,0.22258640300080296,0.010855569205169804,0.413337652682223,34153.63315202786,Nuclei,Granularity,Mito
Nuclei_Texture_InverseDifferenceMoment_RNA_10_00_256,0.005097688720312019,0.8981616136690613,0.035843764838147565,0.060896932772479005,22481.152804670754,Nuclei,Texture,RNA
Cytoplasm_Texture_DifferenceVariance_RNA_10_01_256,0.012349544177257806,0.7335471205253339,0.10471872338784091,0.14938461190956734,255836.8578343901,Cytoplasm,Texture,RNA
Image_Texture_InfoMeas2_RNA_10_03_256,0.3717873692956283,0.22018121530153645,0.041282369856017645,0.36674904554681764,43096.706008472625,Image,Texture,RNA
Image_Texture_SumAverage_Mito_5_02_256,0.0028629570709913866,0.9681461215591147,0.002656440831501493,0.026334480538392248,52800.44377459874,Image,Texture,Mito
Cells_Texture_SumAverage_Mito_5_02_256,0.009214809338578295,0.9395666983923382,0.008289131823979083,0.042929360445104515,30743.449002446363,Cells,Texture,Mito
Cells_Texture_SumVariance_Mito_5_01_256,0.13399370380834136,0.3620493677501123,0.04056636224052299,0.46339056620102337,41022.1509845402,Cells,Texture,Mito
Image_Texture_DifferenceEntropy_AGP_5_02_256,0.07328729097942968,0.8007406547147161,0.037472597616227864,0.08849945668962637,5970.504495308454,Image,Texture,AGP
Cytoplasm_Texture_SumVariance_DNA_10_02_256,0.006232636784617366,0.8519109661133332,0.08059934908891549,0.061257048013133905,361801.747073512,Cytoplasm,Texture,DNA
Cytoplasm_Texture_Contrast_ER_10_03_256,0.10420999841948234,0.4331351216016464,0.05680797661811928,0.405846903360752,22404.377476176986,Cytoplasm,Texture,ER
Cells_RadialDistribution_FracAtD_mito_tubeness_9of20,0.13797001561595915,0.3426878811108548,0.07886822022279417,0.44047388305039176,22189.599899681165,Cells,RadialDistribution,
Nuclei_Texture_SumAverage_AGP_5_01_256,0.00957913191783436,0.9432418630099434,0.015147691642034236,0.03203131343018797,5119.823098970492,Nuclei,Texture,AGP
Cytoplasm_Granularity_8_AGP,0.3221090984179308,0.23033854949338883,0.01367876045559268,0.43387359163308764,37491.139322451214,Cytoplasm,Granularity,AGP
Nuclei_Texture_DifferenceEntropy_DNA_3_01_256,0.010976105994709074,0.9589062910751672,0.011572493378842719,0.018545109551280844,4838.449252640916,Nuclei,Texture,DNA
Nuclei_Texture_Variance_AGP_3_03_256,0.10495495186783478,0.47377970801390684,0.01345851357799464,0.4078068265402638,67872.6115987096,Nuclei,Texture,AGP
Cells_Texture_Correlation_AGP_5_02_256,0.016728627882137227,0.8443733895132338,0.035263974802296615,0.10363400780233234,6319.727507177209,Cells,Texture,AGP
Cytoplasm_RadialDistribution_MeanFrac_mito_tubeness_19of20,0.053637096293913666,0.47032867042122045,0.03549497939052788,0.4405392538943381,22244.496627849745,Cytoplasm,RadialDistribution,
Cytoplasm_Texture_SumEntropy_Mito_10_01_256,0.020595382025119062,0.775055027573671,0.06702472289820323,0.13732486750300676,9262.419145482989,Cytoplasm,Texture,Mito
Cells_Texture_InfoMeas2_Mito_5_02_256,0.02452604461274344,0.6232540509452416,0.09867757332274607,0.25354233111926894,13842.219056546977,Cells,Texture,Mito
Image_Texture_SumEntropy_ER_5_03_256,0.16334438550463684,0.6823975340594512,0.014568583443371598,0.13968949699254024,14900.579571468865,Image,Texture,ER
Cells_Granularity_14_DNA,0.018636229333524247,0.6138345711862204,0.009365689563510932,0.35816350991674434,31466.100923461734,Cells,Granularity,DNA
Cells_Texture_SumEntropy_RNA_5_02_256,0.008416598861502086,0.871498022801176,0.043895231902325395,0.07619014643499648,16193.03490219681,Cells,Texture,RNA
Cytoplasm_Texture_Variance_RNA_3_00_256,0.030880368271136823,0.7500859062293102,0.0036980862020604926,0.21533563929749253,72213.55443245843,Cytoplasm,Texture,RNA
Nuclei_AreaShape_Compactness,0.034605454338342494,0.7691228559462026,0.11938835073797827,0.07688333897747665,515475.7497655386,Nuclei,AreaShape,
Cytoplasm_Texture_AngularSecondMoment_Mito_5_02_256,0.01939227347635171,0.6262674847178794,0.14394948053177156,0.2103907612739973,27005.468168806685,Cytoplasm,Texture,Mito
Cytoplasm_Texture_Entropy_RNA_5_00_256,0.008940141024389319,0.8998343679343729,0.028579412481928586,0.06264607855930926,11456.517391478676,Cytoplasm,Texture,RNA
Nuclei_Texture_Correlation_RNA_3_02_256,0.020218607933910462,0.8724145555417481,0.033447012153347604,0.07391982437099376,5804.191219709779,Nuclei,Texture,RNA
Cells_Texture_Variance_ER_3_03_256,0.09013757800543366,0.4950983099042504,0.019897543557711186,0.3948665685326049,35828.56117155078,Cells,Texture,ER
Cytoplasm_Texture_InfoMeas2_DNA_3_03_256,0.00376345042823473,0.9783659507271416,0.00580774816314416,0.012062850681479435,3568.1384991107966,Cytoplasm,Texture,DNA
Cells_AreaShape_Zernike_0_0,0.12438498069513163,0.3942730870837613,0.011867656721349621,0.4694742754997575,13987.952559289537,Cells,AreaShape,
Nuclei_Neighbors_NumberOfNeighbors_1,0.07044064704650246,0.6718671109382243,0.02766115431217001,0.2300310877031033,8308.587265928665,Nuclei,Neighbors,
Cytoplasm_Texture_SumEntropy_DNA_10_00_256,0.005473783385265485,0.9572635503705564,0.01766612352841536,0.019596542715762694,3303.4482213018946,Cytoplasm,Texture,DNA
Cytoplasm_Texture_AngularSecondMoment_ER_10_03_256,0.024339932001091975,0.6733643695848345,0.1402992163376829,0.1619964820763907,232231.90950592855,Cytoplasm,Texture,ER
Nuclei_Correlation_Manders_Mito_DNA,0.2236209728340409,0.32885519375689765,0.20287772589298805,0.24464610751607344,207157.16212349993,Nuclei,Correlation,DNA
Cytoplasm_Texture_AngularSecondMoment_AGP_3_02_256,0.013391464187494734,0.7789494804154035,0.1446970615016127,0.06296199389548916,250761.6461828317,Cytoplasm,Texture,AGP
Cells_Texture_SumEntropy_DNA_5_01_256,0.004951844057479312,0.9677371148817654,0.0061855576282344085,0.021125483432520888,6093.59558861428,Cells,Texture,DNA
Cytoplasm_Intensity_StdIntensityEdge_AGP,0.04159309479894402,0.799481573879243,0.020268919001126526,0.13865641232068643,9422.829174509126,Cytoplasm,Intensity,AGP
Cytoplasm_Texture_Variance_DNA_3_01_256,0.009026763594357272,0.8310797707939527,0.08622013050480958,0.07367333510688039,200791.4109991853,Cytoplasm,Texture,DNA
Nuclei_Texture_AngularSecondMoment_AGP_10_03_256,0.0014559710068074213,0.935082667690421,0.0480599082276348,0.015401453075136845,527523.2082110111,Nuclei,Texture,AGP
Cells_Texture_Correlation_DNA_10_01_256,0.011022950143044538,0.7838565577680756,0.1252247190830539,0.07989577300582582,68825.23043451608,Cells,Texture,DNA
Image_Texture_DifferenceEntropy_AGP_5_01_256,0.07754793269042595,0.7957314119308054,0.036023971290753534,0.09069668408801522,6179.242464061039,Image,Texture,AGP
Nuclei_Texture_InfoMeas2_DNA_10_00_256,0.006390823775179667,0.9697387697368767,0.01109485776843399,0.012775548719509673,4642.4656638826655,Nuclei,Texture,DNA
Cells_Texture_Contrast_DNA_10_03_256,0.019379990440198128,0.8346323006733274,0.06474747257059398,0.08124023631588054,466255.45576306654,Cells,Texture,DNA
Nuclei_Texture_SumAverage_DNA_5_01_256,0.005697437963484251,0.957148882004459,0.019499975450937037,0.01765370458111979,17903.840401975052,Nuclei,Texture,DNA
Cytoplasm_Texture_AngularSecondMoment_DNA_3_01_256,0.0034212694261780497,0.9488500005741518,0.00855952008985906,0.039169209909811,6797.700637210312,Cytoplasm,Texture,DNA
Cytoplasm_Correlation_Correlation_AGP_DNA,0.025850844575051716,0.8281868260715536,0.08272587316271902,0.06323645619067587,11274.669069818901,Cytoplasm,Correlation,AGP
Image_Intensity_MaxIntensity_Mito_BackgroundOnly,0.0462968867917006,0.5862042266155009,0.07439430989341958,0.293104576699379,9478.80003438914,Image,Intensity,Mito
Image_Texture_Variance_AGP_10_01_256,0.015837180786207532,0.8057476221686252,0.07233261827351044,0.1060825787716568,8399.433969991816,Image,Texture,AGP
Image_Texture_SumVariance_ER_10_00_256,0.010059569401231433,0.849596840406473,0.05205730341294653,0.08828628677934915,18853.572011301163,Image,Texture,ER
Cells_Texture_SumVariance_Mito_10_02_256,0.13044282786256428,0.3693827476247475,0.04190174416757681,0.45827268034511137,39412.174919087774,Cells,Texture,Mito
Cells_Intensity_MassDisplacement_Mito,0.08321067435761735,0.3580930370574861,0.02645019131083383,0.5322460972740627,15279.282186632692,Cells,Intensity,Mito
Image_Texture_SumAverage_ER_10_00_256,0.00780368525652529,0.9694725065430149,0.003171915727585003,0.019551892472874796,33584.65012531144,Image,Texture,ER
Nuclei_Texture_InfoMeas1_AGP_10_00_256,0.0995335080542246,0.6740729749381797,0.012792415238327809,0.21360110176926797,20998.546908696113,Nuclei,Texture,AGP
Cells_RadialDistribution_RadialCV_Mito_4of4,0.11708147380754587,0.6239862539529639,0.02556500223040189,0.2333672700090883,8121.840330795256,Cells,RadialDistribution,Mito
Cytoplasm_Texture_Entropy_ER_10_03_256,0.009590027791268205,0.8923077074786895,0.048148256688931176,0.04995400804111127,10953.41395358628,Cytoplasm,Texture,ER
Cells_Texture_Entropy_AGP_5_00_256,0.006910419987322215,0.9104572196587905,0.04642970325341753,0.03620265710046974,22514.27390872574,Cells,Texture,AGP
Cells_Texture_DifferenceEntropy_AGP_10_00_256,0.01141149987084665,0.8879522866264465,0.04438388979783323,0.056252323704873604,24131.95049089992,Cells,Texture,AGP
Cells_Texture_Correlation_RNA_3_01_256,0.01500052969496174,0.6068438191942358,0.24823143952665624,0.12992421158414608,28004.260186123072,Cells,Texture,RNA
Cells_Texture_DifferenceVariance_Mito_3_01_256,0.011920047217106412,0.6321499584484895,0.1321295669377569,0.22380042739664724,36143.197926456225,Cells,Texture,Mito
Cytoplasm_RadialDistribution_RadialCV_mito_tubeness_2of16,0.030318309367566066,0.009514116965304674,0.000915264360509496,0.9592523093066198,9976.681279731369,Cytoplasm,RadialDistribution,
Cytoplasm_Texture_DifferenceEntropy_ER_10_03_256,0.011737692149433517,0.877360133630371,0.04770409176063585,0.06319808245955966,11042.935511226577,Cytoplasm,Texture,ER
Cytoplasm_Texture_DifferenceVariance_AGP_3_01_256,0.005725582259392875,0.830220716094305,0.11564036724722875,0.048413334399073506,402174.6777877607,Cytoplasm,Texture,AGP
Nuclei_Texture_DifferenceVariance_Mito_10_03_256,0.010057279806749588,0.6805470634729672,0.15629748664260967,0.1530981700776736,38656.7072165702,Nuclei,Texture,Mito
Cytoplasm_Correlation_Overlap_AGP_ER,0.0124276599453861,0.9198826643308293,0.03013097329632105,0.03755870242746359,10323.317441591513,Cytoplasm,Correlation,AGP
Image_Texture_SumAverage_RNA_10_01_256,0.013973643792021262,0.9258041080262119,0.012962653247667716,0.04725959493409915,24725.996810766133,Image,Texture,RNA
Cells_Texture_AngularSecondMoment_DNA_3_03_256,0.004324394883102867,0.9295706986538196,0.026179089749564458,0.03992581671351318,9329.687523148958,Cells,Texture,DNA
Cytoplasm_RadialDistribution_MeanFrac_Mito_4of4,0.14394349842093482,0.39097239629732067,0.1402979735177023,0.3247861317640422,26710.69085747117,Cytoplasm,RadialDistribution,Mito
Cytoplasm_Texture_Variance_DNA_10_00_256,0.0073403017548757995,0.8382812306349288,0.09185793548136499,0.0625205321288304,346436.09638180863,Cytoplasm,Texture,DNA
Cells_Texture_SumEntropy_RNA_3_00_256,0.008588232263499963,0.8738720292531327,0.04249781726052998,0.0750419212228374,16166.03291332492,Cells,Texture,RNA
Cytoplasm_Intensity_MaxIntensityEdge_RNA,0.01565515642032728,0.9022844738305061,0.004558459520028398,0.07750191022913826,12061.755388960071,Cytoplasm,Intensity,RNA
Nuclei_AreaShape_BoundingBoxArea,0.16780683924341955,0.5920991982649886,0.06157905295005202,0.17851490954153995,13329.507247985053,Nuclei,AreaShape,
Image_Texture_Correlation_AGP_10_02_256,0.05975834237191212,0.7680551114031522,0.014467261431022666,0.1577192847939129,10471.15738191225,Image,Texture,AGP
Nuclei_Location_CenterMassIntensity_X_AGP,0.025215992845379884,0.6404031518243987,0.011918935606851675,0.3224619197233698,14250.593513194639,Nuclei,Location,AGP
Nuclei_Texture_DifferenceVariance_ER_10_01_256,0.02302677009464415,0.6267943514718999,0.10732814777354317,0.24285073065991286,141373.6343115024,Nuclei,Texture,ER
Cytoplasm_Texture_Variance_Mito_3_02_256,0.12651443815362245,0.36209776771268415,0.060561708405324335,0.45082608572836896,31451.754004958624,Cytoplasm,Texture,Mito
Image_ImageQuality_StdIntensity_OrigRNA,0.011197761322619439,0.9280124758156595,0.021287819755937947,0.039501943105783095,6830.122367969785,Image,ImageQuality,
Cells_Texture_SumAverage_DNA_3_02_256,0.003220086331882421,0.9585602492659744,0.02219377783456475,0.016025886567578564,35609.83061752678,Cells,Texture,DNA
Cells_AreaShape_Zernike_9_3,0.08858096030942422,0.06434751537898656,0.010314908888435843,0.8367566154231535,38678.857904195975,Cells,AreaShape,
Cells_Texture_InfoMeas2_ER_3_03_256,0.037848362017247485,0.6888430511599914,0.10204334971778752,0.17126523710497354,52407.179735575584,Cells,Texture,ER
Cytoplasm_Texture_Variance_Mito_10_02_256,0.1316188323417417,0.34434231455518893,0.059885965078178956,0.4641528880248904,32534.49576557575,Cytoplasm,Texture,Mito
Image_Texture_AngularSecondMoment_ER_10_00_256,0.37634616297781587,0.29729154201873587,0.016909126590724036,0.3094531684127242,34034.28737344257,Image,Texture,ER
Image_Texture_Contrast_RNA_10_00_256,0.008291111293269406,0.9042675916207725,0.020792384655151232,0.06664891243080687,95250.38413459831,Image,Texture,RNA
Image_Texture_InfoMeas1_AGP_3_01_256,0.06619959069387778,0.7302961181609265,0.04592162715235164,0.157582663992844,10570.039930213636,Image,Texture,AGP
Image_Texture_SumEntropy_ER_5_02_256,0.16112026348622457,0.686563992005047,0.01458533287693593,0.13773041163179242,15035.933709374382,Image,Texture,ER
Image_Texture_SumVariance_RNA_3_00_256,0.009778922878512156,0.8905572398317573,0.02177133456803408,0.07789250272169652,48616.16237029437,Image,Texture,RNA
Image_Texture_SumAverage_DNA_3_01_256,0.0014332688500470593,0.9730377674596209,0.011902989914440052,0.013625973775892048,68209.32591622407,Image,Texture,DNA
Image_Texture_Variance_DNA_3_02_256,0.0005387995384781549,0.9809124199242,0.011213079696621853,0.0073357008407000344,757738.8804289488,Image,Texture,DNA
Cells_Texture_InfoMeas2_ER_10_03_256,0.009959187223607006,0.8527671161804934,0.06682239399970981,0.0704513025961898,14696.482045591141,Cells,Texture,ER
Image_Texture_SumEntropy_AGP_5_00_256,0.1048841148321836,0.7643715901511303,0.019809534619442005,0.11093476039724402,6371.073795852504,Image,Texture,AGP
Cytoplasm_Texture_InfoMeas2_Mito_5_03_256,0.019531267101276086,0.79385658055875,0.04661556800603111,0.13999658433394283,7944.556928294707,Cytoplasm,Texture,Mito
Image_Texture_SumAverage_AGP_10_00_256,0.005095211017897911,0.9696976452460899,0.011242135006482757,0.01396500872952943,31702.858057276593,Image,Texture,AGP
Cells_Granularity_13_ER,0.12435460079385954,0.6375086612140538,0.030732832625613354,0.20740390536647324,10699.885480364757,Cells,Granularity,ER
Cells_Texture_Contrast_Mito_5_00_256,0.20707078142262042,0.20813588253150728,0.06581430884347986,0.5189790272023923,43008.407024209686,Cells,Texture,Mito
Cells_Texture_InfoMeas1_ER_3_02_256,0.07026369797463497,0.5347354645190432,0.12434593755368613,0.2706548999526358,16111.029418201668,Cells,Texture,ER
Cells_Texture_SumEntropy_Mito_5_03_256,0.022700256602671432,0.7726253553156301,0.06534487633626604,0.1393295117454324,8408.338153845214,Cells,Texture,Mito
Cytoplasm_Texture_Entropy_Mito_5_02_256,0.018627710535167777,0.8066511662180484,0.06265284631457027,0.11206827693221351,7565.367857085119,Cytoplasm,Texture,Mito
Image_Texture_DifferenceVariance_ER_3_00_256,0.013892576499110616,0.7077792622637231,0.23320700982094442,0.04512115141622185,56716.9378298159,Image,Texture,ER
Cells_Texture_DifferenceVariance_AGP_10_03_256,0.0024687736233751693,0.9193734664268551,0.05821752102339988,0.019940238926369848,569332.9341684021,Cells,Texture,AGP
Cytoplasm_Intensity_IntegratedIntensity_ER,0.05391701669256818,0.4145994365321201,0.0022637407505233477,0.5292198060247882,17913.341101196755,Cytoplasm,Intensity,ER
Image_Texture_InfoMeas1_AGP_5_01_256,0.08130964139826473,0.6985112653546592,0.0447392695424552,0.1754398237046208,11922.864620957203,Image,Texture,AGP
Nuclei_Texture_Variance_ER_3_02_256,0.0822049241104022,0.5555251132627234,0.014586762816831146,0.34768319981004336,59182.62888768635,Nuclei,Texture,ER
Cells_Granularity_14_RNA,0.1445421674247471,0.570993735952299,0.03251059370281143,0.2519535029201425,13161.052787439203,Cells,Granularity,RNA
Cells_Texture_Correlation_DNA_10_03_256,0.011305232451365908,0.7773943740130523,0.1271017127312016,0.0841986808043801,67707.29445402342,Cells,Texture,DNA
Cytoplasm_Texture_InfoMeas2_RNA_10_02_256,0.010849177092721023,0.8538976025704622,0.06405261038516287,0.07120060995165374,19928.115593715484,Cytoplasm,Texture,RNA
Image_Texture_Correlation_RNA_5_00_256,0.09601307836097014,0.625325627900837,0.0426725934561394,0.23598870028205354,13518.184983854144,Image,Texture,RNA
Cytoplasm_Texture_Entropy_AGP_5_01_256,0.007969415700933444,0.9057199308743287,0.05163009564120212,0.03468055778353557,19818.944111854427,Cytoplasm,Texture,AGP
Nuclei_Texture_SumEntropy_Mito_3_02_256,0.055154812123017545,0.7681179143898385,0.0509358248447603,0.1257914486423837,6299.307039865835,Nuclei,Texture,Mito
Cytoplasm_Texture_SumEntropy_Mito_10_02_256,0.019824333363648784,0.7846564301258676,0.065455617728515,0.13006361878196865,8772.41586485546,Cytoplasm,Texture,Mito
Cytoplasm_Texture_AngularSecondMoment_ER_3_01_256,0.02947233560181604,0.6416864979058448,0.13068125489918475,0.19815991159315438,127842.05077414094,Cytoplasm,Texture,ER
Cells_Texture_Contrast_DNA_3_00_256,0.043729041587284426,0.7093968339000776,0.08326317715529252,0.1636109473573455,243904.16802711962,Cells,Texture,DNA
Cells_Texture_Correlation_DNA_5_00_256,0.005481911558556932,0.8675672553668536,0.07790505188657963,0.04904578118800981,120944.23984542621,Cells,Texture,DNA
Cells_Texture_Variance_Mito_10_00_256,0.1535074402327518,0.3183436675284233,0.04487743147553634,0.48327146076328853,42636.429927755584,Cells,Texture,Mito
Image_Texture_SumEntropy_ER_10_03_256,0.166856823007618,0.6744119734619981,0.014907873174235472,0.1438233303561484,14110.764654332046,Image,Texture,ER
Cells_Texture_DifferenceVariance_DNA_3_00_256,0.0014314310999308214,0.9587802780317031,0.02173315172994507,0.018055139138421078,53691.60115773449,Cells,Texture,DNA
Image_Texture_InfoMeas1_AGP_3_02_256,0.0490161284972407,0.772741209496332,0.044182570572644464,0.1340600914337828,10372.571540793317,Image,Texture,AGP
Nuclei_Texture_Correlation_DNA_5_00_256,0.005348601914546582,0.7824526042894148,0.13212324506513182,0.08007554873090682,20694.409424499805,Nuclei,Texture,DNA
Nuclei_Texture_Contrast_DNA_5_01_256,0.04754463747736497,0.7465508602924256,0.047337213327104666,0.15856728890310468,341645.5317122346,Nuclei,Texture,DNA
Image_Threshold_SumOfEntropies_NucleiIncludingEdges,0.010016829918565218,0.849298126782208,0.014655505285213664,0.1260295380140133,16281.479089197444,Image,Threshold,
Nuclei_Texture_Correlation_RNA_3_03_256,0.026701344729786358,0.8271424547474757,0.031355188080607756,0.11480101244213017,5732.9590361357605,Nuclei,Texture,RNA
Cytoplasm_Texture_AngularSecondMoment_ER_10_02_256,0.024937793264063597,0.6653758577474731,0.13681516018802836,0.17287118880043487,207266.2771256719,Cytoplasm,Texture,ER
Cytoplasm_Granularity_2_DNA,0.08432476998133567,0.7492094117559905,0.004461811593630576,0.1620040066690432,163984.03271757992,Cytoplasm,Granularity,DNA
Nuclei_RadialDistribution_MeanFrac_Mito_2of4,0.1761652518894726,0.3234312311728326,0.11331885152717608,0.38708466541051884,29720.43388388346,Nuclei,RadialDistribution,Mito
Image_Intensity_TotalArea_ER__BackgroundOnly,0.2757437985806492,0.45886781724025927,0.015064126027869653,0.2503242581512217,11723.584905771417,Image,Intensity,ER
Cells_Correlation_RWC_ER_Mito,0.06630064709175702,0.6210842564013808,0.12199413767150864,0.19062095883535354,13254.91316994439,Cells,Correlation,ER
Cells_Correlation_RWC_AGP_RNA,0.06463820296951307,0.7605410964258471,0.04546014282266755,0.1293605577819724,11367.956203583006,Cells,Correlation,AGP
Image_Intensity_PercentMaximal_RNA,0.019115009854177283,0.36785616238124413,0.03743817892329808,0.5755906488412805,93775.04683228598,Image,Intensity,RNA
Nuclei_Texture_AngularSecondMoment_RNA_10_02_256,0.012528394166510866,0.8512903840117306,0.01264878060235802,0.12353244121940048,369670.654717288,Nuclei,Texture,RNA
Cytoplasm_Granularity_5_RNA,0.3478101873731883,0.2362123174268503,0.007138160162631183,0.4088393350373303,85599.9332742545,Cytoplasm,Granularity,RNA
Nuclei_Texture_InfoMeas1_ER_10_02_256,0.13527842412834964,0.5880457839407801,0.0220716425786622,0.254604149352208,14440.261613667499,Nuclei,Texture,ER
Image_ImageQuality_FocusScore_OrigER,0.03481679233070501,0.754951405635726,0.03395231860956656,0.1762794834240025,18403.204015612817,Image,ImageQuality,
Cytoplasm_Texture_AngularSecondMoment_Mito_3_02_256,0.017686491075285575,0.654768791795549,0.13625007614095413,0.19129464098821128,22847.873094068185,Cytoplasm,Texture,Mito
Cytoplasm_Texture_InfoMeas2_AGP_3_02_256,0.005484196411255409,0.9278283638055982,0.04113352314875862,0.025553916634387736,31731.468187058723,Cytoplasm,Texture,AGP
Image_Texture_DifferenceEntropy_ER_10_00_256,0.11837860986825431,0.7406346800325908,0.022905573987128787,0.11808113611202604,7587.23901876557,Image,Texture,ER
Nuclei_ObjectSkeleton_NumberTrunks_mito_skel,0.07773159990944543,0.6289054341868014,0.008326448110060438,0.28503651779369255,7283.329754076889,Nuclei,ObjectSkeleton,
Nuclei_Texture_AngularSecondMoment_RNA_3_00_256,0.01384948556078967,0.8058581082424888,0.040609576117750255,0.13968283007897125,302471.30545712623,Nuclei,Texture,RNA
Nuclei_Texture_Contrast_ER_5_00_256,0.10185373702094812,0.5100658994171182,0.014558092454324684,0.37352227110760905,59472.49849433909,Nuclei,Texture,ER
Nuclei_Texture_Entropy_ER_5_00_256,0.007612566645160414,0.895382751642011,0.042938494048422864,0.05406618766440589,12664.268693524144,Nuclei,Texture,ER
Nuclei_Granularity_10_DNA,0.060477597045520755,0.8562255262366459,0.0035577486856453906,0.07973912803218791,10219.703143938983,Nuclei,Granularity,DNA
Nuclei_Texture_Entropy_RNA_5_01_256,0.0036502402049072877,0.9162298407320806,0.03500407444084454,0.04511584462216743,13613.264333398805,Nuclei,Texture,RNA
Image_Granularity_9_RNA,0.10618824912436234,0.5041668182661984,0.037755088205785235,0.35188984440365406,12808.08890434117,Image,Granularity,RNA
Cells_Texture_SumAverage_Mito_5_03_256,0.009654341381589115,0.9377787754848113,0.00845582827334348,0.04411105486025619,30399.789130318008,Cells,Texture,Mito
Nuclei_Texture_DifferenceVariance_AGP_3_01_256,0.001687955422940945,0.9397786943030295,0.04145546237511869,0.01707788789891077,557261.4731691333,Nuclei,Texture,AGP
Cells_Intensity_MinIntensityEdge_AGP,0.001035330623936439,0.9817203088186839,0.009708782140841107,0.007535578416538733,70573.97581248108,Cells,Intensity,AGP
Cells_Texture_Correlation_RNA_5_01_256,0.036832484301792305,0.5544563128435471,0.2103216258685751,0.19838957698608542,25523.708377143892,Cells,Texture,RNA
Cytoplasm_Texture_Contrast_AGP_10_02_256,0.08781390435851011,0.4919783290346938,0.01136870668061382,0.40883905992618225,51152.90495889929,Cytoplasm,Texture,AGP
Cytoplasm_Texture_DifferenceEntropy_RNA_3_00_256,0.014528742154480408,0.8873805461975053,0.019726243297502038,0.07836446835051228,10123.758054687827,Cytoplasm,Texture,RNA
Cells_Texture_SumVariance_ER_3_02_256,0.08556501906103117,0.5070823403606178,0.019470457369454047,0.38788218320889695,35296.84917228496,Cells,Texture,ER
Cytoplasm_Texture_Correlation_AGP_10_02_256,0.03710108221033228,0.5049527543348975,0.05180211291349821,0.40614405054127206,11393.672181162014,Cytoplasm,Texture,AGP
Image_Texture_DifferenceEntropy_AGP_3_03_256,0.07754199489094839,0.7909147711680873,0.03895519633256229,0.09258803760840206,6804.901847976331,Image,Texture,AGP
Nuclei_Texture_Entropy_Mito_10_02_256,0.03165144722232187,0.8170700270168525,0.048341747853846914,0.10293677790697874,5917.550826786318,Nuclei,Texture,Mito
Cytoplasm_Texture_DifferenceVariance_AGP_10_02_256,0.004271576751302096,0.8675650744176524,0.09334623400908883,0.034817114821956666,470016.10186032846,Cytoplasm,Texture,AGP
Cytoplasm_RadialDistribution_RadialCV_mito_tubeness_16of20,0.04635186989659334,0.7156926009937561,0.05866112051409581,0.17929440859555484,13285.295292171075,Cytoplasm,RadialDistribution,
Nuclei_Texture_SumAverage_Mito_3_03_256,0.031281290529747714,0.8615709744011609,0.013109995235491216,0.09403773983360005,22715.139525239247,Nuclei,Texture,Mito
Image_Texture_InfoMeas2_ER_5_01_256,0.43668333680082816,0.13741840282981974,0.02008008787059433,0.4058181724987577,102600.79684530394,Image,Texture,ER
Image_Texture_Entropy_RNA_5_01_256,0.12075710908511807,0.757501432506374,0.012721637512383078,0.10901982089612475,6183.945834690407,Image,Texture,RNA
Cytoplasm_Texture_SumEntropy_DNA_3_00_256,0.005632676550663733,0.9579639847280418,0.017428879574704244,0.018974459146590305,3650.005166183955,Cytoplasm,Texture,DNA
Cells_Granularity_11_DNA,0.0656543165232025,0.7787393895717,0.00860758326648803,0.14699871063860928,6761.604402978248,Cells,Granularity,DNA
Nuclei_AreaShape_Zernike_4_4,0.12459672005098987,0.5820720624599451,0.021773317187363795,0.27155790030170124,15074.30000016145,Nuclei,AreaShape,
Cytoplasm_Texture_SumEntropy_Mito_5_03_256,0.019633362142626398,0.7927381707885816,0.06392151852255719,0.1237069485462348,8338.957160378404,Cytoplasm,Texture,Mito
Cells_Texture_Entropy_ER_10_02_256,0.00790573845207653,0.8816528915009213,0.04829001113513771,0.06215135891186437,10573.360229115653,Cells,Texture,ER
Cytoplasm_RadialDistribution_FracAtD_RNA_4of4,0.06171372632770954,0.2532009708383937,0.02836231431480718,0.6567229885190895,39230.78461442786,Cytoplasm,RadialDistribution,RNA
Nuclei_Texture_DifferenceEntropy_ER_10_01_256,0.00604164679160819,0.8992398114942156,0.036451737400429535,0.05826680431374679,12942.432727399173,Nuclei,Texture,ER
Cytoplasm_Intensity_MaxIntensityEdge_DNA,0.0016578489269291473,0.9626235532877999,0.026765391091363524,0.008953206693907558,13839.521471305245,Cytoplasm,Intensity,DNA
Cytoplasm_Texture_Contrast_ER_3_03_256,0.13734505130916913,0.3484525473950549,0.04399296727104332,0.4702094340247327,34373.415068282935,Cytoplasm,Texture,ER
Nuclei_Texture_Entropy_Mito_10_01_256,0.0200082707069736,0.8370937064363808,0.04823547487427628,0.09466254798236928,6135.309647662536,Nuclei,Texture,Mito
Nuclei_RadialDistribution_FracAtD_Mito_4of4,0.11284781203243376,0.3389982228137887,0.059543383334874696,0.48861058181890266,18339.478029264013,Nuclei,RadialDistribution,Mito
Nuclei_Texture_DifferenceEntropy_ER_3_01_256,0.015755177493309184,0.8497538370225496,0.04473259786828523,0.08975838761585594,11008.594886919174,Nuclei,Texture,ER
Nuclei_Texture_SumAverage_RNA_10_03_256,0.010086584049976704,0.9219284631115006,0.014951106983071647,0.05303384585545111,9146.155281914138,Nuclei,Texture,RNA
Cytoplasm_Correlation_K_DNA_Mito,0.012487552433817845,0.8639486483197945,0.05089869325746808,0.0726651059889197,155089.8995571729,Cytoplasm,Correlation,DNA
Cells_Granularity_12_RNA,0.13194591367748612,0.6119998282225373,0.03186396605476285,0.22419029204521382,10861.583092042465,Cells,Granularity,RNA
Image_Texture_DifferenceEntropy_Mito_10_03_256,0.07805844019173774,0.8124758908895252,0.025612278709184044,0.08385339020955301,6294.28510597266,Image,Texture,Mito
Image_Texture_SumVariance_ER_5_03_256,0.009988534692904243,0.8503319810197248,0.053042750342557975,0.08663673394481304,18848.807863783077,Image,Texture,ER
Image_Texture_Variance_AGP_10_02_256,0.015759077086802263,0.80446368952846,0.07306303433779096,0.1067141990469468,8422.192448417958,Image,Texture,AGP
Image_Granularity_10_ER,0.1151418039406807,0.5808385136477556,0.03409393419648068,0.26992574821508314,11302.963048753365,Image,Granularity,ER
Nuclei_Neighbors_FirstClosestObjectNumber_1,0.157515508942533,0.6461130459364994,0.014829906498736164,0.1815415386222315,9558.294028338705,Nuclei,Neighbors,
Image_Granularity_3_DNA,0.08579220690035494,0.6044643095039254,0.010928821539442761,0.29881466205627705,9159.585476370394,Image,Granularity,DNA
Cells_Correlation_RWC_DNA_RNA,0.005231222983595368,0.9482763601265053,0.012215438959752226,0.03427697793014711,56653.39838257004,Cells,Correlation,DNA
Image_Texture_InfoMeas2_RNA_5_03_256,0.4340586383974754,0.16578144697172026,0.03154778957360982,0.3686121250571945,127393.09189253465,Image,Texture,RNA
Nuclei_Texture_AngularSecondMoment_Mito_3_01_256,0.018686765060640362,0.7433025737625015,0.09612303124725896,0.1418876299295992,20054.746952168563,Nuclei,Texture,Mito
Image_Texture_DifferenceEntropy_DNA_3_02_256,0.016188237292480343,0.9446105996894274,0.005746065128558689,0.03345509788953358,14108.819707114892,Image,Texture,DNA
Nuclei_Correlation_Correlation_AGP_Mito,0.06581742285370114,0.5361916553342814,0.22787119455382548,0.17011972725819202,9426.381117634106,Nuclei,Correlation,AGP
Image_Texture_Correlation_DNA_5_00_256,0.028004473037541795,0.8627142041917699,0.04207854090924909,0.06720278186143924,12225.151039098178,Image,Texture,DNA
Image_Texture_Entropy_ER_3_00_256,0.1206313058736488,0.7547701858291698,0.014098584669908498,0.11049992362727298,13868.059017357373,Image,Texture,ER
Cytoplasm_Texture_SumVariance_AGP_10_01_256,0.0917663629873815,0.4725455948426602,0.012352931069580316,0.42333511110037797,41164.31719056703,Cytoplasm,Texture,AGP
Image_Texture_Correlation_AGP_3_03_256,0.021354841202766477,0.9026007116410335,0.007576758465165289,0.06846768869103478,12239.440949874137,Image,Texture,AGP
Nuclei_Location_MaxIntensity_Y_Mito,0.058730090082805914,0.3081834290512266,0.04409425999637918,0.5889922208695884,20452.42173302355,Nuclei,Location,Mito
Cells_Texture_Contrast_Mito_3_02_256,0.21227654348585068,0.19905779575116567,0.06826625849154616,0.5203994022714376,42381.911064151136,Cells,Texture,Mito
Cells_Granularity_3_AGP,0.10544022944240179,0.667473084684495,0.0022920446141505755,0.2247946412589527,15104.24994269379,Cells,Granularity,AGP
Cytoplasm_Texture_SumEntropy_Mito_3_03_256,0.018768752704296395,0.8014758454264013,0.06267915652627117,0.11707624534303115,7955.480919905002,Cytoplasm,Texture,Mito
Image_Texture_Entropy_AGP_5_00_256,0.08814727474668067,0.7881021462646655,0.026167468982233738,0.09758311000642021,5295.789819892054,Image,Texture,AGP
Cytoplasm_Texture_SumAverage_AGP_3_00_256,0.0022359282859938773,0.9633223601267654,0.022602846051290426,0.01183886553595024,8850.076284076089,Cytoplasm,Texture,AGP
Cells_AreaShape_Solidity,0.08975269458543107,0.4946156591195354,0.013877472314970251,0.40175417398006324,28511.61321245323,Cells,AreaShape,
Cytoplasm_Granularity_5_DNA,0.030155300088241455,0.8421294416774725,0.052163697781125055,0.07555156045316097,430109.45309649577,Cytoplasm,Granularity,DNA
Cytoplasm_Intensity_MADIntensity_RNA,0.02965781223219225,0.7984417601610909,0.013483570473923262,0.15841685713279346,10109.275662454651,Cytoplasm,Intensity,RNA
Nuclei_Granularity_10_RNA,0.08334282503926008,0.697369395765609,0.02841459009953176,0.1908731890955992,7804.03458741555,Nuclei,Granularity,RNA
Nuclei_Texture_SumVariance_Mito_3_03_256,0.18456124449342223,0.28270081383975115,0.05936946054775116,0.47336848111907553,68760.83702121578,Nuclei,Texture,Mito
Cells_Intensity_MaxIntensityEdge_Mito,0.006673818856691473,0.9268258328966198,0.011790319217313815,0.05471002902937485,22021.62277101285,Cells,Intensity,Mito
Cells_Texture_InverseDifferenceMoment_Mito_3_00_256,0.03887396461746362,0.7669098680187705,0.06306173603677159,0.13115443132699423,7680.584168909025,Cells,Texture,Mito
Cytoplasm_Texture_AngularSecondMoment_ER_10_01_256,0.024595152424718294,0.6723682548752701,0.14038898381512463,0.16264760888488683,230396.3946475257,Cytoplasm,Texture,ER
Cytoplasm_Texture_Variance_ER_5_01_256,0.08198863640835757,0.5181829091226798,0.06217727211704911,0.3376511823519134,16814.316328878936,Cytoplasm,Texture,ER
Image_Texture_Contrast_AGP_10_02_256,0.01287355178333641,0.8650805067801862,0.029756084226166806,0.09228985721031047,11515.980879753983,Image,Texture,AGP
Image_Texture_Contrast_DNA_10_02_256,0.0006343920874570342,0.9807395837253953,0.010717777093912967,0.007908247093234644,760168.588287904,Image,Texture,DNA
Cells_Texture_DifferenceEntropy_RNA_3_00_256,0.011118352423779386,0.8861680289456931,0.024097613446433436,0.07861600518409408,11692.02784039858,Cells,Texture,RNA
Cytoplasm_Texture_SumVariance_DNA_5_00_256,0.006865217341278613,0.8558005665150108,0.07533949177043248,0.06199472437327822,384666.6563787283,Cytoplasm,Texture,DNA
Nuclei_Intensity_MedianIntensity_Mito,0.02912826911567948,0.8671401242183471,0.012875184787883603,0.09085642187808995,23167.12533151119,Nuclei,Intensity,Mito
Nuclei_Texture_AngularSecondMoment_ER_10_01_256,0.018951210413048602,0.6698278461231839,0.12068851667567296,0.19053242678809454,153605.49240303133,Nuclei,Texture,ER
Nuclei_Texture_DifferenceEntropy_Mito_3_00_256,0.126187573004608,0.6139335189733048,0.05351827118680434,0.2063606368352828,9285.04328837576,Nuclei,Texture,Mito
Nuclei_Texture_Entropy_RNA_5_03_256,0.003653164617796007,0.9163218895944746,0.03497615303945133,0.045048792748278034,13596.974040837016,Nuclei,Texture,RNA
Cytoplasm_Texture_Correlation_DNA_3_03_256,0.001663528864186995,0.9487239848869187,0.03031559203061681,0.019296894218277526,36428.05834231592,Cytoplasm,Texture,DNA
Cytoplasm_Texture_InverseDifferenceMoment_AGP_3_01_256,0.00799820635651065,0.873369095499344,0.07164051742812932,0.046992180716015915,9777.958159897827,Cytoplasm,Texture,AGP
Cells_AreaShape_Zernike_7_3,0.12140530938774767,0.12171903763949049,0.025662832313258475,0.7312128206595034,35416.10387339862,Cells,AreaShape,
Cytoplasm_Texture_InfoMeas2_RNA_3_01_256,0.026461752482091785,0.6802352031060702,0.18347546913878116,0.1098275752730567,28076.010522946617,Cytoplasm,Texture,RNA
Cells_Texture_InfoMeas2_RNA_5_00_256,0.02548784882536862,0.6160110351899507,0.22802025151653876,0.13048086446814197,48424.927023260374,Cells,Texture,RNA
Cytoplasm_Texture_SumAverage_RNA_3_02_256,0.005555948150413302,0.9452526991530635,0.007779735103623454,0.04141161759289984,13117.010532378008,Cytoplasm,Texture,RNA
Cytoplasm_Texture_InverseDifferenceMoment_RNA_5_02_256,0.009219851245210974,0.8888487240001498,0.025958422504850233,0.07597300224978883,9796.571719046879,Cytoplasm,Texture,RNA
Nuclei_Texture_DifferenceEntropy_Mito_10_02_256,0.06657654654399607,0.7393529474179107,0.04792023940487435,0.14615026663321892,7203.13135616689,Nuclei,Texture,Mito
Nuclei_Neighbors_SecondClosestObjectNumber_1,0.1577175009865836,0.6458833101954511,0.014808083894535225,0.18159110492343006,9543.716926366531,Nuclei,Neighbors,
Nuclei_Texture_Correlation_DNA_10_01_256,0.00587728179804463,0.928624801200074,0.012959771514663744,0.05253814548721774,464839.06384503935,Nuclei,Texture,DNA
Image_Granularity_4_RNA,0.2738674259555405,0.25908576938828876,0.005975663802207293,0.4610711408539635,45511.99644333894,Image,Granularity,RNA
Cells_Texture_SumAverage_DNA_3_03_256,0.0033285015809731205,0.9577573714730367,0.02246404253858067,0.016450084407409492,35560.52802914745,Cells,Texture,DNA
Nuclei_AreaShape_BoundingBoxMaximum_Y,0.05933645469221481,0.33323406941091605,0.04338174726866482,0.5640477286282044,19501.4622662096,Nuclei,AreaShape,
Cytoplasm_RadialDistribution_FracAtD_mito_tubeness_7of20,0.02016182517147384,0.4706126751762854,0.057290532644495115,0.45193496700774566,958555.3586419178,Cytoplasm,RadialDistribution,
Cells_Granularity_4_RNA,0.35153974596001036,0.19339527759472888,0.0035405468372391915,0.45152442960802164,55053.37024383641,Cells,Granularity,RNA
Nuclei_RadialDistribution_MeanFrac_Mito_1of4,0.19907971279890127,0.2928550474027436,0.09194497216275063,0.4161202676356045,28348.584658449385,Nuclei,RadialDistribution,Mito
Cells_Texture_Correlation_ER_3_03_256,0.02544747379463349,0.6812587294824365,0.1229305218868298,0.17036327483610025,20664.15757934485,Cells,Texture,ER
Cytoplasm_Texture_SumAverage_RNA_5_01_256,0.005969926882227043,0.9415987397297813,0.007663460931295449,0.04476787245669641,13035.126597944774,Cytoplasm,Texture,RNA
Nuclei_Texture_InverseDifferenceMoment_Mito_3_00_256,0.09465579183231393,0.6973981841558637,0.050068009734828965,0.15787801427699347,6565.167367101321,Nuclei,Texture,Mito
Nuclei_RadialDistribution_FracAtD_ER_1of4,0.07934505109367174,0.4434328158240257,0.07589019650930874,0.4013319365729939,23132.633073284895,Nuclei,RadialDistribution,ER
Cells_Texture_DifferenceVariance_DNA_5_03_256,0.0010891903159846172,0.950958131487118,0.027326895426265017,0.020625782770632324,98110.13529355908,Cells,Texture,DNA
Cells_Texture_InfoMeas1_AGP_10_00_256,0.04458346221656948,0.7594065421914659,0.03061113037296717,0.1653988652189974,8175.953921268367,Cells,Texture,AGP
Image_Intensity_MaxIntensity_RNA_BackgroundOnly,0.010028555255392337,0.8651648589803458,0.0035291624755487932,0.12127742328871306,16117.120906705568,Image,Intensity,RNA
Nuclei_Texture_InfoMeas1_AGP_10_03_256,0.1259508030579933,0.6326198229825992,0.01865048721059229,0.22277888674881516,23962.457730760427,Nuclei,Texture,AGP
Nuclei_Texture_SumVariance_ER_3_03_256,0.07341146646764157,0.5844594611356059,0.013761753892084741,0.3283673185046678,64331.86126949691,Nuclei,Texture,ER
Cells_Texture_Variance_RNA_5_03_256,0.04609911193844112,0.6796120162135496,0.012437499486665775,0.2618513723613437,66263.47654415334,Cells,Texture,RNA
Image_Granularity_14_Mito,0.11972609881603365,0.21645594080154693,0.022382977083400774,0.6414349832990186,16830.28333905458,Image,Granularity,Mito
Cytoplasm_Correlation_Manders_ER_DNA,0.0016460728878806455,0.8967910612996034,0.07811571921526085,0.023447146597255122,77308.80885505208,Cytoplasm,Correlation,DNA
Cytoplasm_Intensity_MassDisplacement_Mito,0.06835231273003663,0.4519769686028266,0.022046219695944374,0.4576244989711924,13816.324046870755,Cytoplasm,Intensity,Mito
Cytoplasm_RadialDistribution_MeanFrac_mito_tubeness_11of16,0.04922666891253727,0.5966736174352981,0.010584198449647678,0.34351551520251694,13319.113540668497,Cytoplasm,RadialDistribution,
Image_ImageQuality_StdIntensity_OrigDNA,0.00163645523050099,0.9805173422601552,0.007114038671746859,0.010732163837596745,38280.432671789094,Image,ImageQuality,
Nuclei_AreaShape_Zernike_8_8,0.13804270543475994,0.5272794954162346,0.12181702202343084,0.21286077712557464,23602.05840301078,Nuclei,AreaShape,
Nuclei_Granularity_6_ER,0.21061366231896175,0.40718262581403564,0.050616023637353125,0.3315876882296494,14087.473637565035,Nuclei,Granularity,ER
Cells_RadialDistribution_MeanFrac_mito_tubeness_10of20,0.08600525361097737,0.48462166637469667,0.09763749432147487,0.33173558569285116,13727.451823826606,Cells,RadialDistribution,
Cytoplasm_AreaShape_Zernike_9_9,0.12303544000129335,0.46166709363269154,0.03859619893903731,0.3767012674269778,15889.598682732088,Cytoplasm,AreaShape,
Cytoplasm_Granularity_7_AGP,0.35761267988510276,0.19400758253765069,0.007322733543051461,0.4410570040341952,56872.416286999876,Cytoplasm,Granularity,AGP
Cytoplasm_Texture_Entropy_RNA_3_03_256,0.008831066861025496,0.9004195546537604,0.02788245627463657,0.06286692221057742,11183.03971303827,Cytoplasm,Texture,RNA
Cells_RadialDistribution_MeanFrac_ER_1of4,0.04586249374278389,0.5852191235472785,0.05481903415124923,0.31409934855868843,9376.291307318334,Cells,RadialDistribution,ER
Cytoplasm_Correlation_RWC_AGP_RNA,0.03397267599853383,0.8256910262406211,0.03487610160625374,0.10546019615459125,21567.19783444419,Cytoplasm,Correlation,AGP
Image_Texture_AngularSecondMoment_Mito_10_03_256,0.23607655627063615,0.4721130176791879,0.05421351024178481,0.23759691580839112,36716.11008427823,Image,Texture,Mito
Cells_Texture_Correlation_Mito_5_02_256,0.06022234204948028,0.6715154323764109,0.04860056547754024,0.21966166009656857,10504.07717114556,Cells,Texture,Mito
Cells_Texture_Variance_Mito_3_03_256,0.15230963520244964,0.3214824056571972,0.04533232404125057,0.4808756350991027,41159.07125313854,Cells,Texture,Mito
Cells_Intensity_MeanIntensity_AGP,0.002541285639856937,0.9648778713952414,0.019788411675969928,0.012792431288931918,7527.012197854709,Cells,Intensity,AGP
Cytoplasm_RadialDistribution_RadialCV_mito_tubeness_19of20,0.09032824732281615,0.670902324303532,0.03761639404353891,0.20115303433011297,19027.503724918948,Cytoplasm,RadialDistribution,
Cells_Texture_InverseDifferenceMoment_AGP_10_01_256,0.005571624818469715,0.9013330700707722,0.05268536238718851,0.04040994272356936,26976.517220866725,Cells,Texture,AGP
Nuclei_Texture_Correlation_ER_5_02_256,0.02219718777235972,0.8317534026179106,0.020517963579246946,0.12553144603048258,6029.221077407208,Nuclei,Texture,ER
Nuclei_Texture_DifferenceVariance_AGP_5_02_256,0.0015172026667850304,0.9497964821860018,0.034309976047615605,0.014376339099597596,601577.1155877141,Nuclei,Texture,AGP
Nuclei_Texture_SumEntropy_DNA_3_01_256,0.005791369189854121,0.9765919310993357,0.0066120082502779945,0.011004691460532137,5972.845848571367,Nuclei,Texture,DNA
Cytoplasm_Texture_Entropy_AGP_10_00_256,0.007887386534699836,0.9080856128392543,0.05002546260474207,0.034001538021303825,20622.521798000223,Cytoplasm,Texture,AGP
Image_Texture_DifferenceVariance_Mito_10_03_256,0.09056919190349222,0.5029013828308923,0.17145898745824506,0.23507043780737055,51155.86737262154,Image,Texture,Mito
Cells_Texture_SumAverage_DNA_5_02_256,0.0034218406105394,0.9573482043332265,0.022419373403327704,0.016810581652906564,35385.392381609934,Cells,Texture,DNA
Cells_Texture_Correlation_ER_5_01_256,0.05103497659650177,0.5715268565499833,0.1424526941295869,0.23498547272392803,16770.103207219454,Cells,Texture,ER
Image_Texture_DifferenceVariance_Mito_5_01_256,0.07303033449600785,0.5326626562285887,0.17404211948713305,0.22026488978827036,41817.70258570301,Image,Texture,Mito
Nuclei_Granularity_8_AGP,0.18206918332130043,0.5352470297926525,0.02725589540190221,0.2554278914841448,99164.40067125903,Nuclei,Granularity,AGP
Image_Texture_SumVariance_ER_3_01_256,0.009835379564494911,0.8516469950050476,0.054026236634387534,0.08449138879606997,19069.68979169862,Image,Texture,ER
Nuclei_Texture_Correlation_DNA_3_00_256,0.004947753143255416,0.7774846886405958,0.13622425947546338,0.08134329874068533,13289.247962003628,Nuclei,Texture,DNA
Cells_Texture_SumAverage_RNA_10_03_256,0.008551050333046754,0.9289006354509718,0.011750448158114928,0.05079786605786645,10107.261772080928,Cells,Texture,RNA
Cytoplasm_Texture_InfoMeas2_AGP_10_02_256,0.01032427033599685,0.9380942679047802,0.020687057101586893,0.030894404657636123,36897.21457991312,Cytoplasm,Texture,AGP
Image_Texture_Correlation_Mito_3_03_256,0.019688427781293583,0.857488852228747,0.029156717679570832,0.09366600231038864,13602.19044416984,Image,Texture,Mito
Image_Texture_Variance_ER_3_03_256,0.009853837077533272,0.8524221080240988,0.05550230589530631,0.08222174900306164,18908.252812371575,Image,Texture,ER
Cells_RadialDistribution_MeanFrac_mito_tubeness_17of20,0.07214099160342313,0.5528640010811338,0.0877251661945827,0.2872698411208604,9841.612318627358,Cells,RadialDistribution,
Cytoplasm_Texture_SumAverage_DNA_5_01_256,0.0010597684621231676,0.9768130836707445,0.011550229931547674,0.010576917935584709,55250.24561350501,Cytoplasm,Texture,DNA
Image_Intensity_TotalIntensity_ER__BackgroundOnly,0.056109600809166466,0.6858742968786393,0.011687607000240723,0.24632849531195367,9701.918781033102,Image,Intensity,ER
Cells_Correlation_RWC_ER_DNA,0.014985485107895123,0.9076515599497225,0.02152020928757767,0.05584274565480481,42520.56385527241,Cells,Correlation,DNA
Cytoplasm_Texture_Entropy_RNA_5_02_256,0.008903200144097663,0.8997079865616714,0.028571417124545327,0.06281739616968574,11479.385381386433,Cytoplasm,Texture,RNA
Cytoplasm_Texture_InfoMeas2_Mito_3_03_256,0.027244093730873754,0.724677718747727,0.05315365760120229,0.19492452992019693,8163.965352358308,Cytoplasm,Texture,Mito
Cells_Texture_SumAverage_ER_10_02_256,0.00842763558360317,0.9505864571377154,0.010378189059218917,0.030607718219462305,9771.242827331762,Cells,Texture,ER
Cytoplasm_Intensity_LowerQuartileIntensity_RNA,0.00593777724044585,0.9527860684146815,0.007111772227384116,0.03416438211748858,25668.721906518473,Cytoplasm,Intensity,RNA
Nuclei_Texture_Entropy_AGP_3_03_256,0.00745915400757685,0.9312591151785412,0.03800172321188095,0.02328000760200108,23596.058822445433,Nuclei,Texture,AGP
Nuclei_Texture_InfoMeas2_DNA_5_00_256,0.007888127668539266,0.9720535540754727,0.006211505427541723,0.013846812828446206,6652.396699903709,Nuclei,Texture,DNA
Nuclei_Texture_SumEntropy_RNA_5_03_256,0.003906993430635426,0.9118742880040829,0.03579478997882041,0.04842392858646126,12490.661483676911,Nuclei,Texture,RNA
Cells_Texture_InfoMeas2_Mito_3_00_256,0.031787713651140664,0.5643875941895622,0.08524924989116181,0.3185754422681353,15417.848505303724,Cells,Texture,Mito
Cells_Texture_SumEntropy_Mito_5_02_256,0.021917455312356973,0.7794011506964478,0.06455825883569857,0.13412313515549673,8132.789203787719,Cells,Texture,Mito
Cytoplasm_AreaShape_MinFeretDiameter,0.11658474235538217,0.2834388435274283,0.04970741102669559,0.550269003090494,62540.20980099305,Cytoplasm,AreaShape,
Cytoplasm_Texture_DifferenceEntropy_AGP_3_01_256,0.012378516557088555,0.8761160950933294,0.05605197644357292,0.05545341190600911,11226.309715927162,Cytoplasm,Texture,AGP
Image_Texture_Variance_DNA_10_03_256,0.0005409062385346786,0.9807822780337216,0.01136066197088442,0.007316153756859208,756894.3104944298,Image,Texture,DNA
Nuclei_Texture_SumEntropy_Mito_3_00_256,0.055387961456773056,0.7673641455332679,0.050957679420236775,0.12629021358972228,6317.727309135412,Nuclei,Texture,Mito
Nuclei_Texture_Variance_RNA_10_02_256,0.03657792418052857,0.7372337296601896,0.02928385514986558,0.19690449100941637,86572.43378963068,Nuclei,Texture,RNA
Cytoplasm_RadialDistribution_RadialCV_Mito_1of4,0.03539052582308789,0.8238702464481406,0.017414158468031612,0.12332506926073983,5357.61729328271,Cytoplasm,RadialDistribution,Mito
Nuclei_Texture_Contrast_RNA_5_00_256,0.013198660259553921,0.8786656985750955,0.038045320024172026,0.07009032114117858,184732.5689912722,Nuclei,Texture,RNA
Cells_AreaShape_Zernike_3_1,0.18230539610865196,0.21027173370835603,0.02045523894397699,0.586967631239015,20224.449792290674,Cells,AreaShape,
Cytoplasm_Texture_InfoMeas1_DNA_3_02_256,0.002359279603428498,0.9756504939242312,0.003130105579638685,0.018860120892701445,4260.941133087903,Cytoplasm,Texture,DNA
Cytoplasm_Texture_Variance_RNA_3_03_256,0.031013289977737772,0.7504058287258376,0.0036781505230214537,0.2149027307734031,72670.08241263097,Cytoplasm,Texture,RNA
Cells_Texture_InfoMeas2_ER_5_02_256,0.03397086422046801,0.7024915814482995,0.10492291739260844,0.15861463693862424,44768.31066595737,Cells,Texture,ER
Image_ImageQuality_Correlation_OrigRNA_20,0.10354848387528005,0.6291716621995305,0.04628065563751164,0.2209991982876779,8821.825443345071,Image,ImageQuality,
Nuclei_Texture_InfoMeas1_DNA_3_01_256,0.05194347363284925,0.8249051705219638,0.011078503166652463,0.11207285267853451,6141.150290703641,Nuclei,Texture,DNA
Nuclei_Granularity_12_DNA,0.0811629161100511,0.7196050477669477,0.010018195191293239,0.18921384093170804,10190.126919392591,Nuclei,Granularity,DNA
Cytoplasm_Correlation_K_Mito_ER,0.010252976389919264,0.9053871076244048,0.022624181350912008,0.06173573463476394,243402.13646962855,Cytoplasm,Correlation,ER
Cells_RadialDistribution_FracAtD_mito_tubeness_4of20,0.2657431647387749,0.1476902165307792,0.04099152842308643,0.5455750903073594,46885.42422867551,Cells,RadialDistribution,
Cytoplasm_Texture_DifferenceVariance_DNA_3_00_256,0.0007785401813481712,0.9778205592926719,0.003920264227083382,0.01748063629889671,44267.37762851529,Cytoplasm,Texture,DNA
Cells_Texture_AngularSecondMoment_AGP_10_00_256,0.005114750242877574,0.9027437267054544,0.05578534885781309,0.03635617419385489,593964.9234895466,Cells,Texture,AGP
Cytoplasm_Correlation_K_AGP_Mito,0.014229253092839334,0.9033134852017295,0.015174977360101658,0.06728228434532951,84326.07671038627,Cytoplasm,Correlation,AGP
Nuclei_RadialDistribution_RadialCV_DNA_2of4,0.31728025392059966,0.3512266370598606,0.014000466143832628,0.317492642875707,59672.48073909367,Nuclei,RadialDistribution,DNA
Image_ImageQuality_MinIntensity_OrigAGP,0.0019027198950338222,0.9530006785478857,7.36947578600181e-05,0.045022906799220413,28355.55824767042,Image,ImageQuality,
Cytoplasm_Texture_SumVariance_AGP_5_01_256,0.09728526795838877,0.4388493554917229,0.012935587307949227,0.45092978924193916,37958.90229125144,Cytoplasm,Texture,AGP
Nuclei_Texture_SumEntropy_AGP_10_01_256,0.0041013169703735365,0.9351460193837139,0.03655623937243233,0.024196424273480253,29756.91245106556,Nuclei,Texture,AGP
Cells_Neighbors_FirstClosestObjectNumber_5,0.15752266307456567,0.6461219219796971,0.01487656906855612,0.18147884587718124,9515.850706438792,Cells,Neighbors,
Cells_Texture_InverseDifferenceMoment_DNA_5_03_256,0.010716137387549006,0.8745430722455113,0.05310216125832794,0.061638629108611724,6640.75727460214,Cells,Texture,DNA
Cells_RadialDistribution_FracAtD_mito_tubeness_16of20,0.19981248869616872,0.2713519480498642,0.07601666740967114,0.452818895844296,24928.220728049782,Cells,RadialDistribution,
Cytoplasm_Intensity_MADIntensity_AGP,0.031102769257671536,0.795959576021149,0.05469498354942112,0.11824267117175838,9368.073662835961,Cytoplasm,Intensity,AGP
Nuclei_Intensity_StdIntensity_AGP,0.06639582390970859,0.725612674244314,0.01353692576131337,0.19445457608466396,15666.501674348754,Nuclei,Intensity,AGP
Cells_RadialDistribution_MeanFrac_mito_tubeness_15of16,0.04085808062627025,0.7120055280195169,0.04223240914745628,0.20490398220675646,7610.847292206312,Cells,RadialDistribution,
Cytoplasm_Texture_Entropy_AGP_10_02_256,0.007977334003980792,0.9070558521543248,0.05050227166530759,0.0344645421763869,21443.984660840662,Cytoplasm,Texture,AGP
Image_Threshold_SumOfEntropies_mito_bw,0.09790467672433786,0.4459486741678115,0.05092678786027134,0.4052198612475794,11131.29108649894,Image,Threshold,
Cytoplasm_Texture_SumAverage_ER_10_00_256,0.003911309610532798,0.9631709935318623,0.013065606005069742,0.019852090852535066,12995.650264583623,Cytoplasm,Texture,ER
Image_Texture_DifferenceVariance_Mito_5_00_256,0.06622323823968451,0.5439901476207658,0.17465518750240025,0.21513142663714943,38827.16543871656,Image,Texture,Mito
Cytoplasm_Texture_InfoMeas2_Mito_10_01_256,0.0246915789869607,0.826996993665501,0.04392945779773321,0.10438196954980519,6744.206772269127,Cytoplasm,Texture,Mito
Cells_Intensity_MinIntensity_Mito,0.0006954541871409823,0.9798821683132112,0.00118812054531888,0.0182342569543289,113683.70458336163,Cells,Intensity,Mito
Cytoplasm_RadialDistribution_RadialCV_mito_tubeness_4of16,0.019530786062176172,0.5152509238030817,0.03493357601816846,0.4302847141165737,593787.1467213879,Cytoplasm,RadialDistribution,
Cytoplasm_Texture_AngularSecondMoment_AGP_5_01_256,0.011906077238750581,0.7890874231637977,0.14120620935128825,0.05780029024616368,341161.9451829547,Cytoplasm,Texture,AGP
Cytoplasm_Texture_SumAverage_DNA_10_01_256,0.0009955493859793436,0.9742580514836915,0.013655718354652806,0.011090680775676225,65453.41712053622,Cytoplasm,Texture,DNA
Cytoplasm_Texture_Correlation_AGP_3_00_256,0.012528986502074074,0.9080203207693022,0.017013677704764574,0.06243701502385931,12078.709999936706,Cytoplasm,Texture,AGP
Image_Texture_SumAverage_AGP_5_00_256,0.005096407407368928,0.9696819451220142,0.011247038799394454,0.01397460867122247,31685.34806580429,Image,Texture,AGP
Image_Texture_SumAverage_AGP_10_02_256,0.005101114704661073,0.9696855467885054,0.011245399405102703,0.013967939101730815,31636.761685488917,Image,Texture,AGP
Nuclei_Intensity_MedianIntensity_DNA,0.0023686642257003494,0.9680486879269098,0.020110835170762946,0.00947181267662705,16391.23975233067,Nuclei,Intensity,DNA
Nuclei_RadialDistribution_FracAtD_RNA_4of4,0.10980458100594835,0.33013197069478756,0.09953098883491325,0.46053245946435084,26582.774121070564,Nuclei,RadialDistribution,RNA
Cells_Texture_Variance_ER_10_00_256,0.09047741193505872,0.4913784459894169,0.019743221184838407,0.39840092089068596,37127.73897378339,Cells,Texture,ER
Image_ImageQuality_MaxIntensity_OrigMito,0.012522090812587405,0.8001774008752935,0.08209173476357136,0.10520877354854778,6079.461848374457,Image,ImageQuality,
Cytoplasm_Texture_Entropy_DNA_10_03_256,0.005900652929178903,0.9557418092634854,0.015999788174505834,0.022357749632829903,3590.1937617739504,Cytoplasm,Texture,DNA
Cytoplasm_Intensity_IntegratedIntensity_AGP,0.06789393929782299,0.33346266319994405,0.0025659223292273463,0.5960774751730057,13378.795165335607,Cytoplasm,Intensity,AGP
Cytoplasm_Texture_Correlation_RNA_3_02_256,0.02890503330811381,0.6224795231669052,0.18580413497566636,0.16281130854931475,29072.203596069885,Cytoplasm,Texture,RNA
Cells_Texture_SumAverage_RNA_10_00_256,0.009239405124940316,0.9236344606405239,0.011537846219292257,0.05558828801524349,10340.926878944565,Cells,Texture,RNA
Image_Texture_AngularSecondMoment_ER_3_00_256,0.35259814312026583,0.33267797100246854,0.018964771477990153,0.2957591143992756,25361.045146629996,Image,Texture,ER
Nuclei_Correlation_Manders_RNA_DNA,0.2808910152404482,0.27042923404336355,0.14406101214710476,0.3046187385690835,161770.12740677755,Nuclei,Correlation,DNA
Image_ImageQuality_LocalFocusScore_OrigAGP_10,0.09786873459226479,0.5778147270685541,0.007833269731401693,0.3164832686077795,530292.3757130412,Image,ImageQuality,
Nuclei_Texture_Variance_DNA_10_03_256,0.02290909505885777,0.8424229920029767,0.044653486258146205,0.09001442668001934,382494.19714215223,Nuclei,Texture,DNA
Cells_Texture_DifferenceVariance_Mito_5_02_256,0.011307955554280403,0.6233817969947407,0.13316171934421572,0.2321485281067632,37442.57581667093,Cells,Texture,Mito
Image_Texture_Correlation_DNA_10_01_256,0.03482975252442783,0.8206915745322815,0.017571791770932352,0.12690688117235835,24428.31511403144,Image,Texture,DNA
Cytoplasm_Texture_Variance_DNA_5_01_256,0.008548491301404287,0.8323915869763073,0.08791498649406744,0.07114493522822098,235119.39815554125,Cytoplasm,Texture,DNA
Cytoplasm_RadialDistribution_FracAtD_mito_tubeness_1of16,0.01991061169079926,0.4139483386974042,0.05106497156494391,0.5150760780468527,1005440.3175521316,Cytoplasm,RadialDistribution,
Image_ImageQuality_MeanIntensity_OrigDNA,0.001199554799103534,0.9830918780376853,0.002960125986502223,0.012748441176709174,75768.33795216383,Image,ImageQuality,
Image_Texture_DifferenceVariance_Mito_3_03_256,0.06335509099207512,0.5481964664818167,0.1753911167899362,0.21305732573617192,37927.29642013171,Image,Texture,Mito
Nuclei_Granularity_10_AGP,0.14283183769264102,0.5918916044408883,0.017975870326151177,0.24730068754031964,55255.41539378994,Nuclei,Granularity,AGP
Cytoplasm_RadialDistribution_FracAtD_mito_tubeness_12of16,0.027631648622033187,0.7723638546629849,0.010918149351343569,0.18908634736363833,10011.202989436737,Cytoplasm,RadialDistribution,
Nuclei_Texture_Variance_ER_5_02_256,0.0818394993279648,0.5580363186826385,0.01450734385814276,0.3456168381312539,59615.80132225634,Nuclei,Texture,ER
Cytoplasm_RadialDistribution_MeanFrac_mito_tubeness_13of16,0.04858583684233481,0.6376523294982659,0.018796797577136645,0.29496503608226265,58482.28718343822,Cytoplasm,RadialDistribution,
Cells_Texture_InfoMeas2_ER_5_01_256,0.020736365043115774,0.7485469842135565,0.10582592591488672,0.12489072482844103,31708.360867792802,Cells,Texture,ER
Cytoplasm_Texture_Variance_DNA_3_00_256,0.00820297248945545,0.8397796465908586,0.08423919925981443,0.06777818165987148,253965.9488248133,Cytoplasm,Texture,DNA
Image_Texture_SumVariance_Mito_3_00_256,0.007497917246948375,0.7434510060354139,0.037782477027544635,0.21126859969009304,35254.844659687034,Image,Texture,Mito
Cells_Texture_InfoMeas1_AGP_5_02_256,0.012545137944181899,0.8148749253121448,0.068734414786917,0.10384552195675634,11718.56912264321,Cells,Texture,AGP
Cells_Texture_DifferenceVariance_ER_3_00_256,0.017253739529299855,0.6269746593251493,0.11376400391293015,0.24200759723262075,73089.74180210372,Cells,Texture,ER
Nuclei_Texture_InfoMeas2_DNA_5_03_256,0.010231138307423058,0.9635265976074715,0.009948601005209692,0.016293663079895854,4715.750751413753,Nuclei,Texture,DNA
Cytoplasm_Texture_InverseDifferenceMoment_AGP_5_00_256,0.007759613180592155,0.8729508839241668,0.07140809524965543,0.047881407645585634,10531.687507217843,Cytoplasm,Texture,AGP
Image_Texture_Entropy_RNA_5_00_256,0.11800142327561305,0.7618011993470045,0.012530819105886614,0.1076665582714958,6176.0924945902125,Image,Texture,RNA
Cells_Texture_SumAverage_ER_10_01_256,0.007859468657641314,0.9524719335569131,0.010328086313153642,0.029340511472291872,9609.44792819946,Cells,Texture,ER
Cells_Texture_InfoMeas1_Mito_3_03_256,0.05103058809250791,0.6112926856600878,0.10059195160435931,0.237084774643045,19076.825577259035,Cells,Texture,Mito
Cytoplasm_Texture_InfoMeas1_ER_10_01_256,0.06618114434555453,0.7183079547124392,0.049453869110110515,0.1660570318318957,7879.779068685626,Cytoplasm,Texture,ER
Image_ImageQuality_TotalArea_OrigER,0.0002444814099158543,0.9995112158005643,1.6365976335426334e-07,0.00024413912975640862,1938274.7877996452,Image,ImageQuality,
Cytoplasm_RadialDistribution_FracAtD_mito_tubeness_3of20,0.02310583194085919,0.05430000009789371,0.00016841060273952815,0.9224257573585076,50927.12821085796,Cytoplasm,RadialDistribution,
Cytoplasm_AreaShape_Zernike_6_0,0.09484591852334295,0.4072082071099608,0.023489334403164905,0.4744565399635314,42649.16298893965,Cytoplasm,AreaShape,
Cytoplasm_RadialDistribution_RadialCV_AGP_3of4,0.10788425703414711,0.6446440520164002,0.010929908252258074,0.23654178269719475,9122.529650423248,Cytoplasm,RadialDistribution,AGP
Cells_Intensity_MedianIntensity_Mito,0.0030051802906374235,0.9629266402591841,0.0057954315798767865,0.028272747870301835,38265.923230551954,Cells,Intensity,Mito
Cells_AreaShape_MinFeretDiameter,0.11660493319079092,0.2834029632140583,0.049711937786597334,0.5502801658085534,62544.61622864062,Cells,AreaShape,
Image_Texture_SumEntropy_DNA_10_02_256,0.0200705363837713,0.9417224614744625,0.0038592424166875167,0.034347759725078725,21865.990410987662,Image,Texture,DNA
Cytoplasm_Granularity_9_AGP,0.27383888611690704,0.2956076499291287,0.01795911080786864,0.4125943531460956,30481.317142856104,Cytoplasm,Granularity,AGP
Nuclei_AreaShape_MinFeretDiameter,0.09212377815955526,0.7342928579365198,0.06930282156883665,0.1042805423350883,10783.665421446565,Nuclei,AreaShape,
Cells_Intensity_StdIntensityEdge_RNA,0.02146625441739482,0.8558719308708584,0.026475482015802607,0.09618633269594416,9735.944043503448,Cells,Intensity,RNA
Nuclei_Texture_Variance_Mito_10_00_256,0.1924356399218632,0.26204468741397835,0.06818544213481353,0.47733423052934504,66966.70094532293,Nuclei,Texture,Mito
Cells_RadialDistribution_FracAtD_AGP_1of4,0.17415996102796255,0.39055702511646845,0.010233272545204175,0.4250497413103649,88164.71809825994,Cells,RadialDistribution,AGP
Cells_Texture_SumAverage_ER_3_02_256,0.007459225990912379,0.9549909400741273,0.010079345734470821,0.027470488200489546,10212.08008619491,Cells,Texture,ER
Nuclei_Correlation_Manders_ER_DNA,0.2676627050914259,0.2804790227240311,0.16912964401586286,0.28272862816868016,183431.1756258717,Nuclei,Correlation,DNA
Nuclei_ObjectSkeleton_NumberNonTrunkBranches_mito_skel,0.3445879924743009,0.038545558326933176,0.006345314035262372,0.6105211351635036,208145.5032917655,Nuclei,ObjectSkeleton,
Cells_Granularity_2_ER,0.06121771725002415,0.7484494465163678,0.006604498073720172,0.18372833815988784,7128.921088943053,Cells,Granularity,ER
Nuclei_Texture_DifferenceVariance_RNA_5_03_256,0.0145341976127693,0.7802713397351718,0.05501971120711507,0.1501747514449438,303231.8691210904,Nuclei,Texture,RNA
Nuclei_RadialDistribution_RadialCV_DNA_3of4,0.3145038039109253,0.3067196943765964,0.025907927305845253,0.3528685744066331,65013.46777994331,Nuclei,RadialDistribution,DNA
Cells_RadialDistribution_FracAtD_mito_tubeness_3of20,0.2764417137199805,0.1405172896051616,0.036737481381107225,0.5463035152937507,48760.50269519178,Cells,RadialDistribution,
Image_Granularity_5_Mito,0.08577391230249502,0.5938176602574571,0.034699581690166625,0.2857088457498813,19853.928414365662,Image,Granularity,Mito
Cells_Texture_InverseDifferenceMoment_DNA_3_01_256,0.012267234248977016,0.8663375824192725,0.055498936852731426,0.06589624647901908,6091.648432579939,Cells,Texture,DNA
Image_ImageQuality_MinIntensity_OrigER,0.002151838696437776,0.9442040015839472,0.010926762456307177,0.04271739726330775,23530.365391387237,Image,ImageQuality,
Image_Texture_Contrast_AGP_3_03_256,0.014428954419869577,0.8688516499110124,0.020192753262694336,0.0965266424064238,21761.149947542697,Image,Texture,AGP
Image_Texture_Entropy_DNA_3_03_256,0.014753903853273527,0.9508875325641181,0.004191957224250086,0.03016660635835828,24630.989213110995,Image,Texture,DNA
Cells_Texture_InfoMeas1_Mito_5_02_256,0.05340606801965539,0.5817750657563292,0.10908446159579928,0.25573440462821617,20049.949784965316,Cells,Texture,Mito
Image_Texture_Entropy_Mito_3_00_256,0.06279460325506857,0.843741721063715,0.019479500844653747,0.07398417483656265,5865.483484588465,Image,Texture,Mito
Image_Texture_SumEntropy_DNA_5_03_256,0.019211639545458875,0.9428429858685796,0.004075813415512131,0.0338695611704493,21420.023594314924,Image,Texture,DNA
Cells_Texture_SumVariance_RNA_5_00_256,0.048471110538275484,0.6607070756136804,0.013058148178638906,0.27776366566940525,63779.53249649671,Cells,Texture,RNA
Nuclei_Texture_DifferenceVariance_DNA_10_01_256,0.000880735104818437,0.9493375084237311,0.022942541340978607,0.026839215130471848,511661.4559596282,Nuclei,Texture,DNA
Cytoplasm_Texture_DifferenceVariance_RNA_3_02_256,0.0053035978249701505,0.7231711748610963,0.14643125837381876,0.12509396894011482,175322.49309179897,Cytoplasm,Texture,RNA
Nuclei_Texture_AngularSecondMoment_DNA_5_00_256,0.0006663349401669955,0.9712701189311583,0.0077425846850740256,0.0203209614436007,535591.6097443746,Nuclei,Texture,DNA
Cytoplasm_Texture_SumEntropy_RNA_10_00_256,0.010536091909718643,0.8841138087214977,0.03760231963929406,0.06774777972948964,11287.89819387378,Cytoplasm,Texture,RNA
Cytoplasm_Texture_DifferenceVariance_AGP_10_03_256,0.003634187824933616,0.886471083817204,0.0820169312775769,0.027877797080285528,514761.54856184,Cytoplasm,Texture,AGP
Cells_Texture_InfoMeas2_AGP_10_01_256,0.013866197181523505,0.9388529246396252,0.013812598910109851,0.03346827926874129,28615.83246124873,Cells,Texture,AGP
Cytoplasm_Texture_SumAverage_Mito_3_03_256,0.004119842765871679,0.9535941237182726,0.007699274492990062,0.03458675902286548,35489.99945412765,Cytoplasm,Texture,Mito
Image_Intensity_TotalArea_DNA,0.0002444814099158543,0.9995112158005643,1.6365976335426334e-07,0.00024413912975640862,1938274.7877996452,Image,Intensity,DNA
Cells_Correlation_Overlap_AGP_DNA,0.021706433555765767,0.7589546804583808,0.06645899500884823,0.15287989097700524,30650.584472123897,Cells,Correlation,AGP
Cytoplasm_Texture_DifferenceEntropy_AGP_3_03_256,0.012508051452406705,0.8782792321459839,0.05452117395192517,0.054691542449684306,11578.149895100625,Cytoplasm,Texture,AGP
Cytoplasm_Texture_InfoMeas2_AGP_5_01_256,0.008578981784096159,0.9443784573590455,0.020799847798574633,0.026242713058283854,35345.521922421096,Cytoplasm,Texture,AGP
Cytoplasm_Texture_DifferenceVariance_RNA_3_03_256,0.00654552312883024,0.7182038647643554,0.14356947261415517,0.1316811394926591,203033.32315880517,Cytoplasm,Texture,RNA
Image_Texture_SumEntropy_DNA_10_01_256,0.02100730874410617,0.9402132224186708,0.0036219963430789625,0.03515747249414398,21684.273915234622,Image,Texture,DNA
Nuclei_Texture_InfoMeas1_DNA_3_00_256,0.036369817191484216,0.8723384048591822,0.006492675611939947,0.08479910233739361,5598.910750328607,Nuclei,Texture,DNA
Nuclei_Texture_SumEntropy_RNA_5_02_256,0.004011196353732269,0.9110023889151919,0.03574009425952929,0.049246320471546645,12530.041156316065,Nuclei,Texture,RNA
Image_Texture_InfoMeas2_DNA_10_02_256,0.035234853214549076,0.8754955452713814,0.015230457844125961,0.0740391436699436,7461.012893067622,Image,Texture,DNA
Nuclei_Texture_Variance_RNA_5_02_256,0.036566553666203455,0.7423753797321387,0.028900356427054574,0.19215771017460317,88045.47111460235,Nuclei,Texture,RNA
Cytoplasm_Correlation_Correlation_ER_Mito,0.019411238986608095,0.7535814608218375,0.0797207883623048,0.14728651182924957,14075.452311354788,Cytoplasm,Correlation,ER
Cells_Texture_SumVariance_Mito_10_03_256,0.12624600701232797,0.3777589841156964,0.04313759379807691,0.4528574150738988,37685.39883095876,Cells,Texture,Mito
Nuclei_Texture_SumVariance_Mito_5_00_256,0.18303814316564512,0.2849669061520237,0.05845124904789276,0.4735437016344385,68004.51525645718,Nuclei,Texture,Mito
Cells_RadialDistribution_MeanFrac_mito_tubeness_8of16,0.09351193732498966,0.46460635967681413,0.0983717012913046,0.3435100017068916,14397.015672351114,Cells,RadialDistribution,
Cytoplasm_AreaShape_Zernike_5_5,0.17908413297187353,0.4163724378877963,0.026606637161062704,0.3779367919792674,15701.324112889826,Cytoplasm,AreaShape,
Cytoplasm_Texture_InverseDifferenceMoment_RNA_3_02_256,0.010160409772003309,0.8928954088473351,0.021026029567715713,0.07591815181294585,8507.164057661623,Cytoplasm,Texture,RNA
Cytoplasm_Correlation_K_ER_RNA,0.003891923021862895,0.9569042381412375,0.017834158634911338,0.021369680201988223,34342.892116781615,Cytoplasm,Correlation,ER
Cytoplasm_Texture_SumAverage_DNA_5_02_256,0.0010193500207095138,0.9777051461735426,0.01100039910481575,0.010275104700932092,62767.471980222406,Cytoplasm,Texture,DNA
Image_Granularity_10_AGP,0.04893519941720219,0.5790358409675443,0.061061640837848936,0.3109673187774046,15788.562303022005,Image,Granularity,AGP
Image_ImageQuality_LocalFocusScore_OrigMito_50,0.39506412213845576,0.12633486031448407,0.023780705790020628,0.4548203117570396,387907.3786979873,Image,ImageQuality,
Image_ImageQuality_MaxIntensity_OrigER,0.0037010449252477843,0.9200349947834656,0.022912923799604558,0.05335103649168204,5525.599249109531,Image,ImageQuality,
Nuclei_Correlation_Manders_Mito_AGP,0.06317121285226407,0.7387881978608829,0.02470718579283622,0.17333340349401682,334784.31468668155,Nuclei,Correlation,AGP
Nuclei_Correlation_Manders_RNA_ER,0.02832827054986898,0.7114993368621039,0.058381107643472166,0.201791284944555,618066.3031618426,Nuclei,Correlation,ER
Nuclei_Texture_InfoMeas1_ER_5_00_256,0.08827526926144215,0.7088231155018325,0.01541812216385498,0.18748349307287035,8227.204244432765,Nuclei,Texture,ER
Cytoplasm_Texture_InfoMeas1_ER_5_00_256,0.0346073435917295,0.7027516373987105,0.0741873026834127,0.18845371632614724,16707.355034372085,Cytoplasm,Texture,ER
Image_Texture_SumEntropy_Mito_10_03_256,0.08396591411430374,0.807348630058492,0.022525369380302133,0.08616008644690201,5667.44428965637,Image,Texture,Mito
Cells_Texture_SumEntropy_ER_5_03_256,0.008456535156315139,0.8692617877716143,0.0495718585016635,0.07270981857040697,11294.585907496099,Cells,Texture,ER
Cytoplasm_RadialDistribution_FracAtD_mito_tubeness_7of16,0.01898039546961624,0.4066181623811198,0.04680257392199714,0.5275988682272668,1027540.5370779061,Cytoplasm,RadialDistribution,
Nuclei_Texture_InverseDifferenceMoment_RNA_10_02_256,0.005150105961392281,0.897635907795399,0.036081284970123195,0.061132701273085545,22437.229593081036,Nuclei,Texture,RNA
Nuclei_Texture_InfoMeas2_ER_5_00_256,0.016066841657537474,0.8805397510730493,0.03827248666718694,0.06512092060222638,9886.771358082475,Nuclei,Texture,ER
Cytoplasm_Texture_SumVariance_ER_10_01_256,0.06378968553693441,0.6041442208508331,0.06356693849378199,0.26849915511845046,13724.232947843244,Cytoplasm,Texture,ER
Nuclei_Texture_AngularSecondMoment_AGP_5_01_256,0.0016352191032865577,0.9173635588007777,0.06306675267130278,0.017934469424632827,455086.82749902224,Nuclei,Texture,AGP
Cells_Texture_AngularSecondMoment_AGP_10_03_256,0.004460425146433095,0.9182510246604988,0.04393695014809961,0.03335160004496852,654027.0125917364,Cells,Texture,AGP
Image_ImageQuality_MaxIntensity_OrigRNA,0.0026701833472557567,0.9666657108869341,0.008099236805750911,0.02256486896005914,5201.465346038752,Image,ImageQuality,
Nuclei_Granularity_16_RNA,0.15273230632791418,0.4657541915890051,0.016062984846755758,0.36545051723632493,13167.18189113761,Nuclei,Granularity,RNA
Cytoplasm_Texture_DifferenceVariance_ER_10_02_256,0.015003007959711502,0.6967097955280497,0.10484807832119426,0.18343911819104464,138063.8423931465,Cytoplasm,Texture,ER
Cells_AreaShape_BoundingBoxMaximum_X,0.017079753033035633,0.5263957736004611,0.008124840789183276,0.4483996325773201,16083.341024780973,Cells,AreaShape,
Cells_RadialDistribution_RadialCV_Mito_2of4,0.04199672564670057,0.7915334289072973,0.03753939706182295,0.12893044838417908,6588.531790346089,Cells,RadialDistribution,Mito
Cytoplasm_Texture_Entropy_DNA_3_03_256,0.007106070429275609,0.9510117683918038,0.01842244233892141,0.023459718839999172,3966.306495854681,Cytoplasm,Texture,DNA
Nuclei_Texture_Entropy_Mito_3_00_256,0.0602946296956225,0.7608762698684516,0.05051770143888113,0.12831139899704483,6234.2027682899825,Nuclei,Texture,Mito
Cytoplasm_Texture_Correlation_Mito_3_01_256,0.1167128243175251,0.6430844747694535,0.03157585559481298,0.20862684531820858,10543.650407746238,Cytoplasm,Texture,Mito
Cells_Texture_Entropy_AGP_3_01_256,0.007005888912763035,0.9095508626687718,0.046991099776194464,0.03645214864227056,21957.4925442895,Cells,Texture,AGP
Image_Texture_AngularSecondMoment_AGP_3_00_256,0.2737265373547149,0.408737051891581,0.019413186290309536,0.29812322446339456,24081.162561608144,Image,Texture,AGP
Nuclei_Granularity_13_Mito,0.17739282446371477,0.4802392148797882,0.031235829900480724,0.31113213075601626,11950.662363883614,Nuclei,Granularity,Mito
Nuclei_Intensity_StdIntensity_DNA,0.036591883105342254,0.8393171856367349,0.020072898455297077,0.10401803280262585,19186.19798953276,Nuclei,Intensity,DNA
Cells_AreaShape_BoundingBoxMinimum_Y,0.08126333973564687,0.2842446682059757,0.0465426026002557,0.5879493894581217,22164.821424692072,Cells,AreaShape,
Image_Intensity_TotalArea_DNA_BackgroundOnly,0.2757437985806492,0.45886781724025927,0.015064126027869653,0.2503242581512217,11723.584905771417,Image,Intensity,DNA
Image_Texture_InfoMeas1_RNA_3_01_256,0.06022021653607367,0.7696029791669597,0.012260934282235963,0.15791587001473067,8862.80490241169,Image,Texture,RNA
Nuclei_Texture_DifferenceVariance_RNA_3_01_256,0.01543877254257978,0.7444318985272177,0.07989878594683962,0.16023054298336295,275846.350797957,Nuclei,Texture,RNA
Image_Texture_Variance_ER_10_02_256,0.009902106830082146,0.8521790679297795,0.05556772507694116,0.0823511001631972,18845.30182394031,Image,Texture,ER
Cytoplasm_Intensity_StdIntensityEdge_Mito,0.1002914687721122,0.6031657183334369,0.03978302263476031,0.25675979025969065,10371.189078787058,Cytoplasm,Intensity,Mito
Nuclei_Texture_InverseDifferenceMoment_Mito_10_00_256,0.06468672475162641,0.7481947105047255,0.05430038538150089,0.1328181793621471,5740.48178684047,Nuclei,Texture,Mito
Cytoplasm_Granularity_15_DNA,0.014535176952490625,0.49609479781433213,0.15518591348461622,0.33418411174856105,126019.91337319449,Cytoplasm,Granularity,DNA
Cytoplasm_Texture_InfoMeas1_DNA_5_02_256,0.0046906992965231415,0.9558329740253471,0.005351184932635035,0.034125141745494816,4490.454485864804,Cytoplasm,Texture,DNA
Image_Texture_DifferenceVariance_RNA_3_02_256,0.00484846831258373,0.8107874405081315,0.1617517870033837,0.022612304175901137,149404.6065492305,Image,Texture,RNA
Cells_Texture_SumVariance_Mito_3_01_256,0.13935445752838344,0.35006360167228484,0.04140913545854911,0.46917280534078254,41419.68587552797,Cells,Texture,Mito
Nuclei_Granularity_11_Mito,0.07795282327419038,0.6428200511249754,0.05557915836808407,0.22364796723275007,7270.826787451513,Nuclei,Granularity,Mito
Nuclei_Texture_AngularSecondMoment_Mito_5_02_256,0.0182308255979845,0.7416070669503556,0.09712701593803273,0.14303509151362706,20613.225953195128,Nuclei,Texture,Mito
Cells_Neighbors_AngleBetweenNeighbors_5,0.39615723911596545,0.22992041804516597,0.020113751337241435,0.3538085915016271,46162.54615480727,Cells,Neighbors,
Image_Texture_Entropy_AGP_10_03_256,0.0871805769294242,0.7924659067605906,0.022784290621550966,0.09756922568843426,5587.023625294247,Image,Texture,AGP
Cytoplasm_RadialDistribution_RadialCV_mito_tubeness_7of16,0.01908380013882106,0.42392020254261104,0.05687268334537107,0.5001233139731969,989434.8661505455,Cytoplasm,RadialDistribution,
Cytoplasm_Texture_Correlation_RNA_10_03_256,0.07050276747728351,0.31337459322342287,0.0323171296898271,0.5838055096094665,24977.414598079664,Cytoplasm,Texture,RNA
Cytoplasm_Texture_DifferenceVariance_Mito_10_02_256,0.012898710954169444,0.5754739897333239,0.14286006453956074,0.26876723477294595,45997.30425299682,Cytoplasm,Texture,Mito
Cytoplasm_Texture_InfoMeas1_Mito_5_02_256,0.046859921573087986,0.6448658026259763,0.07746808677474105,0.23080618902619465,10116.82453571101,Cytoplasm,Texture,Mito
Image_Intensity_MinIntensity_Mito_BackgroundOnly,0.0030343395273353885,0.9237629282245452,0.016322804897773057,0.05687992735034634,42687.25357439298,Image,Intensity,Mito
Cytoplasm_RadialDistribution_FracAtD_Mito_1of4,0.10461140690103918,0.2746269573013554,0.08185314793196702,0.5389084878656385,41023.06211219096,Cytoplasm,RadialDistribution,Mito
Cytoplasm_Intensity_MeanIntensity_ER,0.0031732282547333,0.9674224347942589,0.011824475147614553,0.01757986180339319,13444.843113649153,Cytoplasm,Intensity,ER
Image_Texture_Variance_ER_5_00_256,0.009830971463675326,0.8525414813747904,0.055447048949241545,0.08218049821229283,18914.85456745165,Image,Texture,ER
Cytoplasm_Texture_Contrast_RNA_10_03_256,0.03286871887572764,0.765709958796426,0.0036513010114907277,0.19777002131635563,81170.66935210998,Cytoplasm,Texture,RNA
Cytoplasm_Texture_InfoMeas2_AGP_10_00_256,0.011791632477439074,0.9419545178480523,0.016720871731407176,0.02953297794310136,38511.17172780723,Cytoplasm,Texture,AGP
Nuclei_AreaShape_Area,0.12776563986391978,0.6515002406290462,0.07708752036819215,0.1436465991388418,8571.906477252865,Nuclei,AreaShape,
Cells_Texture_InfoMeas2_DNA_3_00_256,0.0005937877526153623,0.9844431017587375,0.0036561725944623197,0.011306937894184906,74764.80756397531,Cells,Texture,DNA
Cells_Texture_InverseDifferenceMoment_AGP_10_03_256,0.005539394649459562,0.9021280872385486,0.05199857939571155,0.040333938716280264,28076.88823322492,Cells,Texture,AGP
Image_Texture_SumVariance_RNA_5_00_256,0.009897175255414177,0.8894753608413865,0.021738706563615803,0.07888875733958355,48308.828550504804,Image,Texture,RNA
Nuclei_Texture_Variance_RNA_3_01_256,0.03671323402665327,0.7417671558499643,0.028527468726641882,0.1929921413967405,87721.52499012202,Nuclei,Texture,RNA
Cytoplasm_Texture_InfoMeas1_AGP_3_03_256,0.014398597676718281,0.8336521981518082,0.05023476082090924,0.10171444335056407,6136.562819769266,Cytoplasm,Texture,AGP
Cytoplasm_Intensity_StdIntensity_ER,0.03597615834855764,0.8202345194700285,0.04456952543179367,0.09921979674962016,8368.102638717526,Cytoplasm,Intensity,ER
Cytoplasm_Texture_InverseDifferenceMoment_Mito_10_01_256,0.01920711661330467,0.7925089812740662,0.06725836276234409,0.12102553935028498,8106.083723835956,Cytoplasm,Texture,Mito
Cells_Texture_Entropy_ER_5_03_256,0.008518087702679988,0.8800275273180552,0.04782142901317847,0.06363295596608616,9961.55726684336,Cells,Texture,ER
Image_ImageQuality_MADIntensity_OrigER,0.02052916963771063,0.9148593671626033,0.011272462162272297,0.05333900103741372,20906.226136219964,Image,ImageQuality,
Image_Threshold_OrigThreshold_CellsIncludingEdges,0.002789297227751272,0.9592750172328233,0.004972076367047599,0.03296360917237782,35472.47005931386,Image,Threshold,
Nuclei_RadialDistribution_FracAtD_AGP_2of4,0.050341548506253324,0.6280072265305662,0.02643514990736883,0.29521607505581166,28313.942942261634,Nuclei,RadialDistribution,AGP
Cytoplasm_AreaShape_Zernike_8_6,0.29239774822797676,0.15207431067833221,0.024564891913793088,0.5309630491798979,43935.2487386374,Cytoplasm,AreaShape,
Nuclei_Texture_AngularSecondMoment_RNA_5_03_256,0.013266698873852824,0.8476900087424334,0.0158027981999459,0.1232404941837679,362081.0417405559,Nuclei,Texture,RNA
Cytoplasm_Texture_DifferenceVariance_AGP_5_03_256,0.005100569785245657,0.8460619294072055,0.10715173539743565,0.041685765410113276,428965.59031061083,Cytoplasm,Texture,AGP
Cytoplasm_Texture_Contrast_DNA_3_02_256,0.01657630396331217,0.7520641467412503,0.10521659945256275,0.12614294984287464,46985.138861026004,Cytoplasm,Texture,DNA
Nuclei_Granularity_14_RNA,0.1607715639003352,0.5201161194742848,0.027204309067718545,0.2919080075576614,16591.153161182367,Nuclei,Granularity,RNA
Nuclei_AreaShape_Zernike_6_6,0.10298947947622601,0.6119086232634577,0.05566230762748907,0.22943958963282715,15431.373248627291,Nuclei,AreaShape,
Image_Granularity_3_ER,0.08053444559663045,0.66509380146355,0.07970661853870285,0.17466513440111664,13276.212217920729,Image,Granularity,ER
Image_Texture_DifferenceEntropy_DNA_3_00_256,0.016405326740151903,0.9438447901641404,0.005996045867874176,0.03375383722783359,13488.071908324588,Image,Texture,DNA
Image_Intensity_MeanIntensity_ER,0.008058808690323554,0.9687054990699436,0.0032043184301659994,0.02003137380956678,33250.14696319754,Image,Intensity,ER
Nuclei_Texture_DifferenceEntropy_AGP_5_02_256,0.011884794339264987,0.9129051107238102,0.038319370104147446,0.03689072483277756,22219.593238738227,Nuclei,Texture,AGP
Cytoplasm_Texture_InfoMeas1_AGP_10_02_256,0.05806956826840794,0.728388909987607,0.011434104187857555,0.20210741755612763,10678.046127144482,Cytoplasm,Texture,AGP
Cytoplasm_Texture_Variance_RNA_5_00_256,0.03106576013299271,0.7507919677667741,0.0036067190196214286,0.21453555308061165,72883.23674904078,Cytoplasm,Texture,RNA
Cytoplasm_Texture_Contrast_AGP_5_01_256,0.07603978466756482,0.5393331812975061,0.010748322619513232,0.3738787114154159,53272.72487385479,Cytoplasm,Texture,AGP
Nuclei_Texture_DifferenceEntropy_Mito_3_02_256,0.12806879820171954,0.6098939150792544,0.05371506156941477,0.20832222514961124,9568.327863581118,Nuclei,Texture,Mito
Cytoplasm_Texture_Entropy_DNA_10_00_256,0.006593297831487749,0.9519794119194449,0.017405486121342035,0.024021804127725265,3721.0791329750423,Cytoplasm,Texture,DNA
Nuclei_Texture_Contrast_DNA_10_01_256,0.024504734224297164,0.8372956891241726,0.044760997417792096,0.09343857923373808,393873.7376543439,Nuclei,Texture,DNA
Cytoplasm_Correlation_Manders_Mito_DNA,0.0014873419523603218,0.9057787477625231,0.0700925157502112,0.022641394534905226,78519.23454576415,Cytoplasm,Correlation,DNA
Nuclei_Texture_SumVariance_DNA_10_00_256,0.0297387827075864,0.8213687432680368,0.04076134198042774,0.10813113204394924,391611.8208443988,Nuclei,Texture,DNA
Cytoplasm_Texture_SumEntropy_AGP_10_01_256,0.008926542849653253,0.908246537541907,0.046227096170226786,0.03659982343821298,23074.23729371432,Cytoplasm,Texture,AGP
Cytoplasm_Texture_Variance_AGP_3_01_256,0.08799919658648948,0.4786448214316663,0.012541386953315997,0.42081459502852814,42677.79108956749,Cytoplasm,Texture,AGP
Cytoplasm_Texture_DifferenceEntropy_DNA_3_01_256,0.007536789622376776,0.942785218046225,0.025512169977845698,0.024165822353552517,3675.0409674081916,Cytoplasm,Texture,DNA
Cells_Intensity_IntegratedIntensityEdge_AGP,0.0026348256492291578,0.9528044193520269,0.011345310463012138,0.03321544453573192,12804.964237270804,Cells,Intensity,AGP
Image_Intensity_UpperQuartileIntensity_ER,0.015928962422609664,0.9484475776823983,0.005483044666176889,0.030140415228815103,27936.073482006585,Image,Intensity,ER
Nuclei_Texture_SumEntropy_Mito_10_03_256,0.026450903001324473,0.8152966298236494,0.05191812660541977,0.10633434056960653,7245.209416750654,Nuclei,Texture,Mito
Image_Texture_InverseDifferenceMoment_DNA_10_00_256,0.022454123962467116,0.9324400518873319,0.0025799426149503957,0.04252588153525059,14551.053196046989,Image,Texture,DNA
Cells_Granularity_7_Mito,0.19467918035152162,0.3446635656465271,0.05904546237936021,0.4016117916225909,17221.14125546269,Cells,Granularity,Mito
Cytoplasm_Texture_Correlation_Mito_10_00_256,0.15656102101426345,0.5658548903911849,0.03918740525896209,0.23839668333558975,10344.606227604538,Cytoplasm,Texture,Mito
Cytoplasm_Texture_AngularSecondMoment_ER_5_02_256,0.02895910309883145,0.6446598296338797,0.13087066315401844,0.19551040411327045,142176.52697453843,Cytoplasm,Texture,ER
Cytoplasm_Texture_SumEntropy_Mito_5_02_256,0.019143161114249813,0.7984980625277758,0.06321630062270449,0.11914247573526986,8051.8799250150005,Cytoplasm,Texture,Mito
Cytoplasm_Texture_SumVariance_RNA_10_00_256,0.030477985567970524,0.7411521177694892,0.003609769008964827,0.22476012765357553,68174.16398525744,Cytoplasm,Texture,RNA
Cytoplasm_Texture_DifferenceVariance_ER_3_01_256,0.013184504845575621,0.6719332832541955,0.11132246688191862,0.20355974501831028,77280.78104120119,Cytoplasm,Texture,ER
Cytoplasm_Granularity_10_RNA,0.10083012797595327,0.6262910381608021,0.03067119354671903,0.24220764031652564,8201.100285496224,Cytoplasm,Granularity,RNA
Image_Texture_Variance_ER_5_01_256,0.009895411834539966,0.8522988971244692,0.05537905999546932,0.08242663104552167,18859.430686251195,Image,Texture,ER
Cells_Texture_SumEntropy_AGP_5_02_256,0.007243363330743431,0.9115391148942893,0.043754636752100534,0.03746288502286678,30977.425953104106,Cells,Texture,AGP
Cells_Children_Cytoplasm_Count,0.007838246452027688,0.8711694019228856,0.001147104091317558,0.11984524753376911,513745.65805428603,Cells,Children,
Nuclei_Texture_InfoMeas1_AGP_10_02_256,0.10031257570397871,0.6711398783905171,0.01291250699213678,0.21563503891336733,20392.58482001433,Nuclei,Texture,AGP
Image_Texture_InfoMeas1_DNA_3_03_256,0.04742491243666849,0.6000519032319044,0.09323913767433871,0.25928404665708854,13748.379445310855,Image,Texture,DNA
Nuclei_Texture_SumEntropy_Mito_3_01_256,0.05498600129589755,0.7686644572838611,0.05034032861637166,0.12600921280386965,6328.4614675038865,Nuclei,Texture,Mito
Cytoplasm_Texture_Contrast_Mito_5_01_256,0.1728591937565346,0.2561858432573559,0.06671773717764043,0.5042372258084692,38503.886501331544,Cytoplasm,Texture,Mito
Nuclei_Texture_InfoMeas1_RNA_10_00_256,0.042433536415719446,0.8451980343819963,0.02150902096946725,0.09085940823281703,15915.159911255674,Nuclei,Texture,RNA
Cytoplasm_Correlation_K_DNA_ER,0.0082358867945533,0.7078203699702565,0.23675122236951687,0.04719252086567319,68692.83764053306,Cytoplasm,Correlation,DNA
Nuclei_Texture_Variance_AGP_10_02_256,0.1045261919915297,0.46954934077735855,0.01411669018756812,0.41180777704354365,65044.40910308254,Nuclei,Texture,AGP
Cells_Texture_InfoMeas1_AGP_10_02_256,0.0413606339698343,0.7380661396602213,0.035207574991270696,0.1853656513786738,8646.794038330157,Cells,Texture,AGP
Image_Texture_Entropy_AGP_10_02_256,0.08594451425855726,0.7941699555973686,0.023698276611276315,0.09618725353279785,5439.96135496499,Image,Texture,AGP
Cytoplasm_Texture_SumVariance_RNA_5_00_256,0.03136710979959572,0.7359503951181172,0.00393013166987171,0.22875236341241525,68338.25761488106,Cytoplasm,Texture,RNA
Image_Texture_Entropy_ER_10_03_256,0.12889028844758665,0.7418768039160474,0.013583686305229131,0.11564922133113668,13213.699940622673,Image,Texture,ER
Cells_Texture_SumEntropy_Mito_10_01_256,0.022934317535144962,0.7635417700901962,0.06665119880369588,0.146872713570963,9029.21285623817,Cells,Texture,Mito
Cells_Texture_DifferenceVariance_RNA_5_01_256,0.01293014693447583,0.7405969729356796,0.08144764231393643,0.16502523781590803,261900.88682322073,Cells,Texture,RNA
Cytoplasm_Correlation_Manders_DNA_Mito,0.1854414506438145,0.46148379754832014,0.03403397372148286,0.31904077808638254,29926.299349785102,Cytoplasm,Correlation,DNA
Cytoplasm_Texture_Variance_DNA_3_03_256,0.008855116004677697,0.8342550085388909,0.08454123036063681,0.07234864509579461,220837.69167621463,Cytoplasm,Texture,DNA
Image_Texture_DifferenceEntropy_Mito_5_03_256,0.06987443272381066,0.8210682673541466,0.02648904155455527,0.08256825836748759,6512.244875735936,Image,Texture,Mito
Nuclei_Texture_SumAverage_DNA_10_00_256,0.003692710826719244,0.9639768097626429,0.018871020315758616,0.013459459094879183,18008.011953845904,Nuclei,Texture,DNA
Cells_Texture_InverseDifferenceMoment_RNA_3_01_256,0.007755808111976848,0.8873128372428662,0.025913659194416117,0.0790176954507407,10755.502260635107,Cells,Texture,RNA
Cytoplasm_Granularity_10_ER,0.0475902135680935,0.7584639402412217,0.022746294507758714,0.17119955168292608,8032.070830248008,Cytoplasm,Granularity,ER
Cytoplasm_Texture_SumAverage_Mito_5_03_256,0.004376723101249414,0.9524586697529331,0.00790959170092784,0.03525501544488951,35049.51296970669,Cytoplasm,Texture,Mito
Image_Texture_AngularSecondMoment_ER_3_02_256,0.35213176540257624,0.3331860618080184,0.019002191030503632,0.29567998175890164,25372.06440897424,Image,Texture,ER
Cells_Intensity_LowerQuartileIntensity_AGP,0.0020674936491328465,0.9719405062307772,0.016715110054117504,0.009276890065972503,17687.151935802784,Cells,Intensity,AGP
Cytoplasm_Granularity_4_AGP,0.14214055594837552,0.5608792032274753,0.001671208798489525,0.2953090320256597,32220.48192729566,Cytoplasm,Granularity,AGP
Nuclei_RadialDistribution_FracAtD_DNA_1of4,0.08721079762753148,0.4493423788866069,0.08403650440839447,0.3794103190774672,36081.37141374694,Nuclei,RadialDistribution,DNA
Cells_Texture_DifferenceEntropy_ER_10_02_256,0.015394799037456282,0.846294987571691,0.04716256202662768,0.091147651364225,9218.52673027723,Cells,Texture,ER
Cells_Granularity_16_RNA,0.13317466151288807,0.536572097227787,0.024136537475608698,0.3061167037837163,12363.17494700375,Cells,Granularity,RNA
Nuclei_Texture_InfoMeas1_AGP_5_03_256,0.09249728806675211,0.6942134669814297,0.01106571563274592,0.2022235293190722,18826.797935241535,Nuclei,Texture,AGP
Cells_Texture_InfoMeas1_DNA_10_02_256,0.0066976767183263616,0.9677773537029307,0.004650331018123872,0.020874638560619073,7006.588341087462,Cells,Texture,DNA
Nuclei_Granularity_2_Mito,0.19437178266100355,0.5414060004494202,0.03085254468121973,0.23336967220835658,15417.593677203105,Nuclei,Granularity,Mito
Nuclei_Texture_DifferenceVariance_DNA_3_01_256,0.0006814533348139263,0.9470930230792594,0.031215558200592353,0.021009965385334405,307517.8727122852,Nuclei,Texture,DNA
Nuclei_Texture_SumAverage_AGP_3_00_256,0.00926057693768676,0.944357508023259,0.015270556275035388,0.031111358764018698,5157.452064844607,Nuclei,Texture,AGP
Nuclei_Texture_Correlation_DNA_5_02_256,0.005464184546167894,0.7872641602554368,0.12785617727313855,0.07941547792525692,17488.098749003257,Nuclei,Texture,DNA
Nuclei_Texture_Correlation_RNA_10_00_256,0.051441133782131804,0.3640724094406305,0.041201567444309785,0.543284889332928,23680.671834263034,Nuclei,Texture,RNA
Cells_Neighbors_PercentTouching_Adjacent,0.27807971965753264,0.41956163747682923,0.08772769371495022,0.21463094915068798,18524.33406302317,Cells,Neighbors,
Cytoplasm_Texture_InverseDifferenceMoment_Mito_10_00_256,0.0222482682704201,0.7919860278912578,0.06695439088591687,0.11881131295240514,7684.801517733257,Cytoplasm,Texture,Mito
Cells_Texture_DifferenceVariance_DNA_5_02_256,0.0012224896516705198,0.9524438120788696,0.026547027482555226,0.019786670786904496,73929.20963544882,Cells,Texture,DNA
Image_Texture_SumEntropy_RNA_3_03_256,0.15228890320144203,0.7083889648161814,0.013477600030054139,0.12584453195232242,6336.307252330783,Image,Texture,RNA
Cytoplasm_Correlation_K_Mito_RNA,0.009449409178156436,0.8583996600409163,0.08068760222757661,0.05146332855335067,145273.15571912087,Cytoplasm,Correlation,Mito
Cytoplasm_Texture_InverseDifferenceMoment_RNA_3_00_256,0.010105175127309093,0.8950256982916365,0.020253423823616574,0.07461570275743784,8350.656147820722,Cytoplasm,Texture,RNA
Cells_Intensity_IntegratedIntensityEdge_DNA,0.005390685394896407,0.9162628105450693,0.0035935490611442877,0.07475295499889016,22934.007128019417,Cells,Intensity,DNA
Cytoplasm_Intensity_MaxIntensity_ER,0.013766318132961294,0.9041722821161822,0.039322051440688115,0.04273934831016834,6083.843845513974,Cytoplasm,Intensity,ER
Image_ImageQuality_FocusScore_OrigRNA,0.03181433377196129,0.7812292649273703,0.02192766155482921,0.1650287397458392,9780.699192726115,Image,ImageQuality,
Nuclei_Texture_DifferenceVariance_DNA_10_00_256,0.0009121475946279613,0.935765432323654,0.03664635074536576,0.02667606933635238,452734.2887319836,Nuclei,Texture,DNA
Cells_Texture_InfoMeas1_RNA_3_03_256,0.026067207057935818,0.42408589238021177,0.3117118132065236,0.23813508735532884,22237.494799394965,Cells,Texture,RNA
Cytoplasm_Texture_DifferenceVariance_DNA_5_03_256,0.0008376681296656847,0.9782815363884134,0.005811519523944023,0.01506927595797684,37658.45778098522,Cytoplasm,Texture,DNA
Image_Texture_Variance_Mito_10_01_256,0.007630391325593457,0.7433266509527395,0.03939905030339201,0.209643907418275,33645.87220226294,Image,Texture,Mito
Nuclei_Texture_InverseDifferenceMoment_ER_5_00_256,0.011954493583833145,0.8677369318738135,0.052312854783946525,0.06799571975840685,11491.500061208955,Nuclei,Texture,ER
Nuclei_Texture_SumAverage_AGP_3_03_256,0.00942752783273382,0.9437763452253884,0.015237438249494242,0.03155868869238356,5151.422631702437,Nuclei,Texture,AGP
Cells_RadialDistribution_MeanFrac_mito_tubeness_4of16,0.23541382172679223,0.1367247282409964,0.055476738263822614,0.5723847117683888,40715.22177261724,Cells,RadialDistribution,
Image_Granularity_1_Mito,0.050227232278531146,0.827981132186906,0.041378907236600725,0.08041272829796214,9683.18467649073,Image,Granularity,Mito
Image_Threshold_FinalThreshold_NucleiIncludingEdges,0.0013508943218845488,0.9707434922861978,0.020564144715424473,0.007341468676493034,14015.930653660886,Image,Threshold,
Cytoplasm_Intensity_StdIntensityEdge_RNA,0.030680285664478057,0.8095422194258972,0.006622798822796262,0.15315469608682852,14785.081225009177,Cytoplasm,Intensity,RNA
Image_Texture_Correlation_RNA_3_02_256,0.07293218196883534,0.6161611983863089,0.05192182658447579,0.2589847930603801,12974.021628882872,Image,Texture,RNA
Image_Texture_DifferenceEntropy_RNA_5_02_256,0.09727577962883921,0.780704099303079,0.016639336638828977,0.10538078442925278,6519.998581109148,Image,Texture,RNA
Nuclei_Texture_SumAverage_Mito_5_00_256,0.031287242076901846,0.8613832713519176,0.013120467266609427,0.09420901930457104,22760.539958382426,Nuclei,Texture,Mito
Nuclei_Texture_SumAverage_RNA_5_02_256,0.016132290314692776,0.8877483471123193,0.014234532634298646,0.08188482993868941,9980.961987701266,Nuclei,Texture,RNA
Cytoplasm_RadialDistribution_MeanFrac_mito_tubeness_7of20,0.02016182517147384,0.4706126751762854,0.057290532644495115,0.45193496700774566,958555.3586419178,Cytoplasm,RadialDistribution,
Cytoplasm_Texture_DifferenceEntropy_Mito_5_02_256,0.045257676933379204,0.6994907933844676,0.08030657152802732,0.17494495815412597,11217.109641406985,Cytoplasm,Texture,Mito
Nuclei_Texture_Entropy_Mito_10_00_256,0.03172158390370101,0.8169386324403253,0.04845263053057489,0.10288715312539881,5914.552492779268,Nuclei,Texture,Mito
Cells_Texture_InfoMeas2_AGP_5_03_256,0.006553481324141481,0.9412771598257375,0.024597066109776997,0.027572292740344017,16167.591472989918,Cells,Texture,AGP
Image_Granularity_16_ER,0.1575423238328689,0.31029286488721125,0.020906669942142055,0.5112581413377779,15379.776998720861,Image,Granularity,ER
Nuclei_Location_CenterMassIntensity_Y_DNA,0.05843550822238951,0.31474546893415495,0.04540801384038612,0.5814110090030695,20062.522555167776,Nuclei,Location,DNA
Image_Texture_SumVariance_RNA_10_03_256,0.01046957407425991,0.8843986007705712,0.021544863331477287,0.08358696182369156,46557.54390065333,Image,Texture,RNA
Cells_RadialDistribution_FracAtD_AGP_4of4,0.1515157298960125,0.4344619051688755,0.013114041507383226,0.4009083234277287,58132.652311616286,Cells,RadialDistribution,AGP
Nuclei_Texture_DifferenceVariance_DNA_10_02_256,0.0009183290853121131,0.9369138826747035,0.035496447985161834,0.026671340254822533,456917.75674379035,Nuclei,Texture,DNA
Image_Texture_Contrast_Mito_5_03_256,0.009991489662065915,0.7435171396749815,0.07637306498696685,0.17011830567598582,31823.420176368025,Image,Texture,Mito
Nuclei_Texture_Contrast_Mito_3_01_256,0.23694707459118844,0.19256473729401735,0.08678523320660567,0.4837029549081885,65114.744699241084,Nuclei,Texture,Mito
Nuclei_Texture_InverseDifferenceMoment_AGP_3_02_256,0.010610922383059386,0.9104634768292543,0.043560576340108924,0.03536502444757733,17551.326579773435,Nuclei,Texture,AGP
Cells_Texture_AngularSecondMoment_Mito_3_01_256,0.01888722888011662,0.5972337557385448,0.13761736978129047,0.24626164560004804,29725.722904917468,Cells,Texture,Mito
Image_Texture_SumEntropy_ER_10_01_256,0.16687309131710104,0.674401650898365,0.014898041509983317,0.1438272162745506,14113.814877262064,Image,Texture,ER
Image_Granularity_9_AGP,0.04301540835361273,0.6158788395843526,0.06044443405648116,0.28066131800555355,20233.064000583472,Image,Granularity,AGP
Cytoplasm_Granularity_15_AGP,0.10796793581400646,0.5245200605020366,0.010723179520748347,0.35678882416320856,11902.002488591625,Cytoplasm,Granularity,AGP
Nuclei_Texture_InfoMeas2_AGP_5_01_256,0.014182285001010092,0.937827466572492,0.022811391428808458,0.025178856997689514,36115.66387544484,Nuclei,Texture,AGP
Image_Texture_Correlation_RNA_5_03_256,0.13768290432726388,0.5702772652643109,0.04098345740965874,0.2510563729987664,14619.823691828973,Image,Texture,RNA
Cytoplasm_Granularity_15_RNA,0.14277724173170103,0.5682238839199446,0.028735304763927803,0.2602635695844264,12353.12781167696,Cytoplasm,Granularity,RNA
Cells_Intensity_MaxIntensity_RNA,0.010966852129600024,0.9179420316349459,0.01889956619238858,0.05219155004306543,11449.131291631205,Cells,Intensity,RNA
Cytoplasm_Texture_Variance_AGP_10_00_256,0.09252646118189008,0.4704608456536291,0.012493933363433607,0.42451875980104714,44953.93557949524,Cytoplasm,Texture,AGP
Nuclei_Correlation_Overlap_ER_RNA,0.043015926800132616,0.6824432282110461,0.11987030903343181,0.15467053595538957,22784.90009237804,Nuclei,Correlation,ER
Nuclei_RadialDistribution_FracAtD_AGP_4of4,0.053517605297627134,0.6061625734783087,0.021282375205420253,0.319037446018644,36691.441542195025,Nuclei,RadialDistribution,AGP
Cytoplasm_Texture_Contrast_DNA_5_02_256,0.014773559280414917,0.7826849940977586,0.10130826534931676,0.10123318127250969,102628.2710607615,Cytoplasm,Texture,DNA
Cytoplasm_Texture_InfoMeas1_Mito_10_02_256,0.09316029712640703,0.6279222057228436,0.02824041988447818,0.2506770772662712,8365.51417859412,Cytoplasm,Texture,Mito
Nuclei_Texture_Entropy_DNA_5_03_256,0.003173216563766091,0.9819059210961202,0.006776893579582702,0.008143968760531067,6197.298343544146,Nuclei,Texture,DNA
Image_Texture_AngularSecondMoment_ER_10_02_256,0.3758423587151148,0.29776459948476625,0.01694415842614118,0.3094488833739777,33993.070678535674,Image,Texture,ER
Image_Texture_AngularSecondMoment_RNA_5_02_256,0.33873725750765404,0.36881226749069473,0.023057135893377653,0.26939333910827346,38060.27812723878,Image,Texture,RNA
Cells_Texture_SumVariance_DNA_3_00_256,0.011400099593317217,0.8771813533075842,0.05780893767106004,0.05360960942803854,439702.6847233027,Cells,Texture,DNA
Cytoplasm_AreaShape_Zernike_8_4,0.10827810396249023,0.17211334722073623,0.013886769697608133,0.7057217791191653,33220.91914935621,Cytoplasm,AreaShape,
Nuclei_Intensity_MeanIntensityEdge_ER,0.008344933064028509,0.9507560680212697,0.011148417883105558,0.02975058103159618,6250.454177679339,Nuclei,Intensity,ER
Cells_Texture_Contrast_DNA_5_00_256,0.032290357949876815,0.7640718816255664,0.08050628211158185,0.12313147831297502,351770.09451023804,Cells,Texture,DNA
Cells_RadialDistribution_RadialCV_mito_tubeness_20of20,0.09046187079399812,0.5610808539269195,0.03935090883409095,0.30910636644499145,20755.288051394877,Cells,RadialDistribution,
Nuclei_Granularity_4_ER,0.24977632643039488,0.3915150127525336,0.007526709041608495,0.3511819517754631,17781.280184491432,Nuclei,Granularity,ER
Cells_Correlation_Correlation_AGP_ER,0.0506719739664355,0.7397544717170187,0.0933403449072899,0.1162332094092559,15808.20276834801,Cells,Correlation,AGP
Cells_Texture_InfoMeas2_DNA_3_02_256,0.000583239262039533,0.9845389282310976,0.0036241581899101078,0.011253674316952973,76753.95833960312,Cells,Texture,DNA
Cytoplasm_Texture_InfoMeas1_RNA_10_01_256,0.05058197819376602,0.7555813602493897,0.019428053250350293,0.17440860830649402,8900.29440086002,Cytoplasm,Texture,RNA
Image_Texture_Contrast_Mito_10_01_256,0.009110261060792822,0.779553569703582,0.05308942908715513,0.15824674014847018,33568.156534947164,Image,Texture,Mito
Image_Texture_DifferenceEntropy_DNA_5_02_256,0.018308530752427766,0.9424642342926532,0.0048262858614230774,0.03440094909349595,13623.53027992848,Image,Texture,DNA
Nuclei_Intensity_MedianIntensity_RNA,0.018223769267882346,0.8736734353134814,0.011765984095709121,0.09633681132292705,9908.392247059917,Nuclei,Intensity,RNA
Image_Texture_SumAverage_DNA_5_03_256,0.0014339220309029165,0.9730693731538941,0.011895373861581886,0.013601330953621166,68175.13754841819,Image,Texture,DNA
Cells_Texture_InfoMeas1_RNA_10_02_256,0.029978384584362965,0.64334527291187,0.12498767860839348,0.20168866389537354,26892.749043293476,Cells,Texture,RNA
Cytoplasm_Texture_InverseDifferenceMoment_AGP_3_02_256,0.008627654304209875,0.8730542916772223,0.07100129356842017,0.04731676045014761,8570.938821895023,Cytoplasm,Texture,AGP
Image_ImageQuality_TotalArea_OrigDNA,0.0002444814099158543,0.9995112158005643,1.6365976335426334e-07,0.00024413912975640862,1938274.7877996452,Image,ImageQuality,
Cells_Texture_AngularSecondMoment_AGP_3_03_256,0.008495818841658443,0.8427652086478931,0.10185021774757877,0.046888754762869744,422209.96523089905,Cells,Texture,AGP
Cytoplasm_Texture_Correlation_ER_3_01_256,0.03298535489787605,0.7178605571689943,0.055617438843648656,0.19353664908948096,23770.517972961647,Cytoplasm,Texture,ER
Cytoplasm_Texture_Correlation_AGP_3_01_256,0.01310703306203018,0.8573106991344104,0.02460700824646575,0.10497525955709366,7710.779950495762,Cytoplasm,Texture,AGP
Cytoplasm_Texture_Entropy_Mito_10_03_256,0.016625479635803964,0.8014470681814997,0.0641130248133604,0.11781442736933594,8018.861883034514,Cytoplasm,Texture,Mito
Image_Intensity_MedianIntensity_DNA,0.0007371664532489306,0.9778561212906021,0.005811105992576973,0.015595606263572133,27756.02241345774,Image,Intensity,DNA
Nuclei_Granularity_2_AGP,0.06705622994544354,0.7603466219596625,0.011335091151923195,0.1612620569429708,8801.511277275753,Nuclei,Granularity,AGP
Image_Texture_InfoMeas1_ER_5_00_256,0.0792397989789517,0.6891245682408005,0.016339279167169606,0.21529635361307833,8965.663916954214,Image,Texture,ER
Nuclei_Texture_Correlation_AGP_10_00_256,0.024845823574587977,0.37760765314773953,0.21581750237163397,0.3817290209060386,12628.801112520334,Nuclei,Texture,AGP
Cells_Texture_Variance_RNA_10_02_256,0.04628270790431458,0.6799170124587034,0.012670932213935391,0.2611293474230467,66893.30812761931,Cells,Texture,RNA
Cells_Texture_InverseDifferenceMoment_DNA_5_00_256,0.011779394378077127,0.8599236382137345,0.06210338715772916,0.0661935802504592,6391.172758186762,Cells,Texture,DNA
Image_Texture_Entropy_Mito_10_01_256,0.06611186985332307,0.841893984077985,0.01853492191110626,0.07345922415758555,5817.460791648119,Image,Texture,Mito
Image_Texture_AngularSecondMoment_Mito_3_01_256,0.20056025624310092,0.5346516390263278,0.052329719886533954,0.2124583848440372,25640.321246833817,Image,Texture,Mito
Cells_RadialDistribution_MeanFrac_mito_tubeness_13of20,0.053855907379823265,0.7195434581025818,0.031099716200233492,0.19550091831736138,6065.3748033969,Cells,RadialDistribution,
Image_Intensity_MinIntensity_DNA_BackgroundOnly,0.0013385865900005622,0.9748198945506527,0.000686418894165468,0.023155099965181395,18601.42232490625,Image,Intensity,DNA
Nuclei_Granularity_4_RNA,0.330992078898574,0.2569917463041894,0.01188036007466245,0.40013581472257403,37189.30325681549,Nuclei,Granularity,RNA
Nuclei_Texture_Correlation_ER_3_03_256,0.022682621098429914,0.859805072430198,0.019344221928783326,0.09816808454258875,5129.899180723229,Nuclei,Texture,ER
Nuclei_Texture_Variance_DNA_5_00_256,0.040728245186032096,0.7780201544871495,0.04360884000597745,0.13764276032084116,367945.86408067093,Nuclei,Texture,DNA
Image_ImageQuality_Correlation_OrigAGP_10,0.005478464353703962,0.9490244918895852,0.009284813584150231,0.03621223017256067,4677.375322855449,Image,ImageQuality,
Cytoplasm_Texture_Entropy_Mito_10_01_256,0.016789013467335162,0.8013456697940953,0.0641955916057019,0.11766972513286768,8024.886503754734,Cytoplasm,Texture,Mito
Image_ImageQuality_PowerLogLogSlope_OrigRNA,0.040998763542247976,0.7318206475013965,0.021278153449371805,0.20590243550698362,11327.363863548593,Image,ImageQuality,
Image_Texture_InfoMeas1_AGP_5_03_256,0.0813859245347243,0.6945460334853737,0.04332663347967817,0.18074140850022394,12280.22754625487,Image,Texture,AGP
Cells_Texture_DifferenceEntropy_DNA_10_03_256,0.004485960104363883,0.9673933932044011,0.007989716196298659,0.020130930494936326,4516.95640020806,Cells,Texture,DNA
Nuclei_RadialDistribution_FracAtD_RNA_1of4,0.09527467535497368,0.3487442318671568,0.10467294118973156,0.4513081515881379,24998.08643238736,Nuclei,RadialDistribution,RNA
Nuclei_Texture_InfoMeas2_Mito_5_03_256,0.057104104424125585,0.7454073253864876,0.057068277996338644,0.14042029219304825,7832.425726787114,Nuclei,Texture,Mito
Cells_Texture_SumVariance_ER_5_03_256,0.0771038007098901,0.534709945556271,0.018609093080923615,0.3695771606529152,34434.206872576564,Cells,Texture,ER
Cells_Texture_AngularSecondMoment_AGP_5_00_256,0.008000395387268489,0.8526670978983615,0.09408833885415656,0.04524416786021336,449992.87570964254,Cells,Texture,AGP
Image_Intensity_MADIntensity_DNA,0.0013159378705806224,0.9362068798289965,0.028088542333493154,0.03438863996692964,587072.6403117101,Image,Intensity,DNA
Nuclei_Texture_SumVariance_AGP_5_00_256,0.11737430156592649,0.4021888588077916,0.013878235910931423,0.46655860371535046,56673.73068602718,Nuclei,Texture,AGP
Cells_Granularity_3_Mito,0.09356888444672892,0.693578639111156,0.02771828935108122,0.1851341870910337,8714.200043858988,Cells,Granularity,Mito
Nuclei_Intensity_MaxIntensityEdge_Mito,0.043632740479466456,0.795775566247211,0.02563558129396909,0.13495611197935345,13287.261796649225,Nuclei,Intensity,Mito
Cytoplasm_Texture_Correlation_Mito_5_01_256,0.15437507476300827,0.5951640955397641,0.03336482919377709,0.2170960005034505,10929.126838853186,Cytoplasm,Texture,Mito
Cytoplasm_Texture_InverseDifferenceMoment_Mito_5_02_256,0.026758810109844666,0.7893396652747059,0.06493436376083135,0.11896716085461802,7507.684611346706,Cytoplasm,Texture,Mito
Cells_RadialDistribution_FracAtD_RNA_4of4,0.07259946999716124,0.49849357080048773,0.02572988374071632,0.4031770754616347,17261.56589689269,Cells,RadialDistribution,RNA
Cytoplasm_RadialDistribution_RadialCV_mito_tubeness_5of20,0.020151714659222508,0.5016203445376048,0.031167177873452783,0.4470607629297198,557038.3359761217,Cytoplasm,RadialDistribution,
Cells_Correlation_K_AGP_Mito,0.013336507171578794,0.9130002518422335,0.012168822577069142,0.061494418409118505,88592.34337095158,Cells,Correlation,AGP
Cells_Texture_Correlation_Mito_10_01_256,0.15756167426591802,0.4684580898783772,0.06935115031135758,0.30462908554434726,11045.336154853174,Cells,Texture,Mito
Cytoplasm_Correlation_Correlation_DNA_Mito,0.0423350413508311,0.6966127339896995,0.05877428507998466,0.2022779395794849,9513.431364074015,Cytoplasm,Correlation,DNA
Cytoplasm_Texture_DifferenceEntropy_ER_3_03_256,0.0245154090235922,0.8282446764128052,0.05653272090045236,0.09070719366315033,8575.705563481395,Cytoplasm,Texture,ER
Cells_Texture_Correlation_ER_10_01_256,0.08634945462571524,0.3784817711075128,0.11442902583728201,0.4207397484294899,20785.657374764112,Cells,Texture,ER
Cytoplasm_Texture_Correlation_RNA_5_00_256,0.05763816762565766,0.5293034735209017,0.14716818151139346,0.2658901773420473,32501.126146032446,Cytoplasm,Texture,RNA
Cells_Texture_InverseDifferenceMoment_RNA_5_01_256,0.006795395422577452,0.8762043259379912,0.032379197266358115,0.0846210813730733,14315.909889262191,Cells,Texture,RNA
Cytoplasm_Texture_SumVariance_AGP_3_01_256,0.09704973695501089,0.43204890742777996,0.013153998285170087,0.4577473573320391,36973.5748765469,Cytoplasm,Texture,AGP
Image_Texture_InverseDifferenceMoment_Mito_10_00_256,0.061452104634892216,0.8471544228282012,0.015981365947647954,0.07541210658925863,5966.807559007871,Image,Texture,Mito
Image_Texture_Variance_RNA_10_00_256,0.009699989918592009,0.8917426398795707,0.02185635899860649,0.07670101120323089,49472.68722763963,Image,Texture,RNA
Image_Texture_Entropy_DNA_3_02_256,0.014274144492624341,0.9516186022685139,0.004322008924484876,0.029785244314376947,23803.5057529196,Image,Texture,DNA
Nuclei_Texture_InverseDifferenceMoment_ER_10_00_256,0.012167269902898337,0.869016710059935,0.05355353203260244,0.06526248800456425,13401.408800994199,Nuclei,Texture,ER
Cytoplasm_Texture_InfoMeas1_Mito_5_00_256,0.046261261616645254,0.6648237069685387,0.07082025206757851,0.21809477934723764,8930.94767383602,Cytoplasm,Texture,Mito
Cytoplasm_RadialDistribution_FracAtD_RNA_1of4,0.09205051631255379,0.20449478717333655,0.0313154897978462,0.6721392067162635,34845.79866882285,Cytoplasm,RadialDistribution,RNA
Cytoplasm_Texture_DifferenceEntropy_RNA_5_01_256,0.012894163166156486,0.888336578402317,0.024474450292331612,0.07429480813919491,10736.368669221449,Cytoplasm,Texture,RNA
Image_Texture_Contrast_DNA_10_03_256,0.000634488023476623,0.9822676549247763,0.00968055151380245,0.007417305537944497,766751.3991579423,Image,Texture,DNA
Image_Texture_InfoMeas1_AGP_5_02_256,0.06488940025495907,0.7421698241645924,0.04438167686939505,0.14855909871105355,11726.713410822156,Image,Texture,AGP
Nuclei_Texture_Variance_ER_3_01_256,0.08194046542355521,0.5570018764439091,0.014494602111958632,0.3465630560205772,59440.567278616014,Nuclei,Texture,ER
Cells_Texture_DifferenceEntropy_DNA_5_00_256,0.00918291341658504,0.9500940751441617,0.011942507380914423,0.028780504058338843,5737.833988916238,Cells,Texture,DNA
Cytoplasm_Texture_SumAverage_ER_10_03_256,0.003842111226558927,0.9639180243140754,0.012987863587927197,0.019252000871438562,12767.045596800544,Cytoplasm,Texture,ER
Cells_Granularity_12_AGP,0.19299492852652217,0.4513183788793808,0.012178089687166467,0.34350860290693036,18549.338328128837,Cells,Granularity,AGP
Cells_Texture_InfoMeas2_Mito_5_01_256,0.01988173637411317,0.678084041901053,0.09748050229515799,0.20455371942967598,11905.44134143373,Cells,Texture,Mito
Cytoplasm_Texture_Contrast_AGP_10_03_256,0.09544816992308953,0.4548311416318835,0.012298335137663069,0.43742235330736384,46227.68031365395,Cytoplasm,Texture,AGP
Cells_Granularity_3_ER,0.12325446857816712,0.614744639641609,0.009963854358434308,0.25203703742178946,26060.00190226236,Cells,Granularity,ER
Cells_Texture_InfoMeas2_Mito_3_03_256,0.026540812487424067,0.6027462166185202,0.09504387627853882,0.2756690946155169,14537.746581374771,Cells,Texture,Mito
Cytoplasm_Intensity_MeanIntensityEdge_ER,0.002568057764478049,0.9724218507897967,0.009336510538279122,0.01567358090744622,14598.140986580845,Cytoplasm,Intensity,ER
Image_Granularity_7_AGP,0.10270599209752551,0.4772882951912261,0.07131875377142964,0.34868695893981877,28360.29723868175,Image,Granularity,AGP
Cytoplasm_Granularity_7_DNA,0.014399672334234184,0.903906624860511,0.02754086595732705,0.054152836847927724,108078.13957755663,Cytoplasm,Granularity,DNA
Cytoplasm_Texture_Contrast_ER_3_02_256,0.14183701403351387,0.3573813030498079,0.04532792651282346,0.45545375640385477,36215.33760816644,Cytoplasm,Texture,ER
Image_ImageQuality_TotalIntensity_OrigAGP,0.003026589437896308,0.9841611224800766,0.0032542165862665985,0.009558071495760496,38205.529419747734,Image,ImageQuality,
Nuclei_Texture_Entropy_RNA_5_00_256,0.0034602222543362506,0.9176392850344604,0.03417970418760707,0.04472078852359634,13237.057704416675,Nuclei,Texture,RNA
Cells_Texture_Contrast_AGP_5_03_256,0.09140836899470602,0.5146632027205541,0.009202757893280913,0.384725670391459,59956.557466137005,Cells,Texture,AGP
Cells_Texture_Contrast_ER_3_00_256,0.13905786300943684,0.36432945522349636,0.03021083221933391,0.46640184954773295,44724.61591549162,Cells,Texture,ER
Cytoplasm_Correlation_Correlation_Mito_RNA,0.019178305799890757,0.5042274363386271,0.1937846425316691,0.282809615329813,12051.60363080266,Cytoplasm,Correlation,Mito
Cytoplasm_Texture_SumEntropy_ER_10_01_256,0.009937701426529184,0.8867541077795723,0.047836266755397365,0.05547192403850112,11047.604618846372,Cytoplasm,Texture,ER
Nuclei_Texture_Correlation_RNA_3_01_256,0.02374001377046369,0.8362832072013264,0.03011967467618493,0.10985710435202499,5746.477428257025,Nuclei,Texture,RNA
Nuclei_Texture_SumAverage_RNA_3_00_256,0.016144458102832306,0.8871728233558961,0.013808992846381728,0.08287372569489002,10000.284417792296,Nuclei,Texture,RNA
Cells_Texture_InverseDifferenceMoment_DNA_3_00_256,0.012499066031474854,0.8524721496913201,0.06513934264510253,0.06988944163210267,6094.727153063594,Cells,Texture,DNA
Cytoplasm_Texture_DifferenceVariance_AGP_3_00_256,0.006774366368706592,0.8126229146638253,0.1251176782407931,0.055485040726675115,359882.6786436312,Cytoplasm,Texture,AGP
Cytoplasm_Texture_Entropy_DNA_3_00_256,0.0066533384993475815,0.9519558721665292,0.01873392849241967,0.022656860841703534,3965.046853605984,Cytoplasm,Texture,DNA
Cytoplasm_Texture_InverseDifferenceMoment_RNA_10_02_256,0.008389180552125694,0.8765424307677786,0.03750649546101531,0.07756189321908051,15835.83836435454,Cytoplasm,Texture,RNA
Image_Texture_SumVariance_DNA_3_00_256,0.0005330942416241117,0.9816662034099127,0.010530501508058895,0.007270200840404256,761704.7706661953,Image,Texture,DNA
Cells_Texture_DifferenceEntropy_Mito_10_03_256,0.04367447777621692,0.7047678050760052,0.06675383103682966,0.18480388611094828,9606.146652562718,Cells,Texture,Mito
Image_Texture_InverseDifferenceMoment_RNA_3_02_256,0.06988321768031054,0.8316307011845224,0.011117136312688415,0.08736894482247856,6972.160852530802,Image,Texture,RNA
Nuclei_Texture_DifferenceEntropy_DNA_5_00_256,0.010582807772521458,0.9604681746869139,0.011059852865523719,0.017889164675040918,4771.645437527981,Nuclei,Texture,DNA
Nuclei_Number_Object_Number,0.15735745990215652,0.6464938358702522,0.014772610582354424,0.18137609364523674,9544.118151941699,Nuclei,Number,
Image_Texture_Correlation_Mito_5_00_256,0.019758765352065694,0.86334477276524,0.025583534162804678,0.09131292771988941,13532.033636227792,Image,Texture,Mito
Nuclei_Location_Center_Y,0.05843772165525842,0.31465708008120685,0.045476366629079,0.5814288316344557,20059.09296321345,Nuclei,Location,
Nuclei_Texture_Entropy_Mito_5_03_256,0.04967286046454885,0.784667839718493,0.048685724277870025,0.11697357553908799,5838.842742990664,Nuclei,Texture,Mito
Nuclei_Texture_InfoMeas1_RNA_10_01_256,0.0577480475983703,0.8106579212088678,0.02562008110573282,0.10597395008702915,18241.079512874796,Nuclei,Texture,RNA
Cells_Texture_AngularSecondMoment_ER_3_02_256,0.035540792705089454,0.6048519685118181,0.12478398308267474,0.23482325570041762,150222.29150358052,Cells,Texture,ER
Cytoplasm_AreaShape_Zernike_4_0,0.13613355154745058,0.2523871368407432,0.014788826597246653,0.5966904850145596,16367.64293979741,Cytoplasm,AreaShape,
Cytoplasm_AreaShape_Zernike_6_2,0.1479693984055266,0.3082395927507319,0.02631129549472413,0.5174797133490173,31878.13386466042,Cytoplasm,AreaShape,
Cells_Texture_Entropy_DNA_10_02_256,0.004517024588097082,0.9683878788876873,0.00628240632160008,0.020812690202615662,5152.215251446612,Cells,Texture,DNA
Cytoplasm_Texture_DifferenceEntropy_ER_3_00_256,0.027836965077459044,0.8080420259392941,0.06340214757335574,0.10071886140989107,7687.642212988616,Cytoplasm,Texture,ER
Cells_Texture_InfoMeas2_RNA_3_01_256,0.027422240848289103,0.5965650734062622,0.23877359573870655,0.13723909000674223,57093.01459626583,Cells,Texture,RNA
Cells_RadialDistribution_RadialCV_mito_tubeness_10of20,0.049653000095430014,0.7250431119333747,0.04877951849786129,0.17652436947333403,11436.437058600732,Cells,RadialDistribution,
Nuclei_Intensity_IntegratedIntensityEdge_ER,0.0072781063947552575,0.9623358746313782,0.0075157863232881315,0.022870232650578567,7077.74299269159,Nuclei,Intensity,ER
Cells_RadialDistribution_MeanFrac_mito_tubeness_4of20,0.23129020695445765,0.14137390552114798,0.05536010451267956,0.5719757830117148,40784.10075073216,Cells,RadialDistribution,
Image_Texture_InfoMeas1_ER_3_03_256,0.0738216558292596,0.6935776404225491,0.015725869569340935,0.21687483417885023,9336.307382400439,Image,Texture,ER
Cytoplasm_Intensity_MinIntensity_DNA,0.0004944288704277653,0.9882144156092006,0.0038479065680471127,0.0074432489523243136,23568.09693798567,Cytoplasm,Intensity,DNA
Cytoplasm_Texture_InfoMeas2_ER_5_02_256,0.01576996174326705,0.8550871884475543,0.05906802150811508,0.07007482830106365,24971.21267613649,Cytoplasm,Texture,ER
Nuclei_Texture_InverseDifferenceMoment_Mito_3_02_256,0.09614624024519247,0.6931227641618374,0.05039474144495414,0.16033625414801603,6548.7618251301365,Nuclei,Texture,Mito
Cells_Intensity_MedianIntensity_ER,0.004387278287209129,0.964646230565176,0.0091837440884737,0.021782747059141173,15686.941562855576,Cells,Intensity,ER
Cells_Texture_Correlation_Mito_5_00_256,0.05566454727350392,0.6797554440790277,0.0496288733697758,0.21495113527769247,10364.81323833285,Cells,Texture,Mito
Cells_Texture_InfoMeas1_RNA_10_03_256,0.0446035603095565,0.7474410292745014,0.04389778204157605,0.1640576283743662,22605.34549304565,Cells,Texture,RNA
Image_Texture_DifferenceEntropy_Mito_3_03_256,0.06589493213202402,0.8200271907673933,0.028915344332267136,0.0851625327683155,6786.05601302726,Image,Texture,Mito
Image_ImageQuality_LocalFocusScore_OrigRNA_10,0.10101508616024574,0.5846923017361408,0.013415565374142456,0.3008770467294709,509895.9824431134,Image,ImageQuality,
Cytoplasm_Texture_DifferenceVariance_ER_5_02_256,0.014072501564472368,0.6713457905994726,0.10863334413678276,0.2059483636992721,86225.40940786831,Cytoplasm,Texture,ER
Cells_Texture_DifferenceVariance_DNA_10_03_256,0.001013637690431025,0.9208632833845957,0.05361098252810477,0.02451209639686842,185126.90391401126,Cells,Texture,DNA
Cytoplasm_RadialDistribution_RadialCV_Mito_2of4,0.03803552116633278,0.8126482378884257,0.01504684635550903,0.13426939458973247,6073.744224138281,Cytoplasm,RadialDistribution,Mito
Cytoplasm_Texture_SumVariance_ER_5_01_256,0.06114264686016249,0.6085501643549053,0.07301569204097101,0.2572914967439612,13768.204100873598,Cytoplasm,Texture,ER
Image_Texture_InverseDifferenceMoment_DNA_3_00_256,0.012404970722634408,0.9487123119650056,0.00390624949685563,0.03497646781550429,20501.857261442212,Image,Texture,DNA
Nuclei_Intensity_MADIntensity_RNA,0.053756032531840275,0.7527263013569468,0.020504545640851003,0.17301312047036196,12311.544791691907,Nuclei,Intensity,RNA
Image_Texture_InfoMeas1_DNA_10_00_256,0.10295184005650468,0.6637689262106873,0.05446677371643115,0.17881246001637685,28906.117197881067,Image,Texture,DNA
Cytoplasm_Granularity_5_AGP,0.2844404475475608,0.295534088672709,0.0014807788236609943,0.41854468495606917,52447.43685274388,Cytoplasm,Granularity,AGP
Cells_Texture_Entropy_Mito_5_03_256,0.021971822752689444,0.7884024891643707,0.06256770142356513,0.12705798665937462,7644.106653319883,Cells,Texture,Mito
Image_Texture_InverseDifferenceMoment_RNA_5_02_256,0.08249780585289934,0.8166079303283317,0.010709619174138615,0.09018464464463048,6499.40341000818,Image,Texture,RNA
Cytoplasm_Texture_AngularSecondMoment_DNA_10_01_256,0.004244074882213964,0.9363023785832248,0.027543264546235995,0.031910281988325066,8716.7130090705,Cytoplasm,Texture,DNA
Cytoplasm_Texture_Variance_AGP_3_03_256,0.08805904710021974,0.47820591451473327,0.012446468783792283,0.42128856960125477,42668.52179789056,Cytoplasm,Texture,AGP
Cells_Texture_InfoMeas1_Mito_3_00_256,0.04477043500005639,0.675167106402144,0.08502707742984697,0.19503538116795285,16783.474608315933,Cells,Texture,Mito
Cytoplasm_Texture_SumAverage_DNA_10_03_256,0.0009953381082581996,0.9743210009091526,0.013653498963701492,0.011030162018887683,68671.51754069052,Cytoplasm,Texture,DNA
Cells_AreaShape_FormFactor,0.042392529550006136,0.5988221090028266,0.029644464893684344,0.3291408965534828,13816.099459575682,Cells,AreaShape,
Cytoplasm_Texture_InfoMeas1_AGP_10_00_256,0.05809081675141299,0.7542307983305994,0.010242584534786344,0.17743580038320134,11020.826455561637,Cytoplasm,Texture,AGP
Image_Granularity_6_Mito,0.14538564144588173,0.4016320581546068,0.04920573324710874,0.4037765671524026,36509.69551480755,Image,Granularity,Mito
Nuclei_Texture_SumVariance_RNA_3_01_256,0.049804884728001486,0.6602063171665362,0.025400375557916747,0.26458842254754567,69810.90231375708,Nuclei,Texture,RNA
Cells_Texture_SumAverage_Mito_5_00_256,0.00915715015769235,0.9397260422729717,0.0083064102083416,0.04281039736099432,30795.84309308375,Cells,Texture,Mito
Cytoplasm_AreaShape_Zernike_0_0,0.08725942631879721,0.4844739674683679,0.013772631701846786,0.414493974510988,40583.326426450076,Cytoplasm,AreaShape,
Nuclei_Texture_Correlation_ER_3_01_256,0.021115634694189242,0.8611517141591096,0.020231273025289348,0.09750137812141188,4927.762529711423,Nuclei,Texture,ER
Nuclei_Texture_SumVariance_ER_5_03_256,0.07238083749765309,0.5823330838158853,0.014295400238888879,0.3309906784475727,62283.68971276892,Nuclei,Texture,ER
Nuclei_AreaShape_Zernike_7_5,0.226883306509457,0.25454477529492914,0.12534202720915158,0.39322989098646227,18677.38788180427,Nuclei,AreaShape,
Cytoplasm_Correlation_K_RNA_AGP,0.011064306747778278,0.7797829612832916,0.10723884826910512,0.10191388369982486,10209.388014626686,Cytoplasm,Correlation,AGP
Cytoplasm_Texture_Correlation_AGP_3_03_256,0.013407680169348958,0.8595757389469546,0.025063732469455056,0.10195284841424138,8045.377300174934,Cytoplasm,Texture,AGP
Cells_RadialDistribution_RadialCV_mito_tubeness_13of16,0.07313630116802708,0.6153930848409925,0.015230804290017845,0.2962398097009627,13446.35746960833,Cells,RadialDistribution,
Cells_Texture_SumAverage_AGP_3_03_256,0.0030473219643153246,0.9629153976060906,0.019336516723087678,0.014700763706506503,6958.510922948349,Cells,Texture,AGP
Image_Texture_InfoMeas1_DNA_3_00_256,0.022559962974074855,0.6551622921389684,0.08739465434929701,0.2348830905376599,22194.225481984628,Image,Texture,DNA
Cells_Correlation_K_ER_DNA,0.01872258104392784,0.8987876065556633,0.038175964485941564,0.044313847914467255,5153.962501476413,Cells,Correlation,DNA
Cells_Texture_DifferenceVariance_Mito_5_01_256,0.010341194061548303,0.6000828075975037,0.13456624263688383,0.25500975570406426,40886.14610164444,Cells,Texture,Mito
Image_Texture_AngularSecondMoment_AGP_10_00_256,0.29355723293259894,0.3727712471452498,0.017997723785474453,0.3156737961366768,28236.614161523066,Image,Texture,AGP
Image_Texture_InverseDifferenceMoment_ER_10_00_256,0.10773548321792582,0.7775511468982941,0.012104795397380148,0.10260857448639991,12278.802324118118,Image,Texture,ER
Image_Texture_SumVariance_RNA_5_02_256,0.009927208206707444,0.8895594251689904,0.021530862747575385,0.07898250387672687,48189.48588614805,Image,Texture,RNA
Cells_Intensity_StdIntensity_Mito,0.1286269314813758,0.5013598247816076,0.04176978617611495,0.32824345756090173,11891.54329166848,Cells,Intensity,Mito
Image_Texture_SumEntropy_AGP_5_01_256,0.10590632163854008,0.7623447774790938,0.01975023018742372,0.11199867069494232,6480.940605778953,Image,Texture,AGP
Nuclei_Granularity_8_ER,0.03622855456158127,0.7629727693955755,0.043487823750614586,0.15731085229222877,5610.371338022907,Nuclei,Granularity,ER
Nuclei_Texture_SumVariance_DNA_5_00_256,0.034066952938414254,0.8087691009009672,0.038527333575123404,0.11863661258549515,411609.5529549917,Nuclei,Texture,DNA
Cytoplasm_RadialDistribution_MeanFrac_mito_tubeness_15of16,0.054029022249947996,0.522381245050715,0.044661657466744255,0.37892807523259275,28446.388009733426,Cytoplasm,RadialDistribution,
Cells_Intensity_MADIntensity_Mito,0.07358258158697335,0.7025550789270187,0.037300197638949324,0.18656214184705858,7286.030993409553,Cells,Intensity,Mito
Cytoplasm_RadialDistribution_RadialCV_DNA_3of4,0.04014592633520943,0.5464998987299166,0.3385749024075363,0.07477927252733778,74763.06408601628,Cytoplasm,RadialDistribution,DNA
Cells_Texture_InverseDifferenceMoment_ER_5_01_256,0.012016293012715075,0.8550719727026191,0.05385704501973069,0.07905468926493499,10173.368507738705,Cells,Texture,ER
Cytoplasm_Texture_InfoMeas2_AGP_10_03_256,0.012266071840893084,0.9359687893736638,0.020763065844197817,0.031002072941245233,23574.31461835328,Cytoplasm,Texture,AGP
Image_Texture_Correlation_RNA_5_01_256,0.13936233498230224,0.5696827638406005,0.04035557177887277,0.2505993293982246,14448.231484195887,Image,Texture,RNA
Image_Texture_Variance_AGP_5_00_256,0.015676616383677785,0.8043760886527725,0.07384195814594584,0.10610533681760383,8463.089358114648,Image,Texture,AGP
Cells_Texture_Variance_RNA_5_01_256,0.04610407722437341,0.6795038443736382,0.012410198473478434,0.2619818799285099,66163.27571138125,Cells,Texture,RNA
Cells_Texture_DifferenceEntropy_DNA_10_01_256,0.004436836045076693,0.967086541616815,0.008076785067658269,0.020399837270450215,4538.036688380373,Cells,Texture,DNA
Cells_Correlation_RWC_AGP_Mito,0.05229319890563525,0.7813179913057055,0.05599412862581682,0.11039468116284255,13047.986024029318,Cells,Correlation,AGP
Cytoplasm_Texture_Correlation_DNA_10_00_256,0.0007631498862105211,0.9818071638223406,0.007097614072156285,0.010332072219292596,120201.90168459236,Cytoplasm,Texture,DNA
Cytoplasm_Texture_SumVariance_RNA_5_01_256,0.03101913521296115,0.7364771837706875,0.0037845858828678644,0.22871909513348346,67900.8683177675,Cytoplasm,Texture,RNA
Nuclei_Correlation_Manders_AGP_ER,0.049238195458049146,0.6044370123594739,0.1426817565810378,0.20364303560143926,380939.2252672147,Nuclei,Correlation,AGP
Cytoplasm_Texture_SumVariance_AGP_3_03_256,0.09677672961747688,0.4320500018908002,0.012983836455562984,0.45818943203615997,37254.40545612606,Cytoplasm,Texture,AGP
Nuclei_Texture_DifferenceEntropy_AGP_3_01_256,0.011595695810249202,0.9105134349390207,0.04031976247791097,0.03757110677281912,22733.4290983619,Nuclei,Texture,AGP
Nuclei_Texture_Entropy_AGP_3_00_256,0.007731048555795189,0.9285797564332151,0.03931616003330228,0.024373034977687346,21017.139355041105,Nuclei,Texture,AGP
Nuclei_Texture_AngularSecondMoment_AGP_5_03_256,0.0016188681478637352,0.9177995737320901,0.06273494612680221,0.017846611993244048,456410.172653701,Nuclei,Texture,AGP
Cells_Intensity_IntegratedIntensity_AGP,0.062013480189624534,0.38047626529348705,0.0024413794518806206,0.5550688750650078,10987.332458617188,Cells,Intensity,AGP
Nuclei_Texture_SumVariance_RNA_3_03_256,0.050046206272042364,0.6593571356054108,0.025196161613455347,0.2654004965090914,69490.0992896261,Nuclei,Texture,RNA
Cells_Correlation_Correlation_DNA_ER,0.02784867072921899,0.5737010230545222,0.26323351975347886,0.13521678646278,24533.17589682486,Cells,Correlation,DNA
Image_Texture_AngularSecondMoment_RNA_5_01_256,0.34562873204180117,0.35710703484904527,0.022809146661072584,0.2744550864480811,41684.69351493497,Image,Texture,RNA
Nuclei_Texture_AngularSecondMoment_ER_3_02_256,0.016724109762683737,0.6684154413129665,0.10638019403102011,0.20848025489332958,121879.67687348716,Nuclei,Texture,ER
Nuclei_Texture_SumAverage_AGP_10_03_256,0.007335191012406438,0.9511789541183521,0.014998671495243993,0.026487183373997466,5061.721860342503,Nuclei,Texture,AGP
Cells_Texture_DifferenceVariance_Mito_10_02_256,0.009723415690646397,0.5816289889383729,0.13775226518388728,0.2708953301870935,46203.75840326914,Cells,Texture,Mito
Image_Texture_InfoMeas2_DNA_10_00_256,0.034208338104293294,0.8782254981956927,0.01553403191529354,0.07203213178472045,7278.500771199587,Image,Texture,DNA
Nuclei_Texture_DifferenceVariance_Mito_10_02_256,0.01259630534859377,0.6851977526346479,0.14834397775296215,0.15386196426379625,34320.72562261486,Nuclei,Texture,Mito
Nuclei_Intensity_MeanIntensityEdge_AGP,0.004456027021725074,0.9593218868732241,0.016549147364505034,0.019672938740545928,4946.027062829876,Nuclei,Intensity,AGP
Cytoplasm_Texture_Contrast_AGP_5_03_256,0.07719704473373086,0.5401414852185484,0.010689195796338632,0.3719722742513821,53778.27785048894,Cytoplasm,Texture,AGP
Nuclei_Texture_Variance_RNA_3_02_256,0.037447599239951966,0.7379693038860742,0.027698031722756707,0.1968850651512171,86879.78044166598,Nuclei,Texture,RNA
Cells_Texture_Entropy_ER_10_01_256,0.007910783701153072,0.8833642727474965,0.04928577855502027,0.05943916499633012,11094.256838732708,Cells,Texture,ER
Cytoplasm_Texture_InverseDifferenceMoment_ER_10_00_256,0.012515275040664874,0.8675235069954952,0.056553817466194936,0.0634074004976451,11439.262381757677,Cytoplasm,Texture,ER
Nuclei_Granularity_10_ER,0.042604125555029,0.8010592580939397,0.02648274201947238,0.12985387433155887,6991.97208569139,Nuclei,Granularity,ER
Cells_Texture_SumVariance_RNA_10_01_256,0.04224158872109033,0.6878374812537036,0.013274735147622924,0.25664619487758306,61806.702830203016,Cells,Texture,RNA
Image_Intensity_TotalIntensity_Mito,0.003091031189856351,0.9669163837703948,0.002516070424265059,0.027476514615483973,48232.88923434433,Image,Intensity,Mito
Image_Granularity_8_AGP,0.0584038749791725,0.5891665691974907,0.06451171222700726,0.28791784359632955,26253.330063575053,Image,Granularity,AGP
Cytoplasm_Texture_SumVariance_Mito_3_01_256,0.11213327969130377,0.3952612657252874,0.05788611280627342,0.4347193417771354,30494.836423159944,Cytoplasm,Texture,Mito
Cells_Texture_DifferenceEntropy_Mito_5_03_256,0.05801366768209696,0.6791909187036149,0.07046431736053534,0.19233109625375291,10472.725590815504,Cells,Texture,Mito
Nuclei_Texture_DifferenceEntropy_RNA_10_02_256,0.004216178995697785,0.9125868840575063,0.03795288605808579,0.045244050888709995,10828.46218970672,Nuclei,Texture,RNA
Cells_Texture_SumEntropy_RNA_3_03_256,0.008484158061675073,0.8721283006891009,0.04355324038151293,0.07583430086771105,16192.472779412137,Cells,Texture,RNA
Nuclei_Granularity_8_RNA,0.039365615998054194,0.7302147935713578,0.042293490048576354,0.18812610038201183,7433.779266793341,Nuclei,Granularity,RNA
Nuclei_Granularity_9_DNA,0.0413558808881884,0.882077767878464,0.005070857462359269,0.07149549377098828,5050.522090154709,Nuclei,Granularity,DNA
Cells_Texture_DifferenceEntropy_DNA_3_03_256,0.0095519968936765,0.9487478503174054,0.012388695691934012,0.029311457096984187,5762.705274605206,Cells,Texture,DNA
Image_Intensity_TotalIntensity_DNA_BackgroundOnly,0.05973572597511939,0.564888969906001,0.004565596200621873,0.37080970791825774,11687.034866744665,Image,Intensity,DNA
Cells_Intensity_MeanIntensity_ER,0.0059983778078864305,0.9599586117649419,0.009970494803390408,0.02407251562378121,10549.279048201162,Cells,Intensity,ER
Nuclei_Texture_SumEntropy_ER_3_02_256,0.009105769827593304,0.8851916908890274,0.04004338941355002,0.06565914986982921,12677.580458329914,Nuclei,Texture,ER
Nuclei_Texture_Variance_RNA_5_03_256,0.03651590072490069,0.7424514753162881,0.02922400600073565,0.1918086179580756,88755.39718683981,Nuclei,Texture,RNA
Nuclei_Location_CenterMassIntensity_Y_RNA,0.058405699496114565,0.31530911153794117,0.045293276459880426,0.5809919125060637,20039.907633213727,Nuclei,Location,RNA
Image_Texture_InfoMeas2_DNA_3_00_256,0.10692597520978932,0.7392050176100605,0.024358940337024477,0.12951006684312558,29700.489919965115,Image,Texture,DNA
Nuclei_RadialDistribution_MeanFrac_DNA_4of4,0.1032425497401929,0.5335136178581583,0.1486449378517128,0.21459889454993594,42203.831859739665,Nuclei,RadialDistribution,DNA
Cytoplasm_Texture_DifferenceVariance_ER_3_02_256,0.010752160941018213,0.6823600557598156,0.11710264541387666,0.18978513788528953,62995.0733047934,Cytoplasm,Texture,ER
Image_Texture_Variance_Mito_3_03_256,0.0075343441279493335,0.7441066939212094,0.03991656563429744,0.20844239631654385,34034.899066556594,Image,Texture,Mito
Nuclei_Intensity_MedianIntensity_ER,0.01829456851718643,0.9145919231441086,0.009614941805250772,0.05749856653345409,6145.15102898499,Nuclei,Intensity,ER
Nuclei_Texture_SumEntropy_ER_5_03_256,0.008230307288956237,0.8862916549918785,0.04057511650636922,0.06490292121279614,12662.84233721056,Nuclei,Texture,ER
Image_Texture_InverseDifferenceMoment_AGP_10_02_256,0.07632053060033554,0.8049067927029666,0.02804912241440385,0.090723554282294,5295.2325046013275,Image,Texture,AGP
Cytoplasm_Correlation_K_AGP_ER,0.017311303896204507,0.8747630083614512,0.012346588339084875,0.09557909940325944,40897.43356315577,Cytoplasm,Correlation,AGP
Nuclei_Texture_DifferenceVariance_RNA_3_00_256,0.015405972034361302,0.7213315575207463,0.10060846557297218,0.1626540048719202,253904.58821342268,Nuclei,Texture,RNA
Nuclei_Intensity_MADIntensity_Mito,0.18704649957744868,0.4079835967471303,0.02259935157752811,0.38237055209789295,18383.966286807423,Nuclei,Intensity,Mito
Nuclei_Granularity_1_Mito,0.06101674302732145,0.7122912741841573,0.06307653421469697,0.1636154485738244,5798.530140777218,Nuclei,Granularity,Mito
Cytoplasm_Texture_SumVariance_DNA_3_02_256,0.006680189373549246,0.859429873562553,0.07560401459795922,0.05828592246593843,402357.1146682773,Cytoplasm,Texture,DNA
Nuclei_Texture_SumAverage_ER_5_01_256,0.017743358214485104,0.9161166505095222,0.009875966085279941,0.05626402519071272,6148.340458874023,Nuclei,Texture,ER
Nuclei_Texture_InfoMeas1_AGP_5_00_256,0.061328749831837476,0.788983308415324,0.013037486848557805,0.1366504549042806,13886.21014645596,Nuclei,Texture,AGP
Nuclei_Texture_InverseDifferenceMoment_ER_10_01_256,0.0116096608054737,0.8714030606371981,0.052271762169732346,0.06471551638759596,12735.323356519548,Nuclei,Texture,ER
Cells_Intensity_StdIntensity_RNA,0.038060028234999474,0.7651806392474604,0.015085292728559295,0.18167403978898095,15198.054523557803,Cells,Intensity,RNA
Image_Texture_AngularSecondMoment_ER_3_03_256,0.357833075880526,0.32487664388215587,0.018523600428065525,0.29876667980925253,27113.65072844613,Image,Texture,ER
Nuclei_Texture_Contrast_AGP_5_01_256,0.0889871538095424,0.5528927652065795,0.013940952233005026,0.34417912875087314,77438.66595803609,Nuclei,Texture,AGP
Nuclei_Texture_InverseDifferenceMoment_DNA_10_00_256,0.006512662137435219,0.9282766445971319,0.04391666134983294,0.021294031915599802,9884.421647955756,Nuclei,Texture,DNA
Image_Texture_InfoMeas2_Mito_10_00_256,0.1569112767096502,0.5574435560379438,0.08827709710800083,0.1973680701444052,26704.14418139465,Image,Texture,Mito
Image_Texture_InfoMeas2_AGP_10_02_256,0.19776100516580664,0.47387173399315097,0.023190021127904675,0.30517723971313765,35851.54974925071,Image,Texture,AGP
Cells_Texture_DifferenceVariance_RNA_10_00_256,0.013267351356461812,0.7567325061891532,0.06851599519206224,0.16148414726232277,276634.4650414942,Cells,Texture,RNA
Cells_Texture_SumEntropy_AGP_3_03_256,0.0071661539614566675,0.9122905482187019,0.04378332504398264,0.03675997277585875,31850.727034499672,Cells,Texture,AGP
Image_Texture_Contrast_DNA_5_03_256,0.0006455617515443103,0.9730347818044408,0.017621488914374595,0.008698167529640376,725974.7072150015,Image,Texture,DNA
Cytoplasm_Texture_Correlation_Mito_3_00_256,0.0879059194617944,0.6612293110997283,0.029529854755085336,0.221334914683392,9982.773108818597,Cytoplasm,Texture,Mito
Image_Texture_Entropy_ER_3_01_256,0.12086484503619964,0.7549548026560821,0.01379126906907222,0.11038908323864612,13923.269277755455,Image,Texture,ER
Nuclei_Granularity_7_RNA,0.064178800399175,0.6545085803021203,0.059938234306704155,0.22137438499200038,7669.162975680333,Nuclei,Granularity,RNA
Cells_Neighbors_SecondClosestDistance_Adjacent,0.32925674833548346,0.2329471295288865,0.01240959133182436,0.42538653080380584,180063.89507613383,Cells,Neighbors,
Cytoplasm_Texture_InfoMeas1_Mito_5_03_256,0.06711168020133806,0.621700163800085,0.04378445375349938,0.2674037022450776,7946.872017407586,Cytoplasm,Texture,Mito
Nuclei_Correlation_RWC_ER_RNA,0.03438945599549913,0.5802248544907941,0.21733322499147897,0.16805246452222772,32659.805186526854,Nuclei,Correlation,ER
Image_Texture_DifferenceVariance_AGP_5_00_256,0.018426782009955317,0.7529377815176006,0.16075412835912228,0.06788130811332181,239787.79064927853,Image,Texture,AGP
Nuclei_Texture_InfoMeas2_Mito_5_00_256,0.038515165355165644,0.773978408304051,0.06061680475546415,0.12688962158531927,8064.231140436046,Nuclei,Texture,Mito
Cytoplasm_RadialDistribution_RadialCV_RNA_3of4,0.0515990552661373,0.7409043317805808,0.02262859157549408,0.18486802137778788,6985.616647776407,Cytoplasm,RadialDistribution,RNA
Cells_Texture_Variance_DNA_10_02_256,0.014045996617971492,0.8662661551486738,0.05670904647001394,0.06297880176334074,423197.2063970674,Cells,Texture,DNA
Cytoplasm_Texture_Variance_RNA_10_00_256,0.031426968796371794,0.7568709437895691,0.0035214521376851957,0.20818063527637395,74593.19641300585,Cytoplasm,Texture,RNA
Image_Texture_DifferenceEntropy_Mito_3_00_256,0.06489943282539849,0.812940368714986,0.0321506237022726,0.0900095747573429,6964.105840047034,Image,Texture,Mito
Image_Intensity_MaxIntensity_RNA,0.003556785745530112,0.9553756540403057,0.010300175596722907,0.030767384617441246,7398.6346852061115,Image,Intensity,RNA
Cells_Texture_SumEntropy_Mito_3_01_256,0.021542264917838925,0.7827603231651291,0.06404601045717923,0.1316514014598527,7998.915660652592,Cells,Texture,Mito
Cytoplasm_Correlation_Overlap_AGP_RNA,0.01125416257809714,0.9394479011307297,0.008047186449203698,0.0412507498419695,6610.446677304584,Cytoplasm,Correlation,AGP
Cells_Texture_DifferenceVariance_AGP_5_03_256,0.0039167688482588305,0.872702379761006,0.08992355039439479,0.03345730099634056,447894.4291399233,Cells,Texture,AGP
Cytoplasm_RadialDistribution_FracAtD_mito_tubeness_14of16,0.013858151055346844,0.7140454844248529,0.05855585358407451,0.21354051093572562,63116.907502448,Cytoplasm,RadialDistribution,
Cytoplasm_Texture_Entropy_DNA_3_02_256,0.0066846138228852095,0.9520533685687808,0.018803265235394363,0.02245875237293974,4003.3504812633782,Cytoplasm,Texture,DNA
Image_Intensity_PercentMaximal_Mito,0.018585291375523488,0.2615367689304543,0.07610530359211845,0.6437726361019037,216474.8146584487,Image,Intensity,Mito
Nuclei_Intensity_StdIntensity_ER,0.06039063140573359,0.7455277747458355,0.016111555585138406,0.17797003826329238,12126.49427100112,Nuclei,Intensity,ER
Cytoplasm_Texture_SumVariance_ER_5_02_256,0.06319933568400943,0.5977457821484305,0.07316886028440446,0.26588602188315547,14048.20261481918,Cytoplasm,Texture,ER
Cytoplasm_Texture_DifferenceVariance_ER_10_01_256,0.013310438824698937,0.7242974224902917,0.11019653503753446,0.15219560364747498,183095.89530854276,Cytoplasm,Texture,ER
Cytoplasm_Texture_Contrast_AGP_3_03_256,0.05701548599246612,0.6468511367250043,0.011265001663403825,0.2848683756191258,68533.15931062616,Cytoplasm,Texture,AGP
Cells_Texture_DifferenceVariance_DNA_3_01_256,0.0013042952451662844,0.9575636106011498,0.02238268586126389,0.01874940829241992,67036.3857573219,Cells,Texture,DNA
Cells_Texture_Entropy_RNA_5_03_256,0.007257568472288074,0.8891221087336328,0.03480726879249029,0.06881305400158876,14242.93315595729,Cells,Texture,RNA
Cells_Texture_Correlation_Mito_3_02_256,0.045423230796230715,0.6791909125093516,0.03784719424352295,0.23753866245089472,9889.980289438174,Cells,Texture,Mito
Cytoplasm_Texture_InfoMeas2_DNA_10_00_256,0.00508518773210777,0.9651426366562578,0.012827712694723575,0.016944462916910815,3534.5148557363796,Cytoplasm,Texture,DNA
Image_Texture_Contrast_RNA_3_03_256,0.008100381379868911,0.9036759021490274,0.02222153676885406,0.06600217970224956,161861.4492447372,Image,Texture,RNA
Cells_Texture_DifferenceEntropy_AGP_10_01_256,0.010906057774756615,0.8946573429784264,0.041220513816775835,0.05321608543004114,25118.160090846006,Cells,Texture,AGP
Image_Texture_Variance_Mito_5_02_256,0.0075291733910079735,0.7437746813594294,0.040053140435529815,0.2086430048140328,34032.08985906696,Image,Texture,Mito
Nuclei_Texture_InverseDifferenceMoment_Mito_5_01_256,0.06707430731689824,0.7468795031462083,0.05247432530793538,0.13357186422895803,5825.086714592551,Nuclei,Texture,Mito
Cells_Granularity_1_ER,0.024758334267008596,0.8615479537374666,0.021602825162279155,0.09209088683324557,5189.137297721172,Cells,Granularity,ER
Nuclei_Texture_SumEntropy_RNA_5_00_256,0.004019888431064564,0.9105550324521928,0.03600675746314017,0.04941832165360233,12542.077691774852,Nuclei,Texture,RNA
Image_Texture_Contrast_DNA_10_00_256,0.0006399197290357301,0.9769415269982245,0.014355330439863104,0.008063222832876605,741245.4073157674,Image,Texture,DNA
Cells_AreaShape_BoundingBoxArea,0.14039683612625617,0.28627660525709236,0.04140189977764067,0.5319246588390109,78799.37324064164,Cells,AreaShape,
Cytoplasm_Texture_DifferenceVariance_Mito_5_02_256,0.012196025716334009,0.615761367068723,0.13849081420503218,0.23355179300991077,38417.089696483104,Cytoplasm,Texture,Mito
Cells_Intensity_StdIntensity_AGP,0.0691192911500543,0.696830507364012,0.022020453346015788,0.21202974813991798,14610.411677140532,Cells,Intensity,AGP
Image_Texture_DifferenceVariance_ER_10_01_256,0.040349507662806865,0.6462948022669857,0.24071179118924732,0.07264389888096014,73268.75605841937,Image,Texture,ER
Image_Texture_InfoMeas2_RNA_10_01_256,0.37198144827989643,0.2206136068494442,0.041424064739934784,0.36598088013072455,43613.84455767176,Image,Texture,RNA
Nuclei_Intensity_MeanIntensity_DNA,0.004651763846567521,0.9608584387115037,0.019795897578869848,0.01469389986305901,17285.221778579384,Nuclei,Intensity,DNA
Cells_AreaShape_Center_X,0.026764565545409968,0.6549318393224655,0.011992844965824971,0.3063107501662997,14161.908926853172,Cells,AreaShape,
Image_Texture_AngularSecondMoment_Mito_5_03_256,0.21283264465684143,0.5127292682378022,0.05303859258962488,0.22139949451573152,29249.221225266447,Image,Texture,Mito
Image_Intensity_LowerQuartileIntensity_ER,0.0017802979522006342,0.9750734873490112,9.48287281574657e-05,0.023051385970630608,176551.14449586617,Image,Intensity,ER
Image_Texture_InfoMeas2_RNA_10_00_256,0.4103506535434655,0.18547503274894997,0.03344745475709169,0.3707268589504928,80997.45081928028,Image,Texture,RNA
Cells_Correlation_K_Mito_DNA,0.005768268367750212,0.9142363963842326,0.019140211580686097,0.06085512366733122,78077.7621981811,Cells,Correlation,DNA
Cytoplasm_Correlation_Correlation_AGP_RNA,0.06073718620332026,0.7969502421937377,0.03757018539331878,0.10474238620962338,23071.96053468917,Cytoplasm,Correlation,AGP
Nuclei_Texture_Correlation_ER_5_00_256,0.02202658624361838,0.8461504707929927,0.020143012451020452,0.11167993051236837,5292.065752714072,Nuclei,Texture,ER
Cells_RadialDistribution_FracAtD_mito_tubeness_9of16,0.05166656798590837,0.6363414676011285,0.0724770005072449,0.23951496390571814,9393.019548509345,Cells,RadialDistribution,
Nuclei_Texture_DifferenceVariance_ER_3_01_256,0.02424003366055725,0.618061022429933,0.09401716023243797,0.2636817836770717,121936.53880086442,Nuclei,Texture,ER
Nuclei_Texture_Contrast_Mito_5_03_256,0.23540799906132234,0.20169225847029698,0.0789919582224559,0.48390778424592473,71269.27247744013,Nuclei,Texture,Mito
Nuclei_Texture_InfoMeas2_RNA_10_00_256,0.00456909930318712,0.9016437821563901,0.041059345040030906,0.05272777350039187,9862.809956583293,Nuclei,Texture,RNA
Cytoplasm_Texture_Correlation_DNA_3_01_256,0.001544877097086313,0.949047927170049,0.030740012912230854,0.018667182820633916,36979.968055592704,Cytoplasm,Texture,DNA
Image_Texture_Contrast_Mito_3_00_256,0.01358297872473864,0.6775318133515377,0.11249221003335164,0.19639299789037204,23314.777608021912,Image,Texture,Mito
Nuclei_Texture_SumAverage_Mito_3_02_256,0.03098043470895027,0.8625324263420117,0.013076069780771289,0.09341106916826697,22670.867658535455,Nuclei,Texture,Mito
Cells_Texture_Correlation_Mito_10_02_256,0.10741140838004747,0.5996540622082218,0.06299136582656945,0.22994316358516126,10570.503492075637,Cells,Texture,Mito
Cytoplasm_Texture_Entropy_AGP_3_00_256,0.008504283320573779,0.8998770020593346,0.05546630293923757,0.03615241168085391,16334.19504321372,Cytoplasm,Texture,AGP
Cells_AreaShape_BoundingBoxMinimum_X,0.05037150037453979,0.608322382121584,0.014292720518215365,0.32701339698566095,16105.64626737423,Cells,AreaShape,
Cytoplasm_Texture_Variance_RNA_3_01_256,0.03115576264140927,0.7492188030427556,0.003660005196234597,0.21596542911960062,72344.24459544288,Cytoplasm,Texture,RNA
Image_Texture_AngularSecondMoment_AGP_5_00_256,0.28188577992447583,0.394299099871205,0.01873760590016241,0.30507751430415675,24999.04378769551,Image,Texture,AGP
Nuclei_Intensity_StdIntensityEdge_RNA,0.03860373917983535,0.7827127373787143,0.004019592021747429,0.174663931419703,19877.65887760147,Nuclei,Intensity,RNA
Nuclei_Texture_SumAverage_RNA_10_02_256,0.01185000603639141,0.9125231964044525,0.01529097585060091,0.060335821708555185,9390.080916245315,Nuclei,Texture,RNA
Nuclei_Texture_SumVariance_RNA_3_00_256,0.049600455369109446,0.664183365527957,0.025425369684825425,0.260790809418108,71431.4565538321,Nuclei,Texture,RNA
Nuclei_Correlation_Correlation_ER_Mito,0.011091430467477698,0.886417632935086,0.045007731099421716,0.05748320549801464,7748.759554330769,Nuclei,Correlation,ER
Cytoplasm_Correlation_Manders_AGP_DNA,0.0016294180961814112,0.9099815382686551,0.06486873627748284,0.02352030735768067,67650.67257615352,Cytoplasm,Correlation,AGP
Cytoplasm_Texture_AngularSecondMoment_Mito_3_01_256,0.0187558119938762,0.6354983505463938,0.1414162927516867,0.2043295447080432,25283.428262000114,Cytoplasm,Texture,Mito
Image_Texture_Contrast_AGP_3_01_256,0.014317327348426303,0.8672248613738583,0.021486941997960193,0.09697086927975516,22313.459702967124,Image,Texture,AGP
Cytoplasm_Texture_Entropy_AGP_10_03_256,0.007915672847160968,0.9095360763035062,0.048924451638308775,0.0336237992110241,22771.484655048283,Cytoplasm,Texture,AGP
Nuclei_Texture_Variance_RNA_5_01_256,0.036481692197425336,0.7429331987307976,0.029234170365893795,0.1913509387058833,88542.45667766733,Nuclei,Texture,RNA
Cells_Texture_Contrast_RNA_10_00_256,0.046173262547575755,0.7123915283509282,0.012086733068834087,0.22934847603266184,84545.9789508972,Cells,Texture,RNA
Nuclei_Texture_DifferenceEntropy_AGP_10_03_256,0.005484633751062459,0.9300308677977615,0.03424308942189841,0.03024140902927763,25383.872788922952,Nuclei,Texture,AGP
Cells_Texture_Variance_Mito_5_03_256,0.15355448210531109,0.31831502013004137,0.0453662949031335,0.48276420286151417,42144.90052418054,Cells,Texture,Mito
Cytoplasm_RadialDistribution_FracAtD_mito_tubeness_6of20,0.01718427157913468,0.5193014331221131,0.07027018190533912,0.39324411339341314,725184.6684411939,Cytoplasm,RadialDistribution,
Cytoplasm_Texture_Variance_DNA_10_03_256,0.005555178147426197,0.8525963967343805,0.09085305202095291,0.05099537309724039,424067.8170583885,Cytoplasm,Texture,DNA
Nuclei_Texture_InfoMeas1_DNA_10_03_256,0.04949677916311768,0.8259788394194414,0.028821516241836997,0.09570286517560395,7566.925850078003,Nuclei,Texture,DNA
Cytoplasm_RadialDistribution_RadialCV_mito_tubeness_12of20,0.1466562832127397,0.3099163771910064,0.11576389327647918,0.42766344631977465,111983.76988038566,Cytoplasm,RadialDistribution,
Cytoplasm_Texture_SumEntropy_AGP_5_00_256,0.00875703966064943,0.9074027787870664,0.048447690027987086,0.03539249152429698,21141.103864359102,Cytoplasm,Texture,AGP
Cells_AreaShape_Compactness,0.14593391349699641,0.29548827135945055,0.020252672685207678,0.5383251424583454,31379.01207321891,Cells,AreaShape,
Nuclei_Texture_DifferenceEntropy_ER_5_00_256,0.015195046973685589,0.8559892986453708,0.04295790245023814,0.08585775193070552,11100.474881744736,Nuclei,Texture,ER
Cells_RadialDistribution_MeanFrac_mito_tubeness_3of16,0.22892582152199642,0.14365708134067262,0.0543038352618814,0.5731132618754495,40471.005300092336,Cells,RadialDistribution,
Image_Intensity_UpperQuartileIntensity_DNA,0.0014818473644641209,0.9355949201793773,0.015590259208487178,0.04733297324767151,402142.56193656195,Image,Intensity,DNA
Cells_Texture_InverseDifferenceMoment_Mito_3_03_256,0.03546521335608311,0.7757035907029682,0.060267879440123955,0.12856331650082467,7415.608884010562,Cells,Texture,Mito
Cytoplasm_Texture_InfoMeas1_Mito_10_00_256,0.08908534393274985,0.6489272900361364,0.026542357918065234,0.23544500811304853,8238.444027183672,Cytoplasm,Texture,Mito
Image_Texture_Entropy_ER_5_02_256,0.12128635794882325,0.7545073460123838,0.013663894556704012,0.11054240148208892,13903.194400841057,Image,Texture,ER
Nuclei_Texture_SumAverage_ER_3_03_256,0.01805400432689645,0.9153871620386975,0.009905219727660022,0.05665361390674601,6145.329230589907,Nuclei,Texture,ER
Cytoplasm_Texture_Correlation_DNA_10_02_256,0.0006790288085549637,0.9825720991106762,0.007028185745484207,0.009720686335284496,137620.54751967848,Cytoplasm,Texture,DNA
Image_Texture_SumAverage_ER_5_02_256,0.007809118650515866,0.9694623562455205,0.0031686037150285306,0.01955992138893518,33513.06910861462,Image,Texture,ER
Cytoplasm_Texture_InfoMeas2_ER_10_00_256,0.009417795128429432,0.8836423840844398,0.055852399093160005,0.051087421693970854,10558.706416265704,Cytoplasm,Texture,ER
Cells_Intensity_MeanIntensityEdge_DNA,0.0005635352307423627,0.9771976256227578,0.011482142665105777,0.010756696481393827,35616.33392153676,Cells,Intensity,DNA
Cells_Texture_SumAverage_AGP_10_00_256,0.003292663082191912,0.9622629709410907,0.018857839849104028,0.01558652612761328,6762.844605303959,Cells,Texture,AGP
Image_Texture_InfoMeas1_DNA_3_01_256,0.04660459014538883,0.5977402771716834,0.09589837703176048,0.2597567556511671,13973.359066151203,Image,Texture,DNA
Cells_Intensity_IntegratedIntensityEdge_RNA,0.004060007507252595,0.942659868524197,0.013807116570311268,0.03947300739823909,20986.215997968746,Cells,Intensity,RNA
Cells_Texture_InfoMeas1_AGP_10_03_256,0.07970396843673064,0.6874461013998615,0.00903747248695405,0.2238124576764538,11635.986392174185,Cells,Texture,AGP
Cytoplasm_Granularity_9_Mito,0.047889134034832255,0.5950983421700636,0.10100567123983713,0.256006852555267,8455.881586847587,Cytoplasm,Granularity,Mito
Nuclei_Texture_InverseDifferenceMoment_Mito_5_02_256,0.07787626392745359,0.7305436006481104,0.05036673838225153,0.1412133970421844,6038.291249654777,Nuclei,Texture,Mito
Nuclei_Texture_SumVariance_RNA_10_02_256,0.03831363009765405,0.7161040581151494,0.02746539401346823,0.2181169177737283,76476.53244330155,Nuclei,Texture,RNA
Cytoplasm_RadialDistribution_FracAtD_mito_tubeness_3of16,0.023072067803579937,0.22543112389318148,0.005142280271081156,0.7463545280321574,223435.99365077127,Cytoplasm,RadialDistribution,
Cells_Texture_Correlation_DNA_5_03_256,0.008434477948237528,0.8528642392760829,0.08097474730588017,0.05772653546979942,84679.52972947125,Cells,Texture,DNA
Cytoplasm_RadialDistribution_MeanFrac_DNA_1of4,0.014027761441708298,0.8991228221151834,0.01656061949498922,0.07028879694811914,19531.42197476162,Cytoplasm,RadialDistribution,DNA
Image_Texture_SumEntropy_DNA_3_01_256,0.017965294275362264,0.9449212872453563,0.00421902842276859,0.032894390056513026,21133.789011437246,Image,Texture,DNA
Cytoplasm_RadialDistribution_RadialCV_mito_tubeness_1of20,0.0,0.0,0.0,0.0,0.0,Cytoplasm,RadialDistribution,
Image_Texture_SumVariance_RNA_10_01_256,0.010471146629750213,0.8843513092911278,0.021648399537011136,0.08352914454211094,46402.06600911711,Image,Texture,RNA
Cells_Texture_AngularSecondMoment_Mito_10_00_256,0.025436620407712576,0.5293251398702152,0.14638957555648138,0.2988486641655909,43405.5260311686,Cells,Texture,Mito
Nuclei_Texture_SumEntropy_AGP_5_02_256,0.00838099787200709,0.9263181929846482,0.03828962956006272,0.02701117958328203,32569.21581766268,Nuclei,Texture,AGP
Cytoplasm_Correlation_Manders_Mito_RNA,0.04644043478782947,0.7548186603882717,0.03119119746890712,0.16754970735499158,165185.52032404233,Cytoplasm,Correlation,Mito
Image_Texture_Correlation_AGP_3_00_256,0.014676470972810685,0.925608981150969,0.006560907604798862,0.05315364027142137,13720.29310130229,Image,Texture,AGP
Cytoplasm_Texture_Variance_RNA_5_01_256,0.03129513830707917,0.7525047467318814,0.003615386421142552,0.212584728539897,73569.50281244864,Cytoplasm,Texture,RNA
Cells_Intensity_MADIntensity_RNA,0.03939139949842255,0.7308908642891363,0.014198832354632119,0.215518903857809,12470.671456054577,Cells,Intensity,RNA
Cytoplasm_Texture_Correlation_Mito_5_03_256,0.15490241212790248,0.593456258753737,0.03277977120406119,0.2188615579142994,10883.415178664945,Cytoplasm,Texture,Mito
Cells_Correlation_K_DNA_AGP,0.02374411933739255,0.7746993451998263,0.08611195122402736,0.11544458423875376,21285.27659616407,Cells,Correlation,AGP
Image_Texture_SumVariance_AGP_5_02_256,0.015935739410723997,0.7929502946575292,0.07937768726184523,0.11173627866990167,8647.622036986082,Image,Texture,AGP
Nuclei_Texture_SumAverage_Mito_10_01_256,0.021708529373727956,0.8910013753939432,0.011966972297391854,0.07532312293493693,23615.48812834866,Nuclei,Texture,Mito
Nuclei_RadialDistribution_RadialCV_ER_2of4,0.028942897901186013,0.8459955018771482,0.010308121135889947,0.11475347908577574,9374.416614568943,Nuclei,RadialDistribution,ER
Cytoplasm_RadialDistribution_FracAtD_mito_tubeness_16of20,0.017166506245174507,0.7662565903171094,0.02248782050702371,0.19408908293069244,16238.354208058972,Cytoplasm,RadialDistribution,
Cytoplasm_Texture_InverseDifferenceMoment_DNA_3_02_256,0.0010013753059962714,0.8949765926998886,0.06625783779490392,0.037764194199211315,18190.994826991726,Cytoplasm,Texture,DNA
Cells_Texture_AngularSecondMoment_RNA_10_03_256,0.031352498195269814,0.7276748945380701,0.047486417156161344,0.19348619011049875,315332.42827764887,Cells,Texture,RNA
Nuclei_Texture_SumEntropy_Mito_5_03_256,0.05359907364758026,0.7706651106629657,0.05022840995702714,0.12550740573242683,6471.99430929379,Nuclei,Texture,Mito
Cells_RadialDistribution_RadialCV_mito_tubeness_8of20,0.05206327555556241,0.7169537245394838,0.049859616468356835,0.1811233834365969,14138.643577779616,Cells,RadialDistribution,
Image_Granularity_6_DNA,0.20402555666902308,0.5825497563380588,0.026952880472668046,0.18647180652024994,20420.675651521313,Image,Granularity,DNA
Nuclei_Granularity_15_DNA,0.03219314071434457,0.5212485836510743,0.021225097921735644,0.4253331777128454,9216.914131780382,Nuclei,Granularity,DNA
Nuclei_Granularity_11_RNA,0.12194095560084532,0.6279169516055759,0.030325915666725718,0.21981617712685309,10492.404476199332,Nuclei,Granularity,RNA
Cells_Texture_InverseDifferenceMoment_ER_10_02_256,0.009820493991476314,0.8540808591182442,0.05870182881961929,0.07739681807066014,11993.755526860354,Cells,Texture,ER
Cells_RadialDistribution_MeanFrac_ER_2of4,0.036874996956927523,0.6706477362304846,0.05439401230057139,0.23808325451201656,7691.999277640336,Cells,RadialDistribution,ER
Cytoplasm_Texture_SumEntropy_AGP_5_01_256,0.008996130544430705,0.9065859516612761,0.04794846386323319,0.036469453931059916,21571.842635425997,Cytoplasm,Texture,AGP
Cytoplasm_Texture_Entropy_ER_5_03_256,0.010404996095676333,0.8893417377687121,0.048041313676250585,0.05221195245936106,9590.938391864263,Cytoplasm,Texture,ER
Image_Texture_DifferenceVariance_Mito_5_03_256,0.0730819066025321,0.532708928322331,0.17401448987738585,0.22019467519775096,41952.73703650441,Image,Texture,Mito
Nuclei_Texture_InverseDifferenceMoment_ER_3_02_256,0.017136391462850394,0.8587964346729186,0.049833914525055055,0.07423325933917593,9200.560758070616,Nuclei,Texture,ER
Cells_Texture_DifferenceEntropy_ER_5_03_256,0.018716653767492205,0.8370588552274895,0.0479993490539857,0.09622514195103278,8501.926286041418,Cells,Texture,ER
Cytoplasm_RadialDistribution_RadialCV_Mito_3of4,0.03984747835871841,0.7874985978076429,0.019345533960843795,0.153308389872795,7107.962285734331,Cytoplasm,RadialDistribution,Mito
Cytoplasm_Texture_SumAverage_AGP_10_03_256,0.002272588286836435,0.9635964302843089,0.02228076768582112,0.011850213743033716,8667.134698909342,Cytoplasm,Texture,AGP
Cytoplasm_RadialDistribution_RadialCV_ER_4of4,0.04155743491259611,0.8124542433122626,0.0424991056448037,0.10348921613033753,7313.829986104556,Cytoplasm,RadialDistribution,ER
Cells_AreaShape_Zernike_2_0,0.22548848294766657,0.38108800880545673,0.019304909997578678,0.374118598249298,27674.044902223275,Cells,AreaShape,
Image_Texture_InfoMeas2_Mito_5_01_256,0.19751826118614488,0.5104407142101842,0.0822591140807059,0.20978191052296505,38930.818772217426,Image,Texture,Mito
Nuclei_Texture_Contrast_AGP_5_03_256,0.08873846354706065,0.5571027812535554,0.013785121773998061,0.34037363342538585,76968.20939537024,Nuclei,Texture,AGP
Nuclei_Texture_InfoMeas2_DNA_3_01_256,0.0068173055672077106,0.9752036402773204,0.005258455101177378,0.012720599054294401,8230.945614946688,Nuclei,Texture,DNA
Cells_Texture_AngularSecondMoment_Mito_10_02_256,0.025144438098282113,0.5311238321160893,0.1470026026359554,0.29672912714967326,44121.09018427792,Cells,Texture,Mito
Cells_Texture_InfoMeas2_AGP_3_02_256,0.0035961479109916676,0.926010661024282,0.044328082990660975,0.02606510807406539,30850.179875099282,Cells,Texture,AGP
Cells_Texture_Variance_ER_10_01_256,0.0902118182227604,0.49156845861144854,0.019729881896725313,0.39848984126906584,37847.310939423456,Cells,Texture,ER
Nuclei_Texture_DifferenceEntropy_RNA_3_01_256,0.004713581163086597,0.9131081593819913,0.036482948995349075,0.04569531045957303,11172.797379653528,Nuclei,Texture,RNA
Nuclei_Location_MaxIntensity_Z_DNA,0.0,0.0,0.0,0.0,0.0,Nuclei,Location,DNA
Cells_Intensity_IntegratedIntensityEdge_Mito,0.003369561828374187,0.9341037346611638,0.0028524977961116773,0.0596742057143503,47139.859039712195,Cells,Intensity,Mito
Cytoplasm_Texture_Entropy_ER_5_01_256,0.01036064167334263,0.8894399320825437,0.04812686425953001,0.052072561984583834,9558.293307252876,Cytoplasm,Texture,ER
Nuclei_Texture_InfoMeas2_DNA_3_00_256,0.0044373156089891974,0.9808384557972366,0.004356761800091474,0.010367466793682821,12769.440120837857,Nuclei,Texture,DNA
Cytoplasm_Texture_DifferenceEntropy_Mito_3_03_256,0.04677267496290891,0.6933531799407999,0.08331261741180447,0.1765615276844867,11742.453789154199,Cytoplasm,Texture,Mito
Nuclei_Texture_SumEntropy_Mito_10_01_256,0.02597532820047858,0.8172624036143863,0.05124703948482773,0.10551522870030736,7256.587571749315,Nuclei,Texture,Mito
Nuclei_Texture_Correlation_ER_10_02_256,0.03454884957317189,0.4896916220774415,0.029595603684253045,0.44616392466513355,17458.728902530667,Nuclei,Texture,ER
Cells_Intensity_MeanIntensityEdge_RNA,0.005741629988824095,0.952748316895797,0.007576695799772808,0.03393335731560618,31119.60660560202,Cells,Intensity,RNA
Image_Intensity_MinIntensity_DNA,0.0011885835723360215,0.9783966059010873,0.0008249456453111891,0.01958986488126545,17471.97265596086,Image,Intensity,DNA
Cells_Texture_Entropy_RNA_10_03_256,0.00864466698517482,0.8844122067137237,0.038540652933137264,0.06840247336796429,15311.83922593918,Cells,Texture,RNA
Image_Texture_Correlation_AGP_10_01_256,0.08066676309787409,0.6854723186177277,0.021941122585943766,0.21191979569845446,10936.148601109835,Image,Texture,AGP
Image_Granularity_11_Mito,0.14576455855801637,0.34537862359759225,0.054421796152638806,0.4544350216917525,20697.26796231753,Image,Granularity,Mito
Image_Texture_Entropy_AGP_3_00_256,0.08978430551912364,0.783070264378004,0.027928373533485755,0.09921705656938666,5196.623216424152,Image,Texture,AGP
Cells_RadialDistribution_FracAtD_mito_tubeness_11of20,0.05301787539258732,0.626954581334041,0.07467704150335445,0.2453505017700173,9839.41236841091,Cells,RadialDistribution,
Cells_Texture_Correlation_ER_5_02_256,0.03458449253559916,0.6431416056321334,0.1292436150004491,0.19303028683181833,20790.775950631465,Cells,Texture,ER
Cells_Texture_InverseDifferenceMoment_AGP_3_01_256,0.007080261478407018,0.8799367673331524,0.06524245555159762,0.04774051563684307,11858.941697574865,Cells,Texture,AGP
Cytoplasm_RadialDistribution_FracAtD_mito_tubeness_4of20,0.022473725874141502,0.39043267101927587,0.013318278831111802,0.5737753242754708,413128.4770492334,Cytoplasm,RadialDistribution,
Nuclei_Texture_SumVariance_DNA_3_01_256,0.0351071869588264,0.8041844308946373,0.03879719039914082,0.12191119174739551,405782.8846548642,Nuclei,Texture,DNA
Cells_AreaShape_MajorAxisLength,0.09650630059100605,0.31993224916938706,0.03610677058178378,0.5474546796578231,47781.373783158706,Cells,AreaShape,
Nuclei_Correlation_Manders_ER_RNA,0.10895094764112219,0.6469694962981872,0.03895800103498915,0.20512155502570145,424234.9946708227,Nuclei,Correlation,ER
Cells_Texture_Entropy_DNA_10_01_256,0.0032022007462560176,0.9735081820387067,0.00561907858634003,0.017670538628697326,5019.432964584704,Cells,Texture,DNA
Cytoplasm_Granularity_1_AGP,0.06169854784102989,0.7975980777132239,0.02540460907606656,0.11529876536967962,7153.73886049257,Cytoplasm,Granularity,AGP
Cells_Texture_SumEntropy_ER_3_01_256,0.008644761773322036,0.8703763736099572,0.049899454752189314,0.07107940986453143,10809.865862494476,Cells,Texture,ER
Nuclei_Texture_InverseDifferenceMoment_ER_5_02_256,0.011916998231699345,0.8684894752681728,0.05209016475504824,0.06750336174507973,12260.47798889329,Nuclei,Texture,ER
Nuclei_Granularity_15_RNA,0.16490362204144823,0.49682948194714455,0.02036657706117481,0.31790031895023246,15053.988378253282,Nuclei,Granularity,RNA
Nuclei_Texture_InfoMeas1_AGP_3_01_256,0.049242723063892636,0.8160561831454232,0.018277445112354768,0.11642364867832938,11240.446828225291,Nuclei,Texture,AGP
Image_Texture_AngularSecondMoment_Mito_5_00_256,0.20420035469677109,0.5284863158834668,0.052315734859057626,0.21499759456070436,26589.46233718959,Image,Texture,Mito
Image_Granularity_10_Mito,0.2176911763201967,0.30472369180022496,0.07615045859373498,0.40143467328584337,19026.735911453838,Image,Granularity,Mito
Cytoplasm_Correlation_RWC_AGP_DNA,0.0018796353555881758,0.8841209107188998,0.08508288538319128,0.028916568542320803,16223.219273809927,Cytoplasm,Correlation,AGP
Image_Texture_Contrast_DNA_3_03_256,0.0006948150243905612,0.9609673380543166,0.02858273127571749,0.009755115645575565,685637.5094286555,Image,Texture,DNA
Cytoplasm_Texture_DifferenceEntropy_ER_5_03_256,0.01885669526385581,0.8524662130927382,0.05090782569143957,0.07776926595196666,9891.259244506839,Cytoplasm,Texture,ER
Image_Texture_SumEntropy_Mito_5_03_256,0.08158240485378492,0.8122346471017282,0.021478520030310894,0.08470442801417606,5676.671279539628,Image,Texture,Mito
Nuclei_AreaShape_Zernike_4_2,0.13533133715011103,0.5613885976871956,0.05815800284905815,0.24512206231363515,14359.082785290895,Nuclei,AreaShape,
Nuclei_Texture_DifferenceEntropy_ER_3_00_256,0.016904706285496427,0.8368129868021694,0.04740759194368354,0.09887471496865056,11893.51219498329,Nuclei,Texture,ER
Cytoplasm_Texture_SumEntropy_RNA_5_02_256,0.010674018159314085,0.8832445620280552,0.03775031247939466,0.06833110733323602,12053.649783829238,Cytoplasm,Texture,RNA
Cytoplasm_Texture_DifferenceVariance_DNA_10_00_256,0.0011176264490131511,0.9747986845737348,0.013711799372846986,0.010371889604405134,35168.97157255851,Cytoplasm,Texture,DNA
Cells_Texture_Contrast_DNA_10_01_256,0.01940351420942362,0.8351977347448365,0.06416713925144357,0.08123161179429629,468304.28786472825,Cells,Texture,DNA
Cells_Texture_InverseDifferenceMoment_DNA_10_01_256,0.007738352458680124,0.8641763058020278,0.07486192776735565,0.053223413971936494,5532.077277419754,Cells,Texture,DNA
Cytoplasm_Texture_InverseDifferenceMoment_RNA_10_03_256,0.008974577545241036,0.8660980909526813,0.045203310482514025,0.07972402101956341,18845.407813448193,Cytoplasm,Texture,RNA
Image_Texture_DifferenceVariance_ER_10_00_256,0.03160888681671675,0.6639889763438944,0.2417777269202585,0.06262440991913032,67236.87891530248,Image,Texture,ER
Cells_Texture_InfoMeas2_ER_5_00_256,0.0332410988859618,0.6996814988068187,0.10580733093021949,0.16127007137699995,43620.14986592649,Cells,Texture,ER
Cells_Texture_InverseDifferenceMoment_RNA_5_03_256,0.00683918700102021,0.8767345527416517,0.03202571179754752,0.08440054845978054,14287.492396776961,Cells,Texture,RNA
Image_Intensity_MinIntensity_AGP__BackgroundOnly,0.0019305796537479802,0.9517888766184737,0.0002475434339594078,0.04603300029381914,47297.66630253551,Image,Intensity,AGP
Nuclei_Texture_DifferenceVariance_Mito_5_03_256,0.012627046353629727,0.6901529979865477,0.1480273362538693,0.14919261940595324,32888.03592715046,Nuclei,Texture,Mito
Image_Texture_InverseDifferenceMoment_AGP_3_00_256,0.07332534596678286,0.7835087233527931,0.04834220619182115,0.09482372448860284,5132.230108132353,Image,Texture,AGP
Nuclei_Granularity_12_AGP,0.16911695943365998,0.5050228392040782,0.013078246740267276,0.3127819546219947,23441.088566084403,Nuclei,Granularity,AGP
Cells_Texture_InverseDifferenceMoment_Mito_10_01_256,0.0207177245933368,0.768783104808503,0.07093057443840807,0.13956859615975226,8327.218688246114,Cells,Texture,Mito
Image_Texture_Variance_RNA_3_00_256,0.009687805293725371,0.8917199377338301,0.02172234521961428,0.07686991175283034,49536.108473211134,Image,Texture,RNA
Cytoplasm_Correlation_Correlation_AGP_Mito,0.06842327315579383,0.6963149814529236,0.10868984328208085,0.12657190210920174,15765.69386609451,Cytoplasm,Correlation,AGP
Image_ImageQuality_MinIntensity_OrigRNA,0.0028714557136456497,0.9097623078682141,0.029475049329823845,0.05789118708831638,17162.91276621505,Image,ImageQuality,
Cells_Texture_InverseDifferenceMoment_DNA_3_02_256,0.012625210939444367,0.8539751939675385,0.0640226303094671,0.06937696478355013,6044.4386732108815,Cells,Texture,DNA
Cytoplasm_Texture_DifferenceEntropy_ER_10_01_256,0.011887872370000083,0.8773938952646056,0.04782197649357321,0.06289625587182104,11062.50631306049,Cytoplasm,Texture,ER
Cells_Texture_Entropy_DNA_5_00_256,0.006167684611444341,0.9624807134023234,0.007193773062154292,0.024157828924077935,5656.328008701512,Cells,Texture,DNA
Nuclei_Texture_SumVariance_AGP_3_01_256,0.11766903796455427,0.4029313668117855,0.013870085627971008,0.4655295095956892,57155.124557705996,Nuclei,Texture,AGP
Nuclei_Texture_InverseDifferenceMoment_DNA_10_03_256,0.0035696486751899737,0.9354087662090463,0.04228792752144283,0.01873365759432082,11518.42794755762,Nuclei,Texture,DNA
Cytoplasm_RadialDistribution_RadialCV_mito_tubeness_3of20,0.02553059868710712,0.035714490374202955,0.0011415186005186327,0.9376133923381712,34124.055591829114,Cytoplasm,RadialDistribution,
Image_Texture_Variance_AGP_10_00_256,0.015715287822186588,0.8050779376271311,0.07344893897414319,0.10575783557653899,8442.513453113905,Image,Texture,AGP
Image_Texture_AngularSecondMoment_Mito_3_02_256,0.19399351940110987,0.546656495930362,0.052012089419066425,0.2073378952494617,23532.536183362605,Image,Texture,Mito
Image_Texture_InverseDifferenceMoment_DNA_3_02_256,0.012273325395778,0.9492941478105558,0.0037559694799727725,0.034676557313693464,21648.99035905781,Image,Texture,DNA
Nuclei_Texture_SumEntropy_ER_10_01_256,0.0068517505953391835,0.8982252452735834,0.040729724173126584,0.054193279957950743,12635.628668533394,Nuclei,Texture,ER
Cells_Texture_InfoMeas2_Mito_3_02_256,0.03294352998185793,0.5656109171462893,0.08491880481284034,0.3165267480590124,15254.472730673995,Cells,Texture,Mito
Cells_Intensity_MaxIntensityEdge_DNA,0.0016061421921452154,0.9604576698531643,0.023086091108223607,0.014850096846466963,53782.78549161968,Cells,Intensity,DNA
Cytoplasm_Correlation_K_ER_Mito,0.012126916881081239,0.9162737921917449,0.011750655572781966,0.059848635354391964,104765.32702002229,Cytoplasm,Correlation,ER
Image_Granularity_12_AGP,0.09187195649340671,0.37603727668583914,0.040494655397318245,0.49159611142343584,13053.012009634262,Image,Granularity,AGP
Cells_Intensity_MinIntensityEdge_ER,0.0010297490279808587,0.9851918022803591,0.001848378253350607,0.011930070438309352,76758.96604843061,Cells,Intensity,ER
Cells_Texture_Correlation_Mito_3_03_256,0.05322900467026715,0.6748703651171439,0.04642395864171589,0.22547667157087298,10070.348689172002,Cells,Texture,Mito
Cells_Texture_SumVariance_AGP_10_00_256,0.1312702322377588,0.35657883141030655,0.014429543679116962,0.4977213926728178,45374.301744319215,Cells,Texture,AGP
Cytoplasm_Correlation_Manders_Mito_AGP,0.0774810464869252,0.6614170168965768,0.01838758154428801,0.24271435507221006,66281.75293164935,Cytoplasm,Correlation,AGP
Nuclei_Texture_Variance_AGP_5_03_256,0.10544364310926925,0.4711031404546628,0.014034594649965315,0.4094186217861027,68227.40243816416,Nuclei,Texture,AGP
Nuclei_Texture_DifferenceVariance_ER_5_01_256,0.025274565191372625,0.615536330373232,0.09431622562870656,0.2648728788066889,129092.94835655992,Nuclei,Texture,ER
Nuclei_Correlation_Overlap_AGP_Mito,0.041095494421140626,0.7741571255476316,0.08685073189451309,0.09789664813671464,6422.259005118216,Nuclei,Correlation,AGP
Cells_Texture_DifferenceVariance_DNA_3_03_256,0.0013034433335318393,0.9575550739647423,0.022366328015700633,0.018775154686025187,66479.5308029769,Cells,Texture,DNA
Cells_RadialDistribution_MeanFrac_DNA_1of4,0.02738205876843744,0.7845345880054106,0.02008911958748175,0.16799423363867025,12574.388968206576,Cells,RadialDistribution,DNA
Cells_Texture_DifferenceEntropy_AGP_10_03_256,0.010771667124176598,0.895351043064571,0.04064477744562571,0.05323251236562668,25106.48983460672,Cells,Texture,AGP
Cells_Texture_Correlation_DNA_5_01_256,0.008471046090706827,0.856364077249401,0.07908956233474211,0.05607531432514998,82502.47867687566,Cells,Texture,DNA
Image_Texture_DifferenceEntropy_Mito_3_02_256,0.06452928950102273,0.8145360555509769,0.03143996861102742,0.08949468633697302,6941.283026053136,Image,Texture,Mito
Cells_Intensity_MinIntensityEdge_Mito,0.0007086659371717032,0.9796346354926894,0.0012052626122932484,0.018451435957845735,114205.85387799522,Cells,Intensity,Mito
Cells_Texture_SumVariance_AGP_5_03_256,0.13408180534520478,0.34575282296789817,0.014539989128006626,0.5056253825588904,45969.619844129746,Cells,Texture,AGP
Cytoplasm_RadialDistribution_MeanFrac_AGP_1of4,0.34696780203465266,0.20701165991987752,0.010391679727695913,0.4356288583177739,80234.08810579198,Cytoplasm,RadialDistribution,AGP
Cytoplasm_Texture_Contrast_AGP_3_02_256,0.045824481349731286,0.7091048965611672,0.012139458953725396,0.2329311631353761,80967.72836289708,Cytoplasm,Texture,AGP
Image_Texture_InfoMeas2_AGP_10_00_256,0.18563617670756866,0.4933352030763236,0.024344540867644638,0.29668407934846314,30991.366473733582,Image,Texture,AGP
Cytoplasm_Intensity_MedianIntensity_AGP,0.0023120726113080685,0.9640469858937668,0.022956342515288768,0.010684598979636311,12124.397580454803,Cytoplasm,Intensity,AGP
Cytoplasm_Texture_Contrast_DNA_10_03_256,0.005943246704720879,0.8394786463989875,0.10052197303517033,0.05405613386112131,426916.2813028906,Cytoplasm,Texture,DNA
Cells_Correlation_K_ER_RNA,0.0029489726237948394,0.9639079945113332,0.01834886281803123,0.014794170046840704,42045.99003152206,Cells,Correlation,ER
Cytoplasm_Texture_Contrast_RNA_3_03_256,0.025663757734063705,0.8361403427817504,0.0027997451641889213,0.13539615431999688,109120.15270602782,Cytoplasm,Texture,RNA
Nuclei_Texture_Entropy_Mito_3_02_256,0.06078773929240488,0.7596394196224857,0.05058465134443263,0.12898818974067666,6240.434208000683,Nuclei,Texture,Mito
Cells_Texture_InverseDifferenceMoment_DNA_10_02_256,0.011917491214743099,0.840768372624779,0.08515307928333422,0.06216105687714354,5375.787720847078,Cells,Texture,DNA
Cytoplasm_Texture_AngularSecondMoment_Mito_5_01_256,0.021256470016547593,0.6028582856707313,0.14885366413619017,0.22703158017653088,30103.05678530295,Cytoplasm,Texture,Mito
Cytoplasm_Texture_InfoMeas1_Mito_3_01_256,0.0430650698340241,0.6753494893201804,0.08457704477071273,0.1970083960750829,10269.460386185343,Cytoplasm,Texture,Mito
Cytoplasm_Texture_InverseDifferenceMoment_RNA_5_01_256,0.008743651688557067,0.8829039876245708,0.031201230675267644,0.07715113001160456,12458.111967170089,Cytoplasm,Texture,RNA
Nuclei_Granularity_15_Mito,0.22913365642021497,0.3513264207859866,0.013170854243976291,0.4063690685498222,16907.69199989244,Nuclei,Granularity,Mito
Image_Texture_Contrast_RNA_3_00_256,0.008095293243797262,0.9127441853828087,0.015832926693562524,0.06332759467983172,202485.24701961107,Image,Texture,RNA
Nuclei_Granularity_3_Mito,0.2589827154698323,0.4136239503736578,0.009582526722986024,0.31781080743352386,19151.24804301746,Nuclei,Granularity,Mito
Nuclei_Texture_SumVariance_ER_3_00_256,0.07550445063823151,0.5771250031319012,0.013958363601350053,0.3334121826285173,62754.73867853763,Nuclei,Texture,ER
Nuclei_RadialDistribution_FracAtD_ER_3of4,0.09324090697824675,0.3581359955389959,0.06029782889945929,0.4883252685832981,29932.7824339836,Nuclei,RadialDistribution,ER
Nuclei_Texture_Contrast_Mito_10_01_256,0.20811543053208525,0.2446700182389401,0.060933108647182446,0.48628144258179207,70299.78502475443,Nuclei,Texture,Mito
Nuclei_Texture_SumVariance_ER_10_00_256,0.06911939568129243,0.5857891739551035,0.015015508523993236,0.3300759218396109,58218.46102049589,Nuclei,Texture,ER
Nuclei_Texture_Correlation_RNA_10_02_256,0.051403514946178785,0.35561843378245445,0.04876406498030185,0.544213986291065,26746.087045307584,Nuclei,Texture,RNA
Cells_Texture_InverseDifferenceMoment_AGP_10_00_256,0.0059879519209110705,0.8919504116681278,0.057668239213805365,0.04439339719715592,22464.937605273903,Cells,Texture,AGP
Nuclei_Texture_DifferenceEntropy_RNA_5_02_256,0.004802007966157723,0.9122833743547539,0.037372313905948716,0.04554230377313981,10826.790951066027,Nuclei,Texture,RNA
Cytoplasm_Texture_DifferenceEntropy_RNA_10_02_256,0.011623336707407858,0.8895478362335867,0.02655214392556145,0.072276683133444,10601.585554184558,Cytoplasm,Texture,RNA
Nuclei_Texture_InfoMeas2_Mito_10_01_256,0.04574294080654679,0.7446334631148346,0.06759109216559282,0.14203250391302585,8122.629386128112,Nuclei,Texture,Mito
Cytoplasm_Texture_SumVariance_RNA_3_00_256,0.03146826393091942,0.738853214191138,0.004021863951327872,0.2256566579266147,69257.5996877103,Cytoplasm,Texture,RNA
Cytoplasm_Texture_AngularSecondMoment_DNA_3_03_256,0.0034343513396300858,0.9485890309500283,0.008689275949052578,0.03928734176128895,6801.599724523961,Cytoplasm,Texture,DNA
Cytoplasm_Texture_SumVariance_ER_10_00_256,0.06146280924462909,0.6089202802476473,0.07057814996843015,0.25903876053929337,13703.891525521765,Cytoplasm,Texture,ER
Image_ImageQuality_LocalFocusScore_OrigMito_20,0.21476201101160675,0.330126213902349,0.030739317938194014,0.42437245714785027,367643.7261964125,Image,ImageQuality,
Cells_Intensity_MedianIntensity_AGP,0.002152384105482241,0.967449696321388,0.019480973140152028,0.010916946432977631,10421.797808713365,Cells,Intensity,AGP
Nuclei_RadialDistribution_RadialCV_Mito_1of4,0.2512873152910582,0.4747993646019789,0.0189562769139937,0.254957043192969,17660.02372406294,Nuclei,RadialDistribution,Mito
Cells_Texture_InfoMeas1_ER_10_03_256,0.09183095725654246,0.6089961406086546,0.04186603551213953,0.25730686662266344,10822.896309717777,Cells,Texture,ER
Cytoplasm_RadialDistribution_MeanFrac_DNA_3of4,0.006632524728280159,0.9477210023790887,0.01948816233397511,0.026158310558655962,24496.577981398674,Cytoplasm,RadialDistribution,DNA
Cells_Texture_DifferenceVariance_RNA_5_02_256,0.0121234533032796,0.7291799081094401,0.09462481888299079,0.1640718197042896,246321.43014958868,Cells,Texture,RNA
Cells_Texture_InfoMeas2_RNA_5_01_256,0.019485851398801136,0.6866962048888536,0.18502770433991636,0.10879023937242888,33677.11019760762,Cells,Texture,RNA
Image_Texture_InverseDifferenceMoment_DNA_5_00_256,0.015535368011778338,0.9440437418532209,0.0030961745038977145,0.037324715631103005,17159.461167865968,Image,Texture,DNA
Image_Texture_Contrast_DNA_10_01_256,0.0006406195363017039,0.9833246164995375,0.008701904118044706,0.007332859846115935,773357.5165747886,Image,Texture,DNA
Cytoplasm_Texture_SumVariance_Mito_3_02_256,0.1152701362552356,0.3892364717858571,0.05827591126797021,0.437217480690937,31078.895318477844,Cytoplasm,Texture,Mito
Cytoplasm_Texture_Contrast_RNA_10_01_256,0.03314895685909919,0.7669134263225036,0.003601702031646442,0.19633591478675066,81202.41982481012,Cytoplasm,Texture,RNA
Nuclei_Texture_DifferenceEntropy_ER_3_03_256,0.015335340463965563,0.8523413216917533,0.04385478968713084,0.08846854815715031,10720.36535019767,Nuclei,Texture,ER
Image_Texture_DifferenceEntropy_AGP_5_03_256,0.07728579716518492,0.7968206246299551,0.0348738006713892,0.09101977753347078,6338.373523401199,Image,Texture,AGP
Image_ImageQuality_MeanIntensity_OrigMito,0.0017419678945047908,0.9751235656475905,0.001854433425336794,0.021280033032567817,137795.44997092657,Image,ImageQuality,
Cells_Texture_InfoMeas1_DNA_3_01_256,0.0010212221435388846,0.9839443556266124,0.0028282937072587533,0.012206128522589997,41260.22980574494,Cells,Texture,DNA
Image_Granularity_7_ER,0.1250545220374299,0.2459249061453192,0.17388575206569487,0.455134819751556,18587.24615570314,Image,Granularity,ER
Cells_RadialDistribution_MeanFrac_Mito_1of4,0.12938371960411746,0.3281583511368324,0.07049957627309213,0.471958352985958,17647.282188027595,Cells,RadialDistribution,Mito
Image_Texture_SumEntropy_AGP_10_02_256,0.10685355281967608,0.7604696408852599,0.020001445973642586,0.11267536032142139,6602.740805104952,Image,Texture,AGP
Cytoplasm_Texture_Entropy_RNA_10_02_256,0.00938248725055882,0.8959699716669061,0.031516071109156454,0.06313146997337869,11145.472760295426,Cytoplasm,Texture,RNA
Nuclei_Correlation_Correlation_AGP_ER,0.047451281413022336,0.8271004131515074,0.017351711715044286,0.1080965937204259,36605.07533737276,Nuclei,Correlation,AGP
Cells_Texture_SumAverage_ER_3_03_256,0.007811926549804768,0.9535475002588126,0.010177582616781568,0.02846299057460102,10117.897887927895,Cells,Texture,ER
Cytoplasm_RadialDistribution_MeanFrac_mito_tubeness_14of20,0.046694546100683416,0.5925214669854616,0.01291929618625933,0.34786469072759557,14253.42633882361,Cytoplasm,RadialDistribution,
Cells_Texture_AngularSecondMoment_ER_3_00_256,0.03564353598407789,0.606654745750425,0.12416531547415172,0.23353640279134535,150913.81576595776,Cells,Texture,ER
Cells_Texture_Entropy_ER_10_00_256,0.007940335419122013,0.8814808651246863,0.0487143564697348,0.061864442986456825,10562.735549354635,Cells,Texture,ER
Cytoplasm_Texture_Entropy_Mito_5_00_256,0.018455486283813258,0.8067196238797258,0.06300591038705762,0.11181897944940326,7587.245161733817,Cytoplasm,Texture,Mito
Image_Texture_InfoMeas2_AGP_5_00_256,0.19685415672587733,0.5030634371397266,0.02262957003551175,0.2774528360988844,54467.53906665653,Image,Texture,AGP
Cells_Texture_AngularSecondMoment_AGP_10_02_256,0.005154102962728626,0.9015006652582284,0.05697042142625332,0.036374810352789576,590533.9137250276,Cells,Texture,AGP
Image_Texture_InfoMeas2_AGP_3_01_256,0.20463493737351804,0.49749883965916797,0.02169094914943484,0.2761752738178793,66348.5106741216,Image,Texture,AGP
Cytoplasm_AreaShape_BoundingBoxMinimum_X,0.0502649685383823,0.6091579225641237,0.014257666982043086,0.3263194419154509,16145.717303652684,Cytoplasm,AreaShape,
Cytoplasm_RadialDistribution_FracAtD_DNA_1of4,0.01691514482190625,0.6488761151174152,0.013525240685939835,0.3206834993747387,16977.727777539003,Cytoplasm,RadialDistribution,DNA
Cytoplasm_Texture_DifferenceVariance_DNA_3_01_256,0.0008404321645326547,0.9788224672595237,0.003680879338826225,0.016656221237117394,46282.63928239881,Cytoplasm,Texture,DNA
Image_Texture_Correlation_AGP_5_00_256,0.02043262674380738,0.9067763941081646,0.005600204496699837,0.06719077465132821,9864.643909353657,Image,Texture,AGP
Cells_Intensity_IntegratedIntensity_ER,0.04926174321579646,0.4652138043095505,0.0017556201740822383,0.48376883230057083,16042.39640680044,Cells,Intensity,ER
Nuclei_Texture_InfoMeas1_Mito_10_00_256,0.25359001822424987,0.33371941856820375,0.037115044155138104,0.3755755190524084,14977.088315316043,Nuclei,Texture,Mito
Nuclei_Texture_InfoMeas2_Mito_5_01_256,0.056965002075619324,0.7467841686005443,0.05632564803391029,0.13992518128992598,7803.941189114839,Nuclei,Texture,Mito
Nuclei_Texture_SumAverage_AGP_5_03_256,0.00954865117196717,0.9433964935245396,0.015160087037891925,0.0318947682656014,5119.590897826048,Nuclei,Texture,AGP
Cells_Texture_DifferenceEntropy_RNA_5_03_256,0.010290077754359483,0.8810545240557076,0.0289851797173753,0.07967021847255758,12698.517380994741,Cells,Texture,RNA
Nuclei_AreaShape_Zernike_2_2,0.2542503986164287,0.3641019991120757,0.05098430363829738,0.3306632986331984,23716.7898097594,Nuclei,AreaShape,
Cytoplasm_Texture_SumEntropy_ER_3_03_256,0.010257046998718392,0.8836844878526519,0.04942605154729175,0.056632413601337875,9965.912908301809,Cytoplasm,Texture,ER
Nuclei_Granularity_5_DNA,0.05705469187789082,0.7478134874258962,0.026044979552984977,0.16908684114322806,15842.374394432443,Nuclei,Granularity,DNA
Cells_Granularity_6_ER,0.2871726204748383,0.2649927961675296,0.023946828237649237,0.4238877551199828,26175.12758145459,Cells,Granularity,ER
Nuclei_Texture_DifferenceVariance_AGP_10_01_256,0.0013877040513850178,0.9656360680576946,0.02320733913870533,0.009768888752215174,723241.6244553507,Nuclei,Texture,AGP
Image_Texture_Correlation_Mito_3_02_256,0.018597261891368424,0.8486282671278104,0.03596378671417806,0.09681068426664309,15979.822709541799,Image,Texture,Mito
Nuclei_Texture_SumEntropy_AGP_5_00_256,0.008450481383359257,0.9273698435784703,0.037453323807043186,0.026726351231127373,34165.894375091346,Nuclei,Texture,AGP
Cytoplasm_Texture_Correlation_ER_5_02_256,0.04481745165382148,0.6608370180952462,0.0598140287542776,0.23453150149665472,23153.673053224764,Cytoplasm,Texture,ER
Image_Intensity_LowerQuartileIntensity_Mito_BackgroundOnly,0.0020713383173142446,0.9541021301688539,0.005769677075996686,0.038056854437835345,75792.78686116553,Image,Intensity,Mito
Image_Intensity_TotalArea_ER,0.0002444814099158543,0.9995112158005643,1.6365976335426334e-07,0.00024413912975640862,1938274.7877996452,Image,Intensity,ER
Cells_Texture_InfoMeas2_RNA_3_02_256,0.03133439138553089,0.5576112107197606,0.25180430816072663,0.15925008973398178,87807.12727423805,Cells,Texture,RNA
Image_Texture_Contrast_DNA_5_01_256,0.0006519842971573428,0.9746501015672926,0.0160319453071814,0.008665968828368792,732656.7673501383,Image,Texture,DNA
Image_Texture_InfoMeas2_ER_3_01_256,0.45310770279290985,0.14444777678314125,0.01905459490588949,0.38338992551805945,128291.1576104539,Image,Texture,ER
Nuclei_Location_CenterMassIntensity_Z_ER,0.0,0.0,0.0,0.0,0.0,Nuclei,Location,ER
Nuclei_ObjectSkeleton_NumberBranchEnds_mito_skel,0.3224196338994583,0.044864107198865806,0.00799950459031683,0.624716754311359,188227.73595696627,Nuclei,ObjectSkeleton,
Cytoplasm_Texture_Contrast_AGP_10_01_256,0.09546578200046436,0.45483434139831164,0.012479602514597316,0.4372202740866267,46356.52134914046,Cytoplasm,Texture,AGP
Nuclei_AreaShape_Zernike_7_3,0.12415171777983473,0.35476212509538974,0.10001726414804978,0.4210688929767257,13429.408336098893,Nuclei,AreaShape,
Nuclei_Texture_DifferenceVariance_Mito_10_00_256,0.012748657367586229,0.6857197463339841,0.1484838450859317,0.15304775121249803,34503.209524343634,Nuclei,Texture,Mito
Image_Granularity_5_AGP,0.12150535631959898,0.28383196019765816,0.11692974004911727,0.47773294343362555,23761.858986663497,Image,Granularity,AGP
Cells_RadialDistribution_RadialCV_mito_tubeness_16of20,0.07248495815717172,0.6128941962415639,0.015911046715200206,0.29870979888606425,13461.880543313888,Cells,RadialDistribution,
Nuclei_Texture_InfoMeas2_Mito_5_02_256,0.03934965164348237,0.7741270565461682,0.05991816527171459,0.1266051265386347,7847.253088495913,Nuclei,Texture,Mito
Cells_Texture_InfoMeas1_Mito_5_00_256,0.05048994415902898,0.5914127402529074,0.10550851759673016,0.25258879799133344,18292.353901271115,Cells,Texture,Mito
Cytoplasm_Texture_DifferenceEntropy_AGP_10_03_256,0.0105419130769702,0.8961968770283834,0.045200129375332035,0.048061080519314445,22279.995082540045,Cytoplasm,Texture,AGP
Cells_Correlation_Overlap_ER_Mito,0.027457974474037642,0.8116938755496509,0.06182361807475614,0.0990245319015553,7638.203676262863,Cells,Correlation,ER
Cytoplasm_RadialDistribution_RadialCV_ER_2of4,0.012524925528052929,0.8490744636103257,0.026108710735233628,0.11229190012638782,6055.349839418242,Cytoplasm,RadialDistribution,ER
Image_Texture_InverseDifferenceMoment_DNA_5_03_256,0.018359361719970227,0.9396135528646745,0.002736560204848452,0.039290525210506785,16808.462760488554,Image,Texture,DNA
Image_Intensity_UpperQuartileIntensity_Mito,0.005114500852873113,0.9616117652075505,0.003919514562260021,0.029354219377316196,36523.12571706436,Image,Intensity,Mito
Nuclei_Texture_Contrast_DNA_5_02_256,0.05038892946849347,0.7322147319765874,0.051422248291284556,0.1659740902636347,322221.9491349834,Nuclei,Texture,DNA
Cells_Intensity_MADIntensity_ER,0.04482675726533181,0.8037408920461988,0.016997801607922185,0.13443454908054728,8262.204394041197,Cells,Intensity,ER
Cells_Texture_DifferenceVariance_DNA_5_00_256,0.0012188106194149296,0.9525512573620019,0.026504776522676236,0.019725155495906838,72709.14685642274,Cells,Texture,DNA
Image_Texture_SumAverage_DNA_10_01_256,0.001435103724563785,0.9731463193528701,0.011880584328049086,0.013537992594516907,68096.12396209754,Image,Texture,DNA
Cells_Intensity_MaxIntensityEdge_ER,0.008193323373508615,0.940466991088826,0.01907863150447736,0.032261054033188,13417.54830904076,Cells,Intensity,ER
Cytoplasm_Granularity_3_Mito,0.04956991448728125,0.7567152981692422,0.0487890470099419,0.1449257403335347,9092.966827036762,Cytoplasm,Granularity,Mito
Nuclei_Texture_InfoMeas2_Mito_10_02_256,0.04971059584768321,0.7562279578195445,0.06018337941075487,0.13387806692201742,7755.938619547103,Nuclei,Texture,Mito
Cytoplasm_RadialDistribution_MeanFrac_mito_tubeness_5of20,0.019749001039068476,0.5448084905782502,0.06409233669613572,0.3713501716865456,702948.9786400523,Cytoplasm,RadialDistribution,
Cytoplasm_Texture_SumEntropy_Mito_10_00_256,0.019971544947470832,0.7856587910766484,0.0650237922066984,0.12934587176918225,8758.8658865904,Cytoplasm,Texture,Mito
Cells_Intensity_StdIntensityEdge_AGP,0.018080273237809,0.8445814768562057,0.062483733017842484,0.07485451688814279,5993.517486597939,Cells,Intensity,AGP
Image_Granularity_10_RNA,0.08686268997579911,0.49956869110026786,0.028410381368423644,0.3851582375555093,10513.025542724032,Image,Granularity,RNA
Image_Texture_Contrast_Mito_5_01_256,0.010029016476554069,0.74256961625287,0.07702672575355592,0.17037464151701998,32235.06920247999,Image,Texture,Mito
Nuclei_Correlation_K_Mito_RNA,0.010410396097245308,0.84332129515631,0.09822838427674715,0.0480399244696976,228660.3955873475,Nuclei,Correlation,Mito
Nuclei_Correlation_Manders_DNA_RNA,0.07062278527927553,0.7354533146980015,0.03023566912011325,0.16368823090260973,493689.3531693227,Nuclei,Correlation,DNA
Nuclei_Texture_DifferenceVariance_ER_3_02_256,0.022880002448432444,0.6187474015767815,0.09482027764004879,0.26355231833473725,106814.54405154607,Nuclei,Texture,ER
Cells_Granularity_5_RNA,0.35093911332790356,0.17491872733385064,0.010377615124695608,0.4637645442135502,47664.482162627435,Cells,Granularity,RNA
Cells_Texture_InfoMeas1_Mito_3_01_256,0.049731367764376394,0.6188219673387702,0.10179899851657344,0.22964766638028,19620.63309622032,Cells,Texture,Mito
Nuclei_AreaShape_Zernike_3_3,0.18641607573216093,0.38446935967596635,0.07783022803931489,0.35128433655255786,9518.61531766811,Nuclei,AreaShape,
Nuclei_Texture_InfoMeas1_DNA_5_02_256,0.05925608004364377,0.8037541144534017,0.01424910563494976,0.12274069986800473,7519.267725837414,Nuclei,Texture,DNA
Nuclei_Texture_InverseDifferenceMoment_ER_10_03_256,0.011708458430818374,0.87097459735865,0.05229290604500224,0.06502403816552935,12491.42887028872,Nuclei,Texture,ER
Image_Texture_Correlation_RNA_10_03_256,0.22148147418191735,0.42705603448408785,0.045151597060276286,0.30631089427371855,15954.5645698861,Image,Texture,RNA
Cells_AreaShape_Zernike_8_8,0.08477395504257376,0.2922845820130699,0.07060246653755474,0.5523389964068016,35515.97856749535,Cells,AreaShape,
Cells_Texture_Contrast_RNA_3_02_256,0.01594815732895542,0.8923502411359295,0.01346872355826378,0.07823287797685115,149908.4137266608,Cells,Texture,RNA
Nuclei_Texture_SumVariance_ER_10_03_256,0.0643391779299121,0.5855694925007265,0.017400861636732403,0.332690467932629,51437.34267512914,Nuclei,Texture,ER
Cytoplasm_Texture_AngularSecondMoment_ER_3_00_256,0.029909243497706753,0.6417237807998741,0.12912597736926332,0.19924099833315584,100868.30335721697,Cytoplasm,Texture,ER
Nuclei_Texture_Entropy_ER_10_03_256,0.0068716812242339605,0.9071558834781861,0.04199665993059267,0.04397577536698727,12635.68652646768,Nuclei,Texture,ER
Image_Texture_SumVariance_ER_3_02_256,0.009770485918044436,0.8521241874326302,0.054712792082321354,0.08339253456700406,19148.953360591448,Image,Texture,ER
Cytoplasm_Texture_Entropy_Mito_5_01_256,0.01804079686939568,0.8065738814070275,0.06263082319950337,0.11275449852407346,7556.075134786936,Cytoplasm,Texture,Mito
Nuclei_RadialDistribution_RadialCV_RNA_4of4,0.19004190108386576,0.4397847725902198,0.05167370083424449,0.31849962549167005,18023.901317355507,Nuclei,RadialDistribution,RNA
Image_ImageQuality_Correlation_OrigMito_10,0.028515418849413842,0.8789782822415312,0.007899265853410218,0.08460703305564472,4984.803556638435,Image,ImageQuality,
Image_Texture_InverseDifferenceMoment_RNA_5_01_256,0.09438934052112659,0.7992947058287355,0.010592667034891288,0.09572328661524664,6415.084917752949,Image,Texture,RNA
Nuclei_AreaShape_MaximumRadius,0.08774024899255559,0.6820265193103798,0.1011519850890707,0.12908124660799383,10171.397051728363,Nuclei,AreaShape,
Nuclei_Texture_InverseDifferenceMoment_Mito_3_03_256,0.08256569384018293,0.7228699211657633,0.04980194792885332,0.14476243706520045,6187.629293286159,Nuclei,Texture,Mito
Image_Texture_InfoMeas1_RNA_10_00_256,0.10325662762884653,0.6879841024582667,0.016888601081710287,0.19187066883117637,9853.781222110612,Image,Texture,RNA
Nuclei_Texture_SumEntropy_DNA_10_01_256,0.0010686326557702264,0.9841684414629631,0.007145452564560489,0.007617473316706216,5648.327607281726,Nuclei,Texture,DNA
Nuclei_Texture_DifferenceEntropy_RNA_10_03_256,0.005640646374300942,0.9111413092965491,0.036913877710262284,0.046304166618887775,11013.722652363676,Nuclei,Texture,RNA
Image_Texture_InfoMeas2_AGP_5_01_256,0.19466003046601663,0.4976663277955193,0.022857664666800916,0.2848159770716632,41919.47846532613,Image,Texture,AGP
Cells_Neighbors_FirstClosestDistance_Adjacent,0.2846192351937534,0.25355793409929067,0.016584908619791106,0.44523792208716473,138782.95135727513,Cells,Neighbors,
Cytoplasm_Intensity_MassDisplacement_ER,0.05382693382994427,0.6095438453258334,0.05270941934923887,0.2839198014949836,12511.527094873429,Cytoplasm,Intensity,ER
Cytoplasm_Texture_InfoMeas1_DNA_10_00_256,0.007609792659268879,0.9397377372273137,0.0165237832680854,0.036128686845332,6277.705366248984,Cytoplasm,Texture,DNA
Cytoplasm_Texture_DifferenceEntropy_Mito_5_00_256,0.04518132121944289,0.6974056506281744,0.0822087786893066,0.17520424946307617,11420.49923150077,Cytoplasm,Texture,Mito
Nuclei_Texture_AngularSecondMoment_Mito_3_00_256,0.01950670737101477,0.7463774216304087,0.09426878214714735,0.13984708885142927,19028.246618686353,Nuclei,Texture,Mito
Cytoplasm_RadialDistribution_RadialCV_DNA_2of4,0.04958319926831292,0.7210606441673594,0.14036096331596645,0.08899519324836122,76417.27185296695,Cytoplasm,RadialDistribution,DNA
Cytoplasm_Granularity_12_RNA,0.1322958298458155,0.608836108460535,0.031233919960600008,0.22763414173304938,10212.726961839144,Cytoplasm,Granularity,RNA
Cells_Granularity_9_DNA,0.03700750363819833,0.8833945203982484,0.0032645954227459605,0.07633338054080739,4741.252232006294,Cells,Granularity,DNA
Cells_Intensity_MaxIntensity_AGP,0.024768508433220458,0.880152422773514,0.01327501810378603,0.08180405068947955,8553.043707711671,Cells,Intensity,AGP
Nuclei_Texture_InverseDifferenceMoment_AGP_5_01_256,0.009268073767340311,0.9251940077516703,0.03858788409220286,0.026950034388786376,22239.211351824648,Nuclei,Texture,AGP
Nuclei_Texture_SumEntropy_AGP_3_03_256,0.008547633069014435,0.9263045514185253,0.038152124711112116,0.02699569080134814,33166.962217574735,Nuclei,Texture,AGP
Image_ImageQuality_PercentMinimal_OrigMito,0.0142154543127797,0.4499462839246891,0.019114666098481586,0.5167235956640496,33002.856243531154,Image,ImageQuality,
Nuclei_Texture_SumEntropy_RNA_10_02_256,0.005228977803465491,0.9126220346314666,0.03501806934054246,0.04713091822452534,12428.980541293568,Nuclei,Texture,RNA
Cells_Texture_SumEntropy_ER_10_01_256,0.008712790034830182,0.8715955275397667,0.049665116297971906,0.07002656612743126,12012.946489292184,Cells,Texture,ER
Cells_Texture_InfoMeas1_AGP_3_00_256,0.008543321411047257,0.8907384658136642,0.04899118969250438,0.051727023082783936,5578.33248536231,Cells,Texture,AGP
Cytoplasm_Texture_AngularSecondMoment_Mito_3_00_256,0.017769596921499813,0.654512435619654,0.1360844058348847,0.19163356162396136,22642.13254491877,Cytoplasm,Texture,Mito
Image_Texture_SumAverage_AGP_10_03_256,0.005095921245967118,0.9697206441089091,0.01123853652971951,0.013944898115404258,31692.710745258104,Image,Texture,AGP
Nuclei_Granularity_9_ER,0.03863391308773643,0.8054780264562352,0.027102098379613214,0.12878596207641504,6050.217708875141,Nuclei,Granularity,ER
Cytoplasm_Intensity_MinIntensity_Mito,0.0006913442900317484,0.9798971680671116,0.0011880418532773669,0.01822344578957928,113711.40532111694,Cytoplasm,Intensity,Mito
Cells_Intensity_StdIntensity_DNA,0.007996369608248198,0.9370035347591099,0.025672402003403233,0.02932769362923863,19723.665226504796,Cells,Intensity,DNA
Cells_Texture_Variance_RNA_3_03_256,0.046334370657311795,0.6771088974193179,0.012354454508723025,0.26420227741464736,65600.98867046059,Cells,Texture,RNA
Nuclei_AreaShape_Extent,0.1264654304466251,0.4891520035531886,0.09273325234126477,0.2916493136589215,111513.05482063978,Nuclei,AreaShape,
Cytoplasm_Texture_DifferenceEntropy_AGP_5_03_256,0.01188100771444982,0.8844196514611852,0.05062624442745335,0.053073096396911684,14738.937047850523,Cytoplasm,Texture,AGP
Cytoplasm_Texture_InverseDifferenceMoment_DNA_10_02_256,0.0026121120140390826,0.8466819033538234,0.12293505620217153,0.027770928429965834,12195.35297778466,Cytoplasm,Texture,DNA
Cells_Texture_DifferenceEntropy_RNA_10_01_256,0.008231766450038886,0.8785330929294899,0.034754154658121525,0.07848098596234968,13264.57397236643,Cells,Texture,RNA
Image_Texture_SumVariance_ER_10_02_256,0.010129656295262638,0.8476767785229282,0.0532825113863742,0.08891105379543497,18682.252959492536,Image,Texture,ER
Cells_Texture_Correlation_AGP_3_03_256,0.017656090097754342,0.8862330888651154,0.024680124730862302,0.07143069630626804,5483.910530617949,Cells,Texture,AGP
Image_Intensity_MinIntensity_AGP,0.0018247227192716353,0.955853763531185,2.7999918187959794e-05,0.042293513831355434,43646.99834998496,Image,Intensity,AGP
Cells_Granularity_4_DNA,0.2125386012221718,0.42328331270571334,0.013201608209562895,0.3509764778625519,56078.16043156265,Cells,Granularity,DNA
Image_Texture_SumAverage_DNA_10_02_256,0.0014373062790266726,0.9730690382498751,0.011898224157948643,0.013595431313149704,68152.6022613903,Image,Texture,DNA
Image_ImageQuality_ThresholdOtsu_OrigDNA_2W,0.000369608429022668,0.992997366526512,0.0006282187184244864,0.006004806326040834,27338.954010465088,Image,ImageQuality,
Cytoplasm_Texture_Correlation_ER_10_01_256,0.07290660604197005,0.2854251054658077,0.07722743690635957,0.5644408515858628,31521.950913091023,Cytoplasm,Texture,ER
Cytoplasm_Texture_SumVariance_RNA_3_01_256,0.03152011660570543,0.7358135453167344,0.003967559084102943,0.2286987789934574,68379.93985780262,Cytoplasm,Texture,RNA
Cytoplasm_Granularity_13_RNA,0.1399002512272379,0.5984875182428065,0.032405707753364724,0.22920652277659073,11258.053523766892,Cytoplasm,Granularity,RNA
Image_Texture_InverseDifferenceMoment_AGP_5_00_256,0.0758374465062982,0.7927506767696985,0.038901787346608686,0.09251008937739467,5130.355686253093,Image,Texture,AGP
Cells_Texture_SumVariance_AGP_10_03_256,0.12477179066645443,0.38078877015429885,0.013827697625474583,0.48061174155377206,44597.01575431947,Cells,Texture,AGP
Cytoplasm_Texture_DifferenceVariance_DNA_10_01_256,0.0009936416539613492,0.9763679774119522,0.012580765077361765,0.010057615856724685,35092.33877911203,Cytoplasm,Texture,DNA
Nuclei_RadialDistribution_RadialCV_AGP_1of4,0.007672588998563809,0.9452083635124565,0.0035835011119736706,0.04353554637700591,5299.584572922085,Nuclei,RadialDistribution,AGP
Cells_Texture_SumEntropy_RNA_5_03_256,0.00835782423375667,0.8704729887698296,0.04461837684828846,0.07655081014812515,15885.845676594536,Cells,Texture,RNA
Cells_Texture_Entropy_DNA_3_00_256,0.0064538977911634725,0.9610598866045527,0.0076748530058963526,0.02481136259838757,6149.7184341541015,Cells,Texture,DNA
Image_ImageQuality_Correlation_OrigDNA_20,0.13368989257141195,0.48302461148451353,0.012017086888858271,0.3712684090552163,12982.071022726803,Image,ImageQuality,
Cytoplasm_Texture_Contrast_DNA_3_00_256,0.015440175785466172,0.7565899576966907,0.10976469700794152,0.11820516950990173,55470.93840767253,Cytoplasm,Texture,DNA
Image_Texture_AngularSecondMoment_RNA_5_00_256,0.33895941395741397,0.3685288837146786,0.023068145036422114,0.2694435572914852,38042.686912202946,Image,Texture,RNA
Cells_Texture_SumEntropy_RNA_3_01_256,0.008461777281724868,0.8722854879901347,0.0435176875528336,0.07573504717530681,16163.445830538254,Cells,Texture,RNA
Cytoplasm_Correlation_K_AGP_DNA,0.06664727958138016,0.6341981818004284,0.14174029483577105,0.15741424378242028,60675.129029635005,Cytoplasm,Correlation,AGP
Cytoplasm_Intensity_MinIntensityEdge_DNA,0.0007204253479757494,0.9869622890308621,0.003791672667713031,0.008525612953449089,22058.094268583245,Cytoplasm,Intensity,DNA
Image_Texture_DifferenceEntropy_RNA_3_01_256,0.09450967311181786,0.7846489238844371,0.01640429252814521,0.10443711047559988,6523.634697028467,Image,Texture,RNA
Nuclei_Texture_AngularSecondMoment_Mito_3_03_256,0.018679091224374694,0.7433430720050532,0.09617365314126908,0.14180418362930305,20154.76268329943,Nuclei,Texture,Mito
Nuclei_RadialDistribution_RadialCV_Mito_4of4,0.1141110342138576,0.5678960663773536,0.09665671842507202,0.22133618098371682,10451.718696035423,Nuclei,RadialDistribution,Mito
Cytoplasm_Texture_Contrast_ER_5_03_256,0.12928681085930907,0.350356469094566,0.04312851503888853,0.47722820500723645,32344.460668533822,Cytoplasm,Texture,ER
Nuclei_RadialDistribution_FracAtD_DNA_2of4,0.07725920907121184,0.491996159195396,0.11545857075754716,0.31528606097584505,43204.70094549953,Nuclei,RadialDistribution,DNA
Image_Intensity_UpperQuartileIntensity_Mito_BackgroundOnly,0.0011615134937254523,0.956280114146995,0.003975781268374204,0.03858259109090547,84384.11115395483,Image,Intensity,Mito
Cells_RadialDistribution_FracAtD_mito_tubeness_13of16,0.1837341581307851,0.3121260254304208,0.0752786512793685,0.4288611651594256,22045.233870142132,Cells,RadialDistribution,
Image_Texture_DifferenceVariance_DNA_3_03_256,0.0021826224540274415,0.9654767271234255,0.017666443226697044,0.014674207195850147,117786.50084975542,Image,Texture,DNA
Cells_Texture_SumEntropy_AGP_10_00_256,0.007515204891865892,0.9152985063130759,0.040012201942566133,0.037174086852492044,26608.672196261163,Cells,Texture,AGP
Image_Texture_Correlation_ER_5_00_256,0.07267827538958588,0.7275062114640418,0.019721248537804967,0.18009426460856728,10435.261332494432,Image,Texture,ER
Image_Texture_Entropy_DNA_3_01_256,0.014760916640222086,0.9508853123059587,0.004172371141162539,0.030181399912656587,24704.483975999294,Image,Texture,DNA
Nuclei_Texture_Entropy_ER_3_00_256,0.00925196415666171,0.8891788410702939,0.04320218413188801,0.058367010641156576,11879.786261920814,Nuclei,Texture,ER
Cells_Texture_InfoMeas1_RNA_5_03_256,0.024252862916336906,0.4942802219906521,0.24179855867456773,0.23966835641844325,23988.324516057837,Cells,Texture,RNA
Image_Texture_SumAverage_ER_3_00_256,0.007805501811430487,0.9694512271066131,0.0031711664066875803,0.019572104675268744,33528.00872963384,Image,Texture,ER
Cells_Texture_SumEntropy_DNA_5_02_256,0.005248674392404928,0.9667206823669137,0.006321331848687716,0.021709311391993773,6338.309226212455,Cells,Texture,DNA
Nuclei_Intensity_MinIntensity_ER,0.0021493411999105884,0.978176505438321,0.005326017884886086,0.014348135476882372,8821.483375505159,Nuclei,Intensity,ER
Image_Texture_DifferenceEntropy_DNA_5_00_256,0.01851999552798647,0.9416910426060882,0.005060668904773133,0.034728292961152145,13372.106225687281,Image,Texture,DNA
Nuclei_RadialDistribution_RadialCV_Mito_3of4,0.3142119863486442,0.2710220170709861,0.027351455565864765,0.3874145410145048,70528.0182647728,Nuclei,RadialDistribution,Mito
Nuclei_Intensity_MADIntensity_ER,0.07434423856468117,0.6826871752224378,0.012413485866712289,0.23055510034616875,13375.726214971668,Nuclei,Intensity,ER
Image_Texture_InverseDifferenceMoment_DNA_10_01_256,0.027147539611281614,0.924722894270256,0.002413188447168348,0.04571637767129395,12966.11218548282,Image,Texture,DNA
Cytoplasm_RadialDistribution_MeanFrac_mito_tubeness_16of20,0.049975763170769474,0.6340191535488565,0.017518135207731697,0.2984869480726423,53801.0053459965,Cytoplasm,RadialDistribution,
Nuclei_Texture_InfoMeas1_DNA_3_03_256,0.05138781949971156,0.8260403518862621,0.011185170878532573,0.11138665773549371,6149.737871152623,Nuclei,Texture,DNA
Cells_RadialDistribution_MeanFrac_mito_tubeness_10of16,0.042728312493773894,0.728758002971223,0.05026374315638034,0.1782499413786227,6243.779164523856,Cells,RadialDistribution,
Cytoplasm_Texture_InfoMeas2_DNA_10_02_256,0.005339164597012648,0.9635696406695369,0.013192184974172936,0.01789900975927756,3543.131651589743,Cytoplasm,Texture,DNA
Image_Intensity_TotalIntensity_AGP__BackgroundOnly,0.03391509735865728,0.7366699773516854,0.017646459950905913,0.21176846533875152,7922.971981128564,Image,Intensity,AGP
Cells_Texture_Contrast_AGP_5_01_256,0.09124910187159561,0.5118624848786254,0.009053604113083782,0.38783480913669505,59123.783510001085,Cells,Texture,AGP
Nuclei_RadialDistribution_RadialCV_RNA_2of4,0.04329332382882984,0.8020322010943993,0.053037148957611115,0.10163732611915978,10684.491559769162,Nuclei,RadialDistribution,RNA
Cells_Texture_DifferenceEntropy_ER_3_01_256,0.023038820879816093,0.817860431638553,0.052141781956100086,0.10695896552553093,7503.794329117983,Cells,Texture,ER
Cytoplasm_Correlation_RWC_ER_Mito,0.06848164637433725,0.6238798638656461,0.11465248447153588,0.19298600528848078,13990.005704193223,Cytoplasm,Correlation,ER
Cytoplasm_Texture_DifferenceVariance_DNA_5_01_256,0.0008370983280476268,0.9782334634694622,0.005791950060966157,0.015137488141524038,40789.858675742245,Cytoplasm,Texture,DNA
Nuclei_Texture_Contrast_ER_3_03_256,0.10360077405519187,0.502611578928046,0.014742220962455154,0.379045426054307,57083.314285200395,Nuclei,Texture,ER
Cytoplasm_Texture_InfoMeas1_ER_3_00_256,0.0413309328833241,0.7325573046624089,0.057415173942684535,0.16869658851158265,20309.103898831374,Cytoplasm,Texture,ER
Image_Texture_SumEntropy_ER_3_01_256,0.16023630898466767,0.6880204208861025,0.014621991164758062,0.13712127896447196,15178.777395373576,Image,Texture,ER
Cells_Texture_InverseDifferenceMoment_Mito_5_00_256,0.03391083415885763,0.775774867634809,0.06092474680968671,0.1293895513966467,7321.290863944898,Cells,Texture,Mito
Image_Intensity_PercentMaximal_DNA_BackgroundOnly,0.02322956289205532,0.4921884113984068,0.006066259010723909,0.4785157666988139,49087.573691148194,Image,Intensity,DNA
Image_Texture_Entropy_AGP_10_01_256,0.08711371194154524,0.7925027265533378,0.02292594278589679,0.0974576187192204,5596.7938712666755,Image,Texture,AGP
Image_Texture_SumVariance_DNA_10_03_256,0.0005298138658220593,0.9789786687054065,0.012671370915835737,0.007820146512935708,750873.547707007,Image,Texture,DNA
Cytoplasm_Texture_InverseDifferenceMoment_RNA_5_03_256,0.008719273479323364,0.883343964369393,0.030850332307266436,0.07708642984401713,12303.711829101796,Cytoplasm,Texture,RNA
Cytoplasm_RadialDistribution_MeanFrac_mito_tubeness_7of16,0.01897910369860831,0.40653323197762764,0.04680649026788562,0.5276811740558784,1027649.9580263036,Cytoplasm,RadialDistribution,
Nuclei_Granularity_7_AGP,0.26615498390158165,0.41293816294142016,0.02364242118195239,0.2972644319750457,112693.51614371533,Nuclei,Granularity,AGP
Image_Granularity_11_AGP,0.06926276021034918,0.48266779137057186,0.054725696169020975,0.39334375225005797,13582.317520591278,Image,Granularity,AGP
Nuclei_Texture_InfoMeas1_RNA_10_03_256,0.05739720558545271,0.811879866174698,0.025287731996596386,0.10543519624325283,18075.11994196694,Nuclei,Texture,RNA
Cells_RadialDistribution_MeanFrac_mito_tubeness_14of16,0.05548938500382878,0.6413922398854824,0.07062945264653481,0.23248892246415384,8345.188246119518,Cells,RadialDistribution,
Cytoplasm_Granularity_5_Mito,0.22501091371955179,0.3245744642283886,0.012634907510690022,0.43777971454136955,28662.08637075556,Cytoplasm,Granularity,Mito
Cytoplasm_RadialDistribution_MeanFrac_mito_tubeness_20of20,0.02830664849394639,0.6532425517685706,0.057932769518050896,0.26051803021943204,25812.756734383962,Cytoplasm,RadialDistribution,
Image_Texture_DifferenceVariance_AGP_10_03_256,0.02438601927780685,0.7415253894361196,0.15745883382300208,0.07662975746307149,242622.20136780402,Image,Texture,AGP
Image_Texture_Correlation_ER_3_02_256,0.05884497130825217,0.7299648292544523,0.022992402011483535,0.18819779742581197,14471.52768980862,Image,Texture,ER
Cytoplasm_RadialDistribution_MeanFrac_mito_tubeness_2of20,0.02993137276196609,0.0019259479819115385,0.0022386057791963527,0.965904073476926,1199.6642104281318,Cytoplasm,RadialDistribution,
Cells_RadialDistribution_RadialCV_ER_2of4,0.04344523279075949,0.6954299833280445,0.07577691617956452,0.18534786770163153,6371.4617047066595,Cells,RadialDistribution,ER
Cytoplasm_Correlation_Overlap_DNA_Mito,0.013546974350116649,0.8109080033417977,0.09498437469347532,0.08056064761461026,7300.218770221897,Cytoplasm,Correlation,DNA
Image_Granularity_16_Mito,0.15612851579987264,0.07595154375387267,0.0041550726170520354,0.7637648678292027,23807.621304397737,Image,Granularity,Mito
Nuclei_Texture_InfoMeas1_DNA_10_01_256,0.04892723873272235,0.8249499745572579,0.028427181261612807,0.09769560544840689,7624.360906505968,Nuclei,Texture,DNA
Nuclei_Texture_Variance_Mito_5_00_256,0.20476668972269044,0.2480790264704893,0.06654635990245808,0.4806079239043621,68481.02810623116,Nuclei,Texture,Mito
Cells_Texture_DifferenceVariance_DNA_5_01_256,0.0010845009667970957,0.950965234845571,0.027341806699668826,0.02060845748796303,98119.71466789531,Cells,Texture,DNA
Cytoplasm_AreaShape_BoundingBoxArea,0.14043788883293984,0.28588358986057694,0.04137597042633237,0.5323025508801508,78688.41882843223,Cytoplasm,AreaShape,
Cells_Texture_AngularSecondMoment_DNA_3_02_256,0.004385218688025958,0.9293458925032171,0.026299240153610577,0.039969648655146385,8725.36842580816,Cells,Texture,DNA
Cytoplasm_Granularity_9_DNA,0.029784242258389937,0.7808506100511955,0.033856575000715816,0.15550857268969875,21987.46130349985,Cytoplasm,Granularity,DNA
Image_Texture_Variance_ER_5_02_256,0.009850874831564587,0.8523932851353355,0.055619441587722585,0.0821363984453773,18912.140602681877,Image,Texture,ER
Nuclei_Texture_InfoMeas1_RNA_5_02_256,0.041455442422536556,0.8332271675378836,0.021086466121674922,0.10423092391790487,13879.752100017076,Nuclei,Texture,RNA
Nuclei_Texture_SumVariance_DNA_3_02_256,0.035470144199993815,0.8016053384697499,0.04004707443883484,0.12287744289142137,408191.5856506155,Nuclei,Texture,DNA
Cytoplasm_Texture_Variance_Mito_3_03_256,0.1279920319025516,0.3572748710551415,0.06097219609799241,0.4537609009443145,31889.491167239772,Cytoplasm,Texture,Mito
Nuclei_Texture_Correlation_Mito_5_03_256,0.035572223280066366,0.8430308267596591,0.013615952385912346,0.10778099757436216,5553.642132905392,Nuclei,Texture,Mito
Cytoplasm_Texture_Correlation_RNA_3_01_256,0.046040442822238924,0.5679862197476918,0.1597629140847295,0.22621042334533964,31631.871004444823,Cytoplasm,Texture,RNA
Cytoplasm_Texture_InverseDifferenceMoment_Mito_3_03_256,0.02733955709071951,0.7885604277796167,0.06585407735074106,0.11824593777892276,7677.550381954212,Cytoplasm,Texture,Mito
Image_Intensity_MaxIntensity_AGP,0.00412214667697114,0.9133382021387009,0.028742801992915488,0.05379684919141247,9643.383602370057,Image,Intensity,AGP
Cells_Texture_AngularSecondMoment_Mito_5_03_256,0.022402174739631395,0.5568395229817038,0.14232454893514992,0.2784337533435149,36787.68323988727,Cells,Texture,Mito
Cells_Texture_Entropy_ER_5_02_256,0.009233369483558133,0.8778127452689961,0.04776448255571191,0.06518940269173368,9520.628269709625,Cells,Texture,ER
Cytoplasm_Texture_Entropy_ER_10_00_256,0.009935941481447956,0.8910806125906702,0.04829651442284315,0.05068693150503856,10127.450873537131,Cytoplasm,Texture,ER
Nuclei_Texture_Contrast_Mito_3_02_256,0.2391861936704946,0.18885609548132537,0.0856820977396246,0.48627561310855544,62761.480611270395,Nuclei,Texture,Mito
Cytoplasm_Texture_SumVariance_ER_5_03_256,0.061310171331324444,0.607038004676068,0.07296577832595258,0.258686045666655,13851.961087096683,Cytoplasm,Texture,ER
Cells_Texture_DifferenceEntropy_ER_5_02_256,0.02188294284569468,0.8249336892973211,0.04977408192034391,0.10340928593664035,7880.383098053652,Cells,Texture,ER
Cells_Texture_DifferenceEntropy_Mito_3_01_256,0.064302978501895,0.6645440537594364,0.07634659631413007,0.19480637142453858,12050.125533438382,Cells,Texture,Mito
Cytoplasm_RadialDistribution_MeanFrac_mito_tubeness_12of20,0.1911086843172191,0.24836702956067055,0.05301465472678604,0.5075096313953242,78704.62860674245,Cytoplasm,RadialDistribution,
Nuclei_AreaShape_Zernike_7_1,0.12920384344827804,0.301896615251556,0.06675633415111003,0.5021432071490559,20171.82765858108,Nuclei,AreaShape,
Cells_RadialDistribution_MeanFrac_ER_3of4,0.020476897781437485,0.7546820172957894,0.031966942624678765,0.1928741422980943,9964.93647091926,Cells,RadialDistribution,ER
Cells_Texture_SumEntropy_AGP_3_02_256,0.007050563774063071,0.9112869359104122,0.04541223046071481,0.036250269854809954,32626.783803729373,Cells,Texture,AGP
Nuclei_Texture_InfoMeas2_DNA_3_03_256,0.006731236032784084,0.9753203834292118,0.005265011976447767,0.01268336856155646,8191.4690591015515,Nuclei,Texture,DNA
Nuclei_Correlation_RWC_AGP_Mito,0.11009333722970015,0.52293706854994,0.1119685317136336,0.25500106250672605,15575.741514060486,Nuclei,Correlation,AGP
Cells_AreaShape_Zernike_4_2,0.2887908336275818,0.1712608869788947,0.012820445316352357,0.5271278340771712,17170.92948762463,Cells,AreaShape,
Cells_Texture_SumEntropy_DNA_10_01_256,0.002950471281397854,0.9754590000388217,0.0054913655991998675,0.01609916308058037,4840.577470806182,Cells,Texture,DNA
Cells_RadialDistribution_FracAtD_mito_tubeness_3of16,0.25486954201708345,0.15089630644827468,0.039678138447656205,0.5545560130869857,46887.48414973312,Cells,RadialDistribution,
Cells_RadialDistribution_FracAtD_Mito_1of4,0.17103945492297612,0.2053570233849311,0.031242543685995987,0.5923609780060969,44225.40016637398,Cells,RadialDistribution,Mito
Cells_Texture_InfoMeas2_AGP_3_01_256,0.0038928506292875372,0.941259942738621,0.032614891771574596,0.022232314860516772,19898.649887042353,Cells,Texture,AGP
Cells_Texture_DifferenceVariance_Mito_10_03_256,0.010169815711552696,0.552129240436079,0.13537050796233774,0.30233043589003056,52472.29395325143,Cells,Texture,Mito
Cells_Texture_InfoMeas1_DNA_3_00_256,0.0008277935230941459,0.983828461807828,0.0032688449383158286,0.012074899730761937,38998.97788680828,Cells,Texture,DNA
Cells_Texture_InverseDifferenceMoment_RNA_10_03_256,0.007387581170601354,0.8483847693365305,0.051720023799392535,0.09250762569347565,23101.227369306696,Cells,Texture,RNA
Cytoplasm_Correlation_K_DNA_AGP,0.02917654561745587,0.7199275203712673,0.14692116276066733,0.1039747712506095,61783.94459595323,Cytoplasm,Correlation,AGP
Image_Intensity_MinIntensity_ER,0.001689903264289659,0.9639018048369503,0.007627079462622269,0.02678121243613771,20839.726183299517,Image,Intensity,ER
Image_Texture_Contrast_ER_3_00_256,0.012478158585317764,0.8226804453424967,0.0977166911147622,0.06712470495742343,25414.975470918427,Image,Texture,ER
Image_Texture_SumEntropy_AGP_3_01_256,0.10523458862530732,0.7634492487184381,0.020114936220249586,0.11120122643600494,6364.928037247439,Image,Texture,AGP
Cytoplasm_Texture_Correlation_AGP_10_03_256,0.06277745362375241,0.3795383180738727,0.0345709065716574,0.5231133217307175,33198.80047794098,Cytoplasm,Texture,AGP
Cytoplasm_Texture_SumAverage_Mito_5_02_256,0.00420959092002084,0.9531632437892228,0.007739835247125791,0.03488733004363043,35335.09832327207,Cytoplasm,Texture,Mito
Nuclei_Correlation_Manders_AGP_DNA,0.2711581707026997,0.2776984971988991,0.1637312389353045,0.28741209316309674,179880.58726342424,Nuclei,Correlation,AGP
Cells_Correlation_Correlation_AGP_RNA,0.0543446773399366,0.7806124284612562,0.058048977699512054,0.10699391649929506,21579.307543790947,Cells,Correlation,AGP
Cytoplasm_Texture_SumEntropy_Mito_5_00_256,0.01910502780897301,0.7990504965285153,0.0629885044949635,0.11885597116754806,8078.487716207387,Cytoplasm,Texture,Mito
Cells_Texture_DifferenceEntropy_DNA_5_02_256,0.009320508565445576,0.950248683938436,0.011586703338213263,0.02884410415790508,5734.948592846489,Cells,Texture,DNA
Cytoplasm_Texture_Variance_RNA_10_03_256,0.03069400847906726,0.7627567775120364,0.003417084364431531,0.20313212964446467,75566.57456002005,Cytoplasm,Texture,RNA
Nuclei_Correlation_Correlation_DNA_RNA,0.05456765039083951,0.6570540929063287,0.13302572967557258,0.15535252702725932,8478.18841194391,Nuclei,Correlation,DNA
Cytoplasm_Intensity_MinIntensityEdge_ER,0.0011217150621275322,0.9840700927847915,0.0018518204433900089,0.01295637170969099,76250.2520182057,Cytoplasm,Intensity,ER
Nuclei_Texture_SumEntropy_RNA_3_01_256,0.004050197203803577,0.9108750393686541,0.03571991830937409,0.049354845118168164,12655.990368022723,Nuclei,Texture,RNA
Cells_Texture_Contrast_ER_3_03_256,0.13968867675890143,0.3485712511098977,0.026645601512383404,0.48509447061881744,46435.667748837994,Cells,Texture,ER
Cells_Texture_DifferenceEntropy_ER_3_00_256,0.025602760009181335,0.8023948116301276,0.056174358294816366,0.1158280700658747,6990.701111881197,Cells,Texture,ER
Cells_Texture_SumAverage_DNA_5_01_256,0.003532931469510384,0.9566089777078683,0.022452785627130753,0.017405305195490595,35043.80756873309,Cells,Texture,DNA
Cytoplasm_Texture_InfoMeas2_AGP_5_03_256,0.008322400466397324,0.9422413974963572,0.02195226568659844,0.027483936350647047,33630.16169027855,Cytoplasm,Texture,AGP
Image_Texture_Correlation_Mito_10_01_256,0.045351093652122594,0.8050626753511896,0.015996469193035323,0.1335897618036526,9052.41313751498,Image,Texture,Mito
Nuclei_RadialDistribution_FracAtD_RNA_3of4,0.09915985297600372,0.3607442169179312,0.06998293196282142,0.47011299814324364,36384.38515647595,Nuclei,RadialDistribution,RNA
Nuclei_Texture_SumEntropy_ER_5_02_256,0.00871598661884345,0.8855515689566346,0.04025813936694615,0.06547430505757587,12435.257154585555,Nuclei,Texture,ER
Cytoplasm_Texture_AngularSecondMoment_ER_5_01_256,0.027555008690090144,0.6519727462427978,0.13233967289593657,0.1881325721711755,174419.2721148499,Cytoplasm,Texture,ER
Cytoplasm_Texture_DifferenceEntropy_AGP_3_02_256,0.013013140674313368,0.8756545405690536,0.05607130221937143,0.05526101653726165,11039.395930558108,Cytoplasm,Texture,AGP
Cytoplasm_Texture_AngularSecondMoment_Mito_10_03_256,0.027588291041255097,0.5553239737494168,0.15293429116199556,0.26415344404733254,40466.684629345094,Cytoplasm,Texture,Mito
Cytoplasm_Texture_SumAverage_Mito_10_03_256,0.004389101873183832,0.9520171033829853,0.008058466049755061,0.035535328694075954,34164.801023456566,Cytoplasm,Texture,Mito
Image_ImageQuality_PercentMinimal_OrigDNA,0.00037251523483404204,0.9924223273953282,4.094773521463114e-06,0.0072010625963162276,733052.5361000005,Image,ImageQuality,
Image_Texture_Variance_AGP_5_03_256,0.015743406359263457,0.804731847233621,0.07322774723182052,0.106296999175295,8429.978780913669,Image,Texture,AGP
Nuclei_Texture_Contrast_ER_10_03_256,0.09068365401776954,0.536929060016001,0.014188692206689845,0.35819859375953955,64113.01464318496,Nuclei,Texture,ER
Nuclei_Texture_InfoMeas1_AGP_3_03_256,0.050704485497090855,0.8108529590421932,0.01712070189235127,0.1213218535683646,11672.084787156382,Nuclei,Texture,AGP
Image_Texture_InfoMeas1_ER_10_00_256,0.11072579714771934,0.6467382173252949,0.01639943490166579,0.22613655062532015,8751.994460294438,Image,Texture,ER
Image_Texture_SumVariance_RNA_3_02_256,0.009797095194369457,0.8905774084369629,0.02168025249709002,0.07794524387157761,48595.18523549362,Image,Texture,RNA
Cells_Texture_SumVariance_DNA_10_03_256,0.008362028061176294,0.8994683671405438,0.05002851521943273,0.042141089578847005,378969.9274706224,Cells,Texture,DNA
Nuclei_Texture_Entropy_Mito_5_00_256,0.054675319448379514,0.7747906355720128,0.049125565480453846,0.12140847949915383,5942.10884170242,Nuclei,Texture,Mito
Cytoplasm_Texture_SumVariance_RNA_3_02_256,0.03141583258124805,0.7381908728649279,0.004027018034688331,0.22636627651913566,69109.47375216329,Cytoplasm,Texture,RNA
Cells_Intensity_MassDisplacement_DNA,0.03399107568056622,0.8174192851302402,0.03425680250463816,0.11433283668455549,17420.190588294587,Cells,Intensity,DNA
Cytoplasm_Texture_SumVariance_AGP_5_02_256,0.09687292638657176,0.4334425463126478,0.012910011840344186,0.45677451546043624,37672.88136572162,Cytoplasm,Texture,AGP
Nuclei_Texture_Variance_DNA_3_02_256,0.03980847923007974,0.7826416437935345,0.04319460039402989,0.13435527658235583,372950.8485087189,Nuclei,Texture,DNA
Cells_Texture_InfoMeas2_ER_10_01_256,0.009881754099046942,0.8525741572814471,0.06671287024263481,0.07083121837687101,15224.557833947332,Cells,Texture,ER
Image_Texture_InfoMeas2_AGP_10_01_256,0.18886412032710737,0.46680815044191354,0.024817385296626072,0.31951034393435296,24845.89502378599,Image,Texture,AGP
Cells_Granularity_2_RNA,0.08922934738684798,0.6764495604100867,0.016777043466216324,0.217544048736849,15774.795161730677,Cells,Granularity,RNA
Nuclei_Texture_Variance_ER_5_01_256,0.0820064472158942,0.5588027961646126,0.014465402699840167,0.34472535391965303,60378.44080324973,Nuclei,Texture,ER
Cytoplasm_RadialDistribution_RadialCV_mito_tubeness_3of16,0.024285810879439464,0.15980205957250992,0.003729089325748195,0.8121830402223024,151437.51515716815,Cytoplasm,RadialDistribution,
Cells_Texture_Variance_RNA_3_00_256,0.04650558915108371,0.675379474140451,0.012368092300275723,0.2657468444081897,65261.31515346187,Cells,Texture,RNA
Cells_Granularity_13_AGP,0.1712838818103547,0.46684500156275693,0.01056346465375315,0.35130765197313524,15382.046028056984,Cells,Granularity,AGP
Nuclei_Texture_InfoMeas2_AGP_3_03_256,0.009040400694743036,0.9506372531036908,0.02148207088432301,0.01884027531724315,58651.15640469336,Nuclei,Texture,AGP
Cells_Texture_Correlation_RNA_3_02_256,0.009981322542638114,0.6331613983107423,0.2609488889326576,0.095908390213962,31198.73079664175,Cells,Texture,RNA
Nuclei_Granularity_5_AGP,0.378128088924247,0.20593357808996873,0.009322710458154674,0.40661562252762967,66953.52617527888,Nuclei,Granularity,AGP
Image_Texture_DifferenceEntropy_ER_10_02_256,0.11736050578940331,0.7431549782830619,0.022322420516235033,0.11716209541129981,7643.9462277354105,Image,Texture,ER
Cytoplasm_Texture_DifferenceEntropy_RNA_10_01_256,0.010702323030139984,0.8914388007019737,0.028582553972299737,0.06927632229558671,10315.495347750057,Cytoplasm,Texture,RNA
Cytoplasm_Texture_AngularSecondMoment_RNA_5_02_256,0.02487108068429516,0.6881901932624912,0.10113889297703323,0.18579983307618056,253588.50885127316,Cytoplasm,Texture,RNA
Cells_Texture_Contrast_ER_10_02_256,0.13199873120338168,0.35701085723081116,0.022415266238002888,0.4885751453278043,52748.53434666751,Cells,Texture,ER
Nuclei_Texture_Correlation_DNA_10_00_256,0.005494747232143954,0.8338965122564129,0.09868988630511807,0.061918854206325084,348067.7267403835,Nuclei,Texture,DNA
Cells_RadialDistribution_RadialCV_mito_tubeness_9of16,0.05303740840863575,0.6880264762151633,0.05052798243677258,0.20840813293942834,9937.694839446582,Cells,RadialDistribution,
Nuclei_Granularity_16_ER,0.18149267804563676,0.4333225527778933,0.012657242157128736,0.3725275270193412,15771.068602278086,Nuclei,Granularity,ER
Cells_Texture_InfoMeas1_DNA_10_00_256,0.006938103608589341,0.9679625775358903,0.004483558131222094,0.020615760724298292,6069.833695293531,Cells,Texture,DNA
Cells_Texture_SumVariance_RNA_10_03_256,0.042426483350473804,0.6879314022635953,0.013172022392782817,0.25647009199314813,61759.09502343599,Cells,Texture,RNA
Cytoplasm_Texture_InfoMeas1_ER_5_02_256,0.0350782868541704,0.7017891394436769,0.0745709938219066,0.18856157988024613,17748.223017768843,Cytoplasm,Texture,ER
Image_Texture_InfoMeas2_ER_10_01_256,0.3722811099694906,0.155714956672069,0.03018992888122081,0.4418140044772195,40715.570005449976,Image,Texture,ER
Cytoplasm_Granularity_6_AGP,0.3570832316901018,0.20163922834369652,0.002955365396054186,0.4383221745701475,66793.55750435509,Cytoplasm,Granularity,AGP
Cytoplasm_RadialDistribution_MeanFrac_AGP_2of4,0.33579735811476674,0.22042623093673,0.012905697528582071,0.4308707134199211,81416.51663078123,Cytoplasm,RadialDistribution,AGP
Cytoplasm_Texture_Contrast_ER_3_01_256,0.13602371949702013,0.3516305248383448,0.04413750260826949,0.46820825305636554,34999.23276817405,Cytoplasm,Texture,ER
Nuclei_Correlation_RWC_ER_Mito,0.048069405565981674,0.7644053565919815,0.045172237404093506,0.1423530004379434,13568.747600650135,Nuclei,Correlation,ER
Cells_Texture_Correlation_AGP_3_00_256,0.01661719577724292,0.917114096884958,0.0176015896266467,0.048667117711152265,10898.253182872202,Cells,Texture,AGP
Image_Texture_DifferenceEntropy_AGP_10_00_256,0.07998857606771034,0.7943912282521604,0.033208534063315316,0.09241166161681408,6798.801152217434,Image,Texture,AGP
Nuclei_Texture_Correlation_Mito_5_00_256,0.013346707960348252,0.8879795071161721,0.017189641770230284,0.08148414315324937,5344.366681151509,Nuclei,Texture,Mito
Image_Granularity_16_DNA,0.10660021018188079,0.42387991937155006,0.015741690323242852,0.4537781801233263,102968.53980310922,Image,Granularity,DNA
Image_ImageQuality_MeanIntensity_OrigER,0.004843183412934728,0.9770882231002661,0.0018968309930400883,0.016171762493758998,43669.421926766074,Image,ImageQuality,
Image_Texture_DifferenceEntropy_DNA_10_01_256,0.024413672147423078,0.9340307170659266,0.00394220092003984,0.03761340986661063,12697.750104864488,Image,Texture,DNA
Nuclei_Texture_Entropy_DNA_3_00_256,0.0042585829449305525,0.9783932187325385,0.007990820596678848,0.009357377725852115,5700.35946616164,Nuclei,Texture,DNA
Nuclei_Intensity_UpperQuartileIntensity_DNA,0.008295982108644913,0.9473789516784705,0.01944229052823493,0.024882775684649774,18043.854074349525,Nuclei,Intensity,DNA
Nuclei_AreaShape_Zernike_8_4,0.12036657030122656,0.24113643241586816,0.051792228722948835,0.5867047685599563,15718.71332420208,Nuclei,AreaShape,
Cells_Granularity_1_AGP,0.0674748351708517,0.7900236365821872,0.02188296421635933,0.12061856403060171,9021.18645325991,Cells,Granularity,AGP
Cells_RadialDistribution_MeanFrac_mito_tubeness_8of20,0.21374191934140957,0.17256121159017798,0.07303033014166462,0.5406665389267479,34088.75869569284,Cells,RadialDistribution,
Cells_Correlation_Manders_RNA_DNA,0.009315167506351947,0.9373051213885589,0.007576288105730392,0.0458034229993587,26319.909967124288,Cells,Correlation,DNA
Image_Texture_InfoMeas2_DNA_3_01_256,0.09247014626775263,0.7677869279393724,0.021782714921511535,0.11796021087136321,24292.889048613408,Image,Texture,DNA
Image_Texture_SumAverage_Mito_3_03_256,0.002861107774489512,0.9681597379624624,0.002657062539828379,0.02632209172321984,52780.00729688558,Image,Texture,Mito
Image_Texture_SumEntropy_RNA_5_03_256,0.1547277328222115,0.7041308394605595,0.013472216462200945,0.12766921125502803,6408.938949467449,Image,Texture,RNA
Nuclei_Texture_SumAverage_RNA_5_03_256,0.015688514588671695,0.8901265984491834,0.014465936189808525,0.07971895077233639,9933.79039372442,Nuclei,Texture,RNA
Image_Texture_DifferenceVariance_DNA_5_01_256,0.002188605226012273,0.9632596314195122,0.019766104691495714,0.014785658662979671,123834.48162887468,Image,Texture,DNA
Nuclei_Texture_AngularSecondMoment_DNA_3_02_256,0.0006496760666767204,0.965503080436475,0.01449533755796119,0.01935190593888703,482886.4249022941,Nuclei,Texture,DNA
Cells_Texture_DifferenceVariance_AGP_10_02_256,0.003118362274207377,0.8949072725670666,0.07455032466713023,0.027424040491595827,497594.6317092946,Cells,Texture,AGP
Nuclei_Texture_SumVariance_RNA_10_01_256,0.03243695121167049,0.7494696636796206,0.027896453763264398,0.19019693134544452,80050.17832724776,Nuclei,Texture,RNA
Cytoplasm_Texture_Correlation_RNA_3_00_256,0.028533217405761993,0.61847325100945,0.19110802613981367,0.1618855054449742,31732.319738651116,Cytoplasm,Texture,RNA
Image_Texture_SumVariance_AGP_5_01_256,0.01609680619910651,0.7906549681419218,0.08004596379951827,0.11320226185945333,9089.073180865587,Image,Texture,AGP
Cells_Texture_InverseDifferenceMoment_Mito_3_01_256,0.03556631850305574,0.7750273076455989,0.06075655297181631,0.128649820879529,7340.30154304544,Cells,Texture,Mito
Nuclei_Texture_SumAverage_RNA_3_03_256,0.01618128252834137,0.8873733507142263,0.014083751403642989,0.0823616153537895,9987.21255778751,Nuclei,Texture,RNA
Image_Threshold_FinalThreshold_mito_bw,0.08018010384552815,0.5003296395388142,0.02789780063842771,0.3915924559772299,20797.087879785533,Image,Threshold,
Nuclei_Texture_InverseDifferenceMoment_RNA_5_03_256,0.004365545933402492,0.9041363066793047,0.03508261870247556,0.05641552868481717,20218.696395208004,Nuclei,Texture,RNA
Cells_Texture_Entropy_RNA_3_03_256,0.007259625706494999,0.892651634231555,0.032204758230556275,0.06788398183139364,13455.802503813014,Cells,Texture,RNA
Image_Texture_Variance_ER_3_02_256,0.009826622576583574,0.8524851758911556,0.0556451994599845,0.0820430020722764,18943.710537266677,Image,Texture,ER
Cells_Texture_Contrast_RNA_5_02_256,0.028518614002967783,0.8204613451022037,0.012864041754579317,0.13815599914024923,109014.96975700429,Cells,Texture,RNA
Image_Texture_SumEntropy_DNA_3_03_256,0.017965438979581468,0.9449068969593785,0.004230750553038479,0.03289691350800162,21055.312041464444,Image,Texture,DNA
Cells_Texture_Correlation_RNA_5_03_256,0.036203801079591987,0.550836801592785,0.21281082395861495,0.20014857336900793,25774.172266345257,Cells,Texture,RNA
Cytoplasm_Texture_Entropy_RNA_10_00_256,0.00952868781442934,0.8956797420573214,0.03169498814328035,0.06309658198496901,11058.422564669094,Cytoplasm,Texture,RNA
Image_Texture_DifferenceVariance_ER_10_02_256,0.03142713319878596,0.6643206290958522,0.24186435934649442,0.06238787835886731,67432.55085808838,Image,Texture,ER
Cytoplasm_Texture_Entropy_DNA_5_03_256,0.006954110214835477,0.9514752830035587,0.017778641297134343,0.023791965484471565,3871.920103539553,Cytoplasm,Texture,DNA
Nuclei_Texture_InfoMeas1_ER_3_02_256,0.03782748647703643,0.817435421923654,0.0156323840494439,0.12910470754986572,7095.175530048136,Nuclei,Texture,ER
Cytoplasm_Texture_SumEntropy_AGP_3_03_256,0.00871521720542322,0.9057825888896756,0.04975818318670275,0.03574401071819825,21321.06979743297,Cytoplasm,Texture,AGP
Cytoplasm_Texture_SumAverage_ER_10_01_256,0.0038808801565457835,0.9639664483042156,0.012956723535609534,0.01919594800362902,12766.297323242445,Cytoplasm,Texture,ER
Nuclei_Granularity_11_AGP,0.15738484580875092,0.5448906059727476,0.015292554059496722,0.2824319941590049,37452.1472595654,Nuclei,Granularity,AGP
Cytoplasm_Texture_DifferenceVariance_Mito_3_02_256,0.01266945345940486,0.6432510188588062,0.13460422239009046,0.2094753052916984,35757.6005769517,Cytoplasm,Texture,Mito
Cytoplasm_Texture_InfoMeas2_DNA_5_01_256,0.004034765382263788,0.9732579288332213,0.008746762414546408,0.013960543369968537,3990.3382362729817,Cytoplasm,Texture,DNA
Nuclei_Texture_InfoMeas1_RNA_5_01_256,0.04911004446324546,0.8281727676463372,0.01935740315271211,0.10335978473770523,15324.30546558902,Nuclei,Texture,RNA
Nuclei_Location_CenterMassIntensity_Z_DNA,0.0,0.0,0.0,0.0,0.0,Nuclei,Location,DNA
Nuclei_Texture_InverseDifferenceMoment_DNA_5_03_256,0.005110492571136518,0.9511923057075662,0.024888605963791152,0.018808595757506,8839.824191057447,Nuclei,Texture,DNA
Cells_Texture_InfoMeas2_DNA_5_03_256,0.0013575680685388107,0.9850917708481648,0.001946985040759155,0.011603676042537302,20602.502522193256,Cells,Texture,DNA
Cells_Granularity_16_AGP,0.07430942155579662,0.5595808215514799,0.008378753458122107,0.3577310034346013,10257.87704109803,Cells,Granularity,AGP
Image_Texture_Entropy_DNA_10_02_256,0.016112310916301914,0.9495189695520403,0.0037593756946970518,0.03060934383696072,26453.087144242312,Image,Texture,DNA
Cytoplasm_Texture_SumEntropy_Mito_3_00_256,0.018094992830632886,0.8070804496157802,0.06206804610401924,0.11275651144956757,7763.046811440645,Cytoplasm,Texture,Mito
Image_Texture_SumAverage_Mito_10_00_256,0.002857722707138617,0.968194088866056,0.002657522111299489,0.026290666315505928,52886.470078874234,Image,Texture,Mito
Cells_Texture_Entropy_Mito_3_02_256,0.023919701901668398,0.7875718843506198,0.06369422798319871,0.12481418576451313,7644.236486416687,Cells,Texture,Mito
Nuclei_Texture_DifferenceEntropy_Mito_5_03_256,0.10137274704492796,0.6769549058572173,0.0483001407886328,0.17337220630922187,7426.056931400649,Nuclei,Texture,Mito
Cytoplasm_Texture_Entropy_Mito_5_03_256,0.018040101187906728,0.8069020942597641,0.062371598404862755,0.1126862061474664,7569.3124768802445,Cytoplasm,Texture,Mito
Image_Intensity_UpperQuartileIntensity_DNA_BackgroundOnly,0.008874897885959507,0.6949373201020806,0.0001562606772761969,0.29603152133468363,27520.10928340996,Image,Intensity,DNA
Cytoplasm_Texture_InfoMeas1_RNA_10_00_256,0.048273058237400905,0.6885273862836317,0.05502429801735185,0.20817525746161555,12860.596285825472,Cytoplasm,Texture,RNA
Cells_Texture_AngularSecondMoment_RNA_10_00_256,0.030222034556473994,0.7112579808078513,0.05606451696859354,0.20245546766708108,303366.84600122395,Cells,Texture,RNA
Nuclei_Texture_InfoMeas2_DNA_3_02_256,0.00445208573659898,0.981119849372742,0.0040674278787807714,0.010360637011878305,12952.879414806066,Nuclei,Texture,DNA
Cells_Texture_Contrast_AGP_5_02_256,0.07294840575369702,0.5932864618761011,0.007871840348165012,0.3258932920220368,63866.99818083554,Cells,Texture,AGP
Cytoplasm_RadialDistribution_FracAtD_mito_tubeness_8of16,0.02325701659675905,0.64554712180817,0.06395922903081985,0.2672366325642511,732133.7030972287,Cytoplasm,RadialDistribution,
Cytoplasm_Intensity_IntegratedIntensityEdge_DNA,0.0015851529941091483,0.9674574471304692,0.006928473334588352,0.024028926540833256,20991.80751972462,Cytoplasm,Intensity,DNA
Cytoplasm_Texture_SumEntropy_DNA_10_01_256,0.004978804194076474,0.959500484843828,0.01689671085503509,0.018624000107060452,3317.6831774499965,Cytoplasm,Texture,DNA
Image_Texture_DifferenceEntropy_RNA_10_00_256,0.11410570892114535,0.7542165130348276,0.016516816335297915,0.11516096170872903,6656.862684532606,Image,Texture,RNA
Image_Texture_Variance_AGP_3_03_256,0.015702613210799472,0.8043422382292554,0.07359772806463812,0.10635742049530718,8452.166603195212,Image,Texture,AGP
Image_Texture_Variance_DNA_5_01_256,0.0005392991224182572,0.9807811139011444,0.011337263163403197,0.007342323813034126,757051.0540933846,Image,Texture,DNA
Nuclei_Correlation_Correlation_DNA_Mito,0.057527086208405735,0.6097164447108673,0.16656840571499795,0.16618806336572917,8666.205718468931,Nuclei,Correlation,DNA
Nuclei_Texture_Contrast_AGP_3_02_256,0.0474900847594575,0.7484249857053463,0.010565468046709423,0.1935194614884868,107412.59236946871,Nuclei,Texture,AGP
Image_Texture_InfoMeas2_DNA_10_03_256,0.013605998570468488,0.9125736900878805,0.01690666289819982,0.056913648443451176,6519.241257484109,Image,Texture,DNA
Cytoplasm_Intensity_MADIntensity_ER,0.03324540643338251,0.8352379870554868,0.037333415210305046,0.09418319130082561,6842.950726154441,Cytoplasm,Intensity,ER
Nuclei_Texture_Contrast_DNA_5_03_256,0.04792887051294066,0.745776655807252,0.04652414021169752,0.15977033346810982,341873.2981800786,Nuclei,Texture,DNA
Cells_RadialDistribution_FracAtD_mito_tubeness_5of16,0.24039963353504648,0.14865138303672937,0.04327477330754894,0.5676742101206752,38279.33055535768,Cells,RadialDistribution,
Cells_Texture_SumEntropy_ER_10_03_256,0.008668688185332058,0.8713588121974657,0.04960180354662158,0.07037069607058062,12019.494462554398,Cells,Texture,ER
Cells_Texture_Correlation_RNA_3_03_256,0.014994695805601466,0.5994286736191189,0.25247796804976713,0.13309866252551242,28094.280259665287,Cells,Texture,RNA
Cells_Correlation_Manders_Mito_AGP,0.07983164640161185,0.6661207005955382,0.01804248419687754,0.23600516880597247,67548.29423915554,Cells,Correlation,AGP
Image_Texture_InfoMeas1_AGP_10_01_256,0.08994247914168323,0.6514594621535373,0.04265467887681205,0.21594337982796744,11737.619081287014,Image,Texture,AGP
Nuclei_Texture_DifferenceVariance_DNA_5_03_256,0.0006849330639471973,0.9537004531341758,0.02307205730668769,0.022542556495189218,437159.5544557588,Nuclei,Texture,DNA
Nuclei_Texture_SumEntropy_AGP_3_00_256,0.008619515846222142,0.9266248154855844,0.03817781648651123,0.02657785218168213,33607.23955936457,Nuclei,Texture,AGP
Cytoplasm_Texture_InfoMeas1_Mito_3_00_256,0.037761998487959636,0.7261801528966795,0.08001438410092242,0.15604346451443848,10545.406554192876,Cytoplasm,Texture,Mito
Cytoplasm_Texture_DifferenceVariance_AGP_5_01_256,0.005027549731191338,0.8466744513461011,0.10663660954019243,0.04166138938251506,432864.97614639346,Cytoplasm,Texture,AGP
Nuclei_Texture_DifferenceEntropy_Mito_5_01_256,0.10198148190692033,0.6755683680478025,0.0483376009018228,0.17411254914345428,7455.348935782863,Nuclei,Texture,Mito
Cytoplasm_Texture_InverseDifferenceMoment_Mito_10_03_256,0.01892757626471626,0.7938758866222221,0.0665985826954663,0.12059795441759555,8143.182373004994,Cytoplasm,Texture,Mito
Cytoplasm_Texture_Entropy_RNA_3_02_256,0.00885108916063908,0.90066153107408,0.027015682445363925,0.06347169731991696,10849.756197625748,Cytoplasm,Texture,RNA
Cells_Texture_InfoMeas2_Mito_5_00_256,0.023279419534778228,0.6270475813762961,0.09710123969832457,0.25257175939060106,13809.050633903758,Cells,Texture,Mito
Cytoplasm_RadialDistribution_MeanFrac_mito_tubeness_Overflow,0.0,0.0,0.0,0.0,0.0,Cytoplasm,RadialDistribution,
Cells_Texture_InfoMeas1_RNA_10_00_256,0.029870227582054234,0.6407029728064588,0.1283390070620148,0.20108779254947215,26759.183659280614,Cells,Texture,RNA
Cytoplasm_RadialDistribution_RadialCV_DNA_1of4,0.0034217501569658174,0.9729201351153642,0.0104673329825002,0.013190781745169699,518809.5749887412,Cytoplasm,RadialDistribution,DNA
Image_ImageQuality_Scaling_OrigER,0.0,0.0,0.0,0.0,0.0,Image,ImageQuality,
Nuclei_Texture_Contrast_AGP_3_03_256,0.06293141943171732,0.6764234531252916,0.012315345042202197,0.24832978240078882,91891.19050809141,Nuclei,Texture,AGP
Image_ImageQuality_MADIntensity_OrigRNA,0.03364575949565909,0.8412220683331719,0.013935689061731843,0.11119648310943715,23916.857187955422,Image,ImageQuality,
Nuclei_Texture_InfoMeas1_DNA_5_03_256,0.07096712851859514,0.7705242357095281,0.021954114356726995,0.1365545214151497,11611.597996891625,Nuclei,Texture,DNA
Nuclei_Texture_Variance_DNA_5_01_256,0.04044344534918179,0.7797981453865789,0.04308101907056606,0.13667739019367317,370215.96017459297,Nuclei,Texture,DNA
Cytoplasm_Texture_Contrast_AGP_3_00_256,0.043960679806163805,0.7187393889637479,0.011406164447807563,0.22589376678228068,84869.6708875557,Cytoplasm,Texture,AGP
Cytoplasm_Texture_Entropy_RNA_5_01_256,0.00905444896180096,0.8981327609025979,0.030033632134678964,0.06277915800092218,11614.570969183987,Cytoplasm,Texture,RNA
Cytoplasm_Texture_InfoMeas1_ER_10_02_256,0.05407696315864594,0.7064277699037456,0.05740783879974994,0.18208742813785847,8442.785328962907,Cytoplasm,Texture,ER
Cytoplasm_Texture_Variance_AGP_5_00_256,0.0881269389298411,0.4790016528687071,0.012384416557275924,0.4204869916441758,43405.127893789075,Cytoplasm,Texture,AGP
Nuclei_Texture_InverseDifferenceMoment_AGP_10_02_256,0.01331186978795155,0.9242503592342838,0.03324311509126291,0.029194655886501688,28362.6536473458,Nuclei,Texture,AGP
Nuclei_Texture_SumVariance_DNA_10_01_256,0.02004025448773692,0.8531858911187272,0.044317043550838625,0.08245681084269729,365215.3109500436,Nuclei,Texture,DNA
Cells_RadialDistribution_MeanFrac_mito_tubeness_9of20,0.15890365199731873,0.30000323224727415,0.09253494202046789,0.4485581737349393,23711.792388672227,Cells,RadialDistribution,
Cells_Texture_Entropy_DNA_5_03_256,0.00576413478915552,0.9643231974781041,0.0067173854479761225,0.02319528228476433,5371.4552312516425,Cells,Texture,DNA
Image_Texture_Correlation_AGP_5_01_256,0.031960502592279325,0.8671282855181687,0.006965910336696293,0.09394530155285576,9246.322793761388,Image,Texture,AGP
Nuclei_Texture_Correlation_AGP_5_01_256,0.02744590036226785,0.570228764442383,0.11617030326601388,0.2861550319293352,7133.905721357498,Nuclei,Texture,AGP
Cytoplasm_Texture_InfoMeas2_DNA_10_03_256,0.00671953925872454,0.9555361216974319,0.01758167449334883,0.02016266455049468,3975.6848697447817,Cytoplasm,Texture,DNA
Cytoplasm_Texture_SumVariance_RNA_5_03_256,0.030911205118670865,0.7375482541465668,0.0037817542231436928,0.22775878651161888,68106.70901727225,Cytoplasm,Texture,RNA
Nuclei_Texture_DifferenceVariance_RNA_10_02_256,0.013337940923279536,0.8000548361747664,0.040402472428222376,0.14620475047373174,318295.2050144887,Nuclei,Texture,RNA
Cells_RadialDistribution_FracAtD_ER_3of4,0.02993900137120558,0.7002422093982901,0.02221374899540134,0.24760504023510307,9599.05224301045,Cells,RadialDistribution,ER
Cells_Texture_AngularSecondMoment_DNA_10_00_256,0.004507792378819852,0.8933354345363167,0.05748964910240765,0.04466712398245577,12129.552672887465,Cells,Texture,DNA
Cytoplasm_RadialDistribution_RadialCV_mito_tubeness_7of20,0.01957202552467587,0.5203580019738943,0.07133551629076736,0.38873445621066255,875844.342878463,Cytoplasm,RadialDistribution,
Cytoplasm_AreaShape_EulerNumber,0.01036964190759959,0.8712157987850353,0.05413416758509809,0.06428039172226717,535512.3093598289,Cytoplasm,AreaShape,
Image_Texture_DifferenceEntropy_Mito_10_02_256,0.0736368346419324,0.8182359076551734,0.02556562316011925,0.082561634542775,6337.455978506338,Image,Texture,Mito
Cytoplasm_Intensity_IntegratedIntensityEdge_RNA,0.002881289233980165,0.962149787202752,0.012020751837151322,0.022948171726116406,11652.273605461185,Cytoplasm,Intensity,RNA
Nuclei_Texture_Entropy_RNA_10_00_256,0.006189122872529612,0.9133335104806743,0.03471936970172121,0.04575799694507488,13502.828343697467,Nuclei,Texture,RNA
Cytoplasm_Texture_InfoMeas2_ER_10_01_256,0.011078521339348855,0.8902831404659295,0.04857205931842093,0.05006627887630067,8254.582369037353,Cytoplasm,Texture,ER
Image_Texture_DifferenceEntropy_Mito_3_01_256,0.06549906821039907,0.8205901609456807,0.02900210416169423,0.08490866668222591,6713.021356023361,Image,Texture,Mito
Cells_Texture_SumVariance_Mito_3_00_256,0.14266702650219015,0.3436932767025766,0.041986009912103626,0.4716536868831298,41491.447179169445,Cells,Texture,Mito
Cytoplasm_RadialDistribution_MeanFrac_mito_tubeness_9of20,0.019338384583168628,0.40234614042994976,0.04698427152317301,0.5313312034637085,1030612.4428691352,Cytoplasm,RadialDistribution,
Image_Intensity_LowerQuartileIntensity_RNA,0.0031204873479373954,0.9426186376470231,0.01198144681640406,0.04227942818863551,123084.00013774057,Image,Intensity,RNA
Image_Texture_SumVariance_AGP_3_03_256,0.015744716660965278,0.7951610964829663,0.07889546366245825,0.1101987231936102,8909.989640151145,Image,Texture,AGP
Nuclei_Texture_InfoMeas1_AGP_3_00_256,0.02864755536632926,0.8893326757264414,0.01669915915725766,0.06532060974997178,6543.722908923326,Nuclei,Texture,AGP
Cells_Texture_SumAverage_AGP_10_01_256,0.003230392476990089,0.9628223146646971,0.0186637536946887,0.01528353916362404,6705.497895396853,Cells,Texture,AGP
Cytoplasm_Texture_SumAverage_Mito_5_01_256,0.004324557287610742,0.9525583119717989,0.007915084632231914,0.03520204610835856,35108.663883004316,Cytoplasm,Texture,Mito
Nuclei_Texture_AngularSecondMoment_ER_5_01_256,0.018364494752437392,0.6628079138676065,0.12188049796458986,0.1969470934153662,159101.56614748584,Nuclei,Texture,ER
Image_Texture_InfoMeas1_DNA_10_02_256,0.10615788232461654,0.6581418592351078,0.053610414204105186,0.18208984423617053,29048.00351985346,Image,Texture,DNA
Cytoplasm_Texture_Entropy_AGP_3_03_256,0.00822221634241854,0.9031478287943225,0.053357448374029656,0.03527250648922924,17909.86192286395,Cytoplasm,Texture,AGP
Cells_Texture_Entropy_RNA_3_01_256,0.007236157558153824,0.8922853865729808,0.03245177493119098,0.06802668093767442,13592.59619134019,Cells,Texture,RNA
Nuclei_AreaShape_Zernike_0_0,0.11313267395650269,0.45012303259839886,0.06360606257829031,0.3731382308668082,24618.963257465504,Nuclei,AreaShape,
Cells_Texture_Variance_ER_5_01_256,0.09042672762755258,0.49292344311708236,0.01978851797772411,0.39686131127764096,36444.65209346606,Cells,Texture,ER
Cytoplasm_Texture_InfoMeas2_RNA_3_02_256,0.030640548672937886,0.6277938766206831,0.21362246042271915,0.1279431142836598,50802.22115730059,Cytoplasm,Texture,RNA
Cells_Texture_DifferenceEntropy_AGP_3_01_256,0.011841195150092174,0.8790837129544726,0.05105761523849463,0.05801747665694055,15373.069536822954,Cells,Texture,AGP
Image_ImageQuality_PercentMaximal_OrigER,0.022088910096222047,0.31439621485234226,0.03545504307917004,0.6280598319722656,741097.8336880656,Image,ImageQuality,
Cytoplasm_Texture_AngularSecondMoment_ER_5_00_256,0.02918371192281677,0.6452762681835256,0.13121049974718357,0.19432952014647406,142754.56702721491,Cytoplasm,Texture,ER
Nuclei_Texture_Contrast_AGP_3_00_256,0.045864741335978135,0.757780890932989,0.01116747792724151,0.1851868898037914,113094.52571006338,Nuclei,Texture,AGP
Cytoplasm_Intensity_MinIntensityEdge_RNA,0.0025202288034098484,0.9646789002138253,0.00244295657725212,0.03035791440551274,83695.97920870288,Cytoplasm,Intensity,RNA
Cytoplasm_Texture_InverseDifferenceMoment_DNA_10_00_256,0.002636286465274413,0.8440862500676137,0.12461309697207232,0.02866436649503949,13958.478376075338,Cytoplasm,Texture,DNA
Cytoplasm_Granularity_11_Mito,0.07362833011345543,0.5898642807263866,0.0783695802638795,0.25813780889627846,8151.029020286838,Cytoplasm,Granularity,Mito
Cells_Granularity_10_RNA,0.08458005161190478,0.6876428785185885,0.02822499853184536,0.19955207133766142,7512.531618468761,Cells,Granularity,RNA
Image_Texture_Contrast_RNA_10_01_256,0.00866299007994153,0.8988389704356973,0.02330305081927163,0.06919498866508943,79356.83394813386,Image,Texture,RNA
Nuclei_Texture_AngularSecondMoment_RNA_10_00_256,0.012585744629705216,0.8509016349301666,0.012690042675792747,0.12382257776433545,369156.83364711696,Nuclei,Texture,RNA
Cytoplasm_Correlation_K_ER_DNA,0.05168553656352805,0.6333718744358833,0.08367755532976874,0.2312650336708199,9324.435935455595,Cytoplasm,Correlation,DNA
Image_Texture_SumAverage_RNA_3_02_256,0.01397253193292268,0.925715713479141,0.01295357614400566,0.04735817844393075,24696.3292913318,Image,Texture,RNA
Nuclei_Texture_SumEntropy_AGP_5_03_256,0.007941667171891945,0.9281483963884993,0.037644906103593515,0.026265030336015214,33011.41477650229,Nuclei,Texture,AGP
Image_Texture_Correlation_RNA_10_02_256,0.18955434524022874,0.4853783653798545,0.04300793209297725,0.2820593572869396,14565.285141092307,Image,Texture,RNA
Image_Granularity_16_RNA,0.11677151880517722,0.36223293538090173,0.021282140288101208,0.4997134055258199,13616.693852638058,Image,Granularity,RNA
Cells_Texture_InfoMeas1_RNA_5_00_256,0.02507808207445162,0.42489752347492504,0.3040260654910964,0.2459983289595269,22679.681173440586,Cells,Texture,RNA
Image_Intensity_MeanIntensity_AGP,0.00509065465572774,0.9696729513834074,0.011296769804444188,0.013939624156420707,31557.16140679995,Image,Intensity,AGP
Cells_Texture_SumAverage_DNA_3_00_256,0.003200809812076931,0.9585404683464612,0.02228305799626892,0.015975663845192858,35689.85522203735,Cells,Texture,DNA
Cytoplasm_Texture_AngularSecondMoment_Mito_5_03_256,0.021299345186134078,0.603448779971786,0.14858610466832328,0.2266657701737567,30269.44647412927,Cytoplasm,Texture,Mito
Nuclei_Texture_InfoMeas1_Mito_5_00_256,0.12596766008132693,0.5754869113597942,0.036642883011701696,0.26190254554717723,8208.596711375933,Nuclei,Texture,Mito
Nuclei_Texture_InfoMeas2_RNA_10_01_256,0.0051812573009444455,0.883841988719454,0.049759607973419766,0.061217146006181875,11650.47672173195,Nuclei,Texture,RNA
Image_Texture_Entropy_Mito_10_02_256,0.06499545085849948,0.843627374157255,0.018342627526427086,0.07303454745781836,5827.811013620878,Image,Texture,Mito
Cytoplasm_Texture_InfoMeas2_ER_5_00_256,0.015844311842764473,0.8512299682835588,0.06010918343340033,0.07281653644027633,24337.93595099986,Cytoplasm,Texture,ER
Cells_Texture_Entropy_ER_3_03_256,0.009543770859324197,0.8766817068772161,0.0479805609617577,0.06579396130170195,9358.978465949875,Cells,Texture,ER
Image_Texture_InverseDifferenceMoment_Mito_5_02_256,0.04770833072488017,0.8665965267486129,0.015890182205677228,0.06980496032082982,6591.976582725318,Image,Texture,Mito
Nuclei_Texture_SumVariance_DNA_5_01_256,0.03379564133177845,0.8083947514800882,0.03961278116926385,0.1181968260188695,395465.5167532967,Nuclei,Texture,DNA
Image_Intensity_TotalIntensity_DNA,0.0013868457496676195,0.9731577898169902,0.011868566037814889,0.013586798395527367,71158.08119167705,Image,Intensity,DNA
Cytoplasm_RadialDistribution_RadialCV_mito_tubeness_15of16,0.07481300360058477,0.690383127630545,0.04050783978117876,0.19429602898769155,20881.490611819227,Cytoplasm,RadialDistribution,
Cells_Texture_Variance_DNA_10_00_256,0.013988613456071152,0.8663530679670891,0.05689741810813049,0.06276090046870926,424081.72300358396,Cells,Texture,DNA
Cells_Texture_SumEntropy_Mito_5_00_256,0.021924833448213013,0.7795574085568606,0.06432004693156161,0.13419771106336487,8115.121338514644,Cells,Texture,Mito
Image_Granularity_11_DNA,0.061458869709924105,0.6892716135102654,0.012096576546913995,0.23717294023289648,6927.6867278135405,Image,Granularity,DNA
Nuclei_Texture_AngularSecondMoment_DNA_10_00_256,0.0008619746135129412,0.9484118490463976,0.025556003113355527,0.025170173226733778,528916.200859127,Nuclei,Texture,DNA
Nuclei_Texture_Contrast_DNA_10_00_256,0.0411363907516975,0.7729985809171499,0.04519539137701441,0.14066963695413814,373335.3140449389,Nuclei,Texture,DNA
Image_Texture_InfoMeas2_ER_5_02_256,0.4493900114875127,0.14059766683454297,0.019063758684919857,0.39094856299302455,119327.14729820997,Image,Texture,ER
Image_Texture_DifferenceVariance_Mito_3_00_256,0.057922328308939224,0.5564972548153345,0.17607782996051566,0.20950258691521054,36466.040296733445,Image,Texture,Mito
Cytoplasm_AreaShape_Zernike_3_3,0.19945668869796893,0.41167628725565,0.01881663579862401,0.3700503882477571,18506.38193764939,Cytoplasm,AreaShape,
Cells_Texture_Variance_Mito_10_03_256,0.15144513249272432,0.32090759673158653,0.04479158699691124,0.4828556837787781,43166.3560345461,Cells,Texture,Mito
Image_Texture_InfoMeas2_ER_10_00_256,0.41114228644678363,0.14273529946303068,0.022963209094259314,0.4231592049959264,74758.69674466283,Image,Texture,ER
Nuclei_RadialDistribution_RadialCV_RNA_1of4,0.06261810587045788,0.7969615849676471,0.046799100618289416,0.09362120854360556,8690.81666528802,Nuclei,RadialDistribution,RNA
Cytoplasm_Texture_InfoMeas1_RNA_3_02_256,0.0411819264974782,0.4377197318023879,0.2792752896846598,0.24182305201547427,22906.672234578917,Cytoplasm,Texture,RNA
Nuclei_Texture_SumAverage_ER_10_02_256,0.01394677476442491,0.9266065171693284,0.009529903865139413,0.049916804201107334,6135.305942517928,Nuclei,Texture,ER
Image_Threshold_OrigThreshold_NucleiIncludingEdges,0.0012445565076008415,0.972423148580679,0.018941641405022074,0.007390653506698043,14350.401840579163,Image,Threshold,
Cytoplasm_Texture_AngularSecondMoment_AGP_3_00_256,0.013846043776909199,0.7749023526795218,0.14804647282631905,0.06320513071724994,256633.7399427959,Cytoplasm,Texture,AGP
Image_Intensity_MaxIntensity_DNA,0.0038326270075430494,0.9541744146588736,0.01879685778739478,0.02319610054618849,11544.230103785729,Image,Intensity,DNA
Cells_Texture_InfoMeas2_DNA_5_02_256,0.0007237287845740635,0.9858134792992335,0.0024442605970018396,0.01101853131919063,38162.27492003575,Cells,Texture,DNA
Cytoplasm_Texture_Correlation_RNA_5_01_256,0.07408723992812878,0.4762456798778861,0.09723258018327327,0.35243450001071186,27947.69082575062,Cytoplasm,Texture,RNA
Cells_Texture_InverseDifferenceMoment_ER_3_03_256,0.01681976988510067,0.8481805302164094,0.051158481043268776,0.08384121885522113,8275.473536778922,Cells,Texture,ER
Cytoplasm_Texture_InfoMeas2_AGP_5_02_256,0.005947485252205391,0.9358654874524627,0.03157322418805951,0.026613803107272644,36416.90510172491,Cytoplasm,Texture,AGP
Image_Texture_Entropy_AGP_5_02_256,0.08569900261170038,0.7924229881512425,0.025894129063196398,0.09598388017386068,5164.696109606946,Image,Texture,AGP
Nuclei_Texture_InfoMeas2_RNA_10_03_256,0.005178592535049508,0.8842638483223095,0.049756520632615854,0.06080103851002495,11644.362717499305,Nuclei,Texture,RNA
Cytoplasm_Texture_DifferenceVariance_Mito_3_03_256,0.012344732394872179,0.6258256077636101,0.13709816203135475,0.224731497810163,37315.72963711117,Cytoplasm,Texture,Mito
Cells_Texture_AngularSecondMoment_ER_10_00_256,0.024138902414635417,0.6632028251233962,0.15017626342839893,0.16248200903356932,274358.72251284757,Cells,Texture,ER
Cytoplasm_RadialDistribution_FracAtD_mito_tubeness_17of20,0.014352555796603089,0.7280558874691946,0.04790702193232781,0.20968453480187457,64287.29890490122,Cytoplasm,RadialDistribution,
Cytoplasm_Texture_SumVariance_ER_10_03_256,0.06407488436554547,0.6015899789196395,0.06347810106424367,0.27085703565057123,13791.48214617572,Cytoplasm,Texture,ER
Image_Texture_SumVariance_RNA_10_00_256,0.010191165887236649,0.8863841174390872,0.021964393609707297,0.08146032306396876,47409.68956707258,Image,Texture,RNA
Nuclei_Texture_Correlation_Mito_3_02_256,0.007988942177879394,0.8892101958985102,0.026010762635706643,0.07679009928790367,5166.859698162945,Nuclei,Texture,Mito
Nuclei_Texture_InfoMeas2_ER_5_02_256,0.016566545904068336,0.8791982110030987,0.038648830214975005,0.065586412877858,9121.984588622558,Nuclei,Texture,ER
Nuclei_Texture_SumEntropy_DNA_3_00_256,0.005621245832526076,0.9771798298127122,0.006454882952168501,0.010744041402593146,6103.631180237306,Nuclei,Texture,DNA
Cytoplasm_Texture_Contrast_RNA_3_00_256,0.021175335357297227,0.8664397505976709,0.0021109882040689647,0.11027392584096286,125715.22540337144,Cytoplasm,Texture,RNA
Nuclei_Texture_InfoMeas2_Mito_3_00_256,0.021787290156355558,0.7895427217645006,0.07087187166325584,0.11779811641588793,8810.423302344876,Nuclei,Texture,Mito
Nuclei_Texture_AngularSecondMoment_ER_5_03_256,0.01842972812391905,0.662510371646299,0.12164951654980553,0.1974103836799763,158667.62674215573,Nuclei,Texture,ER
Cytoplasm_AreaShape_Zernike_8_8,0.13531366064116673,0.24244509697481056,0.07375358023767842,0.5484876621463443,39024.47003932774,Cytoplasm,AreaShape,
Cytoplasm_Texture_Variance_ER_10_00_256,0.08415657612739792,0.5129091087458905,0.06141055451914799,0.3415237606075636,17133.135232149118,Cytoplasm,Texture,ER
Nuclei_Correlation_Manders_RNA_Mito,0.12669125263148748,0.4239213478441885,0.11445206184475158,0.33493533767957245,92007.1830210334,Nuclei,Correlation,Mito
Image_ImageQuality_TotalIntensity_OrigMito,0.0017369213682959554,0.9754128758584848,0.0015928721175280307,0.02125733065569123,146321.21687591352,Image,ImageQuality,
Image_Texture_InfoMeas1_ER_5_02_256,0.07792987464605666,0.6958204372808963,0.016091147484173993,0.21015854058887304,8962.059076628893,Image,Texture,ER
Cells_AreaShape_Center_Y,0.059030095865988376,0.32314038214611124,0.0452658664761742,0.5725636555117263,19752.082448719677,Cells,AreaShape,
Cytoplasm_Correlation_K_RNA_ER,0.009379688321341296,0.9257226759419523,0.029279338324474144,0.0356182974122323,17145.813900629815,Cytoplasm,Correlation,ER
Image_ImageQuality_MeanIntensity_OrigRNA,0.008193934921260393,0.946540988560537,0.013072533124689858,0.032192543393512726,32389.85931078947,Image,ImageQuality,
Cytoplasm_Texture_Contrast_DNA_10_01_256,0.005716015671221803,0.8364540643043975,0.10267366432455896,0.05515625569982174,413222.8575405197,Cytoplasm,Texture,DNA
Image_Intensity_TotalArea_AGP,0.0002444814099158543,0.9995112158005643,1.6365976335426334e-07,0.00024413912975640862,1938274.7877996452,Image,Intensity,AGP
Cytoplasm_Texture_AngularSecondMoment_RNA_3_02_256,0.02259362848391847,0.6781758963794088,0.12785920642457435,0.17137126871209832,224899.07540295896,Cytoplasm,Texture,RNA
Nuclei_Texture_Entropy_Mito_3_01_256,0.056860386960999605,0.7700815360717119,0.04937239056513913,0.1236856864021494,6010.285899974117,Nuclei,Texture,Mito
Nuclei_RadialDistribution_RadialCV_AGP_2of4,0.04206190795315784,0.8600900422384885,0.0032583378133886004,0.09458971199496521,5013.903856406156,Nuclei,RadialDistribution,AGP
Cells_Texture_InfoMeas2_DNA_10_02_256,0.0022247354758551793,0.9849005918954408,0.0019128614542855674,0.010961811174418443,10149.070095970674,Cells,Texture,DNA
Cytoplasm_Texture_AngularSecondMoment_DNA_3_00_256,0.003055640728620227,0.9472733072581174,0.0096836982920523,0.039987353721210046,6811.866102663233,Cytoplasm,Texture,DNA
Cytoplasm_RadialDistribution_FracAtD_AGP_4of4,0.0581776317366589,0.3423372636419457,0.014938336887674965,0.5845467677337205,39005.218348939685,Cytoplasm,RadialDistribution,AGP
Cells_Texture_SumAverage_Mito_5_01_256,0.00964397261036896,0.9378126777830833,0.008466391480955793,0.04407695812559191,30440.244169316622,Cells,Texture,Mito
Image_Texture_DifferenceVariance_RNA_10_01_256,0.0161002149610936,0.7769438268130704,0.17079298957212344,0.03616296865371263,172318.8250439711,Image,Texture,RNA
Cytoplasm_Texture_Contrast_ER_10_00_256,0.1190529493952037,0.3843166985159707,0.04985763983119375,0.4467727122576317,27567.640233231257,Cytoplasm,Texture,ER
Nuclei_Granularity_16_DNA,0.026416454765538718,0.5246346321955947,0.02712113627067629,0.42182777676819033,11251.997835623493,Nuclei,Granularity,DNA
Image_Texture_Contrast_AGP_10_01_256,0.013015289772455712,0.8600335098653613,0.03480345561209667,0.09214774475008636,9308.458735038776,Image,Texture,AGP
Cytoplasm_Granularity_13_Mito,0.17494401083539707,0.4601159426968857,0.04524877765862642,0.31969126880909077,11202.823504922148,Cytoplasm,Granularity,Mito
Cytoplasm_AreaShape_Zernike_5_1,0.168608371735045,0.3716993071533515,0.030922653480580754,0.4287696676310228,22925.188415430654,Cytoplasm,AreaShape,
